state,district,year,month,rain_mean,temp_mean,Latitude,Longitude,temp_min,temp_max
Telangana,Adilabad,2013,1,0.124997231,22.79123757,19.664,78.532,22.35009766,23.22305298
Telangana,Bhadradri Kothagudem,2013,1,0.06459088,24.14302703,17.5557,80.6191,23.54602051,24.66247559
Telangana,Hyderabad,2013,1,0.035311662,23.15052795,17.385,78.4867,23.01870728,23.28234863
Telangana,Jagtial,2013,1,0.094036133,23.80928626,18.794,78.914,23.14736938,24.10110474
Telangana,Jangoan,2013,1,0.070132213,23.15215261,17.727,79.152,22.70837402,23.59899902
Telangana,Jayashankar Bhupalpally,2013,1,0.047258368,24.19870504,18.438,79.905,23.56872559,24.77096558
Telangana,Jogulamba Gadwal,2013,1,0.004880675,25.44428045,16.234,77.805,24.90090942,25.75622559
Telangana,Kamareddy,2013,1,0.082158407,23.61224904,18.322,78.34,22.99725342,24.27770996
Telangana,Karimnagar,2013,1,0.051561254,23.96729872,18.4386,79.1288,23.71759033,24.14144897
Telangana,Khammam,2013,1,0.084534688,24.27176722,17.2473,80.1514,23.70245361,24.85800171
Telangana,Kumurambheem Asifabad,2013,1,0.087573863,23.08748711,19.363,79.278,22.19238281,23.95852661
Telangana,Mahabubabad,2013,1,0.087863088,23.71854374,17.598,80.002,23.41104126,24.03549194
Telangana,Mahabubnagar,2013,1,0.017807783,23.80817589,16.737,77.987,23.02374268,25.11663818
Telangana,Mancherial,2013,1,0.066323585,23.44797516,18.87,79.46,22.44595337,24.30545044
Telangana,Medak,2013,1,0.066500391,23.14369141,18.049,78.263,22.7739563,23.78445435
Telangana,Medchal Malkajgiri,2013,1,0.04167671,22.84642877,17.629,78.48,22.61248779,23.14990234
Telangana,Mulugu,2013,1,0.058879543,24.06505028,18.194,80.073,22.64151001,25.25918579
Telangana,Nagarkurnool,2013,1,0.018954691,23.98659424,16.48,78.32,22.62258911,25.04724121
Telangana,Nalgonda,2013,1,0.053363354,24.68935966,17.0575,79.2673,23.32272339,25.8230896
Telangana,Narayanpet,2013,1,0.008196561,24.49386749,16.744,77.494,23.66711426,25.18222046
Telangana,Nirmal,2013,1,0.08480473,23.39814377,19.097,78.343,22.05615234,24.01403809
Telangana,Nizamabad,2013,1,0.118742747,23.87319946,18.6725,78.094,23.30883789,24.2701416
Telangana,Peddapalli,2013,1,0.069816916,23.91249424,18.614,79.376,23.79327393,24.05566406
Telangana,Rajanna Sircilla,2013,1,0.086826118,23.62352562,18.387,78.832,23.2331543,24.02792358
Telangana,Rangareddy,2013,1,0.033765864,23.15051567,17.246,78.372,22.77017212,23.8248291
Telangana,Sangareddy,2013,1,0.05567981,23.44867113,17.628,78.087,22.7411499,24.02792358
Telangana,Siddipet,2013,1,0.090359681,23.06833412,18.102,78.852,22.39172363,23.8916626
Telangana,Suryapet,2013,1,0.086613941,24.45775736,17.141,79.622,23.68981934,25.33108521
Telangana,Vikarabad,2013,1,0.028166383,23.5757299,17.338,77.904,23.03384399,24.2840271
Telangana,Wanaparthy,2013,1,0.009497859,24.75127157,16.364,78.064,23.92068481,25.48120117
Telangana,Warangal Rural,2013,1,0.08257214,23.59894909,17.9784,79.5941,23.39212036,23.93457031
Telangana,Warangal Urban,2013,1,0.063665054,23.53958435,17.9689,79.5941,23.23190308,23.87780762
Telangana,Yadadri Bhuvanagiri,2013,1,0.051818355,23.4493321,17.582,79.029,22.61627197,24.14398193
Telangana,Adilabad,2013,2,0.620344224,24.86735581,19.664,78.532,24.22055054,25.56976318
Telangana,Bhadradri Kothagudem,2013,2,0.984217235,25.48997055,17.5557,80.6191,24.87438965,25.99603271
Telangana,Hyderabad,2013,2,0.474765837,24.28027344,17.385,78.4867,24.16900635,24.39154053
Telangana,Jagtial,2013,2,0.671361384,25.32184777,18.794,78.914,24.82034302,25.72817993
Telangana,Jangoan,2013,2,0.778913891,24.3505249,17.727,79.152,23.86343384,24.78890991
Telangana,Jayashankar Bhupalpally,2013,2,0.961236073,25.51280975,18.438,79.905,25.06051636,26.04003906
Telangana,Jogulamba Gadwal,2013,2,0.362096196,26.75629772,16.234,77.805,26.27264404,27.11135864
Telangana,Kamareddy,2013,2,0.45601937,25.04830035,18.322,78.34,24.45443726,25.81622314
Telangana,Karimnagar,2013,2,0.743842574,25.29920112,18.4386,79.1288,25.04415894,25.47418213
Telangana,Khammam,2013,2,0.974725185,25.31333067,17.2473,80.1514,24.9548645,25.74957275
Telangana,Kumurambheem Asifabad,2013,2,0.855608038,24.82162815,19.363,79.278,24.08724976,25.38995361
Telangana,Mahabubabad,2013,2,0.920594573,25.03561507,17.598,80.002,24.79266357,25.24407959
Telangana,Mahabubnagar,2013,2,0.373518229,25.1035438,16.737,77.987,24.33370972,26.41726685
Telangana,Mancherial,2013,2,1.218466017,24.82705498,18.87,79.46,23.98791504,25.42767334
Telangana,Medak,2013,2,0.527946909,24.48223877,18.049,78.263,24.0118103,25.04037476
Telangana,Medchal Malkajgiri,2013,2,0.679348628,23.89263916,17.629,78.48,23.64590454,24.11868286
Telangana,Mulugu,2013,2,0.746433258,25.54324588,18.194,80.073,24.3274231,26.64987183
Telangana,Nagarkurnool,2013,2,0.606590559,25.02210205,16.48,78.32,23.62200928,26.36065674
Telangana,Nalgonda,2013,2,0.7457473,25.63213348,17.0575,79.2673,24.33496094,26.66998291
Telangana,Narayanpet,2013,2,0.389968324,25.84940491,16.744,77.494,25.01522827,26.58950806
Telangana,Nirmal,2013,2,0.393008608,25.28554153,19.097,78.343,23.92883301,25.75585938
Telangana,Nizamabad,2013,2,0.499238674,25.45115033,18.6725,78.094,24.66567993,25.90423584
Telangana,Peddapalli,2013,2,1.057134628,25.19825745,18.614,79.376,24.97625732,25.40628052
Telangana,Rajanna Sircilla,2013,2,0.538896243,24.9699707,18.387,78.832,24.63424683,25.34719849
Telangana,Rangareddy,2013,2,0.563666889,24.283876,17.246,78.372,23.77920532,24.84924316
Telangana,Sangareddy,2013,2,0.569509849,24.78114488,17.628,78.087,24.0269165,25.35852051
Telangana,Siddipet,2013,2,0.790597627,24.30570195,18.102,78.852,23.46231079,25.16738892
Telangana,Suryapet,2013,2,0.764563624,25.45442147,17.141,79.622,24.85931396,26.17959595
Telangana,Vikarabad,2013,2,0.582000056,24.96749562,17.338,77.904,24.37896729,25.77722168
Telangana,Wanaparthy,2013,2,0.413182206,26.05609639,16.364,78.064,25.24786377,26.79196167
Telangana,Warangal Rural,2013,2,0.75079602,24.98859752,17.9784,79.5941,24.72979736,25.35095215
Telangana,Warangal Urban,2013,2,0.665494659,24.89100647,17.9689,79.5941,24.54244995,25.26547241
Telangana,Yadadri Bhuvanagiri,2013,2,0.900799052,24.42568534,17.582,79.029,23.59561157,25.06176758
Telangana,Adilabad,2013,3,0.095710562,29.41481342,19.664,78.532,28.69909668,30.22000122
Telangana,Bhadradri Kothagudem,2013,3,0.005994794,28.81558523,17.5557,80.6191,27.66140747,29.71060181
Telangana,Hyderabad,2013,3,0.003086919,28.31269836,17.385,78.4867,28.18972778,28.43566895
Telangana,Jagtial,2013,3,0.011012806,29.74106539,18.794,78.914,29.05859375,30.18362427
Telangana,Jangoan,2013,3,0.007367746,28.09526624,17.727,79.152,27.63812256,28.38037109
Telangana,Jayashankar Bhupalpally,2013,3,0.005026822,29.69551086,18.438,79.905,29.04840088,30.31750488
Telangana,Jogulamba Gadwal,2013,3,0.002435007,30.42766502,16.234,77.805,29.74990845,30.8079834
Telangana,Kamareddy,2013,3,0.017689764,29.35668945,18.322,78.34,28.66418457,30.06427002
Telangana,Karimnagar,2013,3,0.005757138,29.52124363,18.4386,79.1288,29.1211853,29.66403198
Telangana,Khammam,2013,3,0.009128329,28.36908108,17.2473,80.1514,27.82150269,28.8664856
Telangana,Kumurambheem Asifabad,2013,3,0.040418432,29.17934842,19.363,79.278,28.18972778,29.82849121
Telangana,Mahabubabad,2013,3,0.004618057,28.39457545,17.598,80.002,28.0921936,29.04986572
Telangana,Mahabubnagar,2013,3,0.007169953,28.74047147,16.737,77.987,28.03543091,30.02642822
Telangana,Mancherial,2013,3,0.003727395,29.01578903,18.87,79.46,28.10092163,29.62036133
Telangana,Medak,2013,3,0.028725964,28.63826904,18.049,78.263,28.25375366,29.14590454
Telangana,Medchal Malkajgiri,2013,3,0.00444793,27.92661201,17.629,78.48,27.71524048,28.13586426
Telangana,Mulugu,2013,3,0.00408009,29.54937909,18.194,80.073,28.32070923,30.78033447
Telangana,Nagarkurnool,2013,3,0.024172769,28.61116699,16.48,78.32,27.1083374,29.79647827
Telangana,Nalgonda,2013,3,0.012312133,29.17333984,17.0575,79.2673,28.14605713,29.85760498
Telangana,Narayanpet,2013,3,0.007338077,29.58187866,16.744,77.494,28.85336304,30.2913208
Telangana,Nirmal,2013,3,0.030183409,29.55583763,19.097,78.343,28.05871582,30.16906738
Telangana,Nizamabad,2013,3,0.032222405,29.81043558,18.6725,78.094,29.14883423,30.15740967
Telangana,Peddapalli,2013,3,0.003731609,29.4834866,18.614,79.376,29.25799561,29.79501343
Telangana,Rajanna Sircilla,2013,3,0.007554238,29.40242958,18.387,78.832,29.04840088,29.70480347
Telangana,Rangareddy,2013,3,0.025354888,28.18896782,17.246,78.372,27.60464478,28.6918335
Telangana,Sangareddy,2013,3,0.040610176,28.84945679,17.628,78.087,28.06164551,29.46609497
Telangana,Siddipet,2013,3,0.003807455,28.46970552,18.102,78.852,27.46200562,29.44573975
Telangana,Suryapet,2013,3,0.00664156,28.65298357,17.141,79.622,28.32943726,29.28271484
Telangana,Vikarabad,2013,3,0.008409583,28.92198444,17.338,77.904,28.34542847,29.68005371
Telangana,Wanaparthy,2013,3,0.00452799,29.55852254,16.364,78.064,28.73840332,30.33935547
Telangana,Warangal Rural,2013,3,0.004888257,28.68726418,17.9784,79.5941,28.31051636,29.42388916
Telangana,Warangal Urban,2013,3,0.002366384,28.80491333,17.9689,79.5941,28.38473511,29.34094238
Telangana,Yadadri Bhuvanagiri,2013,3,0.007938523,28.20920672,17.582,79.029,27.59155273,28.85482788
Telangana,Adilabad,2013,4,0.841344095,32.16213527,19.664,78.532,31.34515381,33.39614868
Telangana,Bhadradri Kothagudem,2013,4,1.269269126,30.81289181,17.5557,80.6191,29.22213745,31.70077515
Telangana,Hyderabad,2013,4,0.588637114,30.66304016,17.385,78.4867,30.55728149,30.76879883
Telangana,Jagtial,2013,4,0.668634124,32.33097487,18.794,78.914,31.72991943,32.72015381
Telangana,Jangoan,2013,4,0.676582224,30.69135485,17.727,79.152,30.16946411,31.15356445
Telangana,Jayashankar Bhupalpally,2013,4,1.283792936,32.1605835,18.438,79.905,31.57354736,32.5760498
Telangana,Jogulamba Gadwal,2013,4,0.292385555,32.67046564,16.234,77.805,31.99664307,33.07269287
Telangana,Kamareddy,2013,4,0.543177605,31.51360007,18.322,78.34,30.71670532,32.61590576
Telangana,Karimnagar,2013,4,0.966697356,31.97065904,18.4386,79.1288,31.4984436,32.24649048
Telangana,Khammam,2013,4,0.629785733,30.70861221,17.2473,80.1514,29.71725464,31.20413208
Telangana,Kumurambheem Asifabad,2013,4,1.076807074,31.86684502,19.363,79.278,30.78106689,32.63583374
Telangana,Mahabubabad,2013,4,0.789114237,30.94471478,17.598,80.002,30.52508545,31.47238159
Telangana,Mahabubnagar,2013,4,0.545692285,31.05267803,16.737,77.987,30.3135376,32.26947021
Telangana,Mancherial,2013,4,0.937094159,31.82006454,18.87,79.46,30.92822266,32.39056396
Telangana,Medak,2013,4,0.465681036,30.83257568,18.049,78.263,30.44689941,31.40036011
Telangana,Medchal Malkajgiri,2013,4,0.56664753,30.33892483,17.629,78.48,30.07287598,30.53887939
Telangana,Mulugu,2013,4,1.49035892,31.66706477,18.194,80.073,30.20623779,32.7477417
Telangana,Nagarkurnool,2013,4,0.686573029,30.95970947,16.48,78.32,29.26812744,31.96444702
Telangana,Nalgonda,2013,4,0.383857539,31.79956245,17.0575,79.2673,30.69830322,32.33691406
Telangana,Narayanpet,2013,4,0.507515478,31.7675415,16.744,77.494,31.05392456,32.50860596
Telangana,Nirmal,2013,4,0.501886483,32.16170502,19.097,78.343,30.64923096,32.62817383
Telangana,Nizamabad,2013,4,0.498250766,32.10627298,18.6725,78.094,31.2562561,32.59136963
Telangana,Peddapalli,2013,4,0.909885206,32.09481472,18.614,79.376,31.89547729,32.54385376
Telangana,Rajanna Sircilla,2013,4,0.707902781,31.67032051,18.387,78.832,31.16888428,32.1008606
Telangana,Rangareddy,2013,4,0.63687706,30.60306903,17.246,78.372,30.02996826,31.22406006
Telangana,Sangareddy,2013,4,0.441828361,31.35755412,17.628,78.087,30.46530151,32.10852051
Telangana,Siddipet,2013,4,0.768669822,30.74221697,18.102,78.852,29.7571106,31.80807495
Telangana,Suryapet,2013,4,0.354155159,31.40346764,17.141,79.622,31.15356445,31.88473511
Telangana,Vikarabad,2013,4,0.43586251,31.21978549,17.338,77.904,30.68908691,31.91845703
Telangana,Wanaparthy,2013,4,0.425348812,31.847602,16.364,78.064,31.11062622,32.60671997
Telangana,Warangal Rural,2013,4,0.976242542,31.2341697,17.9784,79.5941,30.98495483,31.90618896
Telangana,Warangal Urban,2013,4,1.209607384,31.29825745,17.9689,79.5941,30.88375854,31.80197144
Telangana,Yadadri Bhuvanagiri,2013,4,0.588832982,30.8080052,17.582,79.029,29.92727661,31.46932983
Telangana,Adilabad,2013,5,0.112712506,36.2635535,19.664,78.532,35.40158081,37.52346802
Telangana,Bhadradri Kothagudem,2013,5,0.248133404,34.00735572,17.5557,80.6191,32.2505188,34.96798706
Telangana,Hyderabad,2013,5,0.394566417,33.48774719,17.385,78.4867,33.4083252,33.56716919
Telangana,Jagtial,2013,5,0.089155985,36.38695585,18.794,78.914,35.69857788,36.78173828
Telangana,Jangoan,2013,5,0.103595635,34.31722219,17.727,79.152,33.80380249,34.64715576
Telangana,Jayashankar Bhupalpally,2013,5,0.084825176,35.88896434,18.438,79.905,35.10934448,36.28939819
Telangana,Jogulamba Gadwal,2013,5,0.785376231,34.07034302,16.234,77.805,33.67675781,34.41687012
Telangana,Kamareddy,2013,5,0.148085944,34.94719741,18.322,78.34,34.12145996,35.99081421
Telangana,Karimnagar,2013,5,0.080739323,35.98445638,18.4386,79.1288,35.34597778,36.36404419
Telangana,Khammam,2013,5,0.256730373,33.93927151,17.2473,80.1514,32.8508606,34.46609497
Telangana,Kumurambheem Asifabad,2013,5,0.112668321,36.14804416,19.363,79.278,34.76626587,37.02157593
Telangana,Mahabubabad,2013,5,0.164018899,34.31489089,17.598,80.002,33.79110718,34.79962158
Telangana,Mahabubnagar,2013,5,0.672610124,33.13289701,16.737,77.987,32.49349976,34.05950928
Telangana,Mancherial,2013,5,0.07128487,35.995327,18.87,79.46,34.98861694,36.64358521
Telangana,Medak,2013,5,0.130952825,34.05220703,18.049,78.263,33.62591553,34.65667725
Telangana,Medchal Malkajgiri,2013,5,0.353645908,33.46833632,17.629,78.48,33.30508423,33.77044678
Telangana,Mulugu,2013,5,0.111435529,34.98090424,18.194,80.073,33.14944458,36.20999146
Telangana,Nagarkurnool,2013,5,0.822903759,33.10329834,16.48,78.32,31.00057983,34.21514893
Telangana,Nalgonda,2013,5,0.294006785,34.77910614,17.0575,79.2673,33.48934937,35.3046875
Telangana,Narayanpet,2013,5,0.559027481,33.67523804,16.744,77.494,33.21774292,34.14526367
Telangana,Nirmal,2013,5,0.107218316,35.9562645,19.097,78.343,34.60745239,36.60864258
Telangana,Nizamabad,2013,5,0.081294806,35.7303395,18.6725,78.094,35.08868408,36.27194214
Telangana,Peddapalli,2013,5,0.06362585,36.23583984,18.614,79.376,35.9256897,36.77062988
Telangana,Rajanna Sircilla,2013,5,0.15095787,35.53796387,18.387,78.832,34.92034912,36.03369141
Telangana,Rangareddy,2013,5,0.561573664,33.19481231,17.246,78.372,32.40615845,34.03408813
Telangana,Sangareddy,2013,5,0.232992417,34.12754313,17.628,78.087,33.28128052,35.2935791
Telangana,Siddipet,2013,5,0.173155308,34.38608735,18.102,78.852,33.16534424,35.73510742
Telangana,Suryapet,2013,5,0.19989357,34.65554073,17.141,79.622,34.4581604,35.04421997
Telangana,Vikarabad,2013,5,0.407481963,33.50083976,17.338,77.904,32.89532471,34.19769287
Telangana,Wanaparthy,2013,5,0.8337112,33.63316176,16.364,78.064,33.06369019,34.22946167
Telangana,Warangal Rural,2013,5,0.086043477,34.7734264,17.9784,79.5941,34.47085571,35.68109131
Telangana,Warangal Urban,2013,5,0.092013901,35.01817627,17.9689,79.5941,34.55664063,35.64935303
Telangana,Yadadri Bhuvanagiri,2013,5,0.216393185,34.21005467,17.582,79.029,33.36227417,34.68209839
Telangana,Adilabad,2013,6,17.35032998,27.34913959,19.664,78.532,26.67459106,28.41378784
Telangana,Bhadradri Kothagudem,2013,6,11.56221444,28.05316753,17.5557,80.6191,27.22406006,28.57232666
Telangana,Hyderabad,2013,6,4.87234211,25.88194275,17.385,78.4867,25.80499268,25.95889282
Telangana,Jagtial,2013,6,13.63672273,27.76469774,18.794,78.914,27.04858398,28.3168335
Telangana,Jangoan,2013,6,6.297463361,27.47565661,17.727,79.152,26.67919922,28.09057617
Telangana,Jayashankar Bhupalpally,2013,6,15.88297213,28.2827123,18.438,79.905,27.93051147,28.47073364
Telangana,Jogulamba Gadwal,2013,6,4.182630266,27.27575129,16.234,77.805,26.91467285,27.62268066
Telangana,Kamareddy,2013,6,8.399388631,26.52375345,18.322,78.34,25.91271973,27.29946899
Telangana,Karimnagar,2013,6,10.74973073,28.11092631,18.4386,79.1288,27.70272827,28.37686157
Telangana,Khammam,2013,6,6.98232328,28.44952839,17.2473,80.1514,27.61807251,29.04943848
Telangana,Kumurambheem Asifabad,2013,6,18.69679054,27.91314867,19.363,79.278,26.80233765,28.37069702
Telangana,Mahabubabad,2013,6,8.571071625,27.93873333,17.598,80.002,27.23019409,28.5553894
Telangana,Mahabubnagar,2013,6,5.523918788,25.58086219,16.737,77.987,24.70913696,26.80541992
Telangana,Mancherial,2013,6,18.23974101,28.01155281,18.87,79.46,26.91467285,28.40609741
Telangana,Medak,2013,6,6.655560811,26.11163574,18.049,78.263,25.73571777,26.55145264
Telangana,Medchal Malkajgiri,2013,6,5.075308906,26.07141791,17.629,78.48,25.66799927,26.73461914
Telangana,Mulugu,2013,6,15.9880569,27.8700644,18.194,80.073,26.56991577,28.7046814
Telangana,Nagarkurnool,2013,6,4.533523847,26.40059082,16.48,78.32,24.72912598,28.45379639
Telangana,Nalgonda,2013,6,4.270350722,28.60752869,17.0575,79.2673,26.75,29.80514526
Telangana,Narayanpet,2013,6,5.633555603,26.16236267,16.744,77.494,25.13085938,26.95007324
Telangana,Nirmal,2013,6,15.19064793,27.11535072,19.097,78.343,26.49298096,27.80276489
Telangana,Nizamabad,2013,6,11.53463432,27.0408038,18.6725,78.094,26.57455444,27.48416138
Telangana,Peddapalli,2013,6,14.64065391,28.30075073,18.614,79.376,27.97207642,28.46920776
Telangana,Rajanna Sircilla,2013,6,9.973027547,27.22386169,18.387,78.832,26.52682495,27.79968262
Telangana,Rangareddy,2013,6,5.246762957,25.74870784,17.246,78.372,24.76608276,27.12246704
Telangana,Sangareddy,2013,6,6.624538324,25.96727159,17.628,78.087,25.12469482,26.81311035
Telangana,Siddipet,2013,6,7.143759988,26.80142949,18.102,78.852,25.88656616,27.77505493
Telangana,Suryapet,2013,6,5.523739624,28.91920629,17.141,79.622,28.18139648,29.62353516
Telangana,Vikarabad,2013,6,6.911657518,25.23375202,17.338,77.904,24.76144409,25.72033691
Telangana,Wanaparthy,2013,6,4.439982096,26.62969123,16.364,78.064,25.93579102,27.27175903
Telangana,Warangal Rural,2013,6,8.621761322,28.02649481,17.9784,79.5941,27.89202881,28.39840698
Telangana,Warangal Urban,2013,6,8.420452465,28.03839417,17.9689,79.5941,27.69500732,28.33529663
Telangana,Yadadri Bhuvanagiri,2013,6,4.990550741,27.42628261,17.582,79.029,26.18823242,28.30297852
Telangana,Adilabad,2013,7,23.94162873,24.89952504,19.664,78.532,24.34518433,25.75628662
Telangana,Bhadradri Kothagudem,2013,7,13.33995056,26.28672741,17.5557,80.6191,25.66009521,26.82583618
Telangana,Hyderabad,2013,7,11.99034309,23.93067932,17.385,78.4867,23.84970093,24.01165771
Telangana,Jagtial,2013,7,18.14877187,25.5123737,18.794,78.914,24.90322876,26.08340454
Telangana,Jangoan,2013,7,14.66383182,25.46200883,17.727,79.152,24.6418457,26.03530884
Telangana,Jayashankar Bhupalpally,2013,7,21.32654748,26.15631104,18.438,79.905,25.8012085,26.34158325
Telangana,Jogulamba Gadwal,2013,7,8.930112566,25.29950506,16.234,77.805,24.98339844,25.54623413
Telangana,Kamareddy,2013,7,16.27823079,24.46224796,18.322,78.34,23.89941406,25.15817261
Telangana,Karimnagar,2013,7,16.37231266,25.90471225,18.4386,79.1288,25.56225586,26.168396
Telangana,Khammam,2013,7,12.18181747,26.55082591,17.2473,80.1514,25.88778687,26.97979736
Telangana,Kumurambheem Asifabad,2013,7,23.67935758,25.54761251,19.363,79.278,24.53118896,25.97277832
Telangana,Mahabubabad,2013,7,14.97123623,26.03763133,17.598,80.002,25.40353394,26.5484314
Telangana,Mahabubnagar,2013,7,11.28129832,23.8559899,16.737,77.987,23.10244751,24.91925049
Telangana,Mancherial,2013,7,20.73221842,25.82790375,18.87,79.46,24.69155884,26.29507446
Telangana,Medak,2013,7,13.77658335,24.07265625,18.049,78.263,23.74227905,24.52639771
Telangana,Medchal Malkajgiri,2013,7,12.03069645,24.10234918,17.629,78.48,23.70217896,24.74606323
Telangana,Mulugu,2013,7,18.60705566,25.84574766,18.194,80.073,24.67391968,26.59814453
Telangana,Nagarkurnool,2013,7,8.775258766,24.53703613,16.48,78.32,22.98861694,26.35440063
Telangana,Nalgonda,2013,7,9.367935931,26.50185776,17.0575,79.2673,24.97698975,27.49450684
Telangana,Narayanpet,2013,7,10.82656097,24.36780243,16.744,77.494,23.46325684,25.04272461
Telangana,Nirmal,2013,7,22.25253388,24.88623238,19.097,78.343,24.24255371,25.43719482
Telangana,Nizamabad,2013,7,19.344063,24.94043148,18.6725,78.094,24.51675415,25.32653809
Telangana,Peddapalli,2013,7,18.68724622,26.14301385,18.614,79.376,25.81240845,26.30310059
Telangana,Rajanna Sircilla,2013,7,15.90336304,25.07419395,18.387,78.832,24.46063232,25.60397339
Telangana,Rangareddy,2013,7,11.62633696,23.94481529,17.246,78.372,23.11367798,25.29446411
Telangana,Sangareddy,2013,7,13.78434871,23.95246209,17.628,78.087,23.23074341,24.67712402
Telangana,Siddipet,2013,7,13.9384405,24.6866876,18.102,78.852,23.88497925,25.60397339
Telangana,Suryapet,2013,7,11.58968811,26.79654246,17.141,79.622,26.11868286,27.33898926
Telangana,Vikarabad,2013,7,13.36064099,23.45175276,17.338,77.904,23.06237793,23.96194458
Telangana,Wanaparthy,2013,7,9.544152154,24.74028015,16.364,78.064,24.13513184,25.31533813
Telangana,Warangal Rural,2013,7,16.30151176,26.00250799,17.9784,79.5941,25.8765564,26.19726563
Telangana,Warangal Urban,2013,7,15.86317305,25.91841125,17.9689,79.5941,25.63763428,26.13311768
Telangana,Yadadri Bhuvanagiri,2013,7,12.26023763,25.39785113,17.582,79.029,24.22171021,26.25180054
Telangana,Adilabad,2013,8,9.223410866,24.83074026,19.664,78.532,24.31155396,25.60653687
Telangana,Bhadradri Kothagudem,2013,8,7.29371397,26.53883805,17.5557,80.6191,26.00942993,27.02722168
Telangana,Hyderabad,2013,8,3.437186241,24.26611328,17.385,78.4867,24.17068481,24.36154175
Telangana,Jagtial,2013,8,7.640774067,25.59855065,18.794,78.914,25.07794189,26.10482788
Telangana,Jangoan,2013,8,6.30183772,25.59377731,17.727,79.152,24.8961792,26.1321106
Telangana,Jayashankar Bhupalpally,2013,8,11.17883301,26.14093018,18.438,79.905,25.87008667,26.2684021
Telangana,Jogulamba Gadwal,2013,8,3.950180054,25.66505293,16.234,77.805,25.33996582,25.90188599
Telangana,Kamareddy,2013,8,5.26645077,24.88193647,18.322,78.34,24.2767334,25.51565552
Telangana,Karimnagar,2013,8,7.507595486,25.91105143,18.4386,79.1288,25.60351563,26.1260376
Telangana,Khammam,2013,8,7.398884099,26.81924364,17.2473,80.1514,26.17300415,27.19232178
Telangana,Kumurambheem Asifabad,2013,8,12.1198544,25.4663052,19.363,79.278,24.54177856,25.88824463
Telangana,Mahabubabad,2013,8,6.698638916,26.25441137,17.598,80.002,25.60501099,26.73944092
Telangana,Mahabubnagar,2013,8,4.058269794,24.23722018,16.737,77.987,23.46188354,25.27633667
Telangana,Mancherial,2013,8,12.77931786,25.7990303,18.87,79.46,24.74777222,26.22601318
Telangana,Medak,2013,8,4.86828125,24.49318359,18.049,78.263,24.11010742,24.96282959
Telangana,Medchal Malkajgiri,2013,8,3.93920517,24.40866089,17.629,78.48,24.02682495,25.02038574
Telangana,Mulugu,2013,8,9.189964501,25.94739924,18.194,80.073,24.83712769,26.68341064
Telangana,Nagarkurnool,2013,8,4.205020752,24.89709717,16.48,78.32,23.42550659,26.66827393
Telangana,Nalgonda,2013,8,4.262188911,26.70179749,17.0575,79.2673,25.23544312,27.64971924
Telangana,Narayanpet,2013,8,3.931142426,24.7775177,16.744,77.494,23.92684937,25.44143677
Telangana,Nirmal,2013,8,8.068472862,25.00159454,19.097,78.343,24.25701904,25.49295044
Telangana,Nizamabad,2013,8,5.470935597,25.23942117,18.6725,78.094,24.77502441,25.55957031
Telangana,Peddapalli,2013,8,8.872660319,26.10988024,18.614,79.376,25.8352356,26.27294922
Telangana,Rajanna Sircilla,2013,8,6.147731781,25.24946404,18.387,78.832,24.74169922,25.73074341
Telangana,Rangareddy,2013,8,3.574041599,24.28074534,17.246,78.372,23.5133667,25.59140015
Telangana,Sangareddy,2013,8,4.643510607,24.37781779,17.628,78.087,23.71026611,25.159729
Telangana,Siddipet,2013,8,5.8221867,24.90616581,18.102,78.852,24.24035645,25.66107178
Telangana,Suryapet,2013,8,5.443566158,26.98820969,17.141,79.622,26.23205566,27.51339722
Telangana,Vikarabad,2013,8,4.345281404,23.9171353,17.338,77.904,23.47549438,24.43878174
Telangana,Wanaparthy,2013,8,4.654263814,25.08340793,16.364,78.064,24.47210693,25.67468262
Telangana,Warangal Rural,2013,8,7.351483432,26.07247647,17.9784,79.5941,25.91400146,26.37442017
Telangana,Warangal Urban,2013,8,7.28782959,25.92990112,17.9689,79.5941,25.70196533,26.10180664
Telangana,Yadadri Bhuvanagiri,2013,8,4.569858551,25.60804531,17.582,79.029,24.51147461,26.4274292
Telangana,Adilabad,2013,9,6.490165017,25.88777669,19.664,78.532,25.29574585,26.83853149
Telangana,Bhadradri Kothagudem,2013,9,6.298560358,27.05878276,17.5557,80.6191,26.26925659,27.53308105
Telangana,Hyderabad,2013,9,4.611369133,24.65956116,17.385,78.4867,24.57131958,24.74780273
Telangana,Jagtial,2013,9,5.786923335,26.433028,18.794,78.914,25.70565796,27.07052612
Telangana,Jangoan,2013,9,4.874783165,25.99913266,17.727,79.152,25.30712891,26.45285034
Telangana,Jayashankar Bhupalpally,2013,9,5.49868838,27.29700979,18.438,79.905,26.9538269,27.51602173
Telangana,Jogulamba Gadwal,2013,9,7.395234541,25.73410589,16.234,77.805,25.42669678,25.95614624
Telangana,Kamareddy,2013,9,5.62304149,25.40759816,18.322,78.34,24.76773071,26.04864502
Telangana,Karimnagar,2013,9,5.086934408,26.6363678,18.4386,79.1288,26.35180664,26.97659302
Telangana,Khammam,2013,9,5.732901224,27.05963284,17.2473,80.1514,26.47134399,27.30963135
Telangana,Kumurambheem Asifabad,2013,9,9.021879408,26.66412014,19.363,79.278,25.56472778,27.27404785
Telangana,Mahabubabad,2013,9,4.611073461,26.80409188,17.598,80.002,26.29769897,27.16018677
Telangana,Mahabubnagar,2013,9,5.984216543,24.52276142,16.737,77.987,23.84402466,25.46939087
Telangana,Mancherial,2013,9,6.543848038,26.93461609,18.87,79.46,25.78817749,27.50177002
Telangana,Medak,2013,9,5.711924438,24.97745117,18.049,78.263,24.54855347,25.53485107
Telangana,Medchal Malkajgiri,2013,9,4.498668247,24.78100247,17.629,78.48,24.42471313,25.31851196
Telangana,Mulugu,2013,9,5.197661116,27.01895224,18.194,80.073,25.83374023,27.87609863
Telangana,Nagarkurnool,2013,9,5.76038208,24.99939941,16.48,78.32,23.63766479,26.63360596
Telangana,Nalgonda,2013,9,4.800628662,26.74812698,17.0575,79.2673,25.29574585,27.56298828
Telangana,Narayanpet,2013,9,6.346831894,25.06219177,16.744,77.494,24.37774658,25.64300537
Telangana,Nirmal,2013,9,5.847346306,25.85214996,19.097,78.343,25.25448608,26.36886597
Telangana,Nizamabad,2013,9,4.981012681,25.92151597,18.6725,78.094,25.40249634,26.52542114
Telangana,Peddapalli,2013,9,5.586626689,27.04697164,18.614,79.376,26.66207886,27.37368774
Telangana,Rajanna Sircilla,2013,9,5.248048782,25.82216835,18.387,78.832,25.29858398,26.36032104
Telangana,Rangareddy,2013,9,5.271753823,24.56808844,17.246,78.372,23.92230225,25.63162231
Telangana,Sangareddy,2013,9,5.134977129,24.82335239,17.628,78.087,24.13580322,25.66864014
Telangana,Siddipet,2013,9,5.045499078,25.40352236,18.102,78.852,24.66668701,26.2991333
Telangana,Suryapet,2013,9,4.850290233,27.12265541,17.141,79.622,26.49697876,27.44769287
Telangana,Vikarabad,2013,9,5.211807777,24.37427179,17.338,77.904,23.93371582,24.947052
Telangana,Wanaparthy,2013,9,6.661145104,25.2294125,16.364,78.064,24.64675903,25.76828003
Telangana,Warangal Rural,2013,9,4.558554216,26.76783614,17.9784,79.5941,26.54394531,27.0178833
Telangana,Warangal Urban,2013,9,4.666036606,26.58919678,17.9689,79.5941,26.26071167,26.89691162
Telangana,Yadadri Bhuvanagiri,2013,9,4.581504822,25.8678894,17.582,79.029,24.8815918,26.6663208
Telangana,Adilabad,2013,10,5.334651138,24.92651367,19.664,78.532,24.36550903,25.78536987
Telangana,Bhadradri Kothagudem,2013,10,6.91076857,25.9614691,17.5557,80.6191,25.31622314,26.41140747
Telangana,Hyderabad,2013,10,4.083819389,23.91903687,17.385,78.4867,23.81652832,24.02154541
Telangana,Jagtial,2013,10,5.751370357,25.31282865,18.794,78.914,24.64480591,25.79226685
Telangana,Jangoan,2013,10,6.178105003,24.93408524,17.727,79.152,24.27880859,25.45928955
Telangana,Jayashankar Bhupalpally,2013,10,6.80147934,25.88340759,18.438,79.905,25.58724976,26.12246704
Telangana,Jogulamba Gadwal,2013,10,6.296579534,25.4391646,16.234,77.805,25.13046265,25.73999023
Telangana,Kamareddy,2013,10,4.441568711,24.53691191,18.322,78.34,23.8550415,25.17175293
Telangana,Karimnagar,2013,10,5.837579515,25.37850783,18.4386,79.1288,25.12084961,25.58450317
Telangana,Khammam,2013,10,7.613171089,26.07789872,17.2473,80.1514,25.4703064,26.34121704
Telangana,Kumurambheem Asifabad,2013,10,7.079853482,25.25437758,19.363,79.278,24.25817871,25.72485352
Telangana,Mahabubabad,2013,10,7.840426741,25.70278404,17.598,80.002,25.12496948,26.13070679
Telangana,Mahabubnagar,2013,10,5.433822045,24.08503371,16.737,77.987,23.31570435,25.14697266
Telangana,Mancherial,2013,10,7.558768272,25.446064,18.87,79.46,24.52096558,26.05230713
Telangana,Medak,2013,10,4.457521667,24.14310547,18.049,78.263,23.71060181,24.88833618
Telangana,Medchal Malkajgiri,2013,10,4.282081604,23.92629327,17.629,78.48,23.62252808,24.43154907
Telangana,Mulugu,2013,10,7.320592932,25.70323717,18.194,80.073,24.59939575,26.57235718
Telangana,Nagarkurnool,2013,10,6.871897583,24.44727783,16.48,78.32,23.20565796,25.79089355
Telangana,Nalgonda,2013,10,8.240633965,25.79851532,17.0575,79.2673,24.49206543,26.50772095
Telangana,Narayanpet,2013,10,5.370548248,24.70052185,16.744,77.494,23.84405518,25.36849976
Telangana,Nirmal,2013,10,5.351566315,24.85758209,19.097,78.343,23.99401855,25.38226318
Telangana,Nizamabad,2013,10,4.484769036,25.01352467,18.6725,78.094,24.34347534,25.72210693
Telangana,Peddapalli,2013,10,6.392311096,25.62968275,18.614,79.376,25.3588562,25.90371704
Telangana,Rajanna Sircilla,2013,10,5.569950104,24.75409126,18.387,78.832,24.28155518,25.20339966
Telangana,Rangareddy,2013,10,5.002145162,23.87555676,17.246,78.372,23.35562134,24.80438232
Telangana,Sangareddy,2013,10,4.447300381,24.1064114,17.628,78.087,23.48632813,24.96536255
Telangana,Siddipet,2013,10,5.616389834,24.39789871,18.102,78.852,23.71472168,25.14974976
Telangana,Suryapet,2013,10,8.303053231,26.1338059,17.141,79.622,25.55697632,26.41827393
Telangana,Vikarabad,2013,10,4.564317901,23.76984274,17.338,77.904,23.29095459,24.37649536
Telangana,Wanaparthy,2013,10,6.210411072,24.88167318,16.364,78.064,24.25817871,25.45516968
Telangana,Warangal Rural,2013,10,6.726891258,25.55154419,17.9784,79.5941,25.3588562,25.8734436
Telangana,Warangal Urban,2013,10,6.272099686,25.31758728,17.9689,79.5941,25.05480957,25.52120972
Telangana,Yadadri Bhuvanagiri,2013,10,5.322571891,24.94242205,17.582,79.029,23.92935181,25.74411011
Telangana,Adilabad,2013,11,0.323308338,22.47948849,19.664,78.532,21.8946228,23.38815308
Telangana,Bhadradri Kothagudem,2013,11,1.114870502,24.33988116,17.5557,80.6191,23.60003662,24.99221802
Telangana,Hyderabad,2013,11,0.758203685,21.79962158,17.385,78.4867,21.71844482,21.88079834
Telangana,Jagtial,2013,11,0.414056961,22.95477295,18.794,78.914,22.41970825,23.51135254
Telangana,Jangoan,2013,11,1.282010631,22.65456511,17.727,79.152,21.86468506,23.23843384
Telangana,Jayashankar Bhupalpally,2013,11,0.422317425,24.05502828,18.438,79.905,23.49179077,24.60531616
Telangana,Jogulamba Gadwal,2013,11,0.866467389,23.2023898,16.234,77.805,22.8008728,23.61270142
Telangana,Kamareddy,2013,11,0.858109306,22.29836139,18.322,78.34,21.434021,23.0737915
Telangana,Karimnagar,2013,11,0.824675136,22.95958794,18.4386,79.1288,22.70645142,23.26608276
Telangana,Khammam,2013,11,1.732687229,24.2260638,17.2473,80.1514,23.73016357,24.54312134
Telangana,Kumurambheem Asifabad,2013,11,0.101284451,23.10538398,19.363,79.278,21.84970093,24.08251953
Telangana,Mahabubabad,2013,11,1.384080295,23.80225662,17.598,80.002,23.36166382,24.28863525
Telangana,Mahabubnagar,2013,11,1.005319155,22.03842867,16.737,77.987,21.31195068,23.04037476
Telangana,Mancherial,2013,11,0.161138803,23.3923912,18.87,79.46,22.07769775,24.42913818
Telangana,Medak,2013,11,0.744717026,21.84689941,18.049,78.263,21.43515015,22.88031006
Telangana,Medchal Malkajgiri,2013,11,0.877883275,21.70640734,17.629,78.48,21.42709351,22.19747925
Telangana,Mulugu,2013,11,0.362664171,24.10809656,18.194,80.073,22.95516968,25.22021484
Telangana,Nagarkurnool,2013,11,1.257432861,22.15180176,16.48,78.32,21.11157227,23.34899902
Telangana,Nalgonda,2013,11,1.460131168,23.35995483,17.0575,79.2673,22.03509521,24.10784912
Telangana,Narayanpet,2013,11,0.999874306,22.67420349,16.744,77.494,21.91189575,23.13134766
Telangana,Nirmal,2013,11,0.347260743,22.35353851,19.097,78.343,21.55032349,22.88723755
Telangana,Nizamabad,2013,11,0.629718388,22.68896843,18.6725,78.094,22.08807373,23.63458252
Telangana,Peddapalli,2013,11,0.510002348,23.40689087,18.614,79.376,22.93212891,23.98809814
Telangana,Rajanna Sircilla,2013,11,0.81439805,22.41676331,18.387,78.832,21.9418335,22.82275391
Telangana,Rangareddy,2013,11,0.957527161,21.63257729,17.246,78.372,21.17144775,22.31262207
Telangana,Sangareddy,2013,11,0.521093845,21.93790012,17.628,78.087,21.41442871,22.86880493
Telangana,Siddipet,2013,11,1.02590015,21.90545865,18.102,78.852,21.31884766,22.66384888
Telangana,Suryapet,2013,11,1.822032534,23.91558627,17.141,79.622,23.31445313,24.27481079
Telangana,Vikarabad,2013,11,0.584914767,21.80372777,17.338,77.904,21.28085327,22.57171631
Telangana,Wanaparthy,2013,11,1.155093193,22.81877984,16.364,78.064,22.20898438,23.32022095
Telangana,Warangal Rural,2013,11,1.036668691,23.47990279,17.9784,79.5941,23.04730225,24.05258179
Telangana,Warangal Urban,2013,11,0.969159317,23.01908569,17.9689,79.5941,22.62930298,23.23843384
Telangana,Yadadri Bhuvanagiri,2013,11,1.39075143,22.65968105,17.582,79.029,21.64819336,23.49752808
Telangana,Adilabad,2013,12,0.201546023,20.83356268,19.664,78.532,20.1373291,21.79559326
Telangana,Bhadradri Kothagudem,2013,12,0.104145382,22.50919859,17.5557,80.6191,21.68466187,23.32577515
Telangana,Hyderabad,2013,12,0.066850878,20.51472473,17.385,78.4867,20.40722656,20.6222229
Telangana,Jagtial,2013,12,0.115620613,21.03270545,18.794,78.914,20.31115723,21.58859253
Telangana,Jangoan,2013,12,0.106761056,20.43822439,17.727,79.152,19.81710815,20.93673706
Telangana,Jayashankar Bhupalpally,2013,12,0.085001606,22.07892863,18.438,79.905,21.1517334,22.95410156
Telangana,Jogulamba Gadwal,2013,12,0.015895392,22.23807179,16.234,77.805,21.72583008,22.89346313
Telangana,Kamareddy,2013,12,0.189253346,20.58230411,18.322,78.34,19.73364258,21.31411743
Telangana,Karimnagar,2013,12,0.115873744,20.82700433,18.4386,79.1288,20.5947876,21.03964233
Telangana,Khammam,2013,12,0.128015323,22.2876572,17.2473,80.1514,21.83676147,22.75280762
Telangana,Kumurambheem Asifabad,2013,12,0.081660129,21.30948554,19.363,79.278,20.16479492,22.48406982
Telangana,Mahabubabad,2013,12,0.162418038,21.68414938,17.598,80.002,21.08538818,22.22216797
Telangana,Mahabubnagar,2013,12,0.048741529,20.73659339,16.737,77.987,19.99551392,21.83105469
Telangana,Mancherial,2013,12,0.102033615,21.50922012,18.87,79.46,20.34091187,22.58355713
Telangana,Medak,2013,12,0.094403376,20.09726196,18.049,78.263,19.67303467,21.16088867
Telangana,Medchal Malkajgiri,2013,12,0.077847977,20.1785041,17.629,78.48,19.89373779,20.53417969
Telangana,Mulugu,2013,12,0.132251946,22.24037294,18.194,80.073,21.11856079,23.53048706
Telangana,Nagarkurnool,2013,12,0.047527025,20.89050049,16.48,78.32,19.74505615,22.02087402
Telangana,Nalgonda,2013,12,0.089660254,21.82073402,17.0575,79.2673,20.74118042,22.74481201
Telangana,Narayanpet,2013,12,0.023531885,21.37107849,16.744,77.494,20.6027832,21.95227051
Telangana,Nirmal,2013,12,0.091366147,20.68773651,19.097,78.343,19.88345337,21.18490601
Telangana,Nizamabad,2013,12,0.203008896,21.1344425,18.6725,78.094,20.26312256,21.97399902
Telangana,Peddapalli,2013,12,0.112525313,21.38737827,18.614,79.376,20.95617676,22.01516724
Telangana,Rajanna Sircilla,2013,12,0.096973364,20.24941063,18.387,78.832,19.95663452,20.60623169
Telangana,Rangareddy,2013,12,0.071700533,20.34229558,17.246,78.372,19.9211731,21.09912109
Telangana,Sangareddy,2013,12,0.071632226,20.4683804,17.628,78.087,19.93261719,21.42504883
Telangana,Siddipet,2013,12,0.081846916,19.99962537,18.102,78.852,19.57925415,20.57876587
Telangana,Suryapet,2013,12,0.121453857,21.95731538,17.141,79.622,21.07739258,22.46575928
Telangana,Vikarabad,2013,12,0.054357686,20.47490192,17.338,77.904,19.92462158,21.3621521
Telangana,Wanaparthy,2013,12,0.020710892,21.61883884,16.364,78.064,20.89328003,22.36398315
Telangana,Warangal Rural,2013,12,0.156949371,21.21951571,17.9784,79.5941,20.8132019,21.85049438
Telangana,Warangal Urban,2013,12,0.124227036,20.77627563,17.9689,79.5941,20.5112915,20.98706055
Telangana,Yadadri Bhuvanagiri,2013,12,0.090518538,20.7447597,17.582,79.029,19.90518188,21.46051025
Telangana,Adilabad,2014,1,0.047368638,22.56821881,19.664,78.532,21.86254883,23.51916504
Telangana,Bhadradri Kothagudem,2014,1,0.042100728,23.78482154,17.5557,80.6191,22.95617676,24.45617676
Telangana,Hyderabad,2014,1,0.00405501,21.92532349,17.385,78.4867,21.84143066,22.00921631
Telangana,Jagtial,2014,1,0.024392369,23.17051345,18.794,78.914,22.64175415,23.59121704
Telangana,Jangoan,2014,1,0.022556017,22.08527414,17.727,79.152,21.51831055,22.53985596
Telangana,Jayashankar Bhupalpally,2014,1,0.009568684,23.72891744,18.438,79.905,22.96612549,24.42883301
Telangana,Jogulamba Gadwal,2014,1,0.00426098,23.58021684,16.234,77.805,23.16122437,24.0112915
Telangana,Kamareddy,2014,1,0.0405942,22.9005127,18.322,78.34,22.04647827,23.96405029
Telangana,Karimnagar,2014,1,0.006853787,22.99816047,18.4386,79.1288,22.72628784,23.1947937
Telangana,Khammam,2014,1,0.05828866,23.72080882,17.2473,80.1514,23.15130615,24.28967285
Telangana,Kumurambheem Asifabad,2014,1,0.04305026,22.87070889,19.363,79.278,21.65005493,23.95288086
Telangana,Mahabubabad,2014,1,0.040009759,23.05444546,17.598,80.002,22.58087158,23.42471313
Telangana,Mahabubnagar,2014,1,0.003231127,22.15178504,16.737,77.987,21.49719238,23.20474243
Telangana,Mancherial,2014,1,0.015383393,23.15366554,18.87,79.46,21.99554443,24.12811279
Telangana,Medak,2014,1,0.008637857,22.24125,18.049,78.263,21.72958374,23.02825928
Telangana,Medchal Malkajgiri,2014,1,0.006320687,21.64549086,17.629,78.48,21.41143799,21.84640503
Telangana,Mulugu,2014,1,0.017765973,23.7639721,18.194,80.073,22.56719971,25.0402832
Telangana,Nagarkurnool,2014,1,0.014116481,22.06600098,16.48,78.32,20.665802,23.20474243
Telangana,Nalgonda,2014,1,0.033947765,23.18438339,17.0575,79.2673,21.73953247,24.3493042
Telangana,Narayanpet,2014,1,0.002633812,22.87913361,16.744,77.494,22.40936279,23.41104126
Telangana,Nirmal,2014,1,0.032759825,22.85505295,19.097,78.343,21.42883301,23.57879639
Telangana,Nizamabad,2014,1,0.051856041,23.48654713,18.6725,78.094,22.50506592,24.14923096
Telangana,Peddapalli,2014,1,0.009225957,23.35365804,18.614,79.376,23.11898804,23.62850952
Telangana,Rajanna Sircilla,2014,1,0.007556511,22.56728172,18.387,78.832,22.23165894,22.85427856
Telangana,Rangareddy,2014,1,0.00782133,21.67884641,17.246,78.372,21.06719971,22.17947388
Telangana,Sangareddy,2014,1,0.038642229,22.53975762,17.628,78.087,21.71591187,23.27682495
Telangana,Siddipet,2014,1,0.00662028,21.95979677,18.102,78.852,21.22006226,22.7784729
Telangana,Suryapet,2014,1,0.051057506,23.47608264,17.141,79.622,22.63430786,24.07342529
Telangana,Vikarabad,2014,1,0.005829015,22.40971638,17.338,77.904,21.73205566,23.34268188
Telangana,Wanaparthy,2014,1,0.003437098,22.91178894,16.364,78.064,22.24533081,23.54275513
Telangana,Warangal Rural,2014,1,0.021511018,22.88314264,17.9784,79.5941,22.54608154,23.23706055
Telangana,Warangal Urban,2014,1,0.012200212,22.6474762,17.9689,79.5941,22.30993652,22.95617676
Telangana,Yadadri Bhuvanagiri,2014,1,0.025805509,22.12655858,17.582,79.029,21.36047363,22.75735474
Telangana,Adilabad,2014,2,0.847573065,24.01875814,19.664,78.532,23.40057373,24.82849121
Telangana,Bhadradri Kothagudem,2014,2,0.139313076,25.11306074,17.5557,80.6191,24.2583313,25.72836304
Telangana,Hyderabad,2014,2,0.150446549,23.65283203,17.385,78.4867,23.53570557,23.7699585
Telangana,Jagtial,2014,2,0.33498934,24.75841816,18.794,78.914,24.2583313,25.21893311
Telangana,Jangoan,2014,2,0.076405469,23.77465499,17.727,79.152,23.28903198,24.15914917
Telangana,Jayashankar Bhupalpally,2014,2,0.159363673,25.30028534,18.438,79.905,24.70703125,25.83248901
Telangana,Jogulamba Gadwal,2014,2,0.074321162,25.35934171,16.234,77.805,24.92764282,25.82507324
Telangana,Kamareddy,2014,2,0.601395289,24.29405123,18.322,78.34,23.47372437,25.17184448
Telangana,Karimnagar,2014,2,0.091333487,24.77602471,18.4386,79.1288,24.52233887,24.99087524
Telangana,Khammam,2014,2,0.149422303,24.87299626,17.2473,80.1514,24.48886108,25.34042358
Telangana,Kumurambheem Asifabad,2014,2,0.267956708,24.37934706,19.363,79.278,23.31134033,25.16317749
Telangana,Mahabubabad,2014,2,0.078043982,24.54482085,17.598,80.002,24.18395996,24.85824585
Telangana,Mahabubnagar,2014,2,0.090396643,23.90039063,16.737,77.987,23.20349121,24.89541626
Telangana,Mancherial,2014,2,0.243001726,24.59039688,18.87,79.46,23.56668091,25.38876343
Telangana,Medak,2014,2,0.232297202,23.73029541,18.049,78.263,23.35842896,24.42440796
Telangana,Medchal Malkajgiri,2014,2,0.11032625,23.43073866,17.629,78.48,23.23324585,23.65097046
Telangana,Mulugu,2014,2,0.243400445,25.204768,18.194,80.073,23.89141846,26.29977417
Telangana,Nagarkurnool,2014,2,0.090756254,23.9323584,16.48,78.32,22.54904175,25.02804565
Telangana,Nalgonda,2014,2,0.061527315,24.84309769,17.0575,79.2673,23.62368774,25.86349487
Telangana,Narayanpet,2014,2,0.122249198,24.52742157,16.744,77.494,23.96331787,25.11605835
Telangana,Nirmal,2014,2,0.797537833,24.14459991,19.097,78.343,23.06344604,24.83468628
Telangana,Nizamabad,2014,2,0.867771931,24.73811969,18.6725,78.094,23.99307251,25.25241089
Telangana,Peddapalli,2014,2,0.138450321,25.02867635,18.614,79.376,24.86816406,25.21151733
Telangana,Rajanna Sircilla,2014,2,0.161151107,24.25553513,18.387,78.832,23.84185791,24.62893677
Telangana,Rangareddy,2014,2,0.116542589,23.49817639,17.246,78.372,23.00640869,24.04885864
Telangana,Sangareddy,2014,2,0.495261657,23.98477173,17.628,78.087,23.28903198,24.68844604
Telangana,Siddipet,2014,2,0.091797012,23.6964848,18.102,78.852,22.95187378,24.53598022
Telangana,Suryapet,2014,2,0.067212152,24.84516433,17.141,79.622,24.20999146,25.48294067
Telangana,Vikarabad,2014,2,0.273620452,23.9287404,17.338,77.904,23.32125854,24.77642822
Telangana,Wanaparthy,2014,2,0.091092865,24.68712362,16.364,78.064,24.05877686,25.35403442
Telangana,Warangal Rural,2014,2,0.105017491,24.50763217,17.9784,79.5941,24.14675903,24.92022705
Telangana,Warangal Urban,2014,2,0.115199869,24.38388672,17.9689,79.5941,24.01663208,24.80865479
Telangana,Yadadri Bhuvanagiri,2014,2,0.071963922,23.87287685,17.582,79.029,23.17623901,24.41448975
Telangana,Adilabad,2014,3,2.368225098,26.34074263,19.664,78.532,25.66601563,27.1312561
Telangana,Bhadradri Kothagudem,2014,3,0.135270127,28.75418386,17.5557,80.6191,27.67193604,29.47079468
Telangana,Hyderabad,2014,3,0.460350335,26.82211304,17.385,78.4867,26.69845581,26.94577026
Telangana,Jagtial,2014,3,1.662373584,27.29385845,18.794,78.914,26.70993042,27.77545166
Telangana,Jangoan,2014,3,0.372553881,27.00275622,17.727,79.152,26.29293823,27.60147095
Telangana,Jayashankar Bhupalpally,2014,3,1.100460639,28.22858683,18.438,79.905,27.8890686,28.77337646
Telangana,Jogulamba Gadwal,2014,3,0.231905756,28.63534268,16.234,77.805,28.17663574,29.10266113
Telangana,Kamareddy,2014,3,1.24555397,26.79604923,18.322,78.34,26.23110962,27.25634766
Telangana,Karimnagar,2014,3,1.222450256,27.56416321,18.4386,79.1288,27.13845825,27.81716919
Telangana,Khammam,2014,3,0.031385614,28.30023342,17.2473,80.1514,27.93362427,28.62384033
Telangana,Kumurambheem Asifabad,2014,3,1.701087024,27.08105299,19.363,79.278,26.14053345,28.12487793
Telangana,Mahabubabad,2014,3,0.17678377,28.06428475,17.598,80.002,27.64749146,28.3520813
Telangana,Mahabubnagar,2014,3,0.342933973,27.09442608,16.737,77.987,26.28143311,28.19821167
Telangana,Mancherial,2014,3,1.601801766,27.24346352,18.87,79.46,26.18365479,27.92498779
Telangana,Medak,2014,3,0.806507746,26.65967285,18.049,78.263,26.39648438,27.18157959
Telangana,Medchal Malkajgiri,2014,3,0.481236246,26.54825846,17.629,78.48,26.26275635,26.88537598
Telangana,Mulugu,2014,3,0.618927002,28.51094674,18.194,80.073,27.17440796,29.71524048
Telangana,Nagarkurnool,2014,3,0.26961852,27.21860107,16.48,78.32,25.73358154,28.3319397
Telangana,Nalgonda,2014,3,0.098520818,28.26808548,17.0575,79.2673,26.96734619,29.22058105
Telangana,Narayanpet,2014,3,0.366443992,27.79077148,16.744,77.494,27.09674072,28.4541626
Telangana,Nirmal,2014,3,1.521296761,26.7395134,19.097,78.343,25.99816895,27.53387451
Telangana,Nizamabad,2014,3,1.588890467,26.97867001,18.6725,78.094,26.53308105,27.47491455
Telangana,Peddapalli,2014,3,1.587598299,27.64468723,18.614,79.376,27.31100464,27.96670532
Telangana,Rajanna Sircilla,2014,3,1.01173865,27.09459496,18.387,78.832,26.63085938,27.60003662
Telangana,Rangareddy,2014,3,0.384227616,26.695247,17.246,78.372,26.22537231,27.45767212
Telangana,Sangareddy,2014,3,0.905999012,26.74720934,17.628,78.087,26.36340332,27.16003418
Telangana,Siddipet,2014,3,0.849977435,26.6598616,18.102,78.852,25.89318848,27.46917725
Telangana,Suryapet,2014,3,0.053074841,28.21253704,17.141,79.622,27.65036011,28.79495239
Telangana,Vikarabad,2014,3,0.471959391,27.05534836,17.338,77.904,26.50863647,27.91204834
Telangana,Wanaparthy,2014,3,0.235246499,27.95751784,16.364,78.064,27.30957031,28.61233521
Telangana,Warangal Rural,2014,3,0.405223519,27.86330344,17.9784,79.5941,27.56552124,28.21115112
Telangana,Warangal Urban,2014,3,0.676366286,27.52841797,17.9689,79.5941,27.15139771,27.80853271
Telangana,Yadadri Bhuvanagiri,2014,3,0.315380605,27.16874913,17.582,79.029,26.20236206,27.86029053
Telangana,Adilabad,2014,4,0.355045011,31.82249867,19.664,78.532,30.96340942,33.05133057
Telangana,Bhadradri Kothagudem,2014,4,0.236081617,31.81579984,17.5557,80.6191,30.13766479,32.68634033
Telangana,Hyderabad,2014,4,0.342147619,30.55888367,17.385,78.4867,30.40985107,30.70791626
Telangana,Jagtial,2014,4,0.274537232,32.15890268,18.794,78.914,31.46826172,32.75326538
Telangana,Jangoan,2014,4,0.188023469,30.99468673,17.727,79.152,30.42355347,31.36639404
Telangana,Jayashankar Bhupalpally,2014,4,0.152093777,32.77544149,18.438,79.905,32.10391235,33.22619629
Telangana,Jogulamba Gadwal,2014,4,0.27199341,31.89600164,16.234,77.805,31.44699097,32.40197754
Telangana,Kamareddy,2014,4,0.471581141,31.24969123,18.322,78.34,30.42355347,32.26055908
Telangana,Karimnagar,2014,4,0.21021655,32.14895291,18.4386,79.1288,31.89102173,32.37158203
Telangana,Khammam,2014,4,0.123692708,31.15648819,17.2473,80.1514,30.67749023,31.40591431
Telangana,Kumurambheem Asifabad,2014,4,0.291411632,32.28214518,19.363,79.278,31.07897949,33.3326416
Telangana,Mahabubabad,2014,4,0.16508773,31.45012375,17.598,80.002,31.06375122,32.0947876
Telangana,Mahabubnagar,2014,4,0.366701603,30.43664551,16.737,77.987,29.62060547,31.43481445
Telangana,Mancherial,2014,4,0.211332215,32.18984604,18.87,79.46,31.00140381,32.91445923
Telangana,Medak,2014,4,0.377622207,30.61485352,18.049,78.263,30.23040771,31.42114258
Telangana,Medchal Malkajgiri,2014,4,0.433500449,30.40361532,17.629,78.48,30.09051514,30.8508606
Telangana,Mulugu,2014,4,0.227297989,32.39314889,18.194,80.073,30.77331543,33.58966064
Telangana,Nagarkurnool,2014,4,0.294412469,30.70253662,16.48,78.32,28.94085693,31.56558228
Telangana,Nalgonda,2014,4,0.114521933,31.75264359,17.0575,79.2673,30.73223877,32.35333252
Telangana,Narayanpet,2014,4,0.376787519,31.20237732,16.744,77.494,30.45245361,31.96554565
Telangana,Nirmal,2014,4,0.269023202,31.72902679,19.097,78.343,30.88430786,32.43087769
Telangana,Nizamabad,2014,4,0.343838423,31.76605943,18.6725,78.094,31.07592773,32.35635376
Telangana,Peddapalli,2014,4,0.191155509,32.46230062,18.614,79.376,32.16171265,32.75933838
Telangana,Rajanna Sircilla,2014,4,0.390726916,31.60998344,18.387,78.832,31.08050537,32.12368774
Telangana,Rangareddy,2014,4,0.357808113,30.37243652,17.246,78.372,29.72402954,31.22952271
Telangana,Sangareddy,2014,4,0.570404835,30.72202555,17.628,78.087,30.03881836,31.66748047
Telangana,Siddipet,2014,4,0.364279689,30.92658523,18.102,78.852,29.94451904,31.93664551
Telangana,Suryapet,2014,4,0.07554574,31.37288692,17.141,79.622,31.15957642,31.79827881
Telangana,Vikarabad,2014,4,0.564742181,30.48537261,17.338,77.904,29.96276855,31.28881836
Telangana,Wanaparthy,2014,4,0.187357889,31.2106798,16.364,78.064,30.69119263,31.79064941
Telangana,Warangal Rural,2014,4,0.140881553,31.72071145,17.9784,79.5941,31.4196167,32.36853027
Telangana,Warangal Urban,2014,4,0.162687984,31.72572937,17.9689,79.5941,31.30554199,32.21951294
Telangana,Yadadri Bhuvanagiri,2014,4,0.232579867,31.05534581,17.582,79.029,30.2562561,31.61425781
Telangana,Adilabad,2014,5,0.330982085,33.42120546,19.664,78.532,32.41912842,34.78076172
Telangana,Bhadradri Kothagudem,2014,5,2.427687781,31.848178,17.5557,80.6191,30.28182983,32.72021484
Telangana,Hyderabad,2014,5,1.870166779,30.49217224,17.385,78.4867,30.33349609,30.65084839
Telangana,Jagtial,2014,5,0.852638162,33.13810847,18.794,78.914,32.22723389,33.67669678
Telangana,Jangoan,2014,5,1.036056406,31.67838328,17.727,79.152,31.11578369,32.08111572
Telangana,Jayashankar Bhupalpally,2014,5,1.006020253,33.3697408,18.438,79.905,32.58444214,33.85971069
Telangana,Jogulamba Gadwal,2014,5,2.092084794,31.38113126,16.234,77.805,30.96966553,31.79919434
Telangana,Kamareddy,2014,5,1.056837972,31.99410472,18.322,78.34,31.05380249,33.46710205
Telangana,Karimnagar,2014,5,1.049525429,32.90603977,18.4386,79.1288,32.55343628,33.18075562
Telangana,Khammam,2014,5,2.535021855,31.4908745,17.2473,80.1514,30.8190918,32.00140381
Telangana,Kumurambheem Asifabad,2014,5,0.544338639,33.65315416,19.363,79.278,32.39401245,34.48849487
Telangana,Mahabubabad,2014,5,1.542186975,31.86545116,17.598,80.002,31.39181519,32.41467285
Telangana,Mahabubnagar,2014,5,1.673431873,30.27740009,16.737,77.987,29.47296143,31.12316895
Telangana,Mancherial,2014,5,0.741513411,33.33987808,18.87,79.46,32.30545044,33.89660645
Telangana,Medak,2014,5,1.486424764,30.99610596,18.049,78.263,30.34088135,32.11801147
Telangana,Medchal Malkajgiri,2014,5,2.130733914,30.41877577,17.629,78.48,30.15487671,30.90472412
Telangana,Mulugu,2014,5,1.370599901,32.63481841,18.194,80.073,31.00213623,33.81396484
Telangana,Nagarkurnool,2014,5,1.584239744,30.6222583,16.48,78.32,28.74084473,32.21542358
Telangana,Nalgonda,2014,5,1.202236238,32.40716934,17.0575,79.2673,30.91653442,33.29144287
Telangana,Narayanpet,2014,5,2.387676239,30.74301147,16.744,77.494,30.16818237,31.28552246
Telangana,Nirmal,2014,5,0.345401995,33.1260376,19.097,78.343,32.16525269,33.56008911
Telangana,Nizamabad,2014,5,0.718316787,32.78026267,18.6725,78.094,31.76080322,33.42282104
Telangana,Peddapalli,2014,5,0.985071483,33.35836114,18.614,79.376,33.07299805,33.69882202
Telangana,Rajanna Sircilla,2014,5,1.200008647,32.24558258,18.387,78.832,31.71798706,32.7482605
Telangana,Rangareddy,2014,5,1.808416094,30.36862257,17.246,78.372,29.61172485,31.35784912
Telangana,Sangareddy,2014,5,1.477032784,31.18720839,17.628,78.087,30.05157471,32.66119385
Telangana,Siddipet,2014,5,1.47330706,31.36843767,18.102,78.852,30.12536621,32.57705688
Telangana,Suryapet,2014,5,1.394860331,32.25013259,17.141,79.622,31.91430664,32.80877686
Telangana,Vikarabad,2014,5,2.094553794,30.45625253,17.338,77.904,29.63827515,31.53793335
Telangana,Wanaparthy,2014,5,1.751606305,30.78343031,16.364,78.064,30.31576538,31.25009155
Telangana,Warangal Rural,2014,5,1.209436893,32.19046575,17.9784,79.5941,31.94827271,32.97558594
Telangana,Warangal Urban,2014,5,1.129507152,32.29202576,17.9689,79.5941,31.89511108,32.85897827
Telangana,Yadadri Bhuvanagiri,2014,5,1.54621226,31.50914219,17.582,79.029,30.37924194,32.15194702
Telangana,Adilabad,2014,6,1.141038956,33.16721413,19.664,78.532,32.28918457,34.48391724
Telangana,Bhadradri Kothagudem,2014,6,1.865398952,32.05392751,17.5557,80.6191,30.7166748,32.93759155
Telangana,Hyderabad,2014,6,1.088495016,30.35627747,17.385,78.4867,30.27310181,30.43945313
Telangana,Jagtial,2014,6,1.049419237,33.107774,18.794,78.914,32.36618042,33.6368103
Telangana,Jangoan,2014,6,1.496826845,31.95082815,17.727,79.152,31.27420044,32.43548584
Telangana,Jayashankar Bhupalpally,2014,6,1.743701641,33.30568441,18.438,79.905,32.85595703,33.66455078
Telangana,Jogulamba Gadwal,2014,6,1.934999738,30.70273937,16.234,77.805,30.21920776,31.03549194
Telangana,Kamareddy,2014,6,1.098872375,31.48643583,18.322,78.34,30.77212524,32.67422485
Telangana,Karimnagar,2014,6,1.456931058,33.08920627,18.4386,79.1288,32.85134888,33.28103638
Telangana,Khammam,2014,6,1.941814716,32.18925662,17.2473,80.1514,31.44207764,32.89907837
Telangana,Kumurambheem Asifabad,2014,6,1.680879748,33.34307861,19.363,79.278,32.04891968,33.96951294
Telangana,Mahabubabad,2014,6,1.868410349,32.10255169,17.598,80.002,31.38049316,32.6680603
Telangana,Mahabubnagar,2014,6,1.421431859,29.71106192,16.737,77.987,29.02557373,30.50259399
Telangana,Mancherial,2014,6,1.845169703,33.23835373,18.87,79.46,32.09664917,33.65838623
Telangana,Medak,2014,6,0.995068868,30.78942871,18.049,78.263,30.3578186,31.45288086
Telangana,Medchal Malkajgiri,2014,6,1.124115414,30.54126316,17.629,78.48,30.19302368,31.13867188
Telangana,Mulugu,2014,6,1.550312764,32.53344067,18.194,80.073,30.59960938,33.71536255
Telangana,Nagarkurnool,2014,6,1.41128065,30.38402588,16.48,78.32,28.37869263,32.36773682
Telangana,Nalgonda,2014,6,1.528708036,32.68372345,17.0575,79.2673,30.94921875,33.68765259
Telangana,Narayanpet,2014,6,1.536847878,30.04077148,16.744,77.494,29.63546753,30.48410034
Telangana,Nirmal,2014,6,1.123759761,32.71811295,19.097,78.343,31.77322388,33.27334595
Telangana,Nizamabad,2014,6,0.950654446,32.32111314,18.6725,78.094,31.67617798,32.84210205
Telangana,Peddapalli,2014,6,2.053559956,33.40126207,18.614,79.376,33.15628052,33.709198
Telangana,Rajanna Sircilla,2014,6,1.081453323,32.32585144,18.387,78.832,31.62384033,32.88366699
Telangana,Rangareddy,2014,6,1.380178724,30.14519222,17.246,78.372,29.19189453,31.35891724
Telangana,Sangareddy,2014,6,1.213554285,30.66207547,17.628,78.087,29.92965698,31.81018066
Telangana,Siddipet,2014,6,0.994437247,31.51617432,18.102,78.852,30.36550903,32.7635498
Telangana,Suryapet,2014,6,1.89390564,32.91193258,17.141,79.622,32.46166992,33.42581177
Telangana,Vikarabad,2014,6,1.220721337,29.92199707,17.338,77.904,29.28125,30.6104126
Telangana,Wanaparthy,2014,6,1.830344942,30.29646132,16.364,78.064,29.84802246,30.74594116
Telangana,Warangal Rural,2014,6,1.640365601,32.49590787,17.9784,79.5941,32.15057373,33.21173096
Telangana,Warangal Urban,2014,6,1.513692856,32.67853394,17.9689,79.5941,32.26452637,33.13317871
Telangana,Yadadri Bhuvanagiri,2014,6,1.290542603,31.79973493,17.582,79.029,30.63043213,32.51559448
Telangana,Adilabad,2014,7,9.763126496,27.06494511,19.664,78.532,26.45834351,27.93215942
Telangana,Bhadradri Kothagudem,2014,7,11.80815996,27.68471207,17.5557,80.6191,26.90332031,28.33700562
Telangana,Hyderabad,2014,7,6.585296631,25.47132874,17.385,78.4867,25.40106201,25.54159546
Telangana,Jagtial,2014,7,6.546758237,27.68515719,18.794,78.914,27.08566284,28.09109497
Telangana,Jangoan,2014,7,8.828466976,26.98142925,17.727,79.152,26.32952881,27.4236145
Telangana,Jayashankar Bhupalpally,2014,7,9.911474375,27.75065613,18.438,79.905,27.3265686,27.98068237
Telangana,Jogulamba Gadwal,2014,7,6.457318987,26.84333385,16.234,77.805,26.49514771,27.12246704
Telangana,Kamareddy,2014,7,6.183622233,26.38467587,18.322,78.34,25.76239014,27.3817749
Telangana,Karimnagar,2014,7,6.61556199,27.74787394,18.4386,79.1288,27.54406738,27.90875244
Telangana,Khammam,2014,7,10.31728656,27.85203292,17.2473,80.1514,27.24963379,28.3704834
Telangana,Kumurambheem Asifabad,2014,7,10.30879418,27.47253757,19.363,79.278,26.5269165,27.96395874
Telangana,Mahabubabad,2014,7,11.16386986,27.36135759,17.598,80.002,26.73937988,27.89035034
Telangana,Mahabubnagar,2014,7,7.756913503,25.37461501,16.737,77.987,24.58468628,26.48175049
Telangana,Mancherial,2014,7,9.302830166,27.62152863,18.87,79.46,26.65072632,28.07269287
Telangana,Medak,2014,7,6.009665807,25.83300049,18.049,78.263,25.41442871,26.33453369
Telangana,Medchal Malkajgiri,2014,7,6.516749064,25.68452284,17.629,78.48,25.30905151,26.30609131
Telangana,Mulugu,2014,7,11.503898,27.35257205,18.194,80.073,26.04345703,28.15130615
Telangana,Nagarkurnool,2014,7,7.692097214,26.00226563,16.48,78.32,24.36386108,27.77490234
Telangana,Nalgonda,2014,7,7.532348133,27.97150803,17.0575,79.2673,26.39141846,28.95095825
Telangana,Narayanpet,2014,7,7.568131256,25.90811157,16.744,77.494,25.01629639,26.58380127
Telangana,Nirmal,2014,7,7.845111269,27.1519165,19.097,78.343,26.24252319,27.69628906
Telangana,Nizamabad,2014,7,6.329510029,27.07263902,18.6725,78.094,26.50015259,27.47714233
Telangana,Peddapalli,2014,7,7.686997263,27.87743293,18.614,79.376,27.68960571,28.0944519
Telangana,Rajanna Sircilla,2014,7,5.978766378,27.09466934,18.387,78.832,26.45162964,27.60595703
Telangana,Rangareddy,2014,7,7.284883045,25.44291873,17.246,78.372,24.62985229,26.71261597
Telangana,Sangareddy,2014,7,6.833568084,25.656545,17.628,78.087,24.86740112,26.62728882
Telangana,Siddipet,2014,7,6.446028738,26.48037194,18.102,78.852,25.55160522,27.50054932
Telangana,Suryapet,2014,7,8.666526286,28.21668112,17.141,79.622,27.5105896,28.78533936
Telangana,Vikarabad,2014,7,7.854106288,25.06134033,17.338,77.904,24.62149048,25.60516357
Telangana,Wanaparthy,2014,7,7.204941644,26.26037428,16.364,78.064,25.63525391,26.84811401
Telangana,Warangal Rural,2014,7,9.733081818,27.46763472,17.9784,79.5941,27.31988525,27.89871216
Telangana,Warangal Urban,2014,7,8.036691839,27.54723206,17.9689,79.5941,27.22286987,27.86022949
Telangana,Yadadri Bhuvanagiri,2014,7,7.450365702,26.9437779,17.582,79.029,25.82763672,27.6394043
Telangana,Adilabad,2014,8,8.453556184,26.53683564,19.664,78.532,25.96942139,27.38684082
Telangana,Bhadradri Kothagudem,2014,8,7.478726523,27.58087946,17.5557,80.6191,26.7494812,28.01150513
Telangana,Hyderabad,2014,8,6.336105824,25.49617004,17.385,78.4867,25.40499878,25.58734131
Telangana,Jagtial,2014,8,9.289740521,27.27134352,18.794,78.914,26.58459473,27.83078003
Telangana,Jangoan,2014,8,7.400952059,26.88098948,17.727,79.152,26.13272095,27.42807007
Telangana,Jayashankar Bhupalpally,2014,8,8.388265756,27.78426107,18.438,79.905,27.51367188,28.00042725
Telangana,Jogulamba Gadwal,2014,8,5.494392032,26.44153942,16.234,77.805,26.01541138,26.72729492
Telangana,Kamareddy,2014,8,10.92692464,25.90652286,18.322,78.34,25.31304932,26.54812622
Telangana,Karimnagar,2014,8,8.472494686,27.51455688,18.4386,79.1288,27.19500732,27.75942993
Telangana,Khammam,2014,8,7.031521528,27.78675805,17.2473,80.1514,27.03485107,28.31750488
Telangana,Kumurambheem Asifabad,2014,8,8.462057578,27.24000719,19.363,79.278,26.22470093,27.76101685
Telangana,Mahabubabad,2014,8,7.036515713,27.43369267,17.598,80.002,26.81765747,27.88626099
Telangana,Mahabubnagar,2014,8,6.711053212,25.09925255,16.737,77.987,24.28091431,26.10577393
Telangana,Mancherial,2014,8,8.924925062,27.53037262,18.87,79.46,26.4498291,28.00357056
Telangana,Medak,2014,8,10.05813726,25.59862061,18.049,78.263,25.2749939,25.97894287
Telangana,Medchal Malkajgiri,2014,8,6.92247857,25.64194065,17.629,78.48,25.23376465,26.29919434
Telangana,Mulugu,2014,8,7.691041689,27.43860193,18.194,80.073,26.22470093,28.24456787
Telangana,Nagarkurnool,2014,8,5.031721007,25.90480957,16.48,78.32,24.21749878,27.96078491
Telangana,Nalgonda,2014,8,5.64567791,28.12066078,17.0575,79.2673,26.40066528,29.25610352
Telangana,Narayanpet,2014,8,6.847990417,25.51440125,16.744,77.494,24.65350342,26.18981934
Telangana,Nirmal,2014,8,10.57702267,26.57636642,19.097,78.343,25.91552734,27.23937988
Telangana,Nizamabad,2014,8,9.945351625,26.54444077,18.6725,78.094,26.09628296,27.04437256
Telangana,Peddapalli,2014,8,8.952692132,27.73872036,18.614,79.376,27.44866943,27.92749023
Telangana,Rajanna Sircilla,2014,8,9.013028971,26.69944191,18.387,78.832,26.00747681,27.26159668
Telangana,Rangareddy,2014,8,5.834564936,25.3904285,17.246,78.372,24.35702515,26.75582886
Telangana,Sangareddy,2014,8,9.460410094,25.32348633,17.628,78.087,24.43786621,26.08041382
Telangana,Siddipet,2014,8,7.328297933,26.25765676,18.102,78.852,25.42245483,27.20132446
Telangana,Suryapet,2014,8,7.033724976,28.26294787,17.141,79.622,27.5279541,28.91998291
Telangana,Vikarabad,2014,8,7.142355642,24.72178071,17.338,77.904,24.35543823,25.16558838
Telangana,Wanaparthy,2014,8,5.859616597,25.94617547,16.364,78.064,25.35586548,26.50213623
Telangana,Warangal Rural,2014,8,7.460389137,27.46589522,17.9784,79.5941,27.33135986,27.7673645
Telangana,Warangal Urban,2014,8,7.897555265,27.4272644,17.9689,79.5941,27.09512329,27.71343994
Telangana,Yadadri Bhuvanagiri,2014,8,6.586802673,26.91884068,17.582,79.029,25.73001099,27.71343994
Telangana,Adilabad,2014,9,7.857939689,26.10473818,19.664,78.532,25.53173828,26.90652466
Telangana,Bhadradri Kothagudem,2014,9,6.882536752,27.0878985,17.5557,80.6191,26.28549194,27.53341675
Telangana,Hyderabad,2014,9,2.509639978,24.95425415,17.385,78.4867,24.85467529,25.05383301
Telangana,Jagtial,2014,9,7.413689655,26.62363845,18.794,78.914,25.85479736,27.1661377
Telangana,Jangoan,2014,9,3.70069257,26.31306377,17.727,79.152,25.64089966,26.78259277
Telangana,Jayashankar Bhupalpally,2014,9,11.21190585,27.22291565,18.438,79.905,26.92126465,27.45819092
Telangana,Jogulamba Gadwal,2014,9,2.368307568,26.34014893,16.234,77.805,25.96542358,26.68081665
Telangana,Kamareddy,2014,9,3.920432027,25.60202565,18.322,78.34,24.91220093,26.26190186
Telangana,Karimnagar,2014,9,6.058866613,26.74712287,18.4386,79.1288,26.41531372,27.03485107
Telangana,Khammam,2014,9,5.680774004,27.17411097,17.2473,80.1514,26.56430054,27.45080566
Telangana,Kumurambheem Asifabad,2014,9,11.7184605,26.71114604,19.363,79.278,25.77661133,27.16906738
Telangana,Mahabubabad,2014,9,6.026883125,26.88977682,17.598,80.002,26.29730225,27.22808838
Telangana,Mahabubnagar,2014,9,3.561270396,24.87204449,16.737,77.987,24.0640564,25.9034729
Telangana,Mancherial,2014,9,12.50576358,26.92172241,18.87,79.46,25.96099854,27.41836548
Telangana,Medak,2014,9,3.412855784,25.16952393,18.049,78.263,24.74258423,25.73382568
Telangana,Medchal Malkajgiri,2014,9,2.623248206,25.09134928,17.629,78.48,24.68798828,25.73382568
Telangana,Mulugu,2014,9,9.286433039,26.88741323,18.194,80.073,25.60403442,27.74139404
Telangana,Nagarkurnool,2014,9,3.752087575,25.44952148,16.48,78.32,23.97406006,27.02304077
Telangana,Nalgonda,2014,9,3.457449491,27.14738655,17.0575,79.2673,25.81201172,27.77090454
Telangana,Narayanpet,2014,9,2.972239685,25.40355835,16.744,77.494,24.52575684,26.10113525
Telangana,Nirmal,2014,9,7.147362449,26.16468811,19.097,78.343,25.46682739,26.6852417
Telangana,Nizamabad,2014,9,5.557175074,26.09300681,18.6725,78.094,25.51992798,26.7265625
Telangana,Peddapalli,2014,9,9.342934056,27.0548367,18.614,79.376,26.70443726,27.32836914
Telangana,Rajanna Sircilla,2014,9,5.349967448,25.99952316,18.387,78.832,25.45504761,26.50970459
Telangana,Rangareddy,2014,9,3.074883234,24.9234381,17.246,78.372,24.11123657,26.14831543
Telangana,Sangareddy,2014,9,3.227567428,25.00685967,17.628,78.087,24.2366333,25.8710022
Telangana,Siddipet,2014,9,3.569372235,25.66093918,18.102,78.852,24.90042114,26.48464966
Telangana,Suryapet,2014,9,4.976657613,27.33967538,17.141,79.622,26.84896851,27.62930298
Telangana,Vikarabad,2014,9,3.88043459,24.49196862,17.338,77.904,24.06698608,25.00808716
Telangana,Wanaparthy,2014,9,2.805865394,25.70629205,16.364,78.064,25.08331299,26.30911255
Telangana,Warangal Rural,2014,9,6.012926102,26.87687544,17.9784,79.5941,26.70736694,27.09680176
Telangana,Warangal Urban,2014,9,5.053539623,26.75811768,17.9689,79.5941,26.4861145,26.98764038
Telangana,Yadadri Bhuvanagiri,2014,9,2.710699463,26.31184605,17.582,79.029,25.20870972,27.00976563
Telangana,Adilabad,2014,10,1.251542122,26.33446711,19.664,78.532,25.58877563,27.39956665
Telangana,Bhadradri Kothagudem,2014,10,3.31763867,26.56975531,17.5557,80.6191,25.84487915,27.06134033
Telangana,Hyderabad,2014,10,3.990184307,25.27700806,17.385,78.4867,25.14477539,25.40924072
Telangana,Jagtial,2014,10,1.53969292,26.71054547,18.794,78.914,26.03973389,27.16711426
Telangana,Jangoan,2014,10,3.965459487,25.87476871,17.727,79.152,25.33267212,26.36404419
Telangana,Jayashankar Bhupalpally,2014,10,3.75664667,26.88080851,18.438,79.905,26.34872437,27.20330811
Telangana,Jogulamba Gadwal,2014,10,3.777317592,27.23646129,16.234,77.805,26.74539185,27.87417603
Telangana,Kamareddy,2014,10,1.213394165,26.04595947,18.322,78.34,25.24221802,26.96112061
Telangana,Karimnagar,2014,10,2.672411302,26.32111782,18.4386,79.1288,26.12741089,26.42666626
Telangana,Khammam,2014,10,2.154069949,26.76766149,17.2473,80.1514,26.09262085,27.06274414
Telangana,Kumurambheem Asifabad,2014,10,1.954063209,26.61557007,19.363,79.278,25.53588867,27.08084106
Telangana,Mahabubabad,2014,10,2.798910618,26.35990958,17.598,80.002,25.69595337,26.83306885
Telangana,Mahabubnagar,2014,10,4.425813039,25.19671631,16.737,77.987,24.22201538,26.66885376
Telangana,Mancherial,2014,10,2.455622567,26.72764969,18.87,79.46,25.77249146,27.29098511
Telangana,Medak,2014,10,1.749323209,25.42861328,18.049,78.263,24.85250854,26.65493774
Telangana,Medchal Malkajgiri,2014,10,4.20665741,25.19644165,17.629,78.48,24.8190918,25.77667236
Telangana,Mulugu,2014,10,3.861282761,26.47278327,18.194,80.073,25.15872192,27.46774292
Telangana,Nagarkurnool,2014,10,2.441458072,25.81735107,16.48,78.32,24.29995728,27.41485596
Telangana,Nalgonda,2014,10,2.595932257,27.19102097,17.0575,79.2673,25.74465942,27.97854614
Telangana,Narayanpet,2014,10,4.322183609,25.89721069,16.744,77.494,24.78012085,26.93606567
Telangana,Nirmal,2014,10,1.129214662,26.36907959,19.097,78.343,25.22967529,26.88317871
Telangana,Nizamabad,2014,10,1.134475317,26.57317756,18.6725,78.094,25.7154541,27.30212402
Telangana,Peddapalli,2014,10,3.355712088,26.68531291,18.614,79.376,26.32226563,27.04602051
Telangana,Rajanna Sircilla,2014,10,1.735959371,26.03965187,18.387,78.832,25.61523438,26.34454346
Telangana,Rangareddy,2014,10,4.251737322,25.13422971,17.246,78.372,24.30691528,26.15942383
Telangana,Sangareddy,2014,10,1.895311796,25.50248888,17.628,78.087,24.61590576,26.7036438
Telangana,Siddipet,2014,10,3.040926384,25.52643454,18.102,78.852,24.85806274,26.19561768
Telangana,Suryapet,2014,10,2.055998993,27.04967841,17.141,79.622,26.49487305,27.5262146
Telangana,Vikarabad,2014,10,3.208657542,24.84170427,17.338,77.904,24.37371826,25.46908569
Telangana,Wanaparthy,2014,10,3.517267015,26.33720567,16.364,78.064,25.48855591,27.13092041
Telangana,Warangal Rural,2014,10,3.467264175,26.252053,17.9784,79.5941,26.05923462,26.52548218
Telangana,Warangal Urban,2014,10,3.469512593,26.15400696,17.9689,79.5941,25.95901489,26.32644653
Telangana,Yadadri Bhuvanagiri,2014,10,4.936860657,26.19766235,17.582,79.029,25.11138916,27.01681519
Telangana,Adilabad,2014,11,0.895360639,24.84033573,19.664,78.532,23.95098877,26.17614746
Telangana,Bhadradri Kothagudem,2014,11,0.396764415,25.32111974,17.5557,80.6191,24.53347778,25.9302063
Telangana,Hyderabad,2014,11,0.858932853,22.8054657,17.385,78.4867,22.68719482,22.92373657
Telangana,Jagtial,2014,11,0.69438727,24.79912861,18.794,78.914,23.92391968,25.50189209
Telangana,Jangoan,2014,11,1.202802097,23.57017437,17.727,79.152,23.05081177,24.04748535
Telangana,Jayashankar Bhupalpally,2014,11,0.793909,24.94452667,18.438,79.905,24.32635498,25.42776489
Telangana,Jogulamba Gadwal,2014,11,0.77759661,24.83219216,16.234,77.805,24.25457764,25.42071533
Telangana,Kamareddy,2014,11,0.917975616,23.98054774,18.322,78.34,23.20495605,24.91824341
Telangana,Karimnagar,2014,11,0.894134129,24.03604635,18.4386,79.1288,23.78744507,24.36755371
Telangana,Khammam,2014,11,0.61647332,25.45026677,17.2473,80.1514,24.78762817,25.89492798
Telangana,Kumurambheem Asifabad,2014,11,0.502702558,25.26756795,19.363,79.278,23.90509033,26.17260742
Telangana,Mahabubabad,2014,11,0.601313472,24.6582368,17.598,80.002,24.19573975,25.22891235
Telangana,Mahabubnagar,2014,11,0.849077304,23.18314772,16.737,77.987,22.31417847,24.32049561
Telangana,Mancherial,2014,11,0.5724393,24.89772797,18.87,79.46,23.89923096,25.61132813
Telangana,Medak,2014,11,0.85103027,23.26003174,18.049,78.263,22.62719727,24.54876709
Telangana,Medchal Malkajgiri,2014,11,0.824415578,22.73336114,17.629,78.48,22.47540283,23.10375977
Telangana,Mulugu,2014,11,0.620483656,24.93532913,18.194,80.073,23.67800903,26.12319946
Telangana,Nagarkurnool,2014,11,1.292801911,23.71929932,16.48,78.32,22.45892334,25.04885864
Telangana,Nalgonda,2014,11,1.225233234,24.88222885,17.0575,79.2673,23.41677856,25.93963623
Telangana,Narayanpet,2014,11,0.823180199,23.75901642,16.744,77.494,22.72250366,24.62878418
Telangana,Nirmal,2014,11,0.749501546,24.59296799,19.097,78.343,23.5473938,25.19125366
Telangana,Nizamabad,2014,11,0.667033464,24.66518626,18.6725,78.094,23.54266357,25.63720703
Telangana,Peddapalli,2014,11,0.755897321,24.40964762,18.614,79.376,24.03924561,24.89825439
Telangana,Rajanna Sircilla,2014,11,0.825505638,23.74889374,18.387,78.832,23.36968994,24.0769043
Telangana,Rangareddy,2014,11,0.964379356,22.80743259,17.246,78.372,22.32830811,23.82626343
Telangana,Sangareddy,2014,11,0.937833541,23.37254503,17.628,78.087,22.47894287,24.62289429
Telangana,Siddipet,2014,11,0.945209561,23.19778337,18.102,78.852,22.63659668,23.78744507
Telangana,Suryapet,2014,11,1.069270452,25.20398791,17.141,79.622,24.16281128,25.69958496
Telangana,Vikarabad,2014,11,1.067689342,22.73675116,17.338,77.904,22.228302,23.43560791
Telangana,Wanaparthy,2014,11,0.89974806,24.20960829,16.364,78.064,23.43206787,24.99237061
Telangana,Warangal Rural,2014,11,0.806543767,24.31240567,17.9784,79.5941,24.05337524,24.78527832
Telangana,Warangal Urban,2014,11,1.030660629,23.94158325,17.9689,79.5941,23.67565918,24.06866455
Telangana,Yadadri Bhuvanagiri,2014,11,1.129657491,23.58575221,17.582,79.029,22.72839355,24.4475708
Telangana,Adilabad,2014,12,0.138883468,21.44881925,19.664,78.532,20.80075073,22.32501221
Telangana,Bhadradri Kothagudem,2014,12,0.042239726,23.344762,17.5557,80.6191,22.47558594,24.17388916
Telangana,Hyderabad,2014,12,0.119573765,21.05560303,17.385,78.4867,20.96365356,21.14755249
Telangana,Jagtial,2014,12,0.103410845,21.80668288,18.794,78.914,21.25247192,22.29785156
Telangana,Jangoan,2014,12,0.140924692,21.53854691,17.727,79.152,20.95501709,22.1781311
Telangana,Jayashankar Bhupalpally,2014,12,0.037782669,22.47733307,18.438,79.905,21.77206421,23.20007324
Telangana,Jogulamba Gadwal,2014,12,0.421557199,23.54050515,16.234,77.805,23.01000977,24.11218262
Telangana,Kamareddy,2014,12,0.135526689,21.50322768,18.322,78.34,20.80566406,22.12875366
Telangana,Karimnagar,2014,12,0.049408453,21.74972365,18.4386,79.1288,21.52645874,21.92636108
Telangana,Khammam,2014,12,0.055176649,23.79877156,17.2473,80.1514,22.7878418,24.51577759
Telangana,Kumurambheem Asifabad,2014,12,0.078000442,21.7842475,19.363,79.278,20.54525757,22.91003418
Telangana,Mahabubabad,2014,12,0.079874404,22.5521114,17.598,80.002,22.05718994,23.184021
Telangana,Mahabubnagar,2014,12,0.229951402,21.75783363,16.737,77.987,20.87109375,23.12356567
Telangana,Mancherial,2014,12,0.054892063,21.86603165,18.87,79.46,20.80075073,22.7545166
Telangana,Medak,2014,12,0.062555482,21.14933105,18.049,78.263,20.78591919,21.93621826
Telangana,Medchal Malkajgiri,2014,12,0.093392114,20.85216607,17.629,78.48,20.68225098,21.18951416
Telangana,Mulugu,2014,12,0.064709638,22.67593301,18.194,80.073,21.42648315,23.97518921
Telangana,Nagarkurnool,2014,12,0.482069879,22.19455322,16.48,78.32,20.98709106,23.64068604
Telangana,Nalgonda,2014,12,0.136752723,23.35052109,17.0575,79.2673,21.66592407,24.90332031
Telangana,Narayanpet,2014,12,0.173506355,22.45657959,16.744,77.494,21.25616455,23.45309448
Telangana,Nirmal,2014,12,0.146982453,21.28806686,19.097,78.343,20.32678223,21.93994141
Telangana,Nizamabad,2014,12,0.16663319,21.79784977,18.6725,78.094,21.07226563,22.31143188
Telangana,Peddapalli,2014,12,0.047088491,21.90791151,18.614,79.376,21.66592407,22.28799438
Telangana,Rajanna Sircilla,2014,12,0.078398641,21.39540863,18.387,78.832,21.06240845,21.67581177
Telangana,Rangareddy,2014,12,0.177872658,21.09436631,17.246,78.372,20.67236328,22.10162354
Telangana,Sangareddy,2014,12,0.119836453,21.23851183,17.628,78.087,20.72174072,22.15838623
Telangana,Siddipet,2014,12,0.061341387,21.167089,18.102,78.852,20.58105469,21.68197632
Telangana,Suryapet,2014,12,0.076739931,23.59583782,17.141,79.622,22.36203003,24.49230957
Telangana,Vikarabad,2014,12,0.133265234,21.13921698,17.338,77.904,20.7069397,21.84365845
Telangana,Wanaparthy,2014,12,0.493597454,22.92360942,16.364,78.064,22.08679199,23.70611572
Telangana,Warangal Rural,2014,12,0.108231097,22.08478199,17.9784,79.5941,21.8053894,22.58050537
Telangana,Warangal Urban,2014,12,0.089903192,21.84946289,17.9689,79.5941,21.62768555,21.94732666
Telangana,Yadadri Bhuvanagiri,2014,12,0.136404832,21.70375061,17.582,79.029,20.72174072,22.60147095
Telangana,Adilabad,2015,1,0.437339875,21.3897964,19.664,78.532,20.84912109,22.07794189
Telangana,Bhadradri Kothagudem,2015,1,0.160712991,23.37088899,17.5557,80.6191,22.60189819,24.3026123
Telangana,Hyderabad,2015,1,0.230821818,21.20393372,17.385,78.4867,21.10339355,21.30447388
Telangana,Jagtial,2015,1,0.613261762,21.76544424,18.794,78.914,21.05255127,22.11462402
Telangana,Jangoan,2015,1,0.51302865,21.47322002,17.727,79.152,20.82666016,22.10870361
Telangana,Jayashankar Bhupalpally,2015,1,0.292948154,22.48416138,18.438,79.905,22.0022583,23.23461914
Telangana,Jogulamba Gadwal,2015,1,0.227049442,23.20022583,16.234,77.805,22.70715332,23.73019409
Telangana,Kamareddy,2015,1,0.379549758,21.58041741,18.322,78.34,21.02178955,22.15838623
Telangana,Karimnagar,2015,1,0.69690149,22.10285102,18.4386,79.1288,21.92538452,22.30856323
Telangana,Khammam,2015,1,0.141100994,23.74769257,17.2473,80.1514,22.85498047,24.33810425
Telangana,Kumurambheem Asifabad,2015,1,0.367270599,21.37677341,19.363,79.278,20.31219482,22.10159302
Telangana,Mahabubabad,2015,1,0.199981362,22.68243198,17.598,80.002,22.20687866,23.32806396
Telangana,Mahabubnagar,2015,1,0.305957854,21.71322632,16.737,77.987,20.82785034,22.88693237
Telangana,Mancherial,2015,1,0.459344281,21.47418594,18.87,79.46,20.48248291,22.34759521
Telangana,Medak,2015,1,0.348700921,21.1595166,18.049,78.263,20.85977173,21.71841431
Telangana,Medchal Malkajgiri,2015,1,0.248127911,20.97672187,17.629,78.48,20.75213623,21.34112549
Telangana,Mulugu,2015,1,0.226394499,22.67070873,18.194,80.073,21.30447388,23.83190918
Telangana,Nagarkurnool,2015,1,0.173667818,22.18616943,16.48,78.32,20.84912109,23.84609985
Telangana,Nalgonda,2015,1,0.200511713,23.28367615,17.0575,79.2673,21.72195435,24.73666382
Telangana,Narayanpet,2015,1,0.221892762,22.40449524,16.744,77.494,21.40380859,23.13409424
Telangana,Nirmal,2015,1,0.308333021,21.56125832,19.097,78.343,20.13476563,22.15246582
Telangana,Nizamabad,2015,1,0.352767773,22.03109562,18.6725,78.094,21.38134766,22.41738892
Telangana,Peddapalli,2015,1,0.624307632,21.93708293,18.614,79.376,21.69711304,22.12527466
Telangana,Rajanna Sircilla,2015,1,0.617433929,21.65210533,18.387,78.832,21.26779175,22.06967163
Telangana,Rangareddy,2015,1,0.265412694,21.16153475,17.246,78.372,20.70129395,22.17611694
Telangana,Sangareddy,2015,1,0.383753483,21.23521423,17.628,78.087,20.80892944,21.89581299
Telangana,Siddipet,2015,1,0.710618221,21.14308956,18.102,78.852,20.57827759,21.96914673
Telangana,Suryapet,2015,1,0.181409947,23.57304645,17.141,79.622,22.30267334,24.41140747
Telangana,Vikarabad,2015,1,0.281628393,21.25899111,17.338,77.904,20.70721436,21.94549561
Telangana,Wanaparthy,2015,1,0.235148324,22.60589769,16.364,78.064,21.9135437,23.26303101
Telangana,Warangal Rural,2015,1,0.392534912,22.19611151,17.9784,79.5941,21.92419434,22.7142334
Telangana,Warangal Urban,2015,1,0.639372999,21.87476501,17.9689,79.5941,21.56820679,22.05429077
Telangana,Yadadri Bhuvanagiri,2015,1,0.36965847,21.74387905,17.582,79.029,20.77578735,22.58178711
Telangana,Adilabad,2015,2,0.34108445,25.65698982,19.664,78.532,24.99176025,26.51147461
Telangana,Bhadradri Kothagudem,2015,2,0.005899156,26.08805601,17.5557,80.6191,25.25219727,26.67205811
Telangana,Hyderabad,2015,2,0.013330539,24.04981995,17.385,78.4867,23.9335022,24.1661377
Telangana,Jagtial,2015,2,0.035188037,25.68923246,18.794,78.914,25.2711792,26.12332153
Telangana,Jangoan,2015,2,0.006973369,24.61924824,17.727,79.152,24.10168457,24.99176025
Telangana,Jayashankar Bhupalpally,2015,2,0.008781014,26.0961024,18.438,79.905,25.48989868,26.73654175
Telangana,Jogulamba Gadwal,2015,2,0.043670552,25.39559937,16.234,77.805,24.90072632,25.86541748
Telangana,Kamareddy,2015,2,0.16782136,25.16675882,18.322,78.34,24.48223877,25.84393311
Telangana,Karimnagar,2015,2,0.00709988,25.75302463,18.4386,79.1288,25.48989868,25.97286987
Telangana,Khammam,2015,2,0.008960238,25.75992045,17.2473,80.1514,25.37863159,26.09805298
Telangana,Kumurambheem Asifabad,2015,2,0.024766949,25.51238166,19.363,79.278,24.60739136,26.0854187
Telangana,Mahabubabad,2015,2,0.009701259,25.41570203,17.598,80.002,24.99176025,25.71875
Telangana,Mahabubnagar,2015,2,0.030849655,24.18020395,16.737,77.987,23.42019653,25.15991211
Telangana,Mancherial,2015,2,0.007446027,25.40875244,18.87,79.46,24.51385498,26.19161987
Telangana,Medak,2015,2,0.0477863,24.46620117,18.049,78.263,24.06625366,24.9045105
Telangana,Medchal Malkajgiri,2015,2,0.007296674,23.94994778,17.629,78.48,23.71731567,24.23190308
Telangana,Mulugu,2015,2,0.009072764,26.12798247,18.194,80.073,24.85015869,27.28652954
Telangana,Nagarkurnool,2015,2,0.022004289,24.48362305,16.48,78.32,23.03964233,25.76300049
Telangana,Nalgonda,2015,2,0.009302413,25.68910027,17.0575,79.2673,24.41268921,26.53930664
Telangana,Narayanpet,2015,2,0.062796283,24.77366333,16.744,77.494,24.09155273,25.28762817
Telangana,Nirmal,2015,2,0.291306525,25.36754227,19.097,78.343,24.37475586,25.82369995
Telangana,Nizamabad,2015,2,0.231500944,25.63894833,18.6725,78.094,25.09417725,26.03482056
Telangana,Peddapalli,2015,2,0.006001232,25.83183967,18.614,79.376,25.61761475,26.11068726
Telangana,Rajanna Sircilla,2015,2,0.017524374,25.24130821,18.387,78.832,24.88427734,25.60876465
Telangana,Rangareddy,2015,2,0.021267589,23.96419767,17.246,78.372,23.52514648,24.86911011
Telangana,Sangareddy,2015,2,0.16612564,24.48033481,17.628,78.087,23.71099854,25.20544434
Telangana,Siddipet,2015,2,0.004418233,24.60221705,18.102,78.852,23.75778198,25.52783203
Telangana,Suryapet,2015,2,0.010785563,25.68033994,17.141,79.622,25.06634521,26.17138672
Telangana,Vikarabad,2015,2,0.096496121,24.15816945,17.338,77.904,23.63259888,24.69717407
Telangana,Wanaparthy,2015,2,0.031491876,24.80955505,16.364,78.064,24.23190308,25.37106323
Telangana,Warangal Rural,2015,2,0.010507765,25.33031394,17.9784,79.5941,24.95635986,25.74023438
Telangana,Warangal Urban,2015,2,0.009762358,25.2520813,17.9689,79.5941,24.87542725,25.62139893
Telangana,Yadadri Bhuvanagiri,2015,2,0.004333509,24.64578465,17.582,79.029,23.88671875,25.2130127
Telangana,Adilabad,2015,3,1.732538039,27.31616211,19.664,78.532,26.6234436,28.43014526
Telangana,Bhadradri Kothagudem,2015,3,0.387111255,29.25716277,17.5557,80.6191,28.40792847,29.97180176
Telangana,Hyderabad,2015,3,0.662411809,27.03556824,17.385,78.4867,26.86767578,27.20346069
Telangana,Jagtial,2015,3,1.42268554,28.02425443,18.794,78.914,27.47821045,28.55224609
Telangana,Jangoan,2015,3,0.718596515,27.66431307,17.727,79.152,26.66921997,28.38711548
Telangana,Jayashankar Bhupalpally,2015,3,0.463455604,29.32295736,18.438,79.905,28.82006836,29.83581543
Telangana,Jogulamba Gadwal,2015,3,0.336607252,28.84724288,16.234,77.805,28.40933228,29.36538696
Telangana,Kamareddy,2015,3,1.030956141,27.3226821,18.322,78.34,26.77746582,27.83206177
Telangana,Karimnagar,2015,3,1.308729621,28.5099216,18.4386,79.1288,27.91531372,29.12811279
Telangana,Khammam,2015,3,0.239798277,29.02102884,17.2473,80.1514,28.61886597,29.40563965
Telangana,Kumurambheem Asifabad,2015,3,1.670512534,27.71392483,19.363,79.278,26.71087646,28.63690186
Telangana,Mahabubabad,2015,3,0.395163059,28.5634471,17.598,80.002,28.12902832,28.96298218
Telangana,Mahabubnagar,2015,3,0.575021307,27.2821937,16.737,77.987,26.35702515,28.34686279
Telangana,Mancherial,2015,3,1.248525196,28.11717606,18.87,79.46,26.8302002,28.99349976
Telangana,Medak,2015,3,0.854698181,27.05776855,18.049,78.263,26.8079834,27.61141968
Telangana,Medchal Malkajgiri,2015,3,0.814672629,26.8200175,17.629,78.48,26.59985352,27.22427368
Telangana,Mulugu,2015,3,0.521895074,29.23173564,18.194,80.073,27.67526245,30.46716309
Telangana,Nagarkurnool,2015,3,0.47779947,27.81192139,16.48,78.32,26.42224121,28.84780884
Telangana,Nalgonda,2015,3,0.271633179,28.94717979,17.0575,79.2673,27.56286621,29.69287109
Telangana,Narayanpet,2015,3,0.511099052,27.90679321,16.744,77.494,26.93981934,28.77703857
Telangana,Nirmal,2015,3,1.002425223,27.53381348,19.097,78.343,26.52908325,28.23446655
Telangana,Nizamabad,2015,3,0.988703214,27.79933436,18.6725,78.094,27.33807373,28.18313599
Telangana,Peddapalli,2015,3,1.018883755,28.87834337,18.614,79.376,28.33578491,29.17391968
Telangana,Rajanna Sircilla,2015,3,1.302782949,27.58272552,18.387,78.832,27.21871948,27.82928467
Telangana,Rangareddy,2015,3,0.620093936,27.05208532,17.246,78.372,26.47634888,28.09017944
Telangana,Sangareddy,2015,3,0.946875254,27.11886597,17.628,78.087,26.54711914,27.75714111
Telangana,Siddipet,2015,3,1.400873126,27.00513327,18.102,78.852,26.32788086,27.87509155
Telangana,Suryapet,2015,3,0.214381711,29.0116051,17.141,79.622,28.47177124,29.40008545
Telangana,Vikarabad,2015,3,0.790896816,27.0246119,17.338,77.904,26.52075195,27.64196777
Telangana,Wanaparthy,2015,3,0.579352061,28.037284,16.364,78.064,27.36721802,28.69378662
Telangana,Warangal Rural,2015,3,0.379315823,28.60497492,17.9784,79.5941,28.34686279,29.1072998
Telangana,Warangal Urban,2015,3,0.762819464,28.42319031,17.9689,79.5941,27.88616943,28.97268677
Telangana,Yadadri Bhuvanagiri,2015,3,0.639599991,27.73527745,17.582,79.029,26.52493286,28.56750488
Telangana,Adilabad,2015,4,2.261551396,29.75711892,19.664,78.532,28.89428711,31.0798645
Telangana,Bhadradri Kothagudem,2015,4,1.100645747,30.33368707,17.5557,80.6191,29.02374268,31.01589966
Telangana,Hyderabad,2015,4,1.67136693,28.40406799,17.385,78.4867,28.26644897,28.54168701
Telangana,Jagtial,2015,4,2.198005842,29.93351628,18.794,78.914,29.15316772,30.7718811
Telangana,Jangoan,2015,4,1.348914539,29.20602256,17.727,79.152,28.39291382,29.77505493
Telangana,Jayashankar Bhupalpally,2015,4,1.472122192,30.95644379,18.438,79.905,30.46838379,31.44140625
Telangana,Jogulamba Gadwal,2015,4,1.363012041,30.24507557,16.234,77.805,29.67984009,30.8343811
Telangana,Kamareddy,2015,4,3.114899699,28.94006168,18.322,78.34,28.34976196,29.68133545
Telangana,Karimnagar,2015,4,1.628544078,30.41697184,18.4386,79.1288,30.02203369,30.78527832
Telangana,Khammam,2015,4,0.814787889,30.35748738,17.2473,80.1514,29.53106689,30.75552368
Telangana,Kumurambheem Asifabad,2015,4,1.490877306,30.3218316,19.363,79.278,28.98504639,31.30453491
Telangana,Mahabubabad,2015,4,1.02193284,30.03851108,17.598,80.002,29.54296875,30.42373657
Telangana,Mahabubnagar,2015,4,1.886326631,28.395705,16.737,77.987,27.32318115,29.68432617
Telangana,Mancherial,2015,4,1.246139208,30.47758675,18.87,79.46,29.24987793,31.14532471
Telangana,Medak,2015,4,2.862978299,28.36605957,18.049,78.263,27.97927856,28.99249268
Telangana,Medchal Malkajgiri,2015,4,1.671465768,28.203125,17.629,78.48,27.97927856,28.58483887
Telangana,Mulugu,2015,4,1.448403436,30.57248997,18.194,80.073,29.16802979,31.65267944
Telangana,Nagarkurnool,2015,4,1.626906485,28.98980469,16.48,78.32,27.39309692,30.0116272
Telangana,Nalgonda,2015,4,1.535281697,30.25541496,17.0575,79.2673,28.83032227,31.19741821
Telangana,Narayanpet,2015,4,1.924429703,29.11596985,16.744,77.494,27.9302063,30.09197998
Telangana,Nirmal,2015,4,2.55757511,29.44993591,19.097,78.343,28.75741577,30.12469482
Telangana,Nizamabad,2015,4,3.554209,29.2276001,18.6725,78.094,28.69491577,29.7348938
Telangana,Peddapalli,2015,4,1.463042811,30.8176846,18.614,79.376,30.48324585,31.01589966
Telangana,Rajanna Sircilla,2015,4,2.417133077,29.31087112,18.387,78.832,28.65771484,29.9045105
Telangana,Rangareddy,2015,4,2.091000693,28.24760623,17.246,78.372,27.449646,29.36740112
Telangana,Sangareddy,2015,4,3.00474744,28.41877577,17.628,78.087,27.83200073,29.17251587
Telangana,Siddipet,2015,4,2.163076227,28.63689765,18.102,78.852,27.71298218,29.80929565
Telangana,Suryapet,2015,4,1.028414154,30.48854223,17.141,79.622,29.79144287,30.8968811
Telangana,Vikarabad,2015,4,2.539740286,28.13705129,17.338,77.904,27.46450806,29.0118103
Telangana,Wanaparthy,2015,4,1.499320348,29.50246853,16.364,78.064,28.77526855,30.2154541
Telangana,Warangal Rural,2015,4,1.185041308,30.11875222,17.9784,79.5941,29.85986328,30.73916626
Telangana,Warangal Urban,2015,4,1.453915856,29.98707886,17.9689,79.5941,29.47900391,30.58294678
Telangana,Yadadri Bhuvanagiri,2015,4,1.735129038,29.05975342,17.582,79.029,28.00457764,29.81524658
Telangana,Adilabad,2015,5,1.41238994,33.72508191,19.664,78.532,32.85705566,35.63415527
Telangana,Bhadradri Kothagudem,2015,5,0.444302559,34.05027553,17.5557,80.6191,32.97702026,34.92999268
Telangana,Hyderabad,2015,5,0.603046417,31.94213867,17.385,78.4867,31.8039856,32.08029175
Telangana,Jagtial,2015,5,0.719275516,34.03173297,18.794,78.914,33.20123291,35.11157227
Telangana,Jangoan,2015,5,0.455416567,33.34313247,17.727,79.152,32.49865723,33.95272827
Telangana,Jayashankar Bhupalpally,2015,5,0.336789718,35.16013747,18.438,79.905,34.55108643,35.54730225
Telangana,Jogulamba Gadwal,2015,5,0.715678079,32.94869559,16.234,77.805,32.53182983,33.2833252
Telangana,Kamareddy,2015,5,0.89887263,32.33088989,18.322,78.34,31.6350708,33.61645508
Telangana,Karimnagar,2015,5,0.474783953,34.38912425,18.4386,79.1288,33.7885437,35.14157104
Telangana,Khammam,2015,5,0.318380234,34.31997446,17.2473,80.1514,33.48068237,34.80999756
Telangana,Kumurambheem Asifabad,2015,5,0.989789086,34.24241514,19.363,79.278,32.85861206,35.45730591
Telangana,Mahabubabad,2015,5,0.551867247,33.90763474,17.598,80.002,33.01177979,34.48162842
Telangana,Mahabubnagar,2015,5,0.457894723,31.91378784,16.737,77.987,30.90567017,32.98492432
Telangana,Mancherial,2015,5,0.485036903,34.87443373,18.87,79.46,33.45541382,35.47467041
Telangana,Medak,2015,5,0.599683166,31.81109873,18.049,78.263,31.20562744,32.63760376
Telangana,Medchal Malkajgiri,2015,5,0.534010887,31.97468058,17.629,78.48,31.36035156,32.7449646
Telangana,Mulugu,2015,5,0.377625904,34.54741607,18.194,80.073,32.9486084,35.93093872
Telangana,Nagarkurnool,2015,5,0.737049607,31.98648014,16.48,78.32,30.15731812,33.74905396
Telangana,Nalgonda,2015,5,0.287920405,34.24979988,17.0575,79.2673,32.71337891,35.21102905
Telangana,Narayanpet,2015,5,0.424934673,32.51350098,16.744,77.494,31.37771606,33.34332275
Telangana,Nirmal,2015,5,0.956141616,33.57377116,19.097,78.343,32.7796936,34.32531738
Telangana,Nizamabad,2015,5,0.877963139,32.86805764,18.6725,78.094,31.89398193,33.64801025
Telangana,Peddapalli,2015,5,0.507514602,35.17471153,18.614,79.376,34.58267212,35.43994141
Telangana,Rajanna Sircilla,2015,5,0.661744308,33.20722249,18.387,78.832,32.52075195,34.06481934
Telangana,Rangareddy,2015,5,0.61068335,31.68441918,17.246,78.372,30.60095215,33.1680603
Telangana,Sangareddy,2015,5,0.817669404,31.91774652,17.628,78.087,31.30984497,32.746521
Telangana,Siddipet,2015,5,0.586600217,32.31925826,18.102,78.852,31.47717285,33.5375061
Telangana,Suryapet,2015,5,0.265232388,34.61450195,17.141,79.622,33.94799805,35.12261963
Telangana,Vikarabad,2015,5,0.788226158,31.55714269,17.338,77.904,30.75253296,32.64706421
Telangana,Wanaparthy,2015,5,0.627474414,32.57646349,16.364,78.064,31.78979492,33.06387329
Telangana,Warangal Rural,2015,5,0.402312219,34.11455536,17.9784,79.5941,33.87854004,34.71685791
Telangana,Warangal Urban,2015,5,0.348628651,33.94497958,17.9689,79.5941,33.46014404,34.54003906
Telangana,Yadadri Bhuvanagiri,2015,5,0.33391393,33.17975464,17.582,79.029,31.81347656,34.12167358
Telangana,Adilabad,2015,6,13.15983335,29.02433453,19.664,78.532,28.26687622,30.18600464
Telangana,Bhadradri Kothagudem,2015,6,16.47770146,28.69806499,17.5557,80.6191,27.65301514,29.2414856
Telangana,Hyderabad,2015,6,4.684299469,27.151474,17.385,78.4867,27.06604004,27.23690796
Telangana,Jagtial,2015,6,7.718940403,29.22194261,18.794,78.914,28.50735474,29.75881958
Telangana,Jangoan,2015,6,7.397584803,28.32741828,17.727,79.152,27.7194519,28.75735474
Telangana,Jayashankar Bhupalpally,2015,6,11.21369817,29.33824666,18.438,79.905,28.93136597,29.8157959
Telangana,Jogulamba Gadwal,2015,6,3.583982195,28.52433638,16.234,77.805,28.19094849,28.79849243
Telangana,Kamareddy,2015,6,6.963237,27.90978645,18.322,78.34,27.26065063,28.89971924
Telangana,Karimnagar,2015,6,7.698623657,29.23909505,18.4386,79.1288,28.95828247,29.45663452
Telangana,Khammam,2015,6,10.29993771,29.16074874,17.2473,80.1514,28.2336731,29.82687378
Telangana,Kumurambheem Asifabad,2015,6,12.58434894,29.35969374,19.363,79.278,28.26846313,29.84268188
Telangana,Mahabubabad,2015,6,9.037485123,28.67583597,17.598,80.002,27.94888306,29.34906006
Telangana,Mahabubnagar,2015,6,4.354226748,27.13669527,16.737,77.987,26.15948486,28.41403198
Telangana,Mancherial,2015,6,11.13335249,29.48235321,18.87,79.46,28.35864258,29.84268188
Telangana,Medak,2015,6,5.723181407,27.37544922,18.049,78.263,27.04547119,27.81915283
Telangana,Medchal Malkajgiri,2015,6,5.11420144,27.2588874,17.629,78.48,26.94262695,27.81439209
Telangana,Mulugu,2015,6,12.52237681,28.66062144,18.194,80.073,27.30651855,29.50567627
Telangana,Nagarkurnool,2015,6,4.902302868,27.56742432,16.48,78.32,25.74972534,29.06109619
Telangana,Nalgonda,2015,6,5.87321147,29.33486938,17.0575,79.2673,27.74002075,30.35055542
Telangana,Narayanpet,2015,6,3.915621185,27.83796997,16.744,77.494,26.73220825,28.53585815
Telangana,Nirmal,2015,6,8.905362216,28.82933044,19.097,78.343,27.97735596,29.36804199
Telangana,Nizamabad,2015,6,7.117009872,28.61136582,18.6725,78.094,28.00741577,29.04370117
Telangana,Peddapalli,2015,6,9.34756791,29.56141493,18.614,79.376,29.26361084,29.83477783
Telangana,Rajanna Sircilla,2015,6,7.206886292,28.52091599,18.387,78.832,27.92041016,28.9914856
Telangana,Rangareddy,2015,6,4.923505874,26.99542981,17.246,78.372,26.21487427,28.17669678
Telangana,Sangareddy,2015,6,5.655228835,27.25053914,17.628,78.087,26.60723877,28.12765503
Telangana,Siddipet,2015,6,6.419134891,27.91434032,18.102,78.852,27.05654907,28.90606689
Telangana,Suryapet,2015,6,7.676290894,29.59450557,17.141,79.622,28.8079834,30.11480713
Telangana,Vikarabad,2015,6,5.027195592,26.79119242,17.338,77.904,26.20379639,27.50112915
Telangana,Wanaparthy,2015,6,4.000762939,27.99247233,16.364,78.064,27.41571045,28.60702515
Telangana,Warangal Rural,2015,6,8.565743446,28.75475242,17.9784,79.5941,28.59912109,29.33166504
Telangana,Warangal Urban,2015,6,8.032046231,28.86192017,17.9689,79.5941,28.556427,29.30633545
Telangana,Yadadri Bhuvanagiri,2015,6,6.007162476,28.36525399,17.582,79.029,27.29229736,29.01522827
Telangana,Adilabad,2015,7,1.849686653,27.97610566,19.664,78.532,27.24252319,28.85943604
Telangana,Bhadradri Kothagudem,2015,7,2.939752306,28.98658802,17.5557,80.6191,28.23742676,29.58404541
Telangana,Hyderabad,2015,7,1.046539783,27.72369385,17.385,78.4867,27.59262085,27.85476685
Telangana,Jagtial,2015,7,1.27925823,28.84366314,18.794,78.914,28.33023071,29.31213379
Telangana,Jangoan,2015,7,2.700014227,28.594113,17.727,79.152,27.94921875,29.24697876
Telangana,Jayashankar Bhupalpally,2015,7,2.501350109,28.91005961,18.438,79.905,28.4670105,29.34793091
Telangana,Jogulamba Gadwal,2015,7,1.282820293,29.20901767,16.234,77.805,28.79592896,29.5319519
Telangana,Kamareddy,2015,7,1.010025088,28.03661571,18.322,78.34,27.3157959,29.12976074
Telangana,Karimnagar,2015,7,1.681431041,29.1876492,18.4386,79.1288,28.83013916,29.42611694
Telangana,Khammam,2015,7,2.17309316,29.76495212,17.2473,80.1514,28.46212769,30.53988647
Telangana,Kumurambheem Asifabad,2015,7,3.757485467,28.1516215,19.363,79.278,27.3157959,28.65426636
Telangana,Mahabubabad,2015,7,2.622792006,29.00324118,17.598,80.002,28.20648193,29.83807373
Telangana,Mahabubnagar,2015,7,1.232160489,27.62655405,16.737,77.987,26.65957642,28.98809814
Telangana,Mancherial,2015,7,2.611617618,28.52996445,18.87,79.46,27.61703491,29.14440918
Telangana,Medak,2015,7,1.187279065,27.59872803,18.049,78.263,27.34674072,28.19998169
Telangana,Medchal Malkajgiri,2015,7,1.314165963,27.7330051,17.629,78.48,27.30929565,28.41329956
Telangana,Mulugu,2015,7,3.055870675,28.55041834,18.194,80.073,27.12527466,29.39352417
Telangana,Nagarkurnool,2015,7,1.329283228,28.26097168,16.48,78.32,26.31436157,30.25979614
Telangana,Nalgonda,2015,7,1.67640561,30.25161362,17.0575,79.2673,28.56634521,31.4989624
Telangana,Narayanpet,2015,7,1.155335617,28.33764648,16.744,77.494,27.28485107,29.11019897
Telangana,Nirmal,2015,7,1.448860631,28.34804916,19.097,78.343,27.05361938,28.96203613
Telangana,Nizamabad,2015,7,0.957245753,28.55274874,18.6725,78.094,27.90524292,29.06787109
Telangana,Peddapalli,2015,7,1.887825815,29.07664659,18.614,79.376,28.95227051,29.29910278
Telangana,Rajanna Sircilla,2015,7,1.233711878,28.50813103,18.387,78.832,27.84988403,29.06137085
Telangana,Rangareddy,2015,7,1.100761595,27.66218976,17.246,78.372,26.75891113,29.0206604
Telangana,Sangareddy,2015,7,0.959504739,27.65860664,17.628,78.087,27.13668823,28.5093689
Telangana,Siddipet,2015,7,1.856974284,28.07111438,18.102,78.852,27.30929565,28.99298096
Telangana,Suryapet,2015,7,2.391486613,30.29366539,17.141,79.622,29.32189941,31.04629517
Telangana,Vikarabad,2015,7,1.064288478,27.38761534,17.338,77.904,26.76705933,28.19021606
Telangana,Wanaparthy,2015,7,1.373084386,28.61483426,16.364,78.064,27.91989136,29.26327515
Telangana,Warangal Rural,2015,7,2.489082813,28.93227317,17.9784,79.5941,28.71453857,29.31536865
Telangana,Warangal Urban,2015,7,2.396306992,28.98010254,17.9689,79.5941,28.66894531,29.30560303
Telangana,Yadadri Bhuvanagiri,2015,7,2.027004878,28.93115234,17.582,79.029,27.58609009,29.80224609
Telangana,Adilabad,2015,8,8.664817564,26.05221835,19.664,78.532,25.46746826,26.86279297
Telangana,Bhadradri Kothagudem,2015,8,6.740052359,27.49713332,17.5557,80.6191,26.77685547,27.9699707
Telangana,Hyderabad,2015,8,3.297933102,26.00250244,17.385,78.4867,25.86517334,26.13983154
Telangana,Jagtial,2015,8,4.219729548,26.88528442,18.794,78.914,26.32522583,27.42565918
Telangana,Jangoan,2015,8,4.516769409,26.87973344,17.727,79.152,26.14489746,27.49304199
Telangana,Jayashankar Bhupalpally,2015,8,4.960194514,27.40331777,18.438,79.905,27.03805542,27.7053833
Telangana,Jogulamba Gadwal,2015,8,3.395054408,27.78811368,16.234,77.805,27.40542603,28.05084229
Telangana,Kamareddy,2015,8,4.201782735,26.03194652,18.322,78.34,25.40679932,26.73135376
Telangana,Karimnagar,2015,8,3.926201315,27.37096998,18.4386,79.1288,26.9588623,27.66662598
Telangana,Khammam,2015,8,5.204691178,28.05981445,17.2473,80.1514,27.04312134,28.66427612
Telangana,Kumurambheem Asifabad,2015,8,7.243608629,26.56704373,19.363,79.278,25.66125488,27.01278687
Telangana,Mahabubabad,2015,8,4.82737875,27.441743,17.598,80.002,26.66729736,28.18399048
Telangana,Mahabubnagar,2015,8,3.337810516,26.26267184,16.737,77.987,25.27871704,27.56045532
Telangana,Mancherial,2015,8,5.654542711,26.95679474,18.87,79.46,25.90054321,27.44250488
Telangana,Medak,2015,8,3.809681257,25.79054199,18.049,78.263,25.56350708,26.17861938
Telangana,Medchal Malkajgiri,2015,8,3.378117455,25.97938368,17.629,78.48,25.55340576,26.65045166
Telangana,Mulugu,2015,8,5.585881414,27.08282636,18.194,80.073,25.89044189,27.81491089
Telangana,Nagarkurnool,2015,8,3.730183152,26.78143311,16.48,78.32,25.04278564,28.33901978
Telangana,Nalgonda,2015,8,4.11423655,28.32287979,17.0575,79.2673,26.9133606,29.14959717
Telangana,Narayanpet,2015,8,2.857806778,26.9645752,16.744,77.494,25.78594971,27.70031738
Telangana,Nirmal,2015,8,6.763772675,26.20751762,19.097,78.343,25.38656616,26.76168823
Telangana,Nizamabad,2015,8,4.647189409,26.37145996,18.6725,78.094,25.92919922,26.76504517
Telangana,Peddapalli,2015,8,4.393354316,27.42583381,18.614,79.376,27.15432739,27.57562256
Telangana,Rajanna Sircilla,2015,8,3.960256195,26.53396606,18.387,78.832,25.90054321,27.12567139
Telangana,Rangareddy,2015,8,3.872806004,26.03364079,17.246,78.372,25.27871704,27.35656738
Telangana,Sangareddy,2015,8,4.119734935,25.78427124,17.628,78.087,25.27197266,26.33197021
Telangana,Siddipet,2015,8,4.209848115,26.22067787,18.102,78.852,25.58206177,27.1020813
Telangana,Suryapet,2015,8,4.513356527,28.41026148,17.141,79.622,27.63122559,28.83108521
Telangana,Vikarabad,2015,8,3.791732296,25.68414517,17.338,77.904,25.1321106,26.50891113
Telangana,Wanaparthy,2015,8,3.309196896,27.22875977,16.364,78.064,26.56283569,27.83346558
Telangana,Warangal Rural,2015,8,4.359374046,27.35303289,17.9784,79.5941,27.13580322,27.64471436
Telangana,Warangal Urban,2015,8,3.997880415,27.33869324,17.9689,79.5941,27.01446533,27.62786865
Telangana,Yadadri Bhuvanagiri,2015,8,3.866555023,27.1332659,17.582,79.029,25.9072876,27.98681641
Telangana,Adilabad,2015,9,6.982119653,26.61499578,19.664,78.532,26.03482056,27.47293091
Telangana,Bhadradri Kothagudem,2015,9,7.536149161,27.41488549,17.5557,80.6191,26.62466431,27.85665894
Telangana,Hyderabad,2015,9,3.906698704,25.69232178,17.385,78.4867,25.58291626,25.80172729
Telangana,Jagtial,2015,9,4.637426293,27.25333815,18.794,78.914,26.53427124,27.75518799
Telangana,Jangoan,2015,9,5.310370053,26.71837255,17.727,79.152,26.04907227,27.21606445
Telangana,Jayashankar Bhupalpally,2015,9,7.246376624,27.71309153,18.438,79.905,27.40158081,27.99142456
Telangana,Jogulamba Gadwal,2015,9,4.679443723,26.83258057,16.234,77.805,26.3757019,27.12728882
Telangana,Kamareddy,2015,9,4.855900065,26.16912124,18.322,78.34,25.5512085,26.74832153
Telangana,Karimnagar,2015,9,4.789707408,27.40405613,18.4386,79.1288,27.11618042,27.68066406
Telangana,Khammam,2015,9,6.47159909,27.64724062,17.2473,80.1514,26.88626099,28.056427
Telangana,Kumurambheem Asifabad,2015,9,6.899299415,27.2579617,19.363,79.278,26.22351074,27.82177734
Telangana,Mahabubabad,2015,9,6.723865509,27.32247188,17.598,80.002,26.68331909,27.76785278
Telangana,Mahabubnagar,2015,9,5.543521245,25.53791692,16.737,77.987,24.68707275,26.64367676
Telangana,Mancherial,2015,9,6.046345605,27.51401901,18.87,79.46,26.49304199,28.03265381
Telangana,Medak,2015,9,4.035133998,25.84055176,18.049,78.263,25.45767212,26.36621094
Telangana,Medchal Malkajgiri,2015,9,4.064094543,25.69796753,17.629,78.48,25.38632202,26.25521851
Telangana,Mulugu,2015,9,8.725482013,27.31875198,18.194,80.073,26.11251831,28.1388855
Telangana,Nagarkurnool,2015,9,4.192052301,26.14660156,16.48,78.32,24.66644287,27.85983276
Telangana,Nalgonda,2015,9,4.60177062,27.71120071,17.0575,79.2673,26.21557617,28.67321777
Telangana,Narayanpet,2015,9,5.592097473,26.07572632,16.744,77.494,25.20080566,26.67538452
Telangana,Nirmal,2015,9,6.22474208,26.59358597,19.097,78.343,25.92541504,27.28268433
Telangana,Nizamabad,2015,9,4.573309483,26.64209343,18.6725,78.094,26.12200928,27.29534912
Telangana,Peddapalli,2015,9,5.589208503,27.64515516,18.614,79.376,27.36352539,27.83129883
Telangana,Rajanna Sircilla,2015,9,4.391621399,26.63396645,18.387,78.832,26.02688599,27.17642212
Telangana,Rangareddy,2015,9,5.042477562,25.53450719,17.246,78.372,24.76318359,26.61990356
Telangana,Sangareddy,2015,9,5.082438151,25.67413669,17.628,78.087,24.9312439,26.44390869
Telangana,Siddipet,2015,9,4.346165975,26.18320228,18.102,78.852,25.42752075,27.09240723
Telangana,Suryapet,2015,9,6.059995524,27.89164366,17.141,79.622,27.28582764,28.30221558
Telangana,Vikarabad,2015,9,5.270983296,25.21922144,17.338,77.904,24.76000977,25.86831665
Telangana,Wanaparthy,2015,9,4.42278756,26.40980699,16.364,78.064,25.81918335,26.91641235
Telangana,Warangal Rural,2015,9,6.33692503,27.33081332,17.9784,79.5941,27.17169189,27.61404419
Telangana,Warangal Urban,2015,9,5.438605222,27.25952148,17.9689,79.5941,26.91165161,27.590271
Telangana,Yadadri Bhuvanagiri,2015,9,4.540817769,26.75852312,17.582,79.029,25.6812439,27.43487549
Telangana,Adilabad,2015,10,0.645515073,27.34161192,19.664,78.532,26.64068604,28.33306885
Telangana,Bhadradri Kothagudem,2015,10,1.215925217,27.59910534,17.5557,80.6191,26.72027588,28.27304077
Telangana,Hyderabad,2015,10,1.165765047,26.70143127,17.385,78.4867,26.60577393,26.79708862
Telangana,Jagtial,2015,10,0.594433287,28.41524095,18.794,78.914,27.88903809,28.9041748
Telangana,Jangoan,2015,10,0.772792536,26.87548828,17.727,79.152,26.41027832,27.27322388
Telangana,Jayashankar Bhupalpally,2015,10,0.946437322,27.97089386,18.438,79.905,27.29138184,28.47271729
Telangana,Jogulamba Gadwal,2015,10,1.850206284,27.84110329,16.234,77.805,27.23831177,28.33306885
Telangana,Kamareddy,2015,10,0.640199788,26.91001623,18.322,78.34,25.99417114,27.8946228
Telangana,Karimnagar,2015,10,0.623542337,28.00422838,18.4386,79.1288,27.58044434,28.28421021
Telangana,Khammam,2015,10,1.187520247,27.560136,17.2473,80.1514,26.87109375,27.92532349
Telangana,Kumurambheem Asifabad,2015,10,0.538552465,27.87727695,19.363,79.278,26.83895874,28.58721924
Telangana,Mahabubabad,2015,10,0.976539552,27.33245639,17.598,80.002,26.73843384,27.77871704
Telangana,Mahabubnagar,2015,10,1.681838195,26.12365253,16.737,77.987,25.1730957,27.69494629
Telangana,Mancherial,2015,10,0.564192136,27.83840942,18.87,79.46,26.91995239,28.4475708
Telangana,Medak,2015,10,0.751811981,26.57382813,18.049,78.263,26.21899414,27.41427612
Telangana,Medchal Malkajgiri,2015,10,1.11088117,26.54588826,17.629,78.48,26.2399292,26.97442627
Telangana,Mulugu,2015,10,1.033017648,27.62243652,18.194,80.073,26.30975342,28.65563965
Telangana,Nagarkurnool,2015,10,1.83443782,26.66489258,16.48,78.32,24.86450195,28.26187134
Telangana,Nalgonda,2015,10,1.417351645,28.00287628,17.0575,79.2673,26.26086426,29.13598633
Telangana,Narayanpet,2015,10,1.815823746,26.77941284,16.744,77.494,25.92156982,27.58740234
Telangana,Nirmal,2015,10,0.626169378,27.38027573,19.097,78.343,26.54293823,28.40429688
Telangana,Nizamabad,2015,10,0.495185608,27.62762092,18.6725,78.094,27.12103271,28.38473511
Telangana,Peddapalli,2015,10,0.707326387,28.02160305,18.614,79.376,27.80245972,28.45733643
Telangana,Rajanna Sircilla,2015,10,0.518015798,27.59910965,18.387,78.832,26.88644409,28.02865601
Telangana,Rangareddy,2015,10,1.649565379,26.16091249,17.246,78.372,25.29458618,27.16571045
Telangana,Sangareddy,2015,10,0.844328856,26.6940528,17.628,78.087,26.03045654,27.40447998
Telangana,Siddipet,2015,10,0.684897567,26.77179586,18.102,78.852,25.91317749,27.83596802
Telangana,Suryapet,2015,10,1.077890905,27.94854526,17.141,79.622,27.35702515,28.60116577
Telangana,Vikarabad,2015,10,1.174152866,26.29149549,17.338,77.904,25.56826782,27.26904297
Telangana,Wanaparthy,2015,10,1.672915777,27.30604892,16.364,78.064,26.5345459,27.90438843
Telangana,Warangal Rural,2015,10,0.867502868,27.27450562,17.9784,79.5941,27.06936646,27.6321106
Telangana,Warangal Urban,2015,10,0.681789398,27.36762695,17.9689,79.5941,27.06655884,27.71588135
Telangana,Yadadri Bhuvanagiri,2015,10,1.052638372,27.20870536,17.582,79.029,26.27484131,27.79406738
Telangana,Adilabad,2015,11,0.042435077,25.57047526,19.664,78.532,24.85012817,26.53237915
Telangana,Bhadradri Kothagudem,2015,11,1.690209252,25.5924466,17.5557,80.6191,24.80523682,26.31384277
Telangana,Hyderabad,2015,11,0.431427956,24.94700623,17.385,78.4867,24.87731934,25.01669312
Telangana,Jagtial,2015,11,0.022306385,26.64388803,18.794,78.914,25.82946777,27.05926514
Telangana,Jangoan,2015,11,0.279698512,25.11799381,17.727,79.152,24.67056274,25.42663574
Telangana,Jayashankar Bhupalpally,2015,11,0.040758665,26.44226074,18.438,79.905,25.57312012,27.04037476
Telangana,Jogulamba Gadwal,2015,11,1.465916043,26.31877552,16.234,77.805,25.59320068,26.70840454
Telangana,Kamareddy,2015,11,0.020191006,25.62778249,18.322,78.34,24.87374878,26.40951538
Telangana,Karimnagar,2015,11,0.024023905,26.57524787,18.4386,79.1288,26.18270874,26.80172729
Telangana,Khammam,2015,11,2.96647331,25.50423673,17.2473,80.1514,24.91864014,25.85073853
Telangana,Kumurambheem Asifabad,2015,11,0.030859422,26.00432332,19.363,79.278,24.58078003,27.25656128
Telangana,Mahabubabad,2015,11,1.149450779,25.23558518,17.598,80.002,24.72137451,25.67236328
Telangana,Mahabubnagar,2015,11,0.454217513,25.09449181,16.737,77.987,24.15548706,26.57138062
Telangana,Mancherial,2015,11,0.032048772,26.02636337,18.87,79.46,25.00842285,26.88916016
Telangana,Medak,2015,11,0.047781209,25.22405762,18.049,78.263,24.85839844,25.79995728
Telangana,Medchal Malkajgiri,2015,11,0.336314148,24.77649604,17.629,78.48,24.51226807,25.00488281
Telangana,Mulugu,2015,11,0.252158345,25.99576878,18.194,80.073,24.68237305,27.24356079
Telangana,Nagarkurnool,2015,11,1.344821858,24.63416016,16.48,78.32,22.95996094,25.73379517
Telangana,Nalgonda,2015,11,1.351225181,25.68925095,17.0575,79.2673,24.41067505,26.27603149
Telangana,Narayanpet,2015,11,0.477789211,26.06238708,16.744,77.494,25.24707031,26.8442688
Telangana,Nirmal,2015,11,0.032273517,25.54934692,19.097,78.343,24.33270264,26.6020813
Telangana,Nizamabad,2015,11,0.015718154,26.21359612,18.6725,78.094,25.82476807,26.63162231
Telangana,Peddapalli,2015,11,0.027049874,26.42114088,18.614,79.376,26.14373779,26.74740601
Telangana,Rajanna Sircilla,2015,11,0.017817656,26.18780708,18.387,78.832,25.61447144,26.54537964
Telangana,Rangareddy,2015,11,0.432545253,24.55689816,17.246,78.372,23.73730469,25.14901733
Telangana,Sangareddy,2015,11,0.053227052,25.32776557,17.628,78.087,24.75091553,25.91101074
Telangana,Siddipet,2015,11,0.068217032,25.2887468,18.102,78.852,24.19564819,26.40481567
Telangana,Suryapet,2015,11,2.095092773,25.70869814,17.141,79.622,25.28015137,26.02087402
Telangana,Vikarabad,2015,11,0.12381456,25.38252206,17.338,77.904,24.63986206,26.56784058
Telangana,Wanaparthy,2015,11,1.172650549,25.86039225,16.364,78.064,25.07458496,26.73086548
Telangana,Warangal Rural,2015,11,0.415043712,25.45386574,17.9784,79.5941,25.15847778,26.20751953
Telangana,Warangal Urban,2015,11,0.131179484,25.83397217,17.9689,79.5941,25.44436646,26.2996521
Telangana,Yadadri Bhuvanagiri,2015,11,0.397445901,25.24614607,17.582,79.029,24.46737671,25.68417358
Telangana,Adilabad,2015,12,0.084466765,24.17553711,19.664,78.532,23.59082031,24.82559204
Telangana,Bhadradri Kothagudem,2015,12,0.041110554,24.8334449,17.5557,80.6191,24.07711792,25.53240967
Telangana,Hyderabad,2015,12,0.010987506,24.26333618,17.385,78.4867,24.17514038,24.35153198
Telangana,Jagtial,2015,12,0.021321481,25.69110107,18.794,78.914,24.78271484,26.08120728
Telangana,Jangoan,2015,12,0.016699695,24.48847078,17.727,79.152,24.04772949,24.81948853
Telangana,Jayashankar Bhupalpally,2015,12,0.031404917,25.48086548,18.438,79.905,24.80844116,25.99914551
Telangana,Jogulamba Gadwal,2015,12,0.018077873,25.6001254,16.234,77.805,24.89419556,25.83377075
Telangana,Kamareddy,2015,12,0.021530573,24.73480404,18.322,78.34,23.99505615,25.32415771
Telangana,Karimnagar,2015,12,0.015394053,25.7511478,18.4386,79.1288,25.39645386,25.92318726
Telangana,Khammam,2015,12,0.056304198,24.55612853,17.2473,80.1514,24.04406738,24.93707275
Telangana,Kumurambheem Asifabad,2015,12,0.130940502,24.51401096,19.363,79.278,23.49771118,25.27639771
Telangana,Mahabubabad,2015,12,0.012548158,24.51175032,17.598,80.002,24.07589722,24.88439941
Telangana,Mahabubnagar,2015,12,0.009985607,24.42968985,16.737,77.987,23.7010498,25.57528687
Telangana,Mancherial,2015,12,0.043048296,24.90174103,18.87,79.46,24.00485229,25.60101318
Telangana,Medak,2015,12,0.023164439,24.45359375,18.049,78.263,24.16900635,24.86233521
Telangana,Medchal Malkajgiri,2015,12,0.013145444,24.11006673,17.629,78.48,23.89828491,24.35275269
Telangana,Mulugu,2015,12,0.033608359,25.19931773,18.194,80.073,23.99505615,26.30047607
Telangana,Nagarkurnool,2015,12,0.055187414,24.03016357,16.48,78.32,22.28619385,25.11837769
Telangana,Nalgonda,2015,12,0.034441811,25.01229477,17.0575,79.2673,24.04406738,25.34130859
Telangana,Narayanpet,2015,12,0.010432608,25.21361694,16.744,77.494,24.61123657,25.8447876
Telangana,Nirmal,2015,12,0.036462379,24.44531441,19.097,78.343,23.32498169,25.61694336
Telangana,Nizamabad,2015,12,0.019690397,25.19309728,18.6725,78.094,24.75576782,25.67327881
Telangana,Peddapalli,2015,12,0.027488429,25.57046339,18.614,79.376,25.24209595,25.87664795
Telangana,Rajanna Sircilla,2015,12,0.018817739,25.34484291,18.387,78.832,24.80966187,25.69656372
Telangana,Rangareddy,2015,12,0.010767309,24.00150653,17.246,78.372,23.37277222,24.55609131
Telangana,Sangareddy,2015,12,0.029744961,24.47947184,17.628,78.087,23.99996948,25.04855347
Telangana,Siddipet,2015,12,0.021777195,24.57561624,18.102,78.852,23.62634277,25.57772827
Telangana,Suryapet,2015,12,0.034601506,24.8275841,17.141,79.622,24.5536499,24.98974609
Telangana,Vikarabad,2015,12,0.030408944,24.58824421,17.338,77.904,24.03057861,25.50546265
Telangana,Wanaparthy,2015,12,0.016639248,25.14586724,16.364,78.064,24.48138428,25.72351074
Telangana,Warangal Rural,2015,12,0.015149244,24.71607555,17.9784,79.5941,24.43115234,25.44055176
Telangana,Warangal Urban,2015,12,0.017797622,25.08198547,17.9689,79.5941,24.72393799,25.54220581
Telangana,Yadadri Bhuvanagiri,2015,12,0.010555919,24.63358198,17.582,79.029,23.87255859,25.08285522
Telangana,Adilabad,2016,1,0.003672496,23.18414492,19.664,78.532,22.64373779,23.72540283
Telangana,Bhadradri Kothagudem,2016,1,0.104989384,24.51890909,17.5557,80.6191,23.82260132,25.13909912
Telangana,Hyderabad,2016,1,0.100937478,23.22450256,17.385,78.4867,23.11807251,23.33093262
Telangana,Jagtial,2016,1,0.037803513,24.46362774,18.794,78.914,23.72311401,24.81518555
Telangana,Jangoan,2016,1,0.203161913,23.5786181,17.727,79.152,23.07525635,24.07131958
Telangana,Jayashankar Bhupalpally,2016,1,0.160827105,24.04866536,18.438,79.905,23.62130737,24.40911865
Telangana,Jogulamba Gadwal,2016,1,0.320783456,25.157504,16.234,77.805,24.66711426,25.53588867
Telangana,Kamareddy,2016,1,0.014256816,23.64664953,18.322,78.34,22.94567871,24.21130371
Telangana,Karimnagar,2016,1,0.108882385,24.42685954,18.4386,79.1288,24.25872803,24.57455444
Telangana,Khammam,2016,1,0.141679666,24.63874333,17.2473,80.1514,24.01461792,25.07546997
Telangana,Kumurambheem Asifabad,2016,1,0.039822324,23.22488403,19.363,79.278,22.54425049,23.8815918
Telangana,Mahabubabad,2016,1,0.124273427,24.01710458,17.598,80.002,23.56115723,24.54794312
Telangana,Mahabubnagar,2016,1,0.180024584,23.65800359,16.737,77.987,22.81497192,24.91119385
Telangana,Mancherial,2016,1,0.081061489,23.43132019,18.87,79.46,22.74438477,24.01809692
Telangana,Medak,2016,1,0.03210519,23.33972168,18.049,78.263,23.01394653,23.66525269
Telangana,Medchal Malkajgiri,2016,1,0.126749595,23.03631592,17.629,78.48,22.81149292,23.35638428
Telangana,Mulugu,2016,1,0.142064881,24.07400595,18.194,80.073,22.76983643,25.09860229
Telangana,Nagarkurnool,2016,1,0.356985884,23.81185547,16.48,78.32,22.32910156,24.98754883
Telangana,Nalgonda,2016,1,0.28422018,24.83289528,17.0575,79.2673,23.33670044,25.89916992
Telangana,Narayanpet,2016,1,0.160485411,24.23212128,16.744,77.494,23.51025391,24.80593872
Telangana,Nirmal,2016,1,0.004255761,23.42958641,19.097,78.343,22.34066772,24.51785278
Telangana,Nizamabad,2016,1,0.010418093,24.10541131,18.6725,78.094,23.55883789,24.53753662
Telangana,Peddapalli,2016,1,0.114112076,24.17459615,18.614,79.376,23.83300781,24.50860596
Telangana,Rajanna Sircilla,2016,1,0.032225245,24.04724121,18.387,78.832,23.60394287,24.39755249
Telangana,Rangareddy,2016,1,0.19586772,23.11064632,17.246,78.372,22.60443115,23.83877563
Telangana,Sangareddy,2016,1,0.040893928,23.36637031,17.628,78.087,22.90866089,23.83877563
Telangana,Siddipet,2016,1,0.136026671,23.44098953,18.102,78.852,22.6194458,24.33508301
Telangana,Suryapet,2016,1,0.196462282,24.87070649,17.141,79.622,24.11990356,25.52780151
Telangana,Vikarabad,2016,1,0.064630124,23.40293095,17.338,77.904,22.93066406,23.9637146
Telangana,Wanaparthy,2016,1,0.313904047,24.63599311,16.364,78.064,23.90704346,25.29989624
Telangana,Warangal Rural,2016,1,0.174096793,23.87044178,17.9784,79.5941,23.63171387,24.31311035
Telangana,Warangal Urban,2016,1,0.220830094,24.03406677,17.9689,79.5941,23.74276733,24.3732605
Telangana,Yadadri Bhuvanagiri,2016,1,0.218112453,23.77966527,17.582,79.029,22.82537842,24.39291382
Telangana,Adilabad,2016,2,0.232926415,27.57825447,19.664,78.532,26.94784546,28.28790283
Telangana,Bhadradri Kothagudem,2016,2,0.013084144,27.4306365,17.5557,80.6191,26.43270874,28.03979492
Telangana,Hyderabad,2016,2,0.035018623,26.63044739,17.385,78.4867,26.53598022,26.72491455
Telangana,Jagtial,2016,2,0.208261469,28.57405442,18.794,78.914,27.9302063,28.93655396
Telangana,Jangoan,2016,2,0.035095246,26.90169646,17.727,79.152,26.44277954,27.20727539
Telangana,Jayashankar Bhupalpally,2016,2,0.051801837,28.04410044,18.438,79.905,27.59268188,28.36349487
Telangana,Jogulamba Gadwal,2016,2,0.001399711,28.28046764,16.234,77.805,27.84207153,28.69976807
Telangana,Kamareddy,2016,2,0.176087793,27.72618731,18.322,78.34,27.06118774,28.44030762
Telangana,Karimnagar,2016,2,0.224888493,28.28616163,18.4386,79.1288,27.9050293,28.5184021
Telangana,Khammam,2016,2,0.010703838,27.14640101,17.2473,80.1514,26.51834106,27.49694824
Telangana,Kumurambheem Asifabad,2016,2,0.184568637,27.51284451,19.363,79.278,26.72113037,27.99822998
Telangana,Mahabubabad,2016,2,0.011857162,27.06179283,17.598,80.002,26.70223999,27.48309326
Telangana,Mahabubnagar,2016,2,0.025412112,26.91086989,16.737,77.987,26.14175415,28.03601074
Telangana,Mancherial,2016,2,0.159197701,27.72201157,18.87,79.46,27.06872559,28.31686401
Telangana,Medak,2016,2,0.113010476,27.19121094,18.049,78.263,26.72741699,27.66070557
Telangana,Medchal Malkajgiri,2016,2,0.04934698,26.43369208,17.629,78.48,26.23120117,26.60650635
Telangana,Mulugu,2016,2,0.034701782,27.71076594,18.194,80.073,26.44781494,28.65945435
Telangana,Nagarkurnool,2016,2,0.007000913,26.89871094,16.48,78.32,25.36593628,27.90124512
Telangana,Nalgonda,2016,2,0.008262395,27.65482903,17.0575,79.2673,26.56494141,28.18841553
Telangana,Narayanpet,2016,2,0.00883681,27.35709839,16.744,77.494,26.78033447,27.91259766
Telangana,Nirmal,2016,2,0.140566884,27.64058304,19.097,78.343,26.57754517,28.63931274
Telangana,Nizamabad,2016,2,0.154788983,28.20437622,18.6725,78.094,27.59393311,28.61035156
Telangana,Peddapalli,2016,2,0.183032613,28.33884515,18.614,79.376,28.05111694,28.68212891
Telangana,Rajanna Sircilla,2016,2,0.185857137,27.91109276,18.387,78.832,27.53726196,28.18588257
Telangana,Rangareddy,2016,2,0.021496628,26.47789634,17.246,78.372,25.92260742,27.05993652
Telangana,Sangareddy,2016,2,0.088290716,27.29835002,17.628,78.087,26.4503479,27.87606812
Telangana,Siddipet,2016,2,0.169184136,27.05670797,18.102,78.852,26.04226685,28.02593994
Telangana,Suryapet,2016,2,0.006579009,27.45670292,17.141,79.622,27.15060425,27.82443237
Telangana,Vikarabad,2016,2,0.034976605,26.90466098,17.338,77.904,26.4503479,27.33322144
Telangana,Wanaparthy,2016,2,0.003177833,27.73178609,16.364,78.064,27.16320801,28.30554199
Telangana,Warangal Rural,2016,2,0.022155669,27.25640314,17.9784,79.5941,26.881073,28.13803101
Telangana,Warangal Urban,2016,2,0.069122477,27.59029236,17.9689,79.5941,27.12918091,28.19219971
Telangana,Yadadri Bhuvanagiri,2016,2,0.034106819,26.93681117,17.582,79.029,26.18963623,27.43399048
Telangana,Adilabad,2016,3,0.520572785,30.05103649,19.664,78.532,29.13549805,31.14709473
Telangana,Bhadradri Kothagudem,2016,3,0.132462365,30.19393429,17.5557,80.6191,28.89663696,30.90393066
Telangana,Hyderabad,2016,3,0.252143621,29.32327271,17.385,78.4867,29.22903442,29.41751099
Telangana,Jagtial,2016,3,0.216250793,30.9326524,18.794,78.914,30.13699341,31.36581421
Telangana,Jangoan,2016,3,0.3113428,29.33095832,17.727,79.152,28.83764648,29.69955444
Telangana,Jayashankar Bhupalpally,2016,3,0.327757615,30.70925649,18.438,79.905,30.33843994,30.94708252
Telangana,Jogulamba Gadwal,2016,3,0.007765892,31.37641491,16.234,77.805,30.93557739,31.79748535
Telangana,Kamareddy,2016,3,0.349590778,30.03807517,18.322,78.34,29.24484253,31.07659912
Telangana,Karimnagar,2016,3,0.21347015,30.63628472,18.4386,79.1288,30.20892334,30.88235474
Telangana,Khammam,2016,3,0.085749168,29.84958258,17.2473,80.1514,29.04052734,30.20462036
Telangana,Kumurambheem Asifabad,2016,3,0.94668311,29.67608643,19.363,79.278,28.87936401,30.22906494
Telangana,Mahabubabad,2016,3,0.187848181,29.79972471,17.598,80.002,29.43334961,30.25927734
Telangana,Mahabubnagar,2016,3,0.05311812,29.81471839,16.737,77.987,28.90814209,31.08380127
Telangana,Mancherial,2016,3,0.504272143,30.04124641,18.87,79.46,29.18008423,30.72692871
Telangana,Medak,2016,3,0.351346056,29.51133789,18.049,78.263,29.10958862,30.08087158
Telangana,Medchal Malkajgiri,2016,3,0.27247466,28.98936632,17.629,78.48,28.71246338,29.21032715
Telangana,Mulugu,2016,3,0.366635091,30.44845334,18.194,80.073,28.90237427,31.65072632
Telangana,Nagarkurnool,2016,3,0.070890499,29.71661621,16.48,78.32,28.21746826,30.87945557
Telangana,Nalgonda,2016,3,0.16020051,30.10878944,17.0575,79.2673,29.14123535,30.57296753
Telangana,Narayanpet,2016,3,0.057462108,30.3925354,16.744,77.494,29.54269409,31.06219482
Telangana,Nirmal,2016,3,0.217778582,30.29814339,19.097,78.343,28.72827148,31.27374268
Telangana,Nizamabad,2016,3,0.215482272,30.68614287,18.6725,78.094,30.03482056,31.14422607
Telangana,Peddapalli,2016,3,0.240945364,30.81815592,18.614,79.376,30.61325073,31.10107422
Telangana,Rajanna Sircilla,2016,3,0.261505349,30.28708267,18.387,78.832,29.85351563,30.59457397
Telangana,Rangareddy,2016,3,0.206500099,29.17139565,17.246,78.372,28.66207886,29.66790771
Telangana,Sangareddy,2016,3,0.31095451,29.83433024,17.628,78.087,29.07073975,30.45355225
Telangana,Siddipet,2016,3,0.312943285,29.4298222,18.102,78.852,28.41027832,30.4017334
Telangana,Suryapet,2016,3,0.147533337,30.05476537,17.141,79.622,29.69378662,30.37438965
Telangana,Vikarabad,2016,3,0.236083154,29.61882072,17.338,77.904,29.1484375,30.16577148
Telangana,Wanaparthy,2016,3,0.022119201,30.72518243,16.364,78.064,30.08087158,31.35574341
Telangana,Warangal Rural,2016,3,0.224483937,29.92742365,17.9784,79.5941,29.61895752,30.70968628
Telangana,Warangal Urban,2016,3,0.307656375,30.03597412,17.9689,79.5941,29.59594727,30.66650391
Telangana,Yadadri Bhuvanagiri,2016,3,0.251221625,29.35985892,17.582,79.029,28.5887146,29.82040405
Telangana,Adilabad,2016,4,0.33010492,34.46700772,19.664,78.532,33.72467041,35.55557251
Telangana,Bhadradri Kothagudem,2016,4,0.042099914,33.08394894,17.5557,80.6191,31.21057129,34.18618774
Telangana,Hyderabad,2016,4,0.172972336,32.73101807,17.385,78.4867,32.62246704,32.83956909
Telangana,Jagtial,2016,4,0.355090224,35.04675997,18.794,78.914,34.42303467,35.47207642
Telangana,Jangoan,2016,4,0.11259748,32.67944336,17.727,79.152,32.20193481,33.01113892
Telangana,Jayashankar Bhupalpally,2016,4,0.104618623,34.68041992,18.438,79.905,33.95999146,35.0211792
Telangana,Jogulamba Gadwal,2016,4,0.00186619,34.48975164,16.234,77.805,34.03436279,34.91793823
Telangana,Kamareddy,2016,4,0.271479479,33.78284768,18.322,78.34,33.0718689,34.65985107
Telangana,Karimnagar,2016,4,0.209197269,34.50517782,18.4386,79.1288,33.90533447,34.8132019
Telangana,Khammam,2016,4,0.018577813,32.5431593,17.2473,80.1514,31.57037354,32.85018921
Telangana,Kumurambheem Asifabad,2016,4,0.262089575,34.53844876,19.363,79.278,33.28286743,35.21853638
Telangana,Mahabubabad,2016,4,0.055945046,32.87705836,17.598,80.002,32.54049683,33.69277954
Telangana,Mahabubnagar,2016,4,0.006071191,32.90082726,16.737,77.987,32.02432251,34.08599854
Telangana,Mancherial,2016,4,0.22013002,34.61374664,18.87,79.46,33.72161865,35.13049316
Telangana,Medak,2016,4,0.216893713,33.06031738,18.049,78.263,32.64526367,33.65026855
Telangana,Medchal Malkajgiri,2016,4,0.13228729,32.44552612,17.629,78.48,32.23535156,32.63006592
Telangana,Mulugu,2016,4,0.11049531,34.1562401,18.194,80.073,32.87753296,35.30053711
Telangana,Nagarkurnool,2016,4,0.019932369,32.80945313,16.48,78.32,31.22576904,33.8855896
Telangana,Nalgonda,2016,4,0.014294603,33.11429214,17.0575,79.2673,32.46002197,33.59106445
Telangana,Narayanpet,2016,4,0.01004723,33.52655029,16.744,77.494,32.74545288,34.24996948
Telangana,Nirmal,2016,4,0.255351153,34.1932106,19.097,78.343,33.06427002,35.08190918
Telangana,Nizamabad,2016,4,0.287677618,34.32086182,18.6725,78.094,33.75958252,34.85418701
Telangana,Peddapalli,2016,4,0.199641479,34.87620036,18.614,79.376,34.65985107,35.32330322
Telangana,Rajanna Sircilla,2016,4,0.313767242,34.13580704,18.387,78.832,33.67456055,34.45794678
Telangana,Rangareddy,2016,4,0.096665859,32.53179187,17.246,78.372,32.02127075,33.00656128
Telangana,Sangareddy,2016,4,0.231202223,33.32762655,17.628,78.087,32.48736572,34.00250244
Telangana,Siddipet,2016,4,0.254958875,33.01882408,18.102,78.852,31.93624878,34.15887451
Telangana,Suryapet,2016,4,0.033348664,32.78895306,17.141,79.622,32.5602417,32.95797729
Telangana,Vikarabad,2016,4,0.081341505,33.01730452,17.338,77.904,32.40994263,33.66394043
Telangana,Wanaparthy,2016,4,0.002012961,33.73074002,16.364,78.064,33.07034302,34.40481567
Telangana,Warangal Rural,2016,4,0.076114193,33.27977683,17.9784,79.5941,32.86386108,34.37747192
Telangana,Warangal Urban,2016,4,0.112281008,33.55174866,17.9689,79.5941,33.06121826,34.35470581
Telangana,Yadadri Bhuvanagiri,2016,4,0.094437877,32.6632516,17.582,79.029,32.10934448,33.10220337
Telangana,Adilabad,2016,5,0.536471767,34.39097272,19.664,78.532,33.46450806,35.76998901
Telangana,Bhadradri Kothagudem,2016,5,1.095043046,33.5367156,17.5557,80.6191,31.43612671,34.39477539
Telangana,Hyderabad,2016,5,0.834015012,31.80015564,17.385,78.4867,31.72225952,31.87805176
Telangana,Jagtial,2016,5,0.523744625,34.64329411,18.794,78.914,33.69369507,35.1333313
Telangana,Jangoan,2016,5,0.879941716,32.72351074,17.727,79.152,32.03085327,33.22180176
Telangana,Jayashankar Bhupalpally,2016,5,0.873837838,34.52274577,18.438,79.905,33.90942383,34.95504761
Telangana,Jogulamba Gadwal,2016,5,0.865281241,33.32375266,16.234,77.805,32.8248291,33.6847229
Telangana,Kamareddy,2016,5,0.648822657,32.98662253,18.322,78.34,32.21063232,34.25695801
Telangana,Karimnagar,2016,5,0.713441961,34.25963338,18.4386,79.1288,33.74462891,34.61950684
Telangana,Khammam,2016,5,1.163659511,33.57246808,17.2473,80.1514,32.18365479,34.22702026
Telangana,Kumurambheem Asifabad,2016,5,0.699159055,34.2979126,19.363,79.278,33.04504395,35.03445435
Telangana,Mahabubabad,2016,5,0.81454879,33.41650812,17.598,80.002,32.77389526,33.90792847
Telangana,Mahabubnagar,2016,5,0.724758546,31.77723107,16.737,77.987,30.93130493,33.05404663
Telangana,Mancherial,2016,5,0.636371242,34.35345078,18.87,79.46,33.24728394,34.93707275
Telangana,Medak,2016,5,0.694156249,32.2080542,18.049,78.263,31.66833496,33.00009155
Telangana,Medchal Malkajgiri,2016,5,0.785144859,31.7370775,17.629,78.48,31.54998779,32.11325073
Telangana,Mulugu,2016,5,0.725095079,33.99132311,18.194,80.073,32.43682861,35.25915527
Telangana,Nagarkurnool,2016,5,0.995264161,31.87689209,16.48,78.32,29.98751831,33.0345459
Telangana,Nalgonda,2016,5,0.945965251,33.50721741,17.0575,79.2673,31.89453125,34.26745605
Telangana,Narayanpet,2016,5,0.63598547,32.48005371,16.744,77.494,31.67581177,33.23828125
Telangana,Nirmal,2016,5,0.371544347,34.12836838,19.097,78.343,32.83383179,34.94308472
Telangana,Nizamabad,2016,5,0.388517355,33.97674561,18.6725,78.094,33.05252075,34.73184204
Telangana,Peddapalli,2016,5,0.655579065,34.77146403,18.614,79.376,34.47418213,35.08239746
Telangana,Rajanna Sircilla,2016,5,0.688667107,33.4368782,18.387,78.832,32.88925171,33.9828186
Telangana,Rangareddy,2016,5,0.958127975,31.54534763,17.246,78.372,30.97024536,32.35745239
Telangana,Sangareddy,2016,5,0.895583911,32.23268297,17.628,78.087,31.54849243,33.28173828
Telangana,Siddipet,2016,5,0.852381215,32.43549215,18.102,78.852,31.32827759,33.79855347
Telangana,Suryapet,2016,5,0.966946665,33.88379748,17.141,79.622,33.29071045,34.23449707
Telangana,Vikarabad,2016,5,0.736666895,31.91230511,17.338,77.904,31.24438477,32.74542236
Telangana,Wanaparthy,2016,5,0.728324466,32.75908067,16.364,78.064,32.03234863,33.44351196
Telangana,Warangal Rural,2016,5,0.9664644,33.52986839,17.9784,79.5941,33.19934082,34.38729858
Telangana,Warangal Urban,2016,5,1.025711927,33.56366882,17.9689,79.5941,33.01358032,34.34234619
Telangana,Yadadri Bhuvanagiri,2016,5,0.693577449,32.65480042,17.582,79.029,31.49606323,33.36264038
Telangana,Adilabad,2016,6,6.79626268,30.77724757,19.664,78.532,29.94760132,32.1350708
Telangana,Bhadradri Kothagudem,2016,6,14.90294429,29.20887018,17.5557,80.6191,27.92227173,29.95751953
Telangana,Hyderabad,2016,6,7.377782822,26.86827087,17.385,78.4867,26.79711914,26.93942261
Telangana,Jagtial,2016,6,7.300382531,30.64320256,18.794,78.914,29.81854248,31.12573242
Telangana,Jangoan,2016,6,8.711410522,28.55454616,17.727,79.152,27.88919067,28.93658447
Telangana,Jayashankar Bhupalpally,2016,6,11.12813627,30.28384654,18.438,79.905,29.78543091,30.84609985
Telangana,Jogulamba Gadwal,2016,6,9.188741048,27.45882901,16.234,77.805,27.16445923,27.67407227
Telangana,Kamareddy,2016,6,8.528564962,28.65457692,18.322,78.34,27.98681641,29.9095459
Telangana,Karimnagar,2016,6,8.660490148,30.08659532,18.4386,79.1288,29.61169434,30.34472656
Telangana,Khammam,2016,6,11.38849346,29.17434618,17.2473,80.1514,28.39056396,29.60342407
Telangana,Kumurambheem Asifabad,2016,6,8.767050253,31.00324164,19.363,79.278,29.55874634,31.8107605
Telangana,Mahabubabad,2016,6,10.53427315,28.98641021,17.598,80.002,28.45178223,29.55874634
Telangana,Mahabubnagar,2016,6,10.37130038,26.25450252,16.737,77.987,25.53955078,27.1545105
Telangana,Mancherial,2016,6,9.03908115,30.6876545,18.87,79.46,29.53890991,31.29946899
Telangana,Medak,2016,6,8.116210938,27.64509766,18.049,78.263,26.98242188,28.25982666
Telangana,Medchal Malkajgiri,2016,6,7.950720045,27.09292603,17.629,78.48,26.75244141,27.63601685
Telangana,Mulugu,2016,6,10.96808769,29.633215,18.194,80.073,28.27471924,30.50192261
Telangana,Nagarkurnool,2016,6,6.948354469,26.99908203,16.48,78.32,25.33273315,28.97299194
Telangana,Nalgonda,2016,6,7.244637911,29.01421356,17.0575,79.2673,27.49868774,29.80529785
Telangana,Narayanpet,2016,6,11.38220825,26.68723755,16.744,77.494,25.98962402,27.30178833
Telangana,Nirmal,2016,6,6.399790446,30.24001694,19.097,78.343,29.25759888,30.87753296
Telangana,Nizamabad,2016,6,7.060138409,29.79468851,18.6725,78.094,29.04580688,30.53997803
Telangana,Peddapalli,2016,6,9.303002608,30.55680339,18.614,79.376,30.26861572,31.02810669
Telangana,Rajanna Sircilla,2016,6,8.595350138,29.45079231,18.387,78.832,28.89193726,29.92773438
Telangana,Rangareddy,2016,6,8.21215239,26.65702708,17.246,78.372,25.66033936,27.82797241
Telangana,Sangareddy,2016,6,7.780659993,27.36149089,17.628,78.087,26.38674927,28.77941895
Telangana,Siddipet,2016,6,8.785217285,28.2891088,18.102,78.852,27.05856323,29.60839844
Telangana,Suryapet,2016,6,9.76705424,29.32487961,17.141,79.622,28.81912231,29.64315796
Telangana,Vikarabad,2016,6,9.888816587,26.25472286,17.338,77.904,25.70172119,26.78884888
Telangana,Wanaparthy,2016,6,8.755421956,26.9853736,16.364,78.064,26.47775269,27.48712158
Telangana,Warangal Rural,2016,6,9.54090023,29.29528809,17.9784,79.5941,28.98458862,30.08825684
Telangana,Warangal Urban,2016,6,8.605052601,29.43713989,17.9689,79.5941,29.00610352,30.02868652
Telangana,Yadadri Bhuvanagiri,2016,6,7.988034058,28.25706264,17.582,79.029,27.22897339,28.88696289
Telangana,Adilabad,2016,7,13.77543394,25.78982821,19.664,78.532,25.26104736,26.61444092
Telangana,Bhadradri Kothagudem,2016,7,10.92973764,27.01017318,17.5557,80.6191,26.47662354,27.50119019
Telangana,Hyderabad,2016,7,8.188106537,24.65493774,17.385,78.4867,24.56692505,24.74295044
Telangana,Jagtial,2016,7,10.8360881,26.35602746,18.794,78.914,25.72436523,26.90005493
Telangana,Jangoan,2016,7,9.306707943,26.12875687,17.727,79.152,25.39056396,26.65762329
Telangana,Jayashankar Bhupalpally,2016,7,13.62724539,26.93770345,18.438,79.905,26.63104248,27.15246582
Telangana,Jogulamba Gadwal,2016,7,4.300576346,26.35342685,16.234,77.805,25.97677612,26.68417358
Telangana,Kamareddy,2016,7,11.68233948,25.21362664,18.322,78.34,24.67984009,25.80075073
Telangana,Karimnagar,2016,7,11.21021585,26.62615967,18.4386,79.1288,26.33215332,26.87683105
Telangana,Khammam,2016,7,8.446096567,27.28172042,17.2473,80.1514,26.65097046,27.79180908
Telangana,Kumurambheem Asifabad,2016,7,13.7348905,26.44030931,19.363,79.278,25.3972168,26.92663574
Telangana,Mahabubabad,2016,7,9.945583344,26.70096351,17.598,80.002,26.12457275,27.17904663
Telangana,Mahabubnagar,2016,7,6.054609299,24.68826998,16.737,77.987,23.85119629,25.8057251
Telangana,Mancherial,2016,7,12.89699978,26.67370415,18.87,79.46,25.56161499,27.10266113
Telangana,Medak,2016,7,9.90257899,24.87439941,18.049,78.263,24.52706909,25.2975769
Telangana,Medchal Malkajgiri,2016,7,8.623022291,24.82504951,17.629,78.48,24.45401001,25.44869995
Telangana,Mulugu,2016,7,13.25824799,26.63621067,18.194,80.073,25.52011108,27.38494873
Telangana,Nagarkurnool,2016,7,4.140304565,25.72425781,16.48,78.32,24.20489502,27.96948242
Telangana,Nalgonda,2016,7,5.207781682,27.45823288,17.0575,79.2673,25.79244995,28.66363525
Telangana,Narayanpet,2016,7,6.213488007,25.21156464,16.744,77.494,24.24310303,25.92694092
Telangana,Nirmal,2016,7,12.01119163,25.73950958,19.097,78.343,25.11325073,26.29891968
Telangana,Nizamabad,2016,7,11.57167718,25.72484634,18.6725,78.094,25.32580566,26.1262207
Telangana,Peddapalli,2016,7,12.14511108,26.89665222,18.614,79.376,26.58456421,27.07608032
Telangana,Rajanna Sircilla,2016,7,10.89580383,25.84755516,18.387,78.832,25.25772095,26.35040283
Telangana,Rangareddy,2016,7,6.667949858,24.70754633,17.246,78.372,23.87445068,26.22253418
Telangana,Sangareddy,2016,7,10.67903724,24.70866903,17.628,78.087,24.02056885,25.42544556
Telangana,Siddipet,2016,7,9.570183031,25.43770626,18.102,78.852,24.66156006,26.30722046
Telangana,Suryapet,2016,7,7.275217692,27.58416959,17.141,79.622,26.74395752,28.36138916
Telangana,Vikarabad,2016,7,8.534794961,24.23691743,17.338,77.904,23.83126831,24.74127197
Telangana,Wanaparthy,2016,7,5.095653534,25.73219808,16.364,78.064,25.0302124,26.37365723
Telangana,Warangal Rural,2016,7,9.929056168,26.66645119,17.9784,79.5941,26.5463562,26.9017334
Telangana,Warangal Urban,2016,7,10.48283525,26.57192993,17.9689,79.5941,26.29559326,26.82366943
Telangana,Yadadri Bhuvanagiri,2016,7,7.878090413,26.0841762,17.582,79.029,24.95053101,26.90338135
Telangana,Adilabad,2016,8,4.664567517,26.20844061,19.664,78.532,25.66156006,27.04730225
Telangana,Bhadradri Kothagudem,2016,8,6.562493461,27.68580283,17.5557,80.6191,26.95758057,28.15618896
Telangana,Hyderabad,2016,8,3.57901001,25.06845093,17.385,78.4867,24.97024536,25.16665649
Telangana,Jagtial,2016,8,3.330471868,27.00048124,18.794,78.914,26.33276367,27.59786987
Telangana,Jangoan,2016,8,3.925450045,26.77688759,17.727,79.152,25.95385742,27.30712891
Telangana,Jayashankar Bhupalpally,2016,8,5.867594792,27.71476491,18.438,79.905,27.4230957,27.88088989
Telangana,Jogulamba Gadwal,2016,8,2.574805487,26.5794539,16.234,77.805,26.14099121,26.96069336
Telangana,Kamareddy,2016,8,4.113203684,25.77619126,18.322,78.34,25.19140625,26.40701294
Telangana,Karimnagar,2016,8,3.379024281,27.30325148,18.4386,79.1288,26.96069336,27.57623291
Telangana,Khammam,2016,8,5.606231689,27.90050972,17.2473,80.1514,27.16793823,28.37734985
Telangana,Kumurambheem Asifabad,2016,8,5.710897085,26.97094896,19.363,79.278,25.91674805,27.44784546
Telangana,Mahabubabad,2016,8,5.387344837,27.43798828,17.598,80.002,26.8354187,27.84841919
Telangana,Mahabubnagar,2016,8,2.893201192,25.00420673,16.737,77.987,24.16601563,26.06677246
Telangana,Mancherial,2016,8,5.285834842,27.32364464,18.87,79.46,26.13635254,27.83605957
Telangana,Medak,2016,8,3.571579615,25.37118164,18.049,78.263,24.96252441,25.86880493
Telangana,Medchal Malkajgiri,2016,8,3.805038876,25.25773451,17.629,78.48,24.83724976,25.92910767
Telangana,Mulugu,2016,8,7.108670621,27.39602249,18.194,80.073,26.11471558,28.27682495
Telangana,Nagarkurnool,2016,8,2.911369756,26.02045898,16.48,78.32,24.35314941,28.33248901
Telangana,Nalgonda,2016,8,3.739991735,28.05285454,17.0575,79.2673,26.25854492,29.42129517
Telangana,Narayanpet,2016,8,2.828598022,25.50458527,16.744,77.494,24.60369873,26.18585205
Telangana,Nirmal,2016,8,3.879972516,26.27830505,19.097,78.343,25.59970093,26.90036011
Telangana,Nizamabad,2016,8,3.742799025,26.33832864,18.6725,78.094,25.9090271,26.74880981
Telangana,Peddapalli,2016,8,4.426844948,27.58807712,18.614,79.376,27.24215698,27.80511475
Telangana,Rajanna Sircilla,2016,8,3.240811666,26.45147324,18.387,78.832,25.84561157,26.99008179
Telangana,Rangareddy,2016,8,3.716716948,25.10664479,17.246,78.372,24.19851685,26.70703125
Telangana,Sangareddy,2016,8,3.449561486,25.14835951,17.628,78.087,24.38101196,25.95077515
Telangana,Siddipet,2016,8,3.439747666,26.0014901,18.102,78.852,25.11407471,27.01171875
Telangana,Suryapet,2016,8,4.802306112,28.22375699,17.141,79.622,27.37362671,28.98825073
Telangana,Vikarabad,2016,8,3.752411627,24.6017877,17.338,77.904,24.14901733,25.12954712
Telangana,Wanaparthy,2016,8,2.501608955,25.93281555,16.364,78.064,25.29348755,26.57559204
Telangana,Warangal Rural,2016,8,4.835998535,27.40321489,17.9784,79.5941,27.25143433,27.63497925
Telangana,Warangal Urban,2016,8,3.798593001,27.31036987,17.9689,79.5941,27.01171875,27.55148315
Telangana,Yadadri Bhuvanagiri,2016,8,3.535183716,26.65424456,17.582,79.029,25.41412354,27.54684448
Telangana,Adilabad,2016,9,13.17295985,25.20111269,19.664,78.532,24.61651611,26.09127808
Telangana,Bhadradri Kothagudem,2016,9,13.96810586,26.23321533,17.5557,80.6191,25.66992188,26.7041626
Telangana,Hyderabad,2016,9,9.360505104,23.89749146,17.385,78.4867,23.81210327,23.98287964
Telangana,Jagtial,2016,9,16.97413569,25.67641977,18.794,78.914,24.91976929,26.23330688
Telangana,Jangoan,2016,9,11.20278033,25.17732158,17.727,79.152,24.46969604,25.69384766
Telangana,Jayashankar Bhupalpally,2016,9,10.8461022,26.27641296,18.438,79.905,25.91571045,26.5397644
Telangana,Jogulamba Gadwal,2016,9,9.893775577,25.39402077,16.234,77.805,25.02032471,25.74493408
Telangana,Kamareddy,2016,9,12.42480876,24.48287784,18.322,78.34,23.90307617,25.15280151
Telangana,Karimnagar,2016,9,13.58328516,25.70325894,18.4386,79.1288,25.44647217,26.01147461
Telangana,Khammam,2016,9,13.90158159,26.35302437,17.2473,80.1514,25.80078125,26.70895386
Telangana,Kumurambheem Asifabad,2016,9,15.15430677,25.90249295,19.363,79.278,24.8878479,26.49667358
Telangana,Mahabubabad,2016,9,13.60234451,25.84724163,17.598,80.002,25.29006958,26.26043701
Telangana,Mahabubnagar,2016,9,11.86554972,24.03310922,16.737,77.987,23.26306152,25.01873779
Telangana,Mancherial,2016,9,14.97992961,26.0852375,18.87,79.46,25.06341553,26.51263428
Telangana,Medak,2016,9,11.77620061,24.099021,18.049,78.263,23.72433472,24.53192139
Telangana,Medchal Malkajgiri,2016,9,9.584569295,24.00363837,17.629,78.48,23.66207886,24.56546021
Telangana,Mulugu,2016,9,11.55144934,26.00573071,18.194,80.073,25.05224609,26.75683594
Telangana,Nagarkurnool,2016,9,9.57525059,24.72591797,16.48,78.32,23.32373047,26.34664917
Telangana,Nalgonda,2016,9,9.94225774,26.17668533,17.0575,79.2673,24.84954834,26.92440796
Telangana,Narayanpet,2016,9,11.93373871,24.5180481,16.744,77.494,23.68441772,25.12405396
Telangana,Nirmal,2016,9,12.93831195,25.23045349,19.097,78.343,24.60217285,25.72259521
Telangana,Nizamabad,2016,9,12.10534355,25.08087876,18.6725,78.094,24.53512573,25.65234375
Telangana,Peddapalli,2016,9,13.3242589,26.11627197,18.614,79.376,25.7640686,26.40887451
Telangana,Rajanna Sircilla,2016,9,14.72978821,24.96705627,18.387,78.832,24.44256592,25.42892456
Telangana,Rangareddy,2016,9,10.1170974,23.95782322,17.246,78.372,23.28860474,25.23419189
Telangana,Sangareddy,2016,9,12.28047063,24.02368164,17.628,78.087,23.49768066,24.70269775
Telangana,Siddipet,2016,9,11.76765396,24.52532749,18.102,78.852,23.83447266,25.35708618
Telangana,Suryapet,2016,9,10.59836222,26.41851596,17.141,79.622,25.78482056,26.82543945
Telangana,Vikarabad,2016,9,11.8321986,23.68509227,17.338,77.904,23.24072266,24.25262451
Telangana,Wanaparthy,2016,9,11.05800883,24.85947673,16.364,78.064,24.30209351,25.41296387
Telangana,Warangal Rural,2016,9,11.73486042,25.75486617,17.9784,79.5941,25.60287476,25.99868774
Telangana,Warangal Urban,2016,9,10.84608737,25.62411194,17.9689,79.5941,25.33474731,25.92050171
Telangana,Yadadri Bhuvanagiri,2016,9,9.361128743,25.14835031,17.582,79.029,24.09622192,25.9364624
Telangana,Adilabad,2016,10,2.073506509,25.0015121,19.664,78.532,24.39251709,25.99658203
Telangana,Bhadradri Kothagudem,2016,10,2.9161426,26.39161682,17.5557,80.6191,25.75814819,26.93331909
Telangana,Hyderabad,2016,10,1.966318607,23.84371948,17.385,78.4867,23.78869629,23.89874268
Telangana,Jagtial,2016,10,2.008686066,25.27553392,18.794,78.914,24.66479492,25.95281982
Telangana,Jangoan,2016,10,2.72232123,25.03981108,17.727,79.152,24.47293091,25.57757568
Telangana,Jayashankar Bhupalpally,2016,10,2.975522555,26.10487248,18.438,79.905,25.61990356,26.59191895
Telangana,Jogulamba Gadwal,2016,10,0.348616214,25.74148705,16.234,77.805,25.29541016,26.26602173
Telangana,Kamareddy,2016,10,1.864633942,24.74355469,18.322,78.34,24.06237793,25.52536011
Telangana,Karimnagar,2016,10,2.39638609,25.3881064,18.4386,79.1288,25.02734375,25.67208862
Telangana,Khammam,2016,10,2.541477497,26.54084347,17.2473,80.1514,26.27307129,26.86703491
Telangana,Kumurambheem Asifabad,2016,10,2.439850885,25.5419526,19.363,79.278,24.12304688,26.4197998
Telangana,Mahabubabad,2016,10,2.692332745,26.12481689,17.598,80.002,25.57192993,26.65258789
Telangana,Mahabubnagar,2016,10,1.284173807,24.28974915,16.737,77.987,23.36685181,25.39276123
Telangana,Mancherial,2016,10,2.721194373,25.86995443,18.87,79.46,24.70288086,26.59051514
Telangana,Medak,2016,10,2.012479623,24.24631246,18.049,78.263,23.67724609,25.32785034
Telangana,Medchal Malkajgiri,2016,10,2.112734053,23.75309923,17.629,78.48,23.38519287,24.30645752
Telangana,Mulugu,2016,10,3.200766692,26.09574601,18.194,80.073,24.98504639,27.12521362
Telangana,Nagarkurnool,2016,10,1.230041504,24.51393905,16.48,78.32,23.45855713,26.41415405
Telangana,Nalgonda,2016,10,1.746292615,25.7525955,17.0575,79.2673,24.32196045,26.58627319
Telangana,Narayanpet,2016,10,0.62751503,24.95752563,16.744,77.494,24.06237793,25.63540649
Telangana,Nirmal,2016,10,2.158457901,25.0845152,19.097,78.343,24.54064941,26.11929321
Telangana,Nizamabad,2016,10,1.702394926,25.21206274,18.6725,78.094,24.55899048,26.02337646
Telangana,Peddapalli,2016,10,2.505100451,25.80462968,18.614,79.376,25.44213867,26.17575073
Telangana,Rajanna Sircilla,2016,10,2.179206085,24.73899536,18.387,78.832,24.40661621,25.30810547
Telangana,Rangareddy,2016,10,2.254059564,23.68647112,17.246,78.372,23.18347168,24.57589722
Telangana,Sangareddy,2016,10,1.802178799,24.11063639,17.628,78.087,23.40493774,25.31655884
Telangana,Siddipet,2016,10,2.650685859,24.21799168,18.102,78.852,23.4881897,25.12329102
Telangana,Suryapet,2016,10,2.282971191,26.33149007,17.141,79.622,25.47033691,26.71325684
Telangana,Vikarabad,2016,10,1.375766139,23.7981528,17.338,77.904,23.18203735,24.56604004
Telangana,Wanaparthy,2016,10,0.652914471,25.19383409,16.364,78.064,24.31210327,25.92602539
Telangana,Warangal Rural,2016,10,2.673266888,25.60727882,17.9784,79.5941,25.30670166,26.1390686
Telangana,Warangal Urban,2016,10,2.774097443,25.27629783,17.9689,79.5941,24.80728149,25.50842285
Telangana,Yadadri Bhuvanagiri,2016,10,2.18690389,24.7866333,17.582,79.029,23.67016602,25.65655518
Telangana,Adilabad,2016,11,0.001549845,23.38276441,19.664,78.532,21.99966431,24.39187622
Telangana,Bhadradri Kothagudem,2016,11,0.077651424,25.22687358,17.5557,80.6191,24.36364746,26.01019287
Telangana,Hyderabad,2016,11,0.085328408,22.37483215,17.385,78.4867,22.22076416,22.52890015
Telangana,Jagtial,2016,11,0.002623611,23.40760216,18.794,78.914,23.0111084,24.01315308
Telangana,Jangoan,2016,11,0.019969881,23.33349288,17.727,79.152,22.62652588,23.85675049
Telangana,Jayashankar Bhupalpally,2016,11,0.025001902,24.81400045,18.438,79.905,23.8979187,25.71618652
Telangana,Jogulamba Gadwal,2016,11,0.18852956,25.17965421,16.234,77.805,24.71060181,25.78320313
Telangana,Kamareddy,2016,11,0.001767259,23.3058741,18.322,78.34,22.41601563,23.96847534
Telangana,Karimnagar,2016,11,0.005420101,23.65052795,18.4386,79.1288,23.44155884,23.91201782
Telangana,Khammam,2016,11,0.200897596,25.12292183,17.2473,80.1514,24.62710571,25.7538147
Telangana,Kumurambheem Asifabad,2016,11,0.011262483,23.70413886,19.363,79.278,22.07846069,25.04696655
Telangana,Mahabubabad,2016,11,0.112934023,24.39989813,17.598,80.002,23.98846436,24.88467407
Telangana,Mahabubnagar,2016,11,0.102178057,23.05187049,16.737,77.987,22.05493164,24.59533691
Telangana,Mancherial,2016,11,0.01280405,24.05285645,18.87,79.46,22.2243042,25.34570313
Telangana,Medak,2016,11,0.002225308,22.5525708,18.049,78.263,21.97259521,23.91555786
Telangana,Medchal Malkajgiri,2016,11,0.040177908,22.2828403,17.629,78.48,21.89498901,22.88879395
Telangana,Mulugu,2016,11,0.034978438,24.93838254,18.194,80.073,23.80615234,26.3430481
Telangana,Nagarkurnool,2016,11,0.267449037,23.67317139,16.48,78.32,22.61712646,25.70675659
Telangana,Nalgonda,2016,11,0.189917955,24.31220818,17.0575,79.2673,22.75238037,25.31863403
Telangana,Narayanpet,2016,11,0.085721028,24.14494476,16.744,77.494,23.01934814,24.81643677
Telangana,Nirmal,2016,11,0.001333005,22.67930603,19.097,78.343,21.80090332,23.33926392
Telangana,Nizamabad,2016,11,0.001369613,23.6777631,18.6725,78.094,23.15460205,24.1272583
Telangana,Peddapalli,2016,11,0.014658056,24.19794379,18.614,79.376,23.74737549,24.78704834
Telangana,Rajanna Sircilla,2016,11,0.003010534,23.18371201,18.387,78.832,22.94290161,23.38513184
Telangana,Rangareddy,2016,11,0.155157453,22.33028803,17.246,78.372,21.85498047,23.21456909
Telangana,Sangareddy,2016,11,0.015715092,22.84979418,17.628,78.087,21.85147095,24.23193359
Telangana,Siddipet,2016,11,0.004545294,22.88202536,18.102,78.852,22.09725952,23.44509888
Telangana,Suryapet,2016,11,0.255722491,24.78631171,17.141,79.622,23.97198486,25.35159302
Telangana,Vikarabad,2016,11,0.097676731,22.77496127,17.338,77.904,22.00790405,23.57800293
Telangana,Wanaparthy,2016,11,0.224160777,24.33051893,16.364,78.064,23.42156982,25.21044922
Telangana,Warangal Rural,2016,11,0.035024863,24.00552091,17.9784,79.5941,23.66149902,24.57769775
Telangana,Warangal Urban,2016,11,0.01608574,23.59858398,17.9689,79.5941,23.36160278,23.7520752
Telangana,Yadadri Bhuvanagiri,2016,11,0.067137337,23.42960031,17.582,79.029,22.3125,24.15194702
Telangana,Adilabad,2016,12,0.000843598,21.54492557,19.664,78.532,21.02001953,21.98699951
Telangana,Bhadradri Kothagudem,2016,12,0.143774271,23.96429837,17.5557,80.6191,23.33639526,24.5637207
Telangana,Hyderabad,2016,12,0.305956125,21.42854309,17.385,78.4867,21.34893799,21.50814819
Telangana,Jagtial,2016,12,0.016043948,22.07828698,18.794,78.914,21.72549438,22.60882568
Telangana,Jangoan,2016,12,0.127300767,22.28032002,17.727,79.152,21.54766846,22.91912842
Telangana,Jayashankar Bhupalpally,2016,12,0.032821736,23.48307037,18.438,79.905,22.55535889,24.30569458
Telangana,Jogulamba Gadwal,2016,12,0.229254223,24.14266968,16.234,77.805,23.64321899,24.6625061
Telangana,Kamareddy,2016,12,0.057755558,22.0742726,18.322,78.34,21.24664307,22.83428955
Telangana,Karimnagar,2016,12,0.042721783,22.44273885,18.4386,79.1288,22.21133423,22.70410156
Telangana,Khammam,2016,12,0.271565755,23.96771389,17.2473,80.1514,23.47702026,24.4498291
Telangana,Kumurambheem Asifabad,2016,12,0.000912317,22.09092882,19.363,79.278,20.89099121,23.34103394
Telangana,Mahabubabad,2016,12,0.19769679,23.34640187,17.598,80.002,22.82150269,23.83499146
Telangana,Mahabubnagar,2016,12,0.219878356,22.30210994,16.737,77.987,21.32684326,23.75827026
Telangana,Mancherial,2016,12,0.002326784,22.62613678,18.87,79.46,21.09207153,23.79547119
Telangana,Medak,2016,12,0.08024701,21.47436035,18.049,78.263,21.10021973,22.52978516
Telangana,Medchal Malkajgiri,2016,12,0.256799089,21.39232042,17.629,78.48,21.05718994,21.91262817
Telangana,Mulugu,2016,12,0.064099473,23.62952155,18.194,80.073,22.60647583,24.83453369
Telangana,Nagarkurnool,2016,12,0.3839613,22.62626709,16.48,78.32,21.61972046,24.02676392
Telangana,Nalgonda,2016,12,0.450676121,23.24331093,17.0575,79.2673,21.98352051,24.10812378
Telangana,Narayanpet,2016,12,0.206095314,23.20080872,16.744,77.494,22.11602783,23.70831299
Telangana,Nirmal,2016,12,0.001344414,21.63397217,19.097,78.343,20.7585144,22.11019897
Telangana,Nizamabad,2016,12,0.035364341,22.2524432,18.6725,78.094,21.78244019,22.85287476
Telangana,Peddapalli,2016,12,0.02513216,22.87974379,18.614,79.376,22.43215942,23.43865967
Telangana,Rajanna Sircilla,2016,12,0.033473686,21.96608162,18.387,78.832,21.71618652,22.23339844
Telangana,Rangareddy,2016,12,0.3695515,21.43088141,17.246,78.372,20.98861694,22.27990723
Telangana,Sangareddy,2016,12,0.07438354,21.71806844,17.628,78.087,21.01651001,22.84707642
Telangana,Siddipet,2016,12,0.070688168,21.60482472,18.102,78.852,21.12811279,22.2194519
Telangana,Suryapet,2016,12,0.311846511,23.76429275,17.141,79.622,23.00512695,24.31384277
Telangana,Vikarabad,2016,12,0.135068494,21.88444572,17.338,77.904,21.14553833,22.67855835
Telangana,Wanaparthy,2016,12,0.223250866,23.53409322,16.364,78.064,22.69015503,24.29406738
Telangana,Warangal Rural,2016,12,0.102865592,22.82705272,17.9784,79.5941,22.4367981,23.45608521
Telangana,Warangal Urban,2016,12,0.06429313,22.38530884,17.9689,79.5941,22.12414551,22.57278442
Telangana,Yadadri Bhuvanagiri,2016,12,0.377911822,22.39395796,17.582,79.029,21.44189453,23.10974121
Telangana,Adilabad,2017,1,0.041391096,22.23734908,19.664,78.532,21.81900024,22.78579712
Telangana,Bhadradri Kothagudem,2017,1,0.019063671,24.11972538,17.5557,80.6191,23.33139038,24.70617676
Telangana,Hyderabad,2017,1,0.02655758,21.83874512,17.385,78.4867,21.70175171,21.97573853
Telangana,Jagtial,2017,1,0.01816246,22.76525644,18.794,78.914,22.3442688,23.25839233
Telangana,Jangoan,2017,1,0.018350857,22.53395,17.727,79.152,21.93386841,23.06695557
Telangana,Jayashankar Bhupalpally,2017,1,0.028188822,23.65085347,18.438,79.905,22.90542603,24.33285522
Telangana,Jogulamba Gadwal,2017,1,0.016618849,24.46060736,16.234,77.805,23.87579346,25.0435791
Telangana,Kamareddy,2017,1,0.010448333,22.62492101,18.322,78.34,21.85369873,23.43786621
Telangana,Karimnagar,2017,1,0.013164211,23.0690901,18.4386,79.1288,22.8097229,23.2512207
Telangana,Khammam,2017,1,0.025155283,24.14211366,17.2473,80.1514,23.49649048,24.66906738
Telangana,Kumurambheem Asifabad,2017,1,0.015275778,22.67145114,19.363,79.278,21.62997437,23.59701538
Telangana,Mahabubabad,2017,1,0.020907251,23.49303568,17.598,80.002,23.11242676,23.93682861
Telangana,Mahabubnagar,2017,1,0.015256924,22.54252742,16.737,77.987,21.67422485,23.83273315
Telangana,Mancherial,2017,1,0.012823175,22.90689087,18.87,79.46,21.82739258,23.88296509
Telangana,Medak,2017,1,0.007909173,21.97158691,18.049,78.263,21.60842896,22.65536499
Telangana,Medchal Malkajgiri,2017,1,0.017132617,21.72063192,17.629,78.48,21.41101074,22.21386719
Telangana,Mulugu,2017,1,0.028669145,23.7574034,18.194,80.073,22.55725098,24.94546509
Telangana,Nagarkurnool,2017,1,0.039045419,22.94534668,16.48,78.32,21.79748535,24.36755371
Telangana,Nalgonda,2017,1,0.01545133,23.6558609,17.0575,79.2673,22.33230591,24.6116333
Telangana,Narayanpet,2017,1,0.004904966,23.31798553,16.744,77.494,22.44000244,23.74658203
Telangana,Nirmal,2017,1,0.024798854,22.39164734,19.097,78.343,21.38708496,22.75466919
Telangana,Nizamabad,2017,1,0.021864177,22.80901023,18.6725,78.094,22.20788574,23.50845337
Telangana,Peddapalli,2017,1,0.014045353,23.20422363,18.614,79.376,22.97961426,23.51803589
Telangana,Rajanna Sircilla,2017,1,0.010336721,22.5408783,18.387,78.832,22.17675781,22.95568848
Telangana,Rangareddy,2017,1,0.027195357,21.8483976,17.246,78.372,21.3918457,22.73312378
Telangana,Sangareddy,2017,1,0.011275401,22.09776137,17.628,78.087,21.39904785,22.974823
Telangana,Siddipet,2017,1,0.017899241,22.15242373,18.102,78.852,21.5378418,22.93655396
Telangana,Suryapet,2017,1,0.023060421,24.01079059,17.141,79.622,23.1746521,24.70019531
Telangana,Vikarabad,2017,1,0.016008501,22.23399195,17.338,77.904,21.57492065,22.9090271
Telangana,Wanaparthy,2017,1,0.020170927,23.70229933,16.364,78.064,22.86355591,24.59487915
Telangana,Warangal Rural,2017,1,0.038207024,23.12563948,17.9784,79.5941,22.85397339,23.66879272
Telangana,Warangal Urban,2017,1,0.025644394,22.87181091,17.9689,79.5941,22.61828613,23.09448242
Telangana,Yadadri Bhuvanagiri,2017,1,0.019302837,22.65130179,17.582,79.029,21.69458008,23.30148315
Telangana,Adilabad,2017,2,0.001103962,26.0818056,19.664,78.532,25.40670776,26.8006897
Telangana,Bhadradri Kothagudem,2017,2,0.001830485,26.84264349,17.5557,80.6191,26.11154175,27.50189209
Telangana,Hyderabad,2017,2,0.001103962,24.80947876,17.385,78.4867,24.62329102,24.9956665
Telangana,Jagtial,2017,2,0.001103962,25.78973154,18.794,78.914,25.32089233,26.40414429
Telangana,Jangoan,2017,2,0.001103962,25.40563644,17.727,79.152,24.89651489,25.74401855
Telangana,Jayashankar Bhupalpally,2017,2,0.001103962,26.72425842,18.438,79.905,26.0958252,27.50430298
Telangana,Jogulamba Gadwal,2017,2,0.001103962,26.79199219,16.234,77.805,26.14660645,27.41967773
Telangana,Kamareddy,2017,2,0.001103962,25.8200145,18.322,78.34,25.08996582,26.54074097
Telangana,Karimnagar,2017,2,0.001103962,26.20840963,18.4386,79.1288,25.93746948,26.42590332
Telangana,Khammam,2017,2,0.00260358,26.54920327,17.2473,80.1514,26.13693237,26.8961792
Telangana,Kumurambheem Asifabad,2017,2,0.001149779,26.22943115,19.363,79.278,25.01620483,27.27581787
Telangana,Mahabubabad,2017,2,0.001607231,26.35881516,17.598,80.002,25.77545166,26.67977905
Telangana,Mahabubnagar,2017,2,0.001103962,25.20546312,16.737,77.987,24.35125732,26.16958618
Telangana,Mancherial,2017,2,0.001103962,26.07728577,18.87,79.46,24.99081421,27.08840942
Telangana,Medak,2017,2,0.001103962,25.0562085,18.049,78.263,24.52172852,25.8999939
Telangana,Medchal Malkajgiri,2017,2,0.001103962,24.65082804,17.629,78.48,24.3633728,25.03192139
Telangana,Mulugu,2017,2,0.001103962,26.90782042,18.194,80.073,25.71862793,28.02780151
Telangana,Nagarkurnool,2017,2,0.001103962,25.67053955,16.48,78.32,24.3972168,26.8296814
Telangana,Nalgonda,2017,2,0.001103962,26.29545403,17.0575,79.2673,25.25439453,27.00015259
Telangana,Narayanpet,2017,2,0.001103962,25.71748657,16.744,77.494,25.03555298,26.0269165
Telangana,Nirmal,2017,2,0.001103962,25.72902298,19.097,78.343,24.84213257,26.24090576
Telangana,Nizamabad,2017,2,0.001103962,25.95285573,18.6725,78.094,25.34020996,26.59152222
Telangana,Peddapalli,2017,2,0.001103962,26.23587714,18.614,79.376,26.0632019,26.41378784
Telangana,Rajanna Sircilla,2017,2,0.001103962,25.67639542,18.387,78.832,25.22900391,26.05834961
Telangana,Rangareddy,2017,2,0.001103962,24.82911645,17.246,78.372,24.42019653,25.63522339
Telangana,Sangareddy,2017,2,0.001103962,25.12683445,17.628,78.087,24.296875,26.15264893
Telangana,Siddipet,2017,2,0.001103962,25.27781519,18.102,78.852,24.47821045,26.02572632
Telangana,Suryapet,2017,2,0.001329991,26.48479593,17.141,79.622,25.80929565,26.95541382
Telangana,Vikarabad,2017,2,0.001103962,24.96643487,17.338,77.904,24.41412354,25.4284668
Telangana,Wanaparthy,2017,2,0.001103962,26.14466688,16.364,78.064,25.47924805,26.95904541
Telangana,Warangal Rural,2017,2,0.001103962,26.13381126,17.9784,79.5941,25.75610352,26.59997559
Telangana,Warangal Urban,2017,2,0.001103962,25.9385498,17.9689,79.5941,25.62313843,26.16958618
Telangana,Yadadri Bhuvanagiri,2017,2,0.001103962,25.44752284,17.582,79.029,24.58581543,26.0668335
Telangana,Adilabad,2017,3,0.266899724,29.07624956,19.664,78.532,28.19039917,29.97521973
Telangana,Bhadradri Kothagudem,2017,3,0.39322819,29.53389026,17.5557,80.6191,28.58074951,30.17745972
Telangana,Hyderabad,2017,3,0.268773913,27.79368591,17.385,78.4867,27.61901855,27.96835327
Telangana,Jagtial,2017,3,0.147796911,28.91390756,18.794,78.914,28.43505859,29.64993286
Telangana,Jangoan,2017,3,0.229099694,28.25069066,17.727,79.152,27.77883911,28.67831421
Telangana,Jayashankar Bhupalpally,2017,3,0.349705476,29.72129313,18.438,79.905,29.19595337,30.29626465
Telangana,Jogulamba Gadwal,2017,3,0.050388751,29.90269886,16.234,77.805,29.07150269,30.60455322
Telangana,Kamareddy,2017,3,0.295929209,28.54658957,18.322,78.34,27.8934021,29.13653564
Telangana,Karimnagar,2017,3,0.26907113,29.31655545,18.4386,79.1288,29.03897095,29.54953003
Telangana,Khammam,2017,3,0.271623856,29.22992688,17.2473,80.1514,28.80560303,29.5368042
Telangana,Kumurambheem Asifabad,2017,3,0.35623071,29.24332682,19.363,79.278,27.98815918,30.16329956
Telangana,Mahabubabad,2017,3,0.218528718,29.03823537,17.598,80.002,28.69247437,29.31051636
Telangana,Mahabubnagar,2017,3,0.089527875,28.05582839,16.737,77.987,27.20465088,29.00643921
Telangana,Mancherial,2017,3,0.315085279,29.11984253,18.87,79.46,28.03201294,29.94833374
Telangana,Medak,2017,3,0.299560467,27.91342773,18.049,78.263,27.46063232,28.46054077
Telangana,Medchal Malkajgiri,2017,3,0.243934181,27.60567898,17.629,78.48,27.32910156,27.97402954
Telangana,Mulugu,2017,3,0.415525179,29.5941624,18.194,80.073,28.16778564,30.75305176
Telangana,Nagarkurnool,2017,3,0.123691442,28.61468262,16.48,78.32,27.42953491,29.77862549
Telangana,Nalgonda,2017,3,0.200611318,29.18569565,17.0575,79.2673,28.15786743,29.75177002
Telangana,Narayanpet,2017,3,0.075781822,28.57918091,16.744,77.494,27.91177368,28.89187622
Telangana,Nirmal,2017,3,0.245771321,28.55590439,19.097,78.343,27.80996704,29.22424316
Telangana,Nizamabad,2017,3,0.306891735,28.68801341,18.6725,78.094,28.27526855,29.16906738
Telangana,Peddapalli,2017,3,0.288118362,29.49679226,18.614,79.376,29.30627441,29.73760986
Telangana,Rajanna Sircilla,2017,3,0.144659456,28.7597332,18.387,78.832,28.32901001,29.17755127
Telangana,Rangareddy,2017,3,0.224988619,27.7610816,17.246,78.372,27.33758545,28.59628296
Telangana,Sangareddy,2017,3,0.395207209,27.95712111,17.628,78.087,27.27111816,28.76882935
Telangana,Siddipet,2017,3,0.194025069,28.17167295,18.102,78.852,27.35739136,29.07150269
Telangana,Suryapet,2017,3,0.152953402,29.37975653,17.141,79.622,28.74197388,29.76873779
Telangana,Vikarabad,2017,3,0.247057822,27.90310774,17.338,77.904,27.38851929,28.37567139
Telangana,Wanaparthy,2017,3,0.075459043,29.04564073,16.364,78.064,28.33325195,29.97238159
Telangana,Warangal Rural,2017,3,0.263484955,28.98413086,17.9784,79.5941,28.68115234,29.38970947
Telangana,Warangal Urban,2017,3,0.363272082,28.8348877,17.9689,79.5941,28.48031616,29.25958252
Telangana,Yadadri Bhuvanagiri,2017,3,0.203053872,28.29571097,17.582,79.029,27.51153564,28.90603638
Telangana,Adilabad,2017,4,0.016991881,33.493005,19.664,78.532,32.75112915,34.33074951
Telangana,Bhadradri Kothagudem,2017,4,0.290005003,32.81418536,17.5557,80.6191,31.24069214,33.65246582
Telangana,Hyderabad,2017,4,0.20357886,31.42834473,17.385,78.4867,31.22839355,31.6282959
Telangana,Jagtial,2017,4,0.040476713,33.1914978,18.794,78.914,32.65267944,33.79397583
Telangana,Jangoan,2017,4,0.238879568,31.95568526,17.727,79.152,31.43759155,32.28201294
Telangana,Jayashankar Bhupalpally,2017,4,0.108905847,33.82985179,18.438,79.905,33.09567261,34.41073608
Telangana,Jogulamba Gadwal,2017,4,0.129477217,33.09524259,16.234,77.805,32.64654541,33.59246826
Telangana,Kamareddy,2017,4,0.031512117,32.79925896,18.322,78.34,31.99130249,33.57092285
Telangana,Karimnagar,2017,4,0.141917243,33.38534207,18.4386,79.1288,33.0418396,33.62783813
Telangana,Khammam,2017,4,0.209840432,32.41337772,17.2473,80.1514,31.73291016,32.75421143
Telangana,Kumurambheem Asifabad,2017,4,0.091272895,33.94760132,19.363,79.278,32.56347656,34.86755371
Telangana,Mahabubabad,2017,4,0.164123446,32.62409921,17.598,80.002,32.26663208,33.09103394
Telangana,Mahabubnagar,2017,4,0.207746307,31.52111112,16.737,77.987,30.75311279,32.39889526
Telangana,Mancherial,2017,4,0.099194301,33.56651688,18.87,79.46,32.60809326,34.48764038
Telangana,Medak,2017,4,0.102207144,31.81017578,18.049,78.263,31.17303467,32.44659424
Telangana,Medchal Malkajgiri,2017,4,0.219743503,31.26308865,17.629,78.48,30.94384766,31.61599731
Telangana,Mulugu,2017,4,0.167489297,33.5456213,18.194,80.073,32.20510864,34.70913696
Telangana,Nagarkurnool,2017,4,0.289970866,31.98117676,16.48,78.32,30.46548462,33.00799561
Telangana,Nalgonda,2017,4,0.307707302,32.60813141,17.0575,79.2673,31.8036499,33.04489136
Telangana,Narayanpet,2017,4,0.135059571,32.24039917,16.744,77.494,31.58062744,32.67266846
Telangana,Nirmal,2017,4,0.022277807,33.02711487,19.097,78.343,32.37734985,33.72320557
Telangana,Nizamabad,2017,4,0.012001316,32.92854937,18.6725,78.094,32.49734497,33.66784668
Telangana,Peddapalli,2017,4,0.10287655,33.64220513,18.614,79.376,33.46942139,33.91702271
Telangana,Rajanna Sircilla,2017,4,0.114211535,32.86032867,18.387,78.832,32.46810913,33.28637695
Telangana,Rangareddy,2017,4,0.32812282,31.41353254,17.246,78.372,30.94537354,32.27432251
Telangana,Sangareddy,2017,4,0.134335176,31.87329102,17.628,78.087,30.85003662,32.82647705
Telangana,Siddipet,2017,4,0.203539502,32.12246178,18.102,78.852,31.14071655,33.13412476
Telangana,Suryapet,2017,4,0.213710626,32.64159946,17.141,79.622,32.14050293,32.96029663
Telangana,Vikarabad,2017,4,0.157906332,31.70765212,17.338,77.904,31.08688354,32.33428955
Telangana,Wanaparthy,2017,4,0.161218882,32.24910482,16.364,78.064,31.66061401,32.9972229
Telangana,Warangal Rural,2017,4,0.157872289,32.76518111,17.9784,79.5941,32.35736084,33.36636353
Telangana,Warangal Urban,2017,4,0.152801969,32.74604797,17.9689,79.5941,32.31277466,33.26638794
Telangana,Yadadri Bhuvanagiri,2017,4,0.307234573,31.87308829,17.582,79.029,31.23764038,32.56964111
Telangana,Adilabad,2017,5,0.410598909,35.19677364,19.664,78.532,34.1522522,36.61062622
Telangana,Bhadradri Kothagudem,2017,5,0.50762592,34.22458575,17.5557,80.6191,32.72512817,35.08828735
Telangana,Hyderabad,2017,5,0.39835763,32.53762817,17.385,78.4867,32.37243652,32.70281982
Telangana,Jagtial,2017,5,0.404926963,34.93895076,18.794,78.914,34.11651611,35.5763855
Telangana,Jangoan,2017,5,0.426741796,33.57022898,17.727,79.152,32.95877075,33.99450684
Telangana,Jayashankar Bhupalpally,2017,5,0.354758923,35.59250387,18.438,79.905,34.84719849,35.85018921
Telangana,Jogulamba Gadwal,2017,5,0.311917805,34.06789329,16.234,77.805,33.65817261,34.44390869
Telangana,Kamareddy,2017,5,0.393251451,33.7540355,18.322,78.34,32.95727539,34.97070313
Telangana,Karimnagar,2017,5,0.450743451,35.21179538,18.4386,79.1288,34.77874756,35.65377808
Telangana,Khammam,2017,5,0.457364009,33.99715368,17.2473,80.1514,33.29507446,34.3710022
Telangana,Kumurambheem Asifabad,2017,5,0.442186459,35.45604791,19.363,79.278,33.86502075,36.47668457
Telangana,Mahabubabad,2017,5,0.52747643,33.96622862,17.598,80.002,33.3531189,34.43499756
Telangana,Mahabubnagar,2017,5,0.344220837,32.48972262,16.737,77.987,31.45129395,33.67752075
Telangana,Mancherial,2017,5,0.348108451,35.33963013,18.87,79.46,34.08526611,36.05853271
Telangana,Medak,2017,5,0.373871326,32.84828857,18.049,78.263,32.39477539,33.51681519
Telangana,Medchal Malkajgiri,2017,5,0.523767736,32.44122993,17.629,78.48,32.15368652,32.92901611
Telangana,Mulugu,2017,5,0.538688969,34.82242399,18.194,80.073,33.11651611,36.2505188
Telangana,Nagarkurnool,2017,5,0.550162693,32.90632324,16.48,78.32,30.78164673,34.16860962
Telangana,Nalgonda,2017,5,0.349057745,34.36846542,17.0575,79.2673,33.03762817,34.97814941
Telangana,Narayanpet,2017,5,0.316752052,33.20720825,16.744,77.494,32.17004395,33.86355591
Telangana,Nirmal,2017,5,0.411924767,34.50743866,19.097,78.343,33.57931519,35.03173828
Telangana,Nizamabad,2017,5,0.336387512,34.33060231,18.6725,78.094,33.68942261,35.0451355
Telangana,Peddapalli,2017,5,0.387913202,35.62904867,18.614,79.376,35.17904663,35.83532715
Telangana,Rajanna Sircilla,2017,5,0.420778275,34.26283264,18.387,78.832,33.63140869,34.89630127
Telangana,Rangareddy,2017,5,0.492622466,32.4166498,17.246,78.372,31.64028931,33.53912354
Telangana,Sangareddy,2017,5,0.454471686,32.82102797,17.628,78.087,32.07629395,33.99746704
Telangana,Siddipet,2017,5,0.493749792,33.38206324,18.102,78.852,32.20129395,34.73114014
Telangana,Suryapet,2017,5,0.416600482,34.32137956,17.141,79.622,33.96920776,34.67904663
Telangana,Vikarabad,2017,5,0.526453141,32.39271072,17.338,77.904,31.77868652,33.09121704
Telangana,Wanaparthy,2017,5,0.282540851,33.43720161,16.364,78.064,32.81292725,34.06445313
Telangana,Warangal Rural,2017,5,0.440831512,34.28874623,17.9784,79.5941,33.97515869,35.37249756
Telangana,Warangal Urban,2017,5,0.469189644,34.53276062,17.9689,79.5941,33.95281982,35.35614014
Telangana,Yadadri Bhuvanagiri,2017,5,0.400539335,33.51814488,17.582,79.029,32.40667725,34.26235962
Telangana,Adilabad,2017,6,7.077357631,29.00555235,19.664,78.532,28.2411499,30.32504272
Telangana,Bhadradri Kothagudem,2017,6,11.34026555,28.78555003,17.5557,80.6191,27.97299194,29.32696533
Telangana,Hyderabad,2017,6,7.515287399,26.55117798,17.385,78.4867,26.44689941,26.65545654
Telangana,Jagtial,2017,6,6.267989449,29.135214,18.794,78.914,28.25106812,29.71759033
Telangana,Jangoan,2017,6,8.206817627,28.05419601,17.727,79.152,27.25628662,28.52252197
Telangana,Jayashankar Bhupalpally,2017,6,9.707887503,29.31496429,18.438,79.905,28.8949585,29.72750854
Telangana,Jogulamba Gadwal,2017,6,4.20224217,28.32044567,16.234,77.805,27.92169189,28.66156006
Telangana,Kamareddy,2017,6,9.041233317,27.4494234,18.322,78.34,26.88552856,28.30072021
Telangana,Karimnagar,2017,6,7.534286499,29.05937364,18.4386,79.1288,28.71783447,29.30380249
Telangana,Khammam,2017,6,7.439208984,28.95765053,17.2473,80.1514,28.2875061,29.45773315
Telangana,Kumurambheem Asifabad,2017,6,9.216697899,29.49414063,19.363,79.278,28.23617554,30.1413269
Telangana,Mahabubabad,2017,6,9.593423843,28.52407311,17.598,80.002,27.94320679,28.95620728
Telangana,Mahabubnagar,2017,6,6.886969884,26.63693472,16.737,77.987,25.77490234,27.81741333
Telangana,Mancherial,2017,6,8.863377041,29.43413925,18.87,79.46,28.33547974,29.90960693
Telangana,Medak,2017,6,8.600686391,26.85249756,18.049,78.263,26.39227295,27.35064697
Telangana,Medchal Malkajgiri,2017,6,8.601298014,26.64626397,17.629,78.48,26.30123901,27.26126099
Telangana,Mulugu,2017,6,11.31055347,28.80087693,18.194,80.073,27.53933716,29.65802002
Telangana,Nagarkurnool,2017,6,5.179771567,27.43860352,16.48,78.32,25.85269165,29.30709839
Telangana,Nalgonda,2017,6,6.02128526,29.08845901,17.0575,79.2673,27.54431152,30.14794922
Telangana,Narayanpet,2017,6,6.50905304,27.22658691,16.744,77.494,26.26150513,27.93823242
Telangana,Nirmal,2017,6,7.668975368,28.54761887,19.097,78.343,27.91009521,29.24255371
Telangana,Nizamabad,2017,6,7.354195619,28.23218851,18.6725,78.094,27.66513062,28.85025024
Telangana,Peddapalli,2017,6,7.98401682,29.47795614,18.614,79.376,29.19619751,29.75732422
Telangana,Rajanna Sircilla,2017,6,7.691483053,28.22314835,18.387,78.832,27.56912231,28.78570557
Telangana,Rangareddy,2017,6,7.249468122,26.58004835,17.246,78.372,25.81625366,27.94485474
Telangana,Sangareddy,2017,6,9.601888021,26.71408081,17.628,78.087,26.06619263,27.53933716
Telangana,Siddipet,2017,6,8.616218336,27.46142999,18.102,78.852,26.47836304,28.59701538
Telangana,Suryapet,2017,6,6.623815918,29.24882349,17.141,79.622,28.56390381,29.89801025
Telangana,Vikarabad,2017,6,8.208798316,26.2813847,17.338,77.904,25.79144287,26.91366577
Telangana,Wanaparthy,2017,6,5.121126811,27.69263034,16.364,78.064,27.01296997,28.31564331
Telangana,Warangal Rural,2017,6,9.00084877,28.64983021,17.9784,79.5941,28.5324707,29.17468262
Telangana,Warangal Urban,2017,6,8.094852794,28.70411072,17.9689,79.5941,28.34872437,29.12338257
Telangana,Yadadri Bhuvanagiri,2017,6,7.691791789,27.92943682,17.582,79.029,26.72497559,28.66488647
Telangana,Adilabad,2017,7,7.347825573,26.65244178,19.664,78.532,26.02432251,27.64093018
Telangana,Bhadradri Kothagudem,2017,7,10.70091902,27.609375,17.5557,80.6191,26.88336182,28.07617188
Telangana,Hyderabad,2017,7,5.379536629,25.44017029,17.385,78.4867,25.31417847,25.56616211
Telangana,Jagtial,2017,7,5.948963331,27.27114399,18.794,78.914,26.68045044,27.81765747
Telangana,Jangoan,2017,7,6.053240608,26.8988535,17.727,79.152,26.13394165,27.38894653
Telangana,Jayashankar Bhupalpally,2017,7,9.011947045,27.75492859,18.438,79.905,27.45767212,27.95181274
Telangana,Jogulamba Gadwal,2017,7,3.596716381,27.45708119,16.234,77.805,27.11242676,27.81109619
Telangana,Kamareddy,2017,7,4.667416382,26.09732415,18.322,78.34,25.52526855,26.87680054
Telangana,Karimnagar,2017,7,6.269252553,27.57484945,18.4386,79.1288,27.22695923,27.79312134
Telangana,Khammam,2017,7,7.374380258,27.78197051,17.2473,80.1514,27.06661987,28.28726196
Telangana,Kumurambheem Asifabad,2017,7,9.416395033,27.23260159,19.363,79.278,26.1355896,27.74401855
Telangana,Mahabubabad,2017,7,8.104597092,27.42731765,17.598,80.002,26.8293457,27.86181641
Telangana,Mahabubnagar,2017,7,5.364955902,25.65824069,16.737,77.987,24.75949097,26.93408203
Telangana,Mancherial,2017,7,8.444268968,27.46023178,18.87,79.46,26.32537842,27.91418457
Telangana,Medak,2017,7,4.835906029,25.58901123,18.049,78.263,25.20782471,26.02923584
Telangana,Medchal Malkajgiri,2017,7,4.98351415,25.54253472,17.629,78.48,25.13909912,26.22558594
Telangana,Mulugu,2017,7,10.12094529,27.38360266,18.194,80.073,26.10940552,28.19726563
Telangana,Nagarkurnool,2017,7,4.464052596,26.42441895,16.48,78.32,24.80368042,28.27908325
Telangana,Nalgonda,2017,7,5.861173036,28.0830822,17.0575,79.2673,26.58392334,29.0513916
Telangana,Narayanpet,2017,7,4.714974976,26.32228394,16.744,77.494,25.22747803,27.18441772
Telangana,Nirmal,2017,7,6.233111757,26.59301949,19.097,78.343,25.82470703,27.18441772
Telangana,Nizamabad,2017,7,4.827653151,26.65851369,18.6725,78.094,26.21575928,27.01098633
Telangana,Peddapalli,2017,7,7.317165977,27.75656467,18.614,79.376,27.47732544,27.92892456
Telangana,Rajanna Sircilla,2017,7,5.227608236,26.76799965,18.387,78.832,26.12414551,27.32351685
Telangana,Rangareddy,2017,7,6.150134859,25.55535144,17.246,78.372,24.77423096,26.99298096
Telangana,Sangareddy,2017,7,5.96880634,25.47381253,17.628,78.087,24.85604858,26.26156616
Telangana,Siddipet,2017,7,5.154228904,26.23748148,18.102,78.852,25.35018921,27.24005127
Telangana,Suryapet,2017,7,6.10396932,28.17299889,17.141,79.622,27.4642334,28.79284668
Telangana,Vikarabad,2017,7,7.328802293,25.17093001,17.338,77.904,24.67114258,25.87704468
Telangana,Wanaparthy,2017,7,3.902853648,26.70699904,16.364,78.064,26.01287842,27.38568115
Telangana,Warangal Rural,2017,7,7.829248905,27.4642223,17.9784,79.5941,27.33331299,27.79473877
Telangana,Warangal Urban,2017,7,7.039295543,27.44098511,17.9689,79.5941,27.13534546,27.74075317
Telangana,Yadadri Bhuvanagiri,2017,7,4.961769104,26.88352748,17.582,79.029,25.63980103,27.67202759
Telangana,Adilabad,2017,8,6.808662661,26.11961041,19.664,78.532,25.537323,27.07809448
Telangana,Bhadradri Kothagudem,2017,8,8.57963344,27.17025658,17.5557,80.6191,26.58261108,27.69210815
Telangana,Hyderabad,2017,8,7.544695854,24.97106934,17.385,78.4867,24.86901855,25.07312012
Telangana,Jagtial,2017,8,6.874162757,26.52886493,18.794,78.914,25.8961792,27.00567627
Telangana,Jangoan,2017,8,8.179306928,26.24083348,17.727,79.152,25.54391479,26.78179932
Telangana,Jayashankar Bhupalpally,2017,8,10.97186866,27.00821177,18.438,79.905,26.76699829,27.23120117
Telangana,Jogulamba Gadwal,2017,8,5.715064276,26.91207053,16.234,77.805,26.54641724,27.20651245
Telangana,Kamareddy,2017,8,7.437729899,25.51922607,18.322,78.34,24.94308472,26.24188232
Telangana,Karimnagar,2017,8,8.203099868,26.70497979,18.4386,79.1288,26.41635132,26.94476318
Telangana,Khammam,2017,8,7.574518448,27.32911347,17.2473,80.1514,26.71429443,27.7381897
Telangana,Kumurambheem Asifabad,2017,8,8.440522065,26.63300917,19.363,79.278,25.58673096,27.19168091
Telangana,Mahabubabad,2017,8,8.646421432,26.82857119,17.598,80.002,26.21389771,27.28222656
Telangana,Mahabubnagar,2017,8,6.121252696,25.14866286,16.737,77.987,24.23690796,26.4772644
Telangana,Mancherial,2017,8,9.201637268,26.77748299,18.87,79.46,25.75790405,27.19992065
Telangana,Medak,2017,8,7.549311956,25.14681152,18.049,78.263,24.78671265,25.62786865
Telangana,Medchal Malkajgiri,2017,8,7.32520718,25.09288194,17.629,78.48,24.71261597,25.72827148
Telangana,Mulugu,2017,8,9.642848659,26.79208127,18.194,80.073,25.7661438,27.51925659
Telangana,Nagarkurnool,2017,8,5.775186215,25.86543945,16.48,78.32,24.39987183,27.52090454
Telangana,Nalgonda,2017,8,6.810187668,27.3688736,17.0575,79.2673,25.87313843,28.28964233
Telangana,Narayanpet,2017,8,6.151924896,25.84244385,16.744,77.494,24.72085571,26.72418213
Telangana,Nirmal,2017,8,7.326867768,26.03523636,19.097,78.343,25.31347656,26.5249939
Telangana,Nizamabad,2017,8,6.852875538,26.03925638,18.6725,78.094,25.506073,26.54312134
Telangana,Peddapalli,2017,8,8.851947182,26.96131897,18.614,79.376,26.67810059,27.14724731
Telangana,Rajanna Sircilla,2017,8,7.0106486,25.97221756,18.387,78.832,25.42047119,26.46246338
Telangana,Rangareddy,2017,8,7.675327846,24.98965975,17.246,78.372,24.26159668,26.26986694
Telangana,Sangareddy,2017,8,7.571936974,25.04084439,17.628,78.087,24.4163208,25.75460815
Telangana,Siddipet,2017,8,6.97350057,25.57820498,18.102,78.852,24.88876343,26.40814209
Telangana,Suryapet,2017,8,7.376358032,27.56484038,17.141,79.622,26.887146,28.12503052
Telangana,Vikarabad,2017,8,7.601814024,24.6924207,17.338,77.904,24.1973877,25.32168579
Telangana,Wanaparthy,2017,8,5.471012539,26.26180691,16.364,78.064,25.54556274,26.90197754
Telangana,Warangal Rural,2017,8,9.548006058,26.74985019,17.9784,79.5941,26.60403442,26.9694519
Telangana,Warangal Urban,2017,8,8.925360246,26.64056091,17.9689,79.5941,26.36862183,26.89044189
Telangana,Yadadri Bhuvanagiri,2017,8,6.662671916,26.32235718,17.582,79.029,25.17355347,27.05505371
Telangana,Adilabad,2017,9,4.1576607,26.78599225,19.664,78.532,26.21353149,27.65338135
Telangana,Bhadradri Kothagudem,2017,9,5.201822553,27.81387428,17.5557,80.6191,27.07806396,28.31610107
Telangana,Hyderabad,2017,9,3.82281971,25.40299988,17.385,78.4867,25.31082153,25.49517822
Telangana,Jagtial,2017,9,3.450880299,27.24861497,18.794,78.914,26.49957275,27.8536377
Telangana,Jangoan,2017,9,4.042144327,26.76959389,17.727,79.152,26.09591675,27.21633911
Telangana,Jayashankar Bhupalpally,2017,9,4.210556324,28.06387838,18.438,79.905,27.73126221,28.34152222
Telangana,Jogulamba Gadwal,2017,9,6.642408098,26.58208119,16.234,77.805,26.22622681,26.80947876
Telangana,Kamareddy,2017,9,3.785169474,26.24745447,18.322,78.34,25.63186646,26.87783813
Telangana,Karimnagar,2017,9,3.480544146,27.42055766,18.4386,79.1288,27.09713745,27.75827026
Telangana,Khammam,2017,9,5.810708462,27.71098514,17.2473,80.1514,27.25289917,27.94580078
Telangana,Kumurambheem Asifabad,2017,9,4.752575436,27.49176534,19.363,79.278,26.44555664,28.10314941
Telangana,Mahabubabad,2017,9,5.260661602,27.44968598,17.598,80.002,26.93185425,27.72171021
Telangana,Mahabubnagar,2017,9,5.377891541,25.36400663,16.737,77.987,24.62744141,26.32794189
Telangana,Mancherial,2017,9,3.972407023,27.75057793,18.87,79.46,26.6680603,28.31610107
Telangana,Medak,2017,9,3.548999468,25.8157666,18.049,78.263,25.35214233,26.34542847
Telangana,Medchal Malkajgiri,2017,9,3.885950724,25.52025689,17.629,78.48,25.1725769,26.04187012
Telangana,Mulugu,2017,9,4.437003471,27.76476391,18.194,80.073,26.6060791,28.63552856
Telangana,Nagarkurnool,2017,9,5.331070234,25.92303711,16.48,78.32,24.52893066,27.37686157
Telangana,Nalgonda,2017,9,4.20657949,27.44501877,17.0575,79.2673,26.04983521,28.16671753
Telangana,Narayanpet,2017,9,6.093702698,25.83226318,16.744,77.494,25.11218262,26.41696167
Telangana,Nirmal,2017,9,3.024660977,26.76166534,19.097,78.343,26.15789795,27.29263306
Telangana,Nizamabad,2017,9,3.088770549,26.7304508,18.6725,78.094,26.18173218,27.40228271
Telangana,Peddapalli,2017,9,4.037192094,27.79190911,18.614,79.376,27.40228271,28.13491821
Telangana,Rajanna Sircilla,2017,9,3.589768219,26.6075592,18.387,78.832,26.09274292,27.14324951
Telangana,Rangareddy,2017,9,4.153359913,25.34470572,17.246,78.372,24.6973877,26.41854858
Telangana,Sangareddy,2017,9,3.92105572,25.64448039,17.628,78.087,24.90716553,26.54885864
Telangana,Siddipet,2017,9,3.632873998,26.198339,18.102,78.852,25.41412354,27.09078979
Telangana,Suryapet,2017,9,5.545834351,27.76781385,17.141,79.622,27.24017334,28.05865479
Telangana,Vikarabad,2017,9,4.191814792,25.12236496,17.338,77.904,24.70373535,25.62072754
Telangana,Wanaparthy,2017,9,6.479764303,26.12063768,16.364,78.064,25.56671143,26.61083984
Telangana,Warangal Rural,2017,9,4.348925591,27.50471635,17.9784,79.5941,27.30691528,27.77893066
Telangana,Warangal Urban,2017,9,3.846675526,27.35730896,17.9689,79.5941,27.01928711,27.67562866
Telangana,Yadadri Bhuvanagiri,2017,9,3.713063304,26.61043658,17.582,79.029,25.62072754,27.36096191
Telangana,Adilabad,2017,10,3.703474968,26.08900775,19.664,78.532,25.44348145,27.02877808
Telangana,Bhadradri Kothagudem,2017,10,3.846401487,26.91149115,17.5557,80.6191,26.2512207,27.42715454
Telangana,Hyderabad,2017,10,4.341620445,24.46261597,17.385,78.4867,24.37606812,24.54916382
Telangana,Jagtial,2017,10,3.470818229,26.31067364,18.794,78.914,25.60830688,26.80209351
Telangana,Jangoan,2017,10,4.036692451,25.76586914,17.727,79.152,25.09454346,26.21963501
Telangana,Jayashankar Bhupalpally,2017,10,3.541494516,26.93627421,18.438,79.905,26.58642578,27.19223022
Telangana,Jogulamba Gadwal,2017,10,6.190888904,25.79621194,16.234,77.805,25.45721436,26.18804932
Telangana,Kamareddy,2017,10,3.711141968,25.46864229,18.322,78.34,24.72775269,26.15643311
Telangana,Karimnagar,2017,10,3.81882387,26.33777703,18.4386,79.1288,26.04516602,26.56170654
Telangana,Khammam,2017,10,3.712475116,26.92982446,17.2473,80.1514,26.39135742,27.14141846
Telangana,Kumurambheem Asifabad,2017,10,4.00732092,26.41226535,19.363,79.278,25.41461182,26.81719971
Telangana,Mahabubabad,2017,10,3.572859049,26.57642864,17.598,80.002,26.0479126,26.97381592
Telangana,Mahabubnagar,2017,10,4.474400202,24.54531156,16.737,77.987,23.80596924,25.53140259
Telangana,Mancherial,2017,10,3.776673211,26.56324005,18.87,79.46,25.61657715,27.17849731
Telangana,Medak,2017,10,3.893959363,24.94134277,18.049,78.263,24.38980103,25.82675171
Telangana,Medchal Malkajgiri,2017,10,4.218984816,24.54656982,17.629,78.48,24.19610596,25.04507446
Telangana,Mulugu,2017,10,3.858730419,26.65804476,18.194,80.073,25.40911865,27.559021
Telangana,Nagarkurnool,2017,10,5.220152081,25.05250488,16.48,78.32,23.87741089,26.54244995
Telangana,Nalgonda,2017,10,4.382883541,26.41054344,17.0575,79.2673,25.00524902,27.18811035
Telangana,Narayanpet,2017,10,5.135780334,25.08361969,16.744,77.494,24.37606812,25.6234436
Telangana,Nirmal,2017,10,3.445490519,25.88890457,19.097,78.343,25.09591675,26.42294312
Telangana,Nizamabad,2017,10,3.00424077,26.0040373,18.6725,78.094,25.30334473,26.90100098
Telangana,Peddapalli,2017,10,3.793230559,26.63877869,18.614,79.376,26.31167603,26.97793579
Telangana,Rajanna Sircilla,2017,10,3.609263865,25.66927719,18.387,78.832,25.18383789,26.16741943
Telangana,Rangareddy,2017,10,4.590089707,24.39480368,17.246,78.372,23.88015747,25.34320068
Telangana,Sangareddy,2017,10,3.819713103,24.8871816,17.628,78.087,24.13568115,25.92428589
Telangana,Siddipet,2017,10,4.200787631,25.19852,18.102,78.852,24.44476318,26.07952881
Telangana,Suryapet,2017,10,4.094801839,26.87249545,17.141,79.622,26.2855835,27.14553833
Telangana,Vikarabad,2017,10,4.429554601,24.33201862,17.338,77.904,23.85955811,24.87338257
Telangana,Wanaparthy,2017,10,5.863782247,25.34357198,16.364,78.064,24.73187256,25.92016602
Telangana,Warangal Rural,2017,10,3.488552332,26.4569175,17.9784,79.5941,26.24160767,26.7567749
Telangana,Warangal Urban,2017,10,3.786729986,26.27280273,17.9689,79.5941,25.99847412,26.50811768
Telangana,Yadadri Bhuvanagiri,2017,10,4.128728231,25.60233416,17.582,79.029,24.65493774,26.43667603
Telangana,Adilabad,2017,11,0.156512891,23.86651426,19.664,78.532,23.04138184,25.03921509
Telangana,Bhadradri Kothagudem,2017,11,0.227034995,25.74872023,17.5557,80.6191,25.02609253,26.39575195
Telangana,Hyderabad,2017,11,0.026924301,23.28991699,17.385,78.4867,23.15939331,23.42044067
Telangana,Jagtial,2017,11,0.071474205,24.5109652,18.794,78.914,23.9437561,24.93670654
Telangana,Jangoan,2017,11,0.03996232,24.2130127,17.727,79.152,23.44546509,24.77816772
Telangana,Jayashankar Bhupalpally,2017,11,0.051953517,25.52193705,18.438,79.905,24.84609985,26.17999268
Telangana,Jogulamba Gadwal,2017,11,0.124189956,25.92917148,16.234,77.805,25.44451904,26.67230225
Telangana,Kamareddy,2017,11,0.05448705,23.75697955,18.322,78.34,22.84231567,24.51831055
Telangana,Karimnagar,2017,11,0.037942963,24.63365852,18.4386,79.1288,24.27035522,24.84848022
Telangana,Khammam,2017,11,0.241528756,25.86720536,17.2473,80.1514,25.24304199,26.34448242
Telangana,Kumurambheem Asifabad,2017,11,0.070148262,24.30889893,19.363,79.278,22.79580688,25.46716309
Telangana,Mahabubabad,2017,11,0.119323574,25.16926522,17.598,80.002,24.65298462,25.71389771
Telangana,Mahabubnagar,2017,11,0.140359451,23.87304688,16.737,77.987,22.84112549,25.4826355
Telangana,Mancherial,2017,11,0.052422331,24.82036591,18.87,79.46,23.15103149,25.9284668
Telangana,Medak,2017,11,0.038118556,23.28912598,18.049,78.263,22.8565979,24.43484497
Telangana,Medchal Malkajgiri,2017,11,0.027338902,23.2016432,17.629,78.48,22.79940796,23.86984253
Telangana,Mulugu,2017,11,0.086445486,25.44769122,18.194,80.073,24.06890869,26.6937561
Telangana,Nagarkurnool,2017,11,0.153327906,24.71000488,16.48,78.32,23.45144653,26.43984985
Telangana,Nalgonda,2017,11,0.091679722,25.65663147,17.0575,79.2673,24.06295776,26.92501831
Telangana,Narayanpet,2017,11,0.087597179,24.67534637,16.744,77.494,23.52056885,25.55892944
Telangana,Nirmal,2017,11,0.163675164,23.79499817,19.097,78.343,22.49661255,24.79125977
Telangana,Nizamabad,2017,11,0.09962,24.40863396,18.6725,78.094,23.69937134,25.38369751
Telangana,Peddapalli,2017,11,0.047231078,24.95180088,18.614,79.376,24.49325562,25.50411987
Telangana,Rajanna Sircilla,2017,11,0.05045712,23.95849419,18.387,78.832,23.47290039,24.43484497
Telangana,Rangareddy,2017,11,0.079626157,23.30696515,17.246,78.372,22.55978394,24.5218811
Telangana,Sangareddy,2017,11,0.048030737,23.26544189,17.628,78.087,22.73501587,24.50280762
Telangana,Siddipet,2017,11,0.056707812,23.56763537,18.102,78.852,22.89355469,24.4241333
Telangana,Suryapet,2017,11,0.110110076,25.75858491,17.141,79.622,24.90927124,26.43389893
Telangana,Vikarabad,2017,11,0.10928034,23.18647293,17.338,77.904,22.5645752,23.9163208
Telangana,Wanaparthy,2017,11,0.117556334,25.26828342,16.364,78.064,24.29180908,26.17044067
Telangana,Warangal Rural,2017,11,0.057148799,24.84502342,17.9784,79.5941,24.5302124,25.33126831
Telangana,Warangal Urban,2017,11,0.041375068,24.55834961,17.9689,79.5941,24.30374146,24.7805481
Telangana,Yadadri Bhuvanagiri,2017,11,0.040456915,24.43187605,17.582,79.029,23.18084717,25.27166748
Telangana,Adilabad,2017,12,0.000844078,22.35901249,19.664,78.532,21.72348022,23.23913574
Telangana,Bhadradri Kothagudem,2017,12,0.002434161,23.8619621,17.5557,80.6191,23.05166626,24.48452759
Telangana,Hyderabad,2017,12,0.000844079,21.62245178,17.385,78.4867,21.4909668,21.75393677
Telangana,Jagtial,2017,12,0.000844079,22.75364098,18.794,78.914,22.17636108,23.25863647
Telangana,Jangoan,2017,12,0.001161528,22.28445756,17.727,79.152,21.71862793,22.75463867
Telangana,Jayashankar Bhupalpally,2017,12,0.000844079,23.48364258,18.438,79.905,22.70715332,24.24835205
Telangana,Jogulamba Gadwal,2017,12,0.00264296,24.11527876,16.234,77.805,23.55322266,24.86315918
Telangana,Kamareddy,2017,12,0.000844079,22.32427799,18.322,78.34,21.54940796,23.05895996
Telangana,Karimnagar,2017,12,0.000844079,22.74474759,18.4386,79.1288,22.42593384,22.94940186
Telangana,Khammam,2017,12,0.006102348,24.0521538,17.2473,80.1514,23.22695923,24.71340942
Telangana,Kumurambheem Asifabad,2017,12,0.000844079,22.47049967,19.363,79.278,21.21340942,23.48626709
Telangana,Mahabubabad,2017,12,0.002108917,23.13495294,17.598,80.002,22.77166748,23.56661987
Telangana,Mahabubnagar,2017,12,0.001574874,22.42237267,16.737,77.987,21.46539307,23.90872192
Telangana,Mancherial,2017,12,0.000844079,22.784832,18.87,79.46,21.42156982,23.80279541
Telangana,Medak,2017,12,0.000844079,21.70353027,18.049,78.263,21.2973938,22.67184448
Telangana,Medchal Malkajgiri,2017,12,0.000844079,21.51301744,17.629,78.48,21.18539429,22.06436157
Telangana,Mulugu,2017,12,0.000917006,23.58452214,18.194,80.073,22.27011108,24.86557007
Telangana,Nagarkurnool,2017,12,0.00089499,23.04996582,16.48,78.32,21.88174438,24.50280762
Telangana,Nalgonda,2017,12,0.002038418,23.75665092,17.0575,79.2673,22.35409546,25.27340698
Telangana,Narayanpet,2017,12,0.002463072,23.14254761,16.744,77.494,22.0960083,23.81130981
Telangana,Nirmal,2017,12,0.000844079,22.29403305,19.097,78.343,20.95898438,23.22454834
Telangana,Nizamabad,2017,12,0.000844079,22.89373061,18.6725,78.094,22.21166992,23.53741455
Telangana,Peddapalli,2017,12,0.000844079,22.94163174,18.614,79.376,22.59393311,23.35601807
Telangana,Rajanna Sircilla,2017,12,0.000844079,22.33249283,18.387,78.832,22.01809692,22.69619751
Telangana,Rangareddy,2017,12,0.000876201,21.70995498,17.246,78.372,21.15985107,22.78018188
Telangana,Sangareddy,2017,12,0.001293799,21.80674913,17.628,78.087,21.16592407,22.91409302
Telangana,Siddipet,2017,12,0.000844078,21.89611395,18.102,78.852,21.24020386,22.66210938
Telangana,Suryapet,2017,12,0.002553016,23.84884749,17.141,79.622,22.84591675,24.76452637
Telangana,Vikarabad,2017,12,0.00154042,21.81538759,17.338,77.904,21.17810059,22.59637451
Telangana,Wanaparthy,2017,12,0.001518659,23.66130914,16.364,78.064,22.84835815,24.38348389
Telangana,Warangal Rural,2017,12,0.001097046,22.86712508,17.9784,79.5941,22.65237427,23.25619507
Telangana,Warangal Urban,2017,12,0.000844079,22.61998596,17.9689,79.5941,22.34558105,22.7935791
Telangana,Yadadri Bhuvanagiri,2017,12,0.001518659,22.50840759,17.582,79.029,21.47879028,23.26226807
Telangana,Adilabad,2018,1,0.000817353,22.73693663,19.664,78.532,22.16964722,23.41448975
Telangana,Bhadradri Kothagudem,2018,1,0.00130467,23.94393429,17.5557,80.6191,23.08621216,24.5718689
Telangana,Hyderabad,2018,1,0.000817353,22.10914612,17.385,78.4867,21.95639038,22.26190186
Telangana,Jagtial,2018,1,0.000817353,23.02002892,18.794,78.914,22.38290405,23.36654663
Telangana,Jangoan,2018,1,0.001734656,22.52151489,17.727,79.152,22.02108765,22.91366577
Telangana,Jayashankar Bhupalpally,2018,1,0.000817353,23.39651489,18.438,79.905,22.80822754,24.10101318
Telangana,Jogulamba Gadwal,2018,1,0.000817353,24.17947665,16.234,77.805,23.54147339,24.91812134
Telangana,Kamareddy,2018,1,0.000817353,22.81870584,18.322,78.34,21.95877075,23.64691162
Telangana,Karimnagar,2018,1,0.000817353,23.22125583,18.4386,79.1288,22.98675537,23.47079468
Telangana,Khammam,2018,1,0.002166847,23.96590665,17.2473,80.1514,23.32583618,24.49996948
Telangana,Kumurambheem Asifabad,2018,1,0.000817353,22.68523492,19.363,79.278,21.45678711,23.48278809
Telangana,Mahabubabad,2018,1,0.002401134,23.23592403,17.598,80.002,22.8729248,23.60498047
Telangana,Mahabubnagar,2018,1,0.000857962,22.82602633,16.737,77.987,21.94918823,24.04827881
Telangana,Mancherial,2018,1,0.000817353,22.71235657,18.87,79.46,21.65805054,23.77511597
Telangana,Medak,2018,1,0.000817353,22.21412598,18.049,78.263,21.82580566,22.96517944
Telangana,Medchal Malkajgiri,2018,1,0.000817353,21.90793186,17.629,78.48,21.64248657,22.3901062
Telangana,Mulugu,2018,1,0.000843694,23.51700571,18.194,80.073,22.16604614,24.64254761
Telangana,Nagarkurnool,2018,1,0.001332254,23.5079126,16.48,78.32,22.35177612,24.79708862
Telangana,Nalgonda,2018,1,0.00183992,24.0161972,17.0575,79.2673,22.73394775,25.46685791
Telangana,Narayanpet,2018,1,0.000817353,23.32456665,16.744,77.494,22.63092041,23.75234985
Telangana,Nirmal,2018,1,0.000817353,22.60737419,19.097,78.343,21.1907959,23.28268433
Telangana,Nizamabad,2018,1,0.000817353,23.12073831,18.6725,78.094,22.43203735,23.64810181
Telangana,Peddapalli,2018,1,0.000817353,23.0559828,18.614,79.376,22.90768433,23.2131958
Telangana,Rajanna Sircilla,2018,1,0.000817353,22.82374191,18.387,78.832,22.29904175,23.30664063
Telangana,Rangareddy,2018,1,0.001420698,22.23762177,17.246,78.372,21.78866577,23.21679688
Telangana,Sangareddy,2018,1,0.000817353,22.33475749,17.628,78.087,21.66165161,23.22879028
Telangana,Siddipet,2018,1,0.000846887,22.32011466,18.102,78.852,21.57659912,23.23596191
Telangana,Suryapet,2018,1,0.001791987,23.95148547,17.141,79.622,22.95681763,24.93130493
Telangana,Vikarabad,2018,1,0.000817353,22.39555412,17.338,77.904,21.80422974,23.04428101
Telangana,Wanaparthy,2018,1,0.000817353,23.84261407,16.364,78.064,23.14251709,24.51196289
Telangana,Warangal Rural,2018,1,0.001061011,23.00925099,17.9784,79.5941,22.74832153,23.5043335
Telangana,Warangal Urban,2018,1,0.001083162,22.85796204,17.9689,79.5941,22.59136963,23.03707886
Telangana,Yadadri Bhuvanagiri,2018,1,0.00084984,22.78329686,17.582,79.029,21.78744507,23.5295105
Telangana,Adilabad,2018,2,0.558242552,25.55476518,19.664,78.532,25.02008057,26.29003906
Telangana,Bhadradri Kothagudem,2018,2,0.005317077,26.42855343,17.5557,80.6191,25.5201416,27.11935425
Telangana,Hyderabad,2018,2,0.003503693,24.46246338,17.385,78.4867,24.33682251,24.58810425
Telangana,Jagtial,2018,2,0.059113098,26.12803767,18.794,78.914,25.68847656,26.47323608
Telangana,Jangoan,2018,2,0.005026936,24.89129317,17.727,79.152,24.42843628,25.17852783
Telangana,Jayashankar Bhupalpally,2018,2,0.00323029,26.46188609,18.438,79.905,25.77761841,27.25427246
Telangana,Jogulamba Gadwal,2018,2,0.008266849,25.56442538,16.234,77.805,24.84060669,26.26281738
Telangana,Kamareddy,2018,2,0.219668802,25.20622343,18.322,78.34,24.51629639,25.67611694
Telangana,Karimnagar,2018,2,0.008909712,26.20284695,18.4386,79.1288,25.93603516,26.43609619
Telangana,Khammam,2018,2,0.009635722,25.99611459,17.2473,80.1514,25.56469727,26.37051392
Telangana,Kumurambheem Asifabad,2018,2,0.096695964,25.7865092,19.363,79.278,24.81091309,26.68859863
Telangana,Mahabubabad,2018,2,0.007057926,25.73428239,17.598,80.002,25.14385986,26.16131592
Telangana,Mahabubnagar,2018,2,0.003926816,24.78409518,16.737,77.987,24.00634766,25.60803223
Telangana,Mancherial,2018,2,0.034786589,25.83848763,18.87,79.46,24.82699585,26.69851685
Telangana,Medak,2018,2,0.039596088,24.73118408,18.049,78.263,24.3170166,25.20449829
Telangana,Medchal Malkajgiri,2018,2,0.005929598,24.30588786,17.629,78.48,24.09423828,24.58068848
Telangana,Mulugu,2018,2,0.001733438,26.59002026,18.194,80.073,25.39761353,27.79022217
Telangana,Nagarkurnool,2018,2,0.011177388,25.2734082,16.48,78.32,24.02243042,26.19845581
Telangana,Nalgonda,2018,2,0.013117604,25.91451454,17.0575,79.2673,24.7935791,27.05499268
Telangana,Narayanpet,2018,2,0.004316089,25.10740662,16.744,77.494,24.68093872,25.32458496
Telangana,Nirmal,2018,2,0.253361673,25.48270607,19.097,78.343,24.64505005,26.37051392
Telangana,Nizamabad,2018,2,0.264837485,25.74753346,18.6725,78.094,25.27383423,26.10809326
Telangana,Peddapalli,2018,2,0.010799224,26.10430908,18.614,79.376,25.89520264,26.35192871
Telangana,Rajanna Sircilla,2018,2,0.041990964,25.76159096,18.387,78.832,25.31097412,26.18234253
Telangana,Rangareddy,2018,2,0.005220364,24.41571938,17.246,78.372,24.00881958,25.28250122
Telangana,Sangareddy,2018,2,0.064394352,24.68096924,17.628,78.087,24.06082153,25.46569824
Telangana,Siddipet,2018,2,0.018197601,25.11436725,18.102,78.852,24.15487671,26.08456421
Telangana,Suryapet,2018,2,0.013320148,25.87184301,17.141,79.622,25.18099976,26.60568237
Telangana,Vikarabad,2018,2,0.017638731,24.58938072,17.338,77.904,24.08059692,25.13024902
Telangana,Wanaparthy,2018,2,0.008468337,25.46252102,16.364,78.064,25.02874756,25.93231201
Telangana,Warangal Rural,2018,2,0.002742072,25.64184015,17.9784,79.5941,25.14511108,26.08703613
Telangana,Warangal Urban,2018,2,0.00770415,25.60579529,17.9689,79.5941,25.23544312,26.03259277
Telangana,Yadadri Bhuvanagiri,2018,2,0.007227175,24.96602304,17.582,79.029,24.19943237,25.58822632
Telangana,Adilabad,2018,3,0.190839152,29.91000089,19.664,78.532,29.02182007,31.03488159
Telangana,Bhadradri Kothagudem,2018,3,0.22161821,30.15856146,17.5557,80.6191,29.07833862,30.84838867
Telangana,Hyderabad,2018,3,0.175984576,28.45957947,17.385,78.4867,28.30136108,28.61779785
Telangana,Jagtial,2018,3,0.151095069,30.06713632,18.794,78.914,29.63067627,30.52346802
Telangana,Jangoan,2018,3,0.257699854,28.76634778,17.727,79.152,28.3550415,29.1701355
Telangana,Jayashankar Bhupalpally,2018,3,0.291202545,30.39722697,18.438,79.905,29.80444336,31.0249939
Telangana,Jogulamba Gadwal,2018,3,0.174338,29.34133634,16.234,77.805,28.49206543,30.1194458
Telangana,Kamareddy,2018,3,0.158384514,29.18922335,18.322,78.34,28.49630737,29.7479248
Telangana,Karimnagar,2018,3,0.222508374,30.36950005,18.4386,79.1288,30.05166626,30.63085938
Telangana,Khammam,2018,3,0.163388986,29.34656059,17.2473,80.1514,28.93988037,29.68435669
Telangana,Kumurambheem Asifabad,2018,3,0.227532722,30.06758626,19.363,79.278,28.7364502,30.90631104
Telangana,Mahabubabad,2018,3,0.249291435,29.3931085,17.598,80.002,28.89468384,30.06719971
Telangana,Mahabubnagar,2018,3,0.258770665,28.26500995,16.737,77.987,27.47918701,29.12918091
Telangana,Mancherial,2018,3,0.157048967,29.85577774,18.87,79.46,28.92434692,30.61105347
Telangana,Medak,2018,3,0.133493821,28.63655273,18.049,78.263,28.28863525,29.05288696
Telangana,Medchal Malkajgiri,2018,3,0.152871556,28.27749973,17.629,78.48,28.03155518,28.59378052
Telangana,Mulugu,2018,3,0.361543088,30.39534945,18.194,80.073,29.1701355,31.55331421
Telangana,Nagarkurnool,2018,3,0.472316094,28.87981934,16.48,78.32,27.52722168,29.83834839
Telangana,Nalgonda,2018,3,0.495950793,29.53905296,17.0575,79.2673,28.51748657,30.47262573
Telangana,Narayanpet,2018,3,0.18756547,28.57888184,16.744,77.494,28.13467407,28.82403564
Telangana,Nirmal,2018,3,0.185082306,29.35074806,19.097,78.343,28.47088623,30.11099243
Telangana,Nizamabad,2018,3,0.141519106,29.62664974,18.6725,78.094,29.20263672,30.03894043
Telangana,Peddapalli,2018,3,0.237716675,30.21481662,18.614,79.376,29.90472412,30.48675537
Telangana,Rajanna Sircilla,2018,3,0.173459832,29.81238365,18.387,78.832,29.26055908,30.31442261
Telangana,Rangareddy,2018,3,0.37597797,28.2414789,17.246,78.372,27.64730835,28.97097778
Telangana,Sangareddy,2018,3,0.131498936,28.58711412,17.628,78.087,27.96514893,29.31848145
Telangana,Siddipet,2018,3,0.231785153,29.07501431,18.102,78.852,28.02166748,30.19293213
Telangana,Suryapet,2018,3,0.243860022,29.36860604,17.141,79.622,28.92434692,29.95700073
Telangana,Vikarabad,2018,3,0.202382888,28.21801337,17.338,77.904,27.72921753,28.6333313
Telangana,Wanaparthy,2018,3,0.19306016,29.14919705,16.364,78.064,28.53869629,29.8086853
Telangana,Warangal Rural,2018,3,0.267026395,29.4829268,17.9784,79.5941,28.93423462,30.21551514
Telangana,Warangal Urban,2018,3,0.301872644,29.59338379,17.9689,79.5941,29.06985474,30.1914978
Telangana,Yadadri Bhuvanagiri,2018,3,0.222308191,28.87364197,17.582,79.029,28.1784668,29.50213623
Telangana,Adilabad,2018,4,0.696067195,32.4905229,19.664,78.532,31.48583984,34.04733276
Telangana,Bhadradri Kothagudem,2018,4,0.957558564,31.26653856,17.5557,80.6191,30.01855469,32.12948608
Telangana,Hyderabad,2018,4,0.507255554,30.09243774,17.385,78.4867,29.94833374,30.23654175
Telangana,Jagtial,2018,4,0.401679827,32.47901799,18.794,78.914,31.73306274,32.9604187
Telangana,Jangoan,2018,4,0.656158335,30.62981214,17.727,79.152,30.08731079,31.0864563
Telangana,Jayashankar Bhupalpally,2018,4,0.605682703,32.51649729,18.438,79.905,31.83108521,32.94433594
Telangana,Jogulamba Gadwal,2018,4,0.165336586,31.79104337,16.234,77.805,31.09671021,32.44403076
Telangana,Kamareddy,2018,4,0.645389112,31.21579877,18.322,78.34,30.42816162,32.34307861
Telangana,Karimnagar,2018,4,0.503834332,32.401435,18.4386,79.1288,31.79595947,32.64736938
Telangana,Khammam,2018,4,0.452686897,31.22479397,17.2473,80.1514,30.54519653,31.68624878
Telangana,Kumurambheem Asifabad,2018,4,0.66569916,32.22186957,19.363,79.278,30.92407227,33.08477783
Telangana,Mahabubabad,2018,4,0.976141214,30.80962714,17.598,80.002,30.10778809,31.54141235
Telangana,Mahabubnagar,2018,4,0.431304216,30.10993371,16.737,77.987,29.23153687,31.25030518
Telangana,Mancherial,2018,4,0.358400398,32.41288757,18.87,79.46,31.21957397,32.97357178
Telangana,Medak,2018,4,0.488033692,30.43986816,18.049,78.263,29.98928833,31.13034058
Telangana,Medchal Malkajgiri,2018,4,0.514892949,29.94216241,17.629,78.48,29.73477173,30.33306885
Telangana,Mulugu,2018,4,0.803850535,31.72191063,18.194,80.073,30.04342651,33.00137329
Telangana,Nagarkurnool,2018,4,0.499573906,30.60134033,16.48,78.32,28.97406006,31.68478394
Telangana,Nalgonda,2018,4,0.229341663,31.70018959,17.0575,79.2673,30.24676514,32.40304565
Telangana,Narayanpet,2018,4,0.27203207,30.88985596,16.744,77.494,30.10049438,31.52679443
Telangana,Nirmal,2018,4,0.420173587,31.88049126,19.097,78.343,30.70611572,32.60494995
Telangana,Nizamabad,2018,4,0.43923109,31.97929472,18.6725,78.094,31.24737549,32.59909058
Telangana,Peddapalli,2018,4,0.542180312,32.61802165,18.614,79.376,32.47912598,32.91653442
Telangana,Rajanna Sircilla,2018,4,0.473328082,31.78993034,18.387,78.832,31.15374756,32.37527466
Telangana,Rangareddy,2018,4,0.597865377,29.88286907,17.246,78.372,29.21542358,30.77780151
Telangana,Sangareddy,2018,4,0.636119158,30.49834527,17.628,78.087,29.66162109,31.45950317
Telangana,Siddipet,2018,4,0.595739538,30.68371582,18.102,78.852,29.51239014,32.07830811
Telangana,Suryapet,2018,4,0.302721055,31.54031056,17.141,79.622,31.08938599,32.02856445
Telangana,Vikarabad,2018,4,0.604859383,30.17261795,17.338,77.904,29.54605103,30.85095215
Telangana,Wanaparthy,2018,4,0.237744702,31.14603678,16.364,78.064,30.44863892,31.93054199
Telangana,Warangal Rural,2018,4,0.578057289,31.34233509,17.9784,79.5941,30.91824341,32.32260132
Telangana,Warangal Urban,2018,4,0.661792062,31.53161926,17.9689,79.5941,30.9387207,32.29040527
Telangana,Yadadri Bhuvanagiri,2018,4,0.445525106,30.75747245,17.582,79.029,29.73913574,31.45217896
Telangana,Adilabad,2018,5,0.46878544,35.6681944,19.664,78.532,34.52502441,37.26907349
Telangana,Bhadradri Kothagudem,2018,5,0.929891382,32.8547127,17.5557,80.6191,31.15634155,33.80218506
Telangana,Hyderabad,2018,5,0.580262542,31.83544922,17.385,78.4867,31.72879028,31.94210815
Telangana,Jagtial,2018,5,0.338238675,35.13536189,18.794,78.914,34.34393311,35.63613892
Telangana,Jangoan,2018,5,0.645425067,32.73974609,17.727,79.152,32.23675537,33.12536621
Telangana,Jayashankar Bhupalpally,2018,5,0.820552532,34.72619629,18.438,79.905,33.9694519,35.27090454
Telangana,Jogulamba Gadwal,2018,5,0.942913964,32.44590343,16.234,77.805,31.98199463,32.91049194
Telangana,Kamareddy,2018,5,0.46748333,33.72837201,18.322,78.34,32.70947266,35.16653442
Telangana,Karimnagar,2018,5,0.579537504,34.58973524,18.4386,79.1288,33.88504028,34.99923706
Telangana,Khammam,2018,5,0.716397212,32.75541873,17.2473,80.1514,31.84387207,33.32489014
Telangana,Kumurambheem Asifabad,2018,5,0.520091959,35.20882161,19.363,79.278,33.78527832,35.80804443
Telangana,Mahabubabad,2018,5,1.181665182,32.82583092,17.598,80.002,32.12319946,33.53512573
Telangana,Mahabubnagar,2018,5,1.119250695,31.33104999,16.737,77.987,30.59155273,32.17385864
Telangana,Mancherial,2018,5,0.404965136,34.96788406,18.87,79.46,33.93109131,35.52566528
Telangana,Medak,2018,5,0.547715267,32.53229004,18.049,78.263,31.86843872,33.36938477
Telangana,Medchal Malkajgiri,2018,5,0.603373051,31.84422472,17.629,78.48,31.57836914,32.24749756
Telangana,Mulugu,2018,5,1.222193125,33.78284021,18.194,80.073,32.13546753,34.90255737
Telangana,Nagarkurnool,2018,5,1.039507308,31.70688965,16.48,78.32,29.83648682,32.86907959
Telangana,Nalgonda,2018,5,0.670153508,33.29468536,17.0575,79.2673,31.93902588,33.75918579
Telangana,Narayanpet,2018,5,0.971369171,31.96512451,16.744,77.494,31.42184448,32.55444336
Telangana,Nirmal,2018,5,0.35751467,34.79253769,19.097,78.343,33.5581665,35.46273804
Telangana,Nizamabad,2018,5,0.270660841,34.56785673,18.6725,78.094,33.70855713,35.31231689
Telangana,Peddapalli,2018,5,0.549691853,35.00802951,18.614,79.376,34.69384766,35.51950073
Telangana,Rajanna Sircilla,2018,5,0.447248777,34.10748672,18.387,78.832,33.5289917,34.57107544
Telangana,Rangareddy,2018,5,0.785799208,31.48872785,17.246,78.372,30.62838745,32.49768066
Telangana,Sangareddy,2018,5,0.57342813,32.56821696,17.628,78.087,31.50930786,34.1137085
Telangana,Siddipet,2018,5,0.529419465,32.8463682,18.102,78.852,31.69656372,34.18737793
Telangana,Suryapet,2018,5,0.657451566,33.28179721,17.141,79.622,33.06396484,33.51824951
Telangana,Vikarabad,2018,5,0.920459071,31.75142696,17.338,77.904,31.00439453,32.48999023
Telangana,Wanaparthy,2018,5,0.884893205,31.88412815,16.364,78.064,31.38806152,32.38256836
Telangana,Warangal Rural,2018,5,0.911031544,33.33073841,17.9784,79.5941,32.89974976,34.37463379
Telangana,Warangal Urban,2018,5,0.751140248,33.58394165,17.9689,79.5941,33.06091309,34.34545898
Telangana,Yadadri Bhuvanagiri,2018,5,0.52895724,32.74563163,17.582,79.029,31.86535645,33.33255005
Telangana,Adilabad,2018,6,6.481100267,29.33040919,19.664,78.532,28.43826294,30.65209961
Telangana,Bhadradri Kothagudem,2018,6,6.980704716,29.85177908,17.5557,80.6191,28.82727051,30.50979614
Telangana,Hyderabad,2018,6,3.672077894,27.2522583,17.385,78.4867,27.18267822,27.32183838
Telangana,Jagtial,2018,6,6.179924343,29.53131104,18.794,78.914,28.6802063,30.22988892
Telangana,Jangoan,2018,6,5.187942505,29.21451288,17.727,79.152,28.45407104,29.85354614
Telangana,Jayashankar Bhupalpally,2018,6,6.850981492,30.07373556,18.438,79.905,29.66378784,30.55563354
Telangana,Jogulamba Gadwal,2018,6,3.735294887,28.03997248,16.234,77.805,27.60647583,28.38449097
Telangana,Kamareddy,2018,6,5.762938944,27.96436624,18.322,78.34,27.38034058,28.71655273
Telangana,Karimnagar,2018,6,6.209973055,29.73739963,18.4386,79.1288,29.3949585,29.95632935
Telangana,Khammam,2018,6,4.785871457,30.36858684,17.2473,80.1514,29.43289185,31.12176514
Telangana,Kumurambheem Asifabad,2018,6,7.402305809,29.91270616,19.363,79.278,28.5932312,30.60150146
Telangana,Mahabubabad,2018,6,5.840024948,29.65090837,17.598,80.002,28.93637085,30.33743286
Telangana,Mahabubnagar,2018,6,4.555393855,26.58062275,16.737,77.987,25.73577881,27.63967896
Telangana,Mancherial,2018,6,6.999530368,29.96284866,18.87,79.46,28.65963745,30.55249023
Telangana,Medak,2018,6,4.150348663,27.57484863,18.049,78.263,27.23327637,28.12039185
Telangana,Medchal Malkajgiri,2018,6,3.72809177,27.60699802,17.629,78.48,27.12258911,28.37182617
Telangana,Mulugu,2018,6,7.106570682,29.52675979,18.194,80.073,28.21054077,30.32318115
Telangana,Nagarkurnool,2018,6,3.809803801,27.66776855,16.48,78.32,25.85437012,30.14767456
Telangana,Nalgonda,2018,6,2.992983458,30.25343704,17.0575,79.2673,28.215271,31.59457397
Telangana,Narayanpet,2018,6,5.158127975,26.9543335,16.744,77.494,26.07733154,27.68237305
Telangana,Nirmal,2018,6,6.730697169,28.77482796,19.097,78.343,28.25640869,29.54992676
Telangana,Nizamabad,2018,6,6.361814841,28.60080315,18.6725,78.094,28.13778687,29.08343506
Telangana,Peddapalli,2018,6,6.816889713,30.09627279,18.614,79.376,29.73019409,30.36431885
Telangana,Rajanna Sircilla,2018,6,6.219317627,28.84801483,18.387,78.832,28.11248779,29.4392395
Telangana,Rangareddy,2018,6,3.897128151,27.04842321,17.246,78.372,25.81958008,28.5932312
Telangana,Sangareddy,2018,6,4.963157458,27.15031094,17.628,78.087,26.11688232,27.99865723
Telangana,Siddipet,2018,6,4.461128928,28.50575835,18.102,78.852,27.48947144,29.44396973
Telangana,Suryapet,2018,6,3.962946065,30.79595105,17.141,79.622,29.92944336,31.55187988
Telangana,Vikarabad,2018,6,5.1463879,26.22003384,17.338,77.904,25.82116699,26.74780273
Telangana,Wanaparthy,2018,6,4.483680725,27.50263638,16.364,78.064,26.89331055,28.08087158
Telangana,Warangal Rural,2018,6,6.218891144,29.63560347,17.9784,79.5941,29.46453857,29.9927063
Telangana,Warangal Urban,2018,6,6.055581526,29.66346436,17.9689,79.5941,29.34909058,29.91522217
Telangana,Yadadri Bhuvanagiri,2018,6,3.803650411,29.16317749,17.582,79.029,27.87054443,30.00534058
Telangana,Adilabad,2018,7,12.90660637,25.76548813,19.664,78.532,25.20855713,26.63668823
Telangana,Bhadradri Kothagudem,2018,7,14.72355543,27.01736155,17.5557,80.6191,26.33798218,27.49453735
Telangana,Hyderabad,2018,7,6.234819412,24.87547302,17.385,78.4867,24.78201294,24.96893311
Telangana,Jagtial,2018,7,9.855688344,26.39664401,18.794,78.914,25.79962158,26.9354248
Telangana,Jangoan,2018,7,9.868278952,26.3304877,17.727,79.152,25.58395386,26.92904663
Telangana,Jayashankar Bhupalpally,2018,7,13.39820979,26.9347585,18.438,79.905,26.64309692,27.13510132
Telangana,Jogulamba Gadwal,2018,7,4.259546916,26.6448281,16.234,77.805,26.26928711,26.95458984
Telangana,Kamareddy,2018,7,8.19351298,25.311168,18.322,78.34,24.74688721,25.94338989
Telangana,Karimnagar,2018,7,9.626276353,26.71994358,18.4386,79.1288,26.39868164,26.92904663
Telangana,Khammam,2018,7,11.47034474,27.45113615,17.2473,80.1514,26.63668823,28.09518433
Telangana,Kumurambheem Asifabad,2018,7,17.29351312,26.3856269,19.363,79.278,25.381073,26.81082153
Telangana,Mahabubabad,2018,7,13.90152359,26.841176,17.598,80.002,26.15905762,27.47695923
Telangana,Mahabubnagar,2018,7,5.286656062,24.96358783,16.737,77.987,24.05838013,26.21817017
Telangana,Mancherial,2018,7,14.63097297,26.65961456,18.87,79.46,25.54241943,27.08718872
Telangana,Medak,2018,7,7.338188807,24.98273438,18.049,78.263,24.67181396,25.37948608
Telangana,Medchal Malkajgiri,2018,7,6.366494073,25.04721069,17.629,78.48,24.61907959,25.73413086
Telangana,Mulugu,2018,7,13.82578834,26.59641575,18.194,80.073,25.43380737,27.33798218
Telangana,Nagarkurnool,2018,7,4.903885751,25.86195313,16.48,78.32,24.21652222,27.83480835
Telangana,Nalgonda,2018,7,5.65493074,27.76763725,17.0575,79.2673,26.10153198,28.92269897
Telangana,Narayanpet,2018,7,5.11508255,25.48563232,16.744,77.494,24.39862061,26.30441284
Telangana,Nirmal,2018,7,10.51292096,25.75668716,19.097,78.343,25.08874512,26.32839966
Telangana,Nizamabad,2018,7,8.410943447,25.79999497,18.6725,78.094,25.40664673,26.19100952
Telangana,Peddapalli,2018,7,11.24308697,26.92237854,18.614,79.376,26.6335144,27.09518433
Telangana,Rajanna Sircilla,2018,7,8.280836487,25.97913933,18.387,78.832,25.36190796,26.50570679
Telangana,Rangareddy,2018,7,5.795504615,24.94945247,17.246,78.372,24.05838013,26.51370239
Telangana,Sangareddy,2018,7,7.020238632,24.82928467,17.628,78.087,24.10150146,25.52963257
Telangana,Siddipet,2018,7,7.875115597,25.6026906,18.102,78.852,24.82354736,26.45300293
Telangana,Suryapet,2018,7,8.031782023,27.9483369,17.141,79.622,27.05203247,28.64471436
Telangana,Vikarabad,2018,7,6.836794946,24.36360116,17.338,77.904,23.97210693,24.86990356
Telangana,Wanaparthy,2018,7,4.638701545,26.04261441,16.364,78.064,25.35232544,26.67663574
Telangana,Warangal Rural,2018,7,12.76513195,26.75410878,17.9784,79.5941,26.60635376,26.9593811
Telangana,Warangal Urban,2018,7,11.23532937,26.69452209,17.9689,79.5941,26.44659424,26.90505981
Telangana,Yadadri Bhuvanagiri,2018,7,7.041920471,26.38480922,17.582,79.029,25.16543579,27.24053955
Telangana,Adilabad,2018,8,8.843661401,25.33419522,19.664,78.532,24.77633667,26.18786621
Telangana,Bhadradri Kothagudem,2018,8,13.2712653,26.52510711,17.5557,80.6191,25.81863403,27.00427246
Telangana,Hyderabad,2018,8,7.182974815,24.37672424,17.385,78.4867,24.29180908,24.4616394
Telangana,Jagtial,2018,8,8.468141639,26.0220736,18.794,78.914,25.41043091,26.58673096
Telangana,Jangoan,2018,8,9.38441557,25.94540887,17.727,79.152,25.17675781,26.51037598
Telangana,Jayashankar Bhupalpally,2018,8,13.50799561,26.51583608,18.438,79.905,26.09750366,26.70046997
Telangana,Jogulamba Gadwal,2018,8,6.28199986,26.05948708,16.234,77.805,25.70178223,26.31719971
Telangana,Kamareddy,2018,8,10.78315226,24.99074779,18.322,78.34,24.40087891,25.63168335
Telangana,Karimnagar,2018,8,9.402277329,26.3285319,18.4386,79.1288,26.01806641,26.54776001
Telangana,Khammam,2018,8,10.79689222,26.88692121,17.2473,80.1514,26.13491821,27.40466309
Telangana,Kumurambheem Asifabad,2018,8,10.28332932,26.00022719,19.363,79.278,25.02719116,26.39196777
Telangana,Mahabubabad,2018,8,12.09117699,26.40637628,17.598,80.002,25.71582031,26.94818115
Telangana,Mahabubnagar,2018,8,6.041919708,24.43640137,16.737,77.987,23.58914185,25.64569092
Telangana,Mancherial,2018,8,10.27308231,26.28837013,18.87,79.46,25.20635986,26.70825195
Telangana,Medak,2018,8,9.57502683,24.63307129,18.049,78.263,24.25442505,25.09417725
Telangana,Medchal Malkajgiri,2018,8,7.443639967,24.56272719,17.629,78.48,24.17184448,25.20947266
Telangana,Mulugu,2018,8,15.69951238,26.09524124,18.194,80.073,24.85424805,26.859375
Telangana,Nagarkurnool,2018,8,6.078407144,25.2302124,16.48,78.32,23.62966919,27.08996582
Telangana,Nalgonda,2018,8,7.561533443,27.08342743,17.0575,79.2673,25.46963501,28.059021
Telangana,Narayanpet,2018,8,6.018457031,24.9505249,16.744,77.494,23.96618652,25.71582031
Telangana,Nirmal,2018,8,9.692495635,25.37616348,19.097,78.343,24.71557617,25.9588623
Telangana,Nizamabad,2018,8,10.50751984,25.44059484,18.6725,78.094,25.02719116,25.81552124
Telangana,Peddapalli,2018,8,9.990036814,26.58213298,18.614,79.376,26.27200317,26.77990723
Telangana,Rajanna Sircilla,2018,8,8.608845011,25.59603691,18.387,78.832,24.99603271,26.11309814
Telangana,Rangareddy,2018,8,6.805366153,24.41511945,17.246,78.372,23.59851074,25.86227417
Telangana,Sangareddy,2018,8,8.127194136,24.47828844,17.628,78.087,23.76052856,25.2328186
Telangana,Siddipet,2018,8,8.578051018,25.20226209,18.102,78.852,24.39151001,26.05856323
Telangana,Suryapet,2018,8,9.534613037,27.29963421,17.141,79.622,26.60540771,27.84246826
Telangana,Vikarabad,2018,8,6.699550506,23.95732169,17.338,77.904,23.52838135,24.46786499
Telangana,Wanaparthy,2018,8,6.158412086,25.47414992,16.364,78.064,24.80126953,26.09594727
Telangana,Warangal Rural,2018,8,12.12277794,26.35337691,17.9784,79.5941,26.16296387,26.56491089
Telangana,Warangal Urban,2018,8,10.64068118,26.30083008,17.9689,79.5941,26.06323242,26.51037598
Telangana,Yadadri Bhuvanagiri,2018,8,7.765970866,25.90894427,17.582,79.029,24.70779419,26.76589966
Telangana,Adilabad,2018,9,2.584828284,26.30115486,19.664,78.532,25.72402954,27.12380981
Telangana,Bhadradri Kothagudem,2018,9,6.688751766,27.28824935,17.5557,80.6191,26.55001831,27.79217529
Telangana,Hyderabad,2018,9,2.441916466,25.21961975,17.385,78.4867,25.09036255,25.34887695
Telangana,Jagtial,2018,9,4.321128182,26.80811955,18.794,78.914,26.12127686,27.32873535
Telangana,Jangoan,2018,9,3.21119286,26.51932887,17.727,79.152,25.88009644,27.01660156
Telangana,Jayashankar Bhupalpally,2018,9,6.266379723,27.39026896,18.438,79.905,27.09228516,27.64715576
Telangana,Jogulamba Gadwal,2018,9,2.511520204,26.99017889,16.234,77.805,26.44442749,27.4564209
Telangana,Kamareddy,2018,9,1.82144165,26.06224868,18.322,78.34,25.36462402,26.83850098
Telangana,Karimnagar,2018,9,4.246395784,26.91652256,18.4386,79.1288,26.60205078,27.16635132
Telangana,Khammam,2018,9,4.428179619,27.54022366,17.2473,80.1514,26.82904053,27.91040039
Telangana,Kumurambheem Asifabad,2018,9,4.404428431,26.84987725,19.363,79.278,25.85171509,27.35079956
Telangana,Mahabubabad,2018,9,4.882902145,27.09651552,17.598,80.002,26.42706299,27.54626465
Telangana,Mahabubnagar,2018,9,2.316157818,25.2990394,16.737,77.987,24.35263062,26.67297363
Telangana,Mancherial,2018,9,6.451643626,27.10730362,18.87,79.46,26.11181641,27.6361084
Telangana,Medak,2018,9,2.300894101,25.53512695,18.049,78.263,25.0241394,26.32461548
Telangana,Medchal Malkajgiri,2018,9,2.625406053,25.29439969,17.629,78.48,24.88858032,25.91003418
Telangana,Mulugu,2018,9,6.449283084,27.01512517,18.194,80.073,25.6940918,27.92456055
Telangana,Nagarkurnool,2018,9,3.019693051,26.16653809,16.48,78.32,24.5670166,27.98764038
Telangana,Nalgonda,2018,9,2.936980451,27.62879181,17.0575,79.2673,26.05505371,28.54721069
Telangana,Narayanpet,2018,9,2.197453308,25.75201416,16.744,77.494,24.79241943,26.60205078
Telangana,Nirmal,2018,9,2.190288428,26.36692429,19.097,78.343,25.54116821,26.8637085
Telangana,Nizamabad,2018,9,1.647789393,26.51038495,18.6725,78.094,25.81072998,27.12539673
Telangana,Peddapalli,2018,9,6.535651759,27.20752462,18.614,79.376,26.8432312,27.48477173
Telangana,Rajanna Sircilla,2018,9,3.069348399,26.29939461,18.387,78.832,25.78393555,26.79434204
Telangana,Rangareddy,2018,9,2.767972129,25.20900522,17.246,78.372,24.3888855,26.52636719
Telangana,Sangareddy,2018,9,2.096823668,25.32286411,17.628,78.087,24.42831421,26.34036255
Telangana,Siddipet,2018,9,2.950059833,25.94907142,18.102,78.852,25.14709473,26.74075317
Telangana,Suryapet,2018,9,3.565669759,27.75406199,17.141,79.622,27.10647583,28.24456787
Telangana,Vikarabad,2018,9,2.482805806,24.75927734,17.338,77.904,24.33529663,25.27792358
Telangana,Wanaparthy,2018,9,2.568729613,26.4416097,16.364,78.064,25.73348999,26.98352051
Telangana,Warangal Rural,2018,9,4.375914574,27.04635343,17.9784,79.5941,26.88104248,27.31140137
Telangana,Warangal Urban,2018,9,3.793597135,26.92046204,17.9689,79.5941,26.66983032,27.12695313
Telangana,Yadadri Bhuvanagiri,2018,9,2.564707947,26.51568386,17.582,79.029,25.38986206,27.27984619
Telangana,Adilabad,2018,10,0.098129703,26.88454368,19.664,78.532,26.171875,27.95077515
Telangana,Bhadradri Kothagudem,2018,10,0.557207584,27.22544812,17.5557,80.6191,26.4083252,27.86038208
Telangana,Hyderabad,2018,10,1.063496709,25.36727905,17.385,78.4867,25.20108032,25.53347778
Telangana,Jagtial,2018,10,0.170762653,26.87490375,18.794,78.914,26.03695679,27.37496948
Telangana,Jangoan,2018,10,0.433878113,26.2188014,17.727,79.152,25.57797241,26.80053711
Telangana,Jayashankar Bhupalpally,2018,10,0.423726045,27.40973409,18.438,79.905,26.71847534,27.82977295
Telangana,Jogulamba Gadwal,2018,10,1.130853199,27.58877286,16.234,77.805,27.13574219,28.08428955
Telangana,Kamareddy,2018,10,0.326474253,26.51087862,18.322,78.34,25.47644043,27.92156982
Telangana,Karimnagar,2018,10,0.309564843,26.71353658,18.4386,79.1288,26.48620605,26.87704468
Telangana,Khammam,2018,10,0.566938987,27.23943943,17.2473,80.1514,26.52655029,27.60446167
Telangana,Kumurambheem Asifabad,2018,10,0.109676619,27.31639438,19.363,79.278,26.06060791,27.97442627
Telangana,Mahabubabad,2018,10,0.528748691,26.82999394,17.598,80.002,26.30679321,27.25396729
Telangana,Mahabubnagar,2018,10,1.253816048,25.66881855,16.737,77.987,24.56546021,27.23587036
Telangana,Mancherial,2018,10,0.170036104,27.25370216,18.87,79.46,26.1663208,27.99526978
Telangana,Medak,2018,10,0.641632001,25.49058105,18.049,78.263,24.86309814,26.80471802
Telangana,Medchal Malkajgiri,2018,10,0.86337116,25.26133219,17.629,78.48,24.82553101,25.9201355
Telangana,Mulugu,2018,10,0.549249701,27.1056667,18.194,80.073,25.6836853,28.25396729
Telangana,Nagarkurnool,2018,10,1.420460251,26.42164551,16.48,78.32,24.74209595,28.19555664
Telangana,Nalgonda,2018,10,0.603293184,27.61008072,17.0575,79.2673,26.05783081,28.82006836
Telangana,Narayanpet,2018,10,1.157995987,26.32591553,16.744,77.494,25.08004761,27.32211304
Telangana,Nirmal,2018,10,0.092305523,26.95288467,19.097,78.343,25.72958374,27.74771118
Telangana,Nizamabad,2018,10,0.160622523,27.29400635,18.6725,78.094,25.95074463,28.16497803
Telangana,Peddapalli,2018,10,0.317196871,27.11170451,18.614,79.376,26.72265625,27.51681519
Telangana,Rajanna Sircilla,2018,10,0.241701063,26.17388153,18.387,78.832,25.81027222,26.65032959
Telangana,Rangareddy,2018,10,1.174194699,25.32515363,17.246,78.372,24.59466553,26.58496094
Telangana,Sangareddy,2018,10,0.707334763,25.64064874,17.628,78.087,24.74765015,26.91598511
Telangana,Siddipet,2018,10,0.490846518,25.69961443,18.102,78.852,24.97573853,26.55993652
Telangana,Suryapet,2018,10,0.388753351,27.43409887,17.141,79.622,26.87841797,28.12045288
Telangana,Vikarabad,2018,10,1.128957072,25.03195717,17.338,77.904,24.51119995,25.80886841
Telangana,Wanaparthy,2018,10,1.354679426,26.76391771,16.364,78.064,26.07589722,27.55020142
Telangana,Warangal Rural,2018,10,0.567285359,26.68149913,17.9784,79.5941,26.46395874,27.01473999
Telangana,Warangal Urban,2018,10,0.426442406,26.54337769,17.9689,79.5941,26.28314209,26.7852478
Telangana,Yadadri Bhuvanagiri,2018,10,0.609932073,26.45248413,17.582,79.029,25.25390625,27.21084595
Telangana,Adilabad,2018,11,0.049369774,25.52022298,19.664,78.532,24.76473999,26.54864502
Telangana,Bhadradri Kothagudem,2018,11,0.156319533,26.30691233,17.5557,80.6191,25.36422729,27.0484314
Telangana,Hyderabad,2018,11,0.166065976,24.519104,17.385,78.4867,24.38656616,24.65164185
Telangana,Jagtial,2018,11,0.027665628,25.42925086,18.794,78.914,24.85107422,25.88592529
Telangana,Jangoan,2018,11,0.183674237,25.02733893,17.727,79.152,24.49966431,25.56243896
Telangana,Jayashankar Bhupalpally,2018,11,0.060595833,26.10195923,18.438,79.905,25.25479126,26.82711792
Telangana,Jogulamba Gadwal,2018,11,0.240934826,26.43571888,16.234,77.805,25.6086731,26.7869873
Telangana,Kamareddy,2018,11,0.078183873,25.37980383,18.322,78.34,24.47412109,26.49755859
Telangana,Karimnagar,2018,11,0.052473215,25.65899489,18.4386,79.1288,25.27304077,25.9236145
Telangana,Khammam,2018,11,0.260035124,26.42517388,17.2473,80.1514,25.69622803,27.0484314
Telangana,Kumurambheem Asifabad,2018,11,0.047723235,25.65605333,19.363,79.278,24.13604736,26.57781982
Telangana,Mahabubabad,2018,11,0.208323032,25.51901561,17.598,80.002,25.0675354,25.99414063
Telangana,Mahabubnagar,2018,11,0.302909573,24.73032086,16.737,77.987,23.80651855,26.17776489
Telangana,Mancherial,2018,11,0.032081445,25.61155319,18.87,79.46,24.34765625,26.59851074
Telangana,Medak,2018,11,0.091702998,24.56142578,18.049,78.263,24.11053467,25.60256958
Telangana,Medchal Malkajgiri,2018,11,0.155259079,24.37102593,17.629,78.48,24.03027344,24.90216064
Telangana,Mulugu,2018,11,0.108208953,26.05500587,18.194,80.073,24.57989502,27.41201782
Telangana,Nagarkurnool,2018,11,0.377498267,25.07933105,16.48,78.32,23.33590698,26.42703247
Telangana,Nalgonda,2018,11,0.353422759,26.4525795,17.0575,79.2673,24.96051025,27.57131958
Telangana,Narayanpet,2018,11,0.253412962,25.49265289,16.744,77.494,24.44250488,26.35528564
Telangana,Nirmal,2018,11,0.037213055,25.32836914,19.097,78.343,23.81018066,26.2069397
Telangana,Nizamabad,2018,11,0.042799565,26.04181626,18.6725,78.094,24.95809937,26.64349365
Telangana,Peddapalli,2018,11,0.034809404,25.73992411,18.614,79.376,25.42138672,26.01116943
Telangana,Rajanna Sircilla,2018,11,0.045259567,25.2601223,18.387,78.832,24.83770752,25.74121094
Telangana,Rangareddy,2018,11,0.21930606,24.35126626,17.246,78.372,23.76760864,25.41775513
Telangana,Sangareddy,2018,11,0.126575201,24.64125061,17.628,78.087,23.95245361,25.82998657
Telangana,Siddipet,2018,11,0.119852904,24.85078798,18.102,78.852,23.9548645,25.74972534
Telangana,Suryapet,2018,11,0.340130424,26.45337756,17.141,79.622,25.67190552,27.21017456
Telangana,Vikarabad,2018,11,0.182118939,24.30148421,17.338,77.904,23.77856445,25.04443359
Telangana,Wanaparthy,2018,11,0.262488683,25.67770555,16.364,78.064,24.96417236,26.43069458
Telangana,Warangal Rural,2018,11,0.179522127,25.34295932,17.9784,79.5941,25.12832642,25.67553711
Telangana,Warangal Urban,2018,11,0.126834934,25.32241516,17.9689,79.5941,25.11251831,25.48950195
Telangana,Yadadri Bhuvanagiri,2018,11,0.205537383,25.34157235,17.582,79.029,24.2479248,26.14007568
Telangana,Adilabad,2018,12,0.300942482,21.54238059,19.664,78.532,20.96582031,22.22177124
Telangana,Bhadradri Kothagudem,2018,12,1.287069866,23.47208331,17.5557,80.6191,22.56924438,24.24505615
Telangana,Hyderabad,2018,12,0.182389528,21.96539307,17.385,78.4867,21.85983276,22.07095337
Telangana,Jagtial,2018,12,0.495362862,22.12734751,18.794,78.914,21.6607666,22.48117065
Telangana,Jangoan,2018,12,0.590301065,22.19453992,17.727,79.152,21.6137085,22.77435303
Telangana,Jayashankar Bhupalpally,2018,12,1.703590393,22.52626546,18.438,79.905,22.19039917,22.96737671
Telangana,Jogulamba Gadwal,2018,12,0.031840793,24.82065374,16.234,77.805,24.40551758,25.19091797
Telangana,Kamareddy,2018,12,0.526732953,22.06518196,18.322,78.34,21.36999512,22.89379883
Telangana,Karimnagar,2018,12,0.693206563,22.48049927,18.4386,79.1288,22.1590271,22.68988037
Telangana,Khammam,2018,12,1.553656945,23.69592285,17.2473,80.1514,22.97705078,24.26797485
Telangana,Kumurambheem Asifabad,2018,12,0.866518794,21.69186062,19.363,79.278,20.75830078,22.24710083
Telangana,Mahabubabad,2018,12,1.547252655,22.69417598,17.598,80.002,22.1373291,23.25091553
Telangana,Mahabubnagar,2018,12,0.097269108,22.78701547,16.737,77.987,21.77416992,24.45016479
Telangana,Mancherial,2018,12,1.106467141,21.96162796,18.87,79.46,21.09130859,22.5632019
Telangana,Medak,2018,12,0.659696738,21.63378906,18.049,78.263,21.29760742,22.21817017
Telangana,Medchal Malkajgiri,2018,12,0.222580804,21.69052124,17.629,78.48,21.38809204,22.11682129
Telangana,Mulugu,2018,12,1.505976497,22.74845763,18.194,80.073,21.72952271,23.70211792
Telangana,Nagarkurnool,2018,12,0.251051777,23.01562012,16.48,78.32,21.69815063,24.38137817
Telangana,Nalgonda,2018,12,0.573992495,23.75536919,17.0575,79.2673,22.40878296,24.73971558
Telangana,Narayanpet,2018,12,0.084879184,23.58420105,16.744,77.494,22.37380981,24.42120361
Telangana,Nirmal,2018,12,0.233646075,21.87649536,19.097,78.343,20.56164551,22.51858521
Telangana,Nizamabad,2018,12,0.327619455,22.37946993,18.6725,78.094,21.58837891,22.99755859
Telangana,Peddapalli,2018,12,1.146618893,22.3199039,18.614,79.376,22.22418213,22.46548462
Telangana,Rajanna Sircilla,2018,12,0.445678171,22.06183815,18.387,78.832,21.56182861,22.63800049
Telangana,Rangareddy,2018,12,0.213406495,21.94608214,17.246,78.372,21.56906128,22.89016724
Telangana,Sangareddy,2018,12,0.437928126,21.85812717,17.628,78.087,21.46170044,22.38223267
Telangana,Siddipet,2018,12,0.541614532,21.73768563,18.102,78.852,21.15524292,22.55596924
Telangana,Suryapet,2018,12,1.032756933,23.76017182,17.141,79.622,22.89016724,24.53582764
Telangana,Vikarabad,2018,12,0.196383338,22.12039079,17.338,77.904,21.56546021,22.88775635
Telangana,Wanaparthy,2018,12,0.038573394,24.10328844,16.364,78.064,23.3039856,24.76626587
Telangana,Warangal Rural,2018,12,1.275518894,22.39271407,17.9784,79.5941,22.17111206,22.76470947
Telangana,Warangal Urban,2018,12,0.878799959,22.30803833,17.9689,79.5941,22.16146851,22.4437561
Telangana,Yadadri Bhuvanagiri,2018,12,0.385562865,22.52223424,17.582,79.029,21.46170044,23.28952026
Telangana,Adilabad,2019,1,0.338556567,21.53898297,19.664,78.532,21.06390381,22.04763794
Telangana,Bhadradri Kothagudem,2019,1,0.980636597,22.8970967,17.5557,80.6191,21.83276367,23.94805908
Telangana,Hyderabad,2019,1,0.725662112,21.26760864,17.385,78.4867,21.16699219,21.3682251
Telangana,Jagtial,2019,1,0.416550097,21.73783053,18.794,78.914,21.41168213,22.03646851
Telangana,Jangoan,2019,1,1.357819277,21.50386288,17.727,79.152,21.13592529,21.88989258
Telangana,Jayashankar Bhupalpally,2019,1,1.246852728,21.60581462,18.438,79.905,21.24398804,22.1730957
Telangana,Jogulamba Gadwal,2019,1,0.499636605,23.34054843,16.234,77.805,22.85501099,23.79650879
Telangana,Kamareddy,2019,1,0.238345877,21.7811746,18.322,78.34,21.07879639,22.52212524
Telangana,Karimnagar,2019,1,0.89961568,21.9558631,18.4386,79.1288,21.61663818,22.22525024
Telangana,Khammam,2019,1,0.94220049,22.84761308,17.2473,80.1514,22.1159668,23.46362305
Telangana,Kumurambheem Asifabad,2019,1,0.591559384,21.3812188,19.363,79.278,20.82293701,22.03768921
Telangana,Mahabubabad,2019,1,1.524564147,21.85849736,17.598,80.002,21.49490356,22.28613281
Telangana,Mahabubnagar,2019,1,0.701229731,21.9707266,16.737,77.987,21.08874512,23.19284058
Telangana,Mancherial,2019,1,0.777557214,21.1875267,18.87,79.46,20.68878174,21.55575562
Telangana,Medak,2019,1,0.36952579,21.21314941,18.049,78.263,20.8626709,21.72592163
Telangana,Medchal Malkajgiri,2019,1,0.745467769,21.05299208,17.629,78.48,20.86019897,21.39801025
Telangana,Mulugu,2019,1,1.467728692,22.07154145,18.194,80.073,21.15209961,23.09100342
Telangana,Nagarkurnool,2019,1,0.833285206,22.30378418,16.48,78.32,21.16326904,23.25372314
Telangana,Nalgonda,2019,1,1.220542407,22.9205246,17.0575,79.2673,21.74331665,24.02258301
Telangana,Narayanpet,2019,1,0.577168512,22.52249451,16.744,77.494,21.67251587,22.98791504
Telangana,Nirmal,2019,1,0.186688871,21.59209824,19.097,78.343,20.60058594,21.99298096
Telangana,Nizamabad,2019,1,0.260042191,22.05370376,18.6725,78.094,21.38809204,22.59292603
Telangana,Peddapalli,2019,1,0.976505079,21.53320482,18.614,79.376,21.23779297,21.89733887
Telangana,Rajanna Sircilla,2019,1,0.398187192,21.70474243,18.387,78.832,21.30236816,22.2376709
Telangana,Rangareddy,2019,1,0.892734528,21.25872356,17.246,78.372,20.82913208,22.1730957
Telangana,Sangareddy,2019,1,0.298329769,21.3665195,17.628,78.087,20.87759399,22.03274536
Telangana,Siddipet,2019,1,0.763295838,21.3787463,18.102,78.852,20.71237183,22.18054199
Telangana,Suryapet,2019,1,1.743444951,22.78493105,17.141,79.622,21.93460083,23.6847229
Telangana,Vikarabad,2019,1,0.466313977,21.45999882,17.338,77.904,20.93719482,22.02279663
Telangana,Wanaparthy,2019,1,0.545354949,22.87177192,16.364,78.064,22.33703613,23.32202148
Telangana,Warangal Rural,2019,1,1.65326035,21.51551403,17.9784,79.5941,21.23156738,21.89733887
Telangana,Warangal Urban,2019,1,1.612577092,21.59042358,17.9689,79.5941,21.48123169,21.72219849
Telangana,Yadadri Bhuvanagiri,2019,1,1.135671488,21.73498535,17.582,79.029,20.90490723,22.39541626
Telangana,Adilabad,2019,2,0.110001403,25.37696792,19.664,78.532,24.83053589,26.06103516
Telangana,Bhadradri Kothagudem,2019,2,0.159870659,26.32404943,17.5557,80.6191,25.25466919,27.30880737
Telangana,Hyderabad,2019,2,0.021098627,24.69552612,17.385,78.4867,24.59750366,24.79354858
Telangana,Jagtial,2019,2,0.037432282,25.63420222,18.794,78.914,25.30645752,26.05859375
Telangana,Jangoan,2019,2,0.130670211,24.82313297,17.727,79.152,24.43966675,25.26947021
Telangana,Jayashankar Bhupalpally,2019,2,0.117706244,25.65940603,18.438,79.905,25.1449585,26.17941284
Telangana,Jogulamba Gadwal,2019,2,0.008973698,26.92491843,16.234,77.805,26.50860596,27.44198608
Telangana,Kamareddy,2019,2,0.017759301,25.6058583,18.322,78.34,24.90203857,26.28173828
Telangana,Karimnagar,2019,2,0.055474025,25.7842475,18.4386,79.1288,25.4125061,26.00802612
Telangana,Khammam,2019,2,0.109103741,26.24930331,17.2473,80.1514,25.63568115,26.83782959
Telangana,Kumurambheem Asifabad,2019,2,0.121729619,25.32047187,19.363,79.278,24.59997559,25.8107605
Telangana,Mahabubabad,2019,2,0.12127836,25.30680479,17.598,80.002,24.92547607,25.68005371
Telangana,Mahabubnagar,2019,2,0.00914141,25.3262869,16.737,77.987,24.41009521,26.65658569
Telangana,Mancherial,2019,2,0.105161481,25.308815,18.87,79.46,24.54324341,25.75280762
Telangana,Medak,2019,2,0.011358929,25.00808105,18.049,78.263,24.64065552,25.5690918
Telangana,Medchal Malkajgiri,2019,2,0.044520279,24.40378486,17.629,78.48,24.21896362,24.58023071
Telangana,Mulugu,2019,2,0.162709674,25.73993745,18.194,80.073,24.68133545,26.8637085
Telangana,Nagarkurnool,2019,2,0.04543474,25.57651367,16.48,78.32,24.38296509,26.58013916
Telangana,Nalgonda,2019,2,0.103059198,26.14494705,17.0575,79.2673,24.99206543,26.84768677
Telangana,Narayanpet,2019,2,0.003514995,26.03035278,16.744,77.494,25.1942749,26.56903076
Telangana,Nirmal,2019,2,0.05167748,25.30500031,19.097,78.343,24.38296509,25.73062134
Telangana,Nizamabad,2019,2,0.02013536,25.77082735,18.6725,78.094,25.19180298,26.37176514
Telangana,Peddapalli,2019,2,0.064652644,25.62580363,18.614,79.376,25.34960938,26.0178833
Telangana,Rajanna Sircilla,2019,2,0.026664168,25.48786736,18.387,78.832,25.1227417,25.95870972
Telangana,Rangareddy,2019,2,0.042043941,24.583246,17.246,78.372,24.11785889,25.53948975
Telangana,Sangareddy,2019,2,0.014757121,25.10535177,17.628,78.087,24.4458313,25.79101563
Telangana,Siddipet,2019,2,0.055250811,24.90285518,18.102,78.852,24.09075928,25.78485107
Telangana,Suryapet,2019,2,0.130357154,25.98660173,17.141,79.622,25.3163147,26.77371216
Telangana,Vikarabad,2019,2,0.004704967,25.10229913,17.338,77.904,24.48406982,25.79101563
Telangana,Wanaparthy,2019,2,0.00660503,26.32524957,16.364,78.064,25.73431396,26.84768677
Telangana,Warangal Rural,2019,2,0.154345497,25.14651212,17.9784,79.5941,24.95013428,25.51361084
Telangana,Warangal Urban,2019,2,0.144900279,25.13237,17.9689,79.5941,24.89712524,25.46920776
Telangana,Yadadri Bhuvanagiri,2019,2,0.104929582,24.98113578,17.582,79.029,24.18939209,25.64675903
Telangana,Adilabad,2019,3,0.056594318,30.11412834,19.664,78.532,29.45831299,30.9463501
Telangana,Bhadradri Kothagudem,2019,3,0.086983102,29.79995432,17.5557,80.6191,28.6027832,30.56207275
Telangana,Hyderabad,2019,3,0.01607207,28.69464111,17.385,78.4867,28.56350708,28.82577515
Telangana,Jagtial,2019,3,0.065440536,30.0457435,18.794,78.914,29.67709351,30.44006348
Telangana,Jangoan,2019,3,0.059638914,28.89568771,17.727,79.152,28.43728638,29.26898193
Telangana,Jayashankar Bhupalpally,2019,3,0.051570769,30.20438131,18.438,79.905,29.59436035,30.70233154
Telangana,Jogulamba Gadwal,2019,3,0.004036506,30.42922696,16.234,77.805,30.00949097,31.09643555
Telangana,Kamareddy,2019,3,0.014898454,29.8780733,18.322,78.34,29.12451172,30.59854126
Telangana,Karimnagar,2019,3,0.058899234,30.19033813,18.4386,79.1288,29.79071045,30.43865967
Telangana,Khammam,2019,3,0.095033291,29.41503609,17.2473,80.1514,28.815979,29.81594849
Telangana,Kumurambheem Asifabad,2019,3,0.077177202,30.01677789,19.363,79.278,28.90151978,30.67147827
Telangana,Mahabubabad,2019,3,0.075643629,29.22027167,17.598,80.002,28.83560181,29.60696411
Telangana,Mahabubnagar,2019,3,0.01575771,28.8766503,16.737,77.987,28.06420898,29.96740723
Telangana,Mancherial,2019,3,0.037343883,29.86214447,18.87,79.46,28.98565674,30.50177002
Telangana,Medak,2019,3,0.016857975,29.0998291,18.049,78.263,28.64346313,29.73739624
Telangana,Medchal Malkajgiri,2019,3,0.022359307,28.45630222,17.629,78.48,28.2984314,28.64767456
Telangana,Mulugu,2019,3,0.061136252,30.06547918,18.194,80.073,28.90292358,31.16094971
Telangana,Nagarkurnool,2019,3,0.011635418,29.30212646,16.48,78.32,27.95483398,30.18060303
Telangana,Nalgonda,2019,3,0.028522859,30.0135479,17.0575,79.2673,28.97024536,30.5536499
Telangana,Narayanpet,2019,3,0.007961537,29.57794189,16.744,77.494,28.79071045,30.23388672
Telangana,Nirmal,2019,3,0.034324104,29.7385025,19.097,78.343,28.73040771,30.27035522
Telangana,Nizamabad,2019,3,0.033321665,30.06274594,18.6725,78.094,29.61117554,30.5536499
Telangana,Peddapalli,2019,3,0.036323588,30.11203003,18.614,79.376,29.89590454,30.45687866
Telangana,Rajanna Sircilla,2019,3,0.04356825,29.89212227,18.387,78.832,29.50180054,30.31243896
Telangana,Rangareddy,2019,3,0.022000036,28.57771115,17.246,78.372,28.06002808,29.48495483
Telangana,Sangareddy,2019,3,0.041994825,29.19319661,17.628,78.087,28.3699646,30.02911377
Telangana,Siddipet,2019,3,0.054900509,29.08248586,18.102,78.852,28.11471558,30.09643555
Telangana,Suryapet,2019,3,0.053879313,29.70447409,17.141,79.622,29.2984314,30.15115356
Telangana,Vikarabad,2019,3,0.028403165,28.87061389,17.338,77.904,28.33349609,29.4078064
Telangana,Wanaparthy,2019,3,0.004475615,29.68201362,16.364,78.064,29.16519165,30.21426392
Telangana,Warangal Rural,2019,3,0.069199212,29.30958141,17.9784,79.5941,29.06420898,29.96740723
Telangana,Warangal Urban,2019,3,0.070485234,29.426474,17.9689,79.5941,29.09646606,29.92114258
Telangana,Yadadri Bhuvanagiri,2019,3,0.050526118,28.99383109,17.582,79.029,28.25497437,29.64624023
Telangana,Adilabad,2019,4,0.230111491,33.87817013,19.664,78.532,32.89492798,35.0335083
Telangana,Bhadradri Kothagudem,2019,4,0.399327074,32.00434334,17.5557,80.6191,30.43414307,32.85391235
Telangana,Hyderabad,2019,4,0.285532206,31.01171875,17.385,78.4867,30.87643433,31.14700317
Telangana,Jagtial,2019,4,0.185517788,33.43154438,18.794,78.914,32.96334839,33.71722412
Telangana,Jangoan,2019,4,0.476124315,31.52026046,17.727,79.152,31.05731201,31.8522644
Telangana,Jayashankar Bhupalpally,2019,4,0.41554583,33.18519084,18.438,79.905,32.52709961,33.68682861
Telangana,Jogulamba Gadwal,2019,4,0.091435733,32.62294145,16.234,77.805,32.16537476,33.34637451
Telangana,Kamareddy,2019,4,0.191430648,32.73105397,18.322,78.34,31.84921265,33.62301636
Telangana,Karimnagar,2019,4,0.324080187,33.20206028,18.4386,79.1288,32.66238403,33.42541504
Telangana,Khammam,2019,4,0.215511591,31.68498118,17.2473,80.1514,30.89620972,32.15167236
Telangana,Kumurambheem Asifabad,2019,4,0.34874215,33.58103434,19.363,79.278,32.23376465,34.18994141
Telangana,Mahabubabad,2019,4,0.323546767,31.85130573,17.598,80.002,31.31570435,32.44198608
Telangana,Mahabubnagar,2019,4,0.259828846,31.1618981,16.737,77.987,30.33380127,32.11672974
Telangana,Mancherial,2019,4,0.377242274,33.0990448,18.87,79.46,32.17599487,33.74459839
Telangana,Medak,2019,4,0.158536752,31.74305664,18.049,78.263,31.08010864,32.49368286
Telangana,Medchal Malkajgiri,2019,4,0.293219195,30.81175741,17.629,78.48,30.66061401,31.00411987
Telangana,Mulugu,2019,4,0.482745042,32.74224689,18.194,80.073,31.19714355,33.94522095
Telangana,Nagarkurnool,2019,4,0.331472865,31.42881836,16.48,78.32,29.72277832,32.33560181
Telangana,Nalgonda,2019,4,0.244261914,32.3503952,17.0575,79.2673,31.25643921,32.89797974
Telangana,Narayanpet,2019,4,0.171764779,31.82815552,16.744,77.494,31.00714111,32.48608398
Telangana,Nirmal,2019,4,0.201615912,33.10868454,19.097,78.343,32.06201172,33.76434326
Telangana,Nizamabad,2019,4,0.173430272,33.13518569,18.6725,78.094,32.57421875,33.63668823
Telangana,Peddapalli,2019,4,0.501981635,33.15350681,18.614,79.376,32.90863037,33.61843872
Telangana,Rajanna Sircilla,2019,4,0.24607234,32.93560028,18.387,78.832,32.44656372,33.39651489
Telangana,Rangareddy,2019,4,0.375534058,30.90083127,17.246,78.372,30.18789673,31.78082275
Telangana,Sangareddy,2019,4,0.246653777,31.78929986,17.628,78.087,30.73660278,32.95727539
Telangana,Siddipet,2019,4,0.324141849,31.86257829,18.102,78.852,30.64083862,33.11685181
Telangana,Suryapet,2019,4,0.268813006,32.09313754,17.141,79.622,31.79144287,32.38272095
Telangana,Vikarabad,2019,4,0.299356399,31.19242912,17.338,77.904,30.69555664,31.72000122
Telangana,Wanaparthy,2019,4,0.156241311,31.86778429,16.364,78.064,31.46313477,32.35385132
Telangana,Warangal Rural,2019,4,0.398194671,32.09571977,17.9784,79.5941,31.82794189,32.86453247
Telangana,Warangal Urban,2019,4,0.483996305,32.20974731,17.9689,79.5941,31.84313965,32.80526733
Telangana,Yadadri Bhuvanagiri,2019,4,0.352921486,31.41075788,17.582,79.029,30.72293091,32.07873535
Telangana,Adilabad,2019,5,0.025781895,36.51160778,19.664,78.532,35.66491699,37.64620972
Telangana,Bhadradri Kothagudem,2019,5,0.377409663,34.34999527,17.5557,80.6191,32.49261475,35.24002075
Telangana,Hyderabad,2019,5,0.116825297,33.56452942,17.385,78.4867,33.43093872,33.69812012
Telangana,Jagtial,2019,5,0.02795646,36.43865028,18.794,78.914,35.62469482,36.9380188
Telangana,Jangoan,2019,5,0.228589815,34.4355276,17.727,79.152,33.89932251,34.81671143
Telangana,Jayashankar Bhupalpally,2019,5,0.177261132,36.0109609,18.438,79.905,35.25610352,36.43103027
Telangana,Jogulamba Gadwal,2019,5,0.174409991,33.98358987,16.234,77.805,33.60317993,34.34997559
Telangana,Kamareddy,2019,5,0.068829775,34.89378806,18.322,78.34,34.13912964,35.75183105
Telangana,Karimnagar,2019,5,0.142541577,36.23736572,18.4386,79.1288,35.67459106,36.51150513
Telangana,Khammam,2019,5,0.267634001,34.18646985,17.2473,80.1514,33.13803101,34.79580688
Telangana,Kumurambheem Asifabad,2019,5,0.04116608,36.84950087,19.363,79.278,35.44763184,37.47076416
Telangana,Mahabubabad,2019,5,0.283179343,34.55504108,17.598,80.002,33.96850586,34.99215698
Telangana,Mahabubnagar,2019,5,0.188296894,33.10738197,16.737,77.987,32.3236084,33.86550903
Telangana,Mancherial,2019,5,0.075727681,36.46543884,18.87,79.46,35.57479858,37.07965088
Telangana,Medak,2019,5,0.104478618,34.00393066,18.049,78.263,33.47439575,34.58816528
Telangana,Medchal Malkajgiri,2019,5,0.126447585,33.42021688,17.629,78.48,33.22814941,33.71905518
Telangana,Mulugu,2019,5,0.347299679,35.19360352,18.194,80.073,33.30218506,36.44552612
Telangana,Nagarkurnool,2019,5,0.31465426,33.34967285,16.48,78.32,31.07626343,34.7555542
Telangana,Nalgonda,2019,5,0.222035736,35.04720306,17.0575,79.2673,33.83816528,35.57962036
Telangana,Narayanpet,2019,5,0.15365665,33.6500824,16.744,77.494,33.0897522,34.13430786
Telangana,Nirmal,2019,5,0.012898228,35.94230652,19.097,78.343,35.24645996,36.78674316
Telangana,Nizamabad,2019,5,0.027923887,35.46572696,18.6725,78.094,35.03079224,35.95303345
Telangana,Peddapalli,2019,5,0.117649028,36.49112278,18.614,79.376,36.22018433,36.96539307
Telangana,Rajanna Sircilla,2019,5,0.080306959,35.57931519,18.387,78.832,34.87466431,36.19927979
Telangana,Rangareddy,2019,5,0.229262034,33.30745046,17.246,78.372,32.40570068,34.33227539
Telangana,Sangareddy,2019,5,0.159336384,33.96843126,17.628,78.087,33.21368408,34.91650391
Telangana,Siddipet,2019,5,0.19444652,34.58062534,18.102,78.852,33.26516724,35.98519897
Telangana,Suryapet,2019,5,0.160369047,34.81122879,17.141,79.622,34.59942627,35.10482788
Telangana,Vikarabad,2019,5,0.218504444,33.40181338,17.338,77.904,32.76623535,34.0007019
Telangana,Wanaparthy,2019,5,0.13224415,33.55479601,16.364,78.064,33.27160645,33.90896606
Telangana,Warangal Rural,2019,5,0.205382243,34.91577981,17.9784,79.5941,34.62359619,35.85162354
Telangana,Warangal Urban,2019,5,0.229036179,35.2124939,17.9689,79.5941,34.82315063,35.89346313
Telangana,Yadadri Bhuvanagiri,2019,5,0.203982385,34.21155439,17.582,79.029,33.36175537,34.83282471
Telangana,Adilabad,2019,6,3.252942977,33.4120206,19.664,78.532,32.54412842,34.81707764
Telangana,Bhadradri Kothagudem,2019,6,4.984274728,31.95091986,17.5557,80.6191,30.62225342,32.77655029
Telangana,Hyderabad,2019,6,3.800906181,29.70088196,17.385,78.4867,29.63330078,29.76846313
Telangana,Jagtial,2019,6,3.604941658,33.21751052,18.794,78.914,32.30349731,33.83966064
Telangana,Jangoan,2019,6,3.481215084,31.58493524,17.727,79.152,30.86126709,32.0562439
Telangana,Jayashankar Bhupalpally,2019,6,5.994263869,33.33324178,18.438,79.905,32.83752441,33.85449219
Telangana,Jogulamba Gadwal,2019,6,3.995626177,30.07158869,16.234,77.805,29.67120361,30.34368896
Telangana,Kamareddy,2019,6,4.168013,31.24186078,18.322,78.34,30.64038086,32.26226807
Telangana,Karimnagar,2019,6,4.195332695,33.1011556,18.4386,79.1288,32.66940308,33.41937256
Telangana,Khammam,2019,6,3.146434882,32.21601086,17.2473,80.1514,31.25848389,32.85070801
Telangana,Kumurambheem Asifabad,2019,6,4.276473174,33.71678331,19.363,79.278,32.21777344,34.48083496
Telangana,Mahabubabad,2019,6,3.491037369,32.01873569,17.598,80.002,31.28814697,32.55401611
Telangana,Mahabubnagar,2019,6,3.984146754,29.10027841,16.737,77.987,28.32458496,29.93823242
Telangana,Mancherial,2019,6,4.431349436,33.51032639,18.87,79.46,32.20788574,34.00448608
Telangana,Medak,2019,6,4.028170586,30.38444824,18.049,78.263,29.86074829,31.01950073
Telangana,Medchal Malkajgiri,2019,6,3.606393178,29.94482761,17.629,78.48,29.58056641,30.50689697
Telangana,Mulugu,2019,6,6.136017258,32.52903294,18.194,80.073,30.93212891,33.63858032
Telangana,Nagarkurnool,2019,6,3.441360762,29.74100098,16.48,78.32,27.75921631,31.78427124
Telangana,Nalgonda,2019,6,2.797203939,32.21229172,17.0575,79.2673,30.28106689,33.24301147
Telangana,Narayanpet,2019,6,4.236273956,29.54190674,16.744,77.494,28.90808105,30.03549194
Telangana,Nirmal,2019,6,3.474100518,32.75995255,19.097,78.343,31.89141846,33.42926025
Telangana,Nizamabad,2019,6,3.520107171,32.21317067,18.6725,78.094,31.6227417,32.84411621
Telangana,Peddapalli,2019,6,4.540414107,33.60781521,18.614,79.376,33.290802,33.94515991
Telangana,Rajanna Sircilla,2019,6,4.03105545,32.20170593,18.387,78.832,31.47607422,32.77325439
Telangana,Rangareddy,2019,6,3.813115075,29.42369117,17.246,78.372,28.46798706,30.74093628
Telangana,Sangareddy,2019,6,3.997415005,30.04710897,17.628,78.087,29.10421753,31.31784058
Telangana,Siddipet,2019,6,3.838020787,31.2090391,18.102,78.852,29.95965576,32.60842896
Telangana,Suryapet,2019,6,2.683364105,32.673725,17.141,79.622,32.10900879,33.07159424
Telangana,Vikarabad,2019,6,4.004983225,29.12723304,17.338,77.904,28.55532837,29.70419312
Telangana,Wanaparthy,2019,6,4.084600661,29.675059,16.364,78.064,29.25915527,30.08328247
Telangana,Warangal Rural,2019,6,3.723541021,32.35930564,17.9784,79.5941,32.06777954,33.23147583
Telangana,Warangal Urban,2019,6,3.792295283,32.49864502,17.9689,79.5941,32.00680542,33.18859863
Telangana,Yadadri Bhuvanagiri,2019,6,2.98738149,31.24559675,17.582,79.029,30.11459351,32.18151855
Telangana,Adilabad,2019,7,14.92546229,27.13435502,19.664,78.532,26.49707031,28.15213013
Telangana,Bhadradri Kothagudem,2019,7,10.45855059,27.98072077,17.5557,80.6191,27.12652588,28.49191284
Telangana,Hyderabad,2019,7,5.229950428,25.58656311,17.385,78.4867,25.4887085,25.68441772
Telangana,Jagtial,2019,7,9.668267955,27.50936185,18.794,78.914,26.79299927,28.11611938
Telangana,Jangoan,2019,7,6.634062823,27.35455644,17.727,79.152,26.46890259,28.05505371
Telangana,Jayashankar Bhupalpally,2019,7,11.98938575,27.941981,18.438,79.905,27.62445068,28.1333313
Telangana,Jogulamba Gadwal,2019,7,4.065545945,27.1609719,16.234,77.805,26.76794434,27.52581787
Telangana,Kamareddy,2019,7,7.737297567,26.23273064,18.322,78.34,25.67816162,26.95114136
Telangana,Karimnagar,2019,7,8.515208525,27.79842461,18.4386,79.1288,27.42871094,28.0534668
Telangana,Khammam,2019,7,6.715538612,28.50671684,17.2473,80.1514,27.5602417,29.17929077
Telangana,Kumurambheem Asifabad,2019,7,15.48154924,27.66428969,19.363,79.278,26.54873657,28.08166504
Telangana,Mahabubabad,2019,7,8.080833435,27.92022284,17.598,80.002,27.17037964,28.68762207
Telangana,Mahabubnagar,2019,7,6.312147776,25.46491652,16.737,77.987,24.56802368,26.67556763
Telangana,Mancherial,2019,7,13.14649709,27.78063774,18.87,79.46,26.68652344,28.19754028
Telangana,Medak,2019,7,6.545690536,25.8109375,18.049,78.263,25.43545532,26.25595093
Telangana,Medchal Malkajgiri,2019,7,5.453656514,25.78167386,17.629,78.48,25.36343384,26.49707031
Telangana,Mulugu,2019,7,13.0160242,27.6118395,18.194,80.073,26.35772705,28.38543701
Telangana,Nagarkurnool,2019,7,4.762511631,26.416875,16.48,78.32,24.746521,28.57489014
Telangana,Nalgonda,2019,7,3.70149306,28.64794159,17.0575,79.2673,26.67086792,29.85882568
Telangana,Narayanpet,2019,7,6.539724731,25.98748474,16.744,77.494,24.95477295,26.75543213
Telangana,Nirmal,2019,7,12.12814239,26.92360687,19.097,78.343,26.24966431,27.52581787
Telangana,Nizamabad,2019,7,8.714321039,26.8257536,18.6725,78.094,26.33422852,27.29251099
Telangana,Peddapalli,2019,7,10.00433189,28.00989617,18.614,79.376,27.70117188,28.2194519
Telangana,Rajanna Sircilla,2019,7,8.141554769,26.91524124,18.387,78.832,26.24966431,27.48977661
Telangana,Rangareddy,2019,7,5.342279343,25.57443907,17.246,78.372,24.60559082,27.08425903
Telangana,Sangareddy,2019,7,6.737018292,25.59869724,17.628,78.087,24.76528931,26.41094971
Telangana,Siddipet,2019,7,6.908163822,26.5193734,18.102,78.852,25.60144043,27.48977661
Telangana,Suryapet,2019,7,4.946906535,29.02043625,17.141,79.622,28.18499756,29.57699585
Telangana,Vikarabad,2019,7,7.665474676,24.98149162,17.338,77.904,24.57897949,25.4887085
Telangana,Wanaparthy,2019,7,5.019677056,26.54100376,16.364,78.064,25.85510254,27.15472412
Telangana,Warangal Rural,2019,7,8.326730728,27.86045421,17.9784,79.5941,27.69491577,28.08947754
Telangana,Warangal Urban,2019,7,8.18641732,27.81390991,17.9689,79.5941,27.51641846,28.03469849
Telangana,Yadadri Bhuvanagiri,2019,7,5.099851481,27.29216439,17.582,79.029,25.94592285,28.35409546
Telangana,Adilabad,2019,8,10.72206559,25.66021729,19.664,78.532,25.13085938,26.44216919
Telangana,Bhadradri Kothagudem,2019,8,14.57794843,27.05008033,17.5557,80.6191,26.38964844,27.54666138
Telangana,Hyderabad,2019,8,6.185048103,24.77471924,17.385,78.4867,24.68609619,24.86334229
Telangana,Jagtial,2019,8,7.995220682,26.3411654,18.794,78.914,25.72497559,26.8885498
Telangana,Jangoan,2019,8,9.384022432,26.2223318,17.727,79.152,25.49520874,26.75726318
Telangana,Jayashankar Bhupalpally,2019,8,14.20132564,26.93758647,18.438,79.905,26.66864014,27.12487793
Telangana,Jogulamba Gadwal,2019,8,5.69493757,26.26990856,16.234,77.805,25.95965576,26.54718018
Telangana,Kamareddy,2019,8,7.36580658,25.44534481,18.322,78.34,24.83218384,26.11227417
Telangana,Karimnagar,2019,8,8.952345904,26.62205166,18.4386,79.1288,26.28952026,26.86395264
Telangana,Khammam,2019,8,10.74991001,27.30129335,17.2473,80.1514,26.58822632,27.78955078
Telangana,Kumurambheem Asifabad,2019,8,10.82107132,26.30644396,19.363,79.278,25.35571289,26.72280884
Telangana,Mahabubabad,2019,8,12.4589138,26.80644279,17.598,80.002,26.15167236,27.32510376
Telangana,Mahabubnagar,2019,8,7.236741384,24.70769325,16.737,77.987,23.91311646,25.81359863
Telangana,Mancherial,2019,8,11.02620782,26.62951279,18.87,79.46,25.55099487,27.05923462
Telangana,Medak,2019,8,6.316368739,25.0486084,18.049,78.263,24.66641235,25.52474976
Telangana,Medchal Malkajgiri,2019,8,6.27563858,24.96145969,17.629,78.48,24.5597229,25.61663818
Telangana,Mulugu,2019,8,14.35693689,26.67675781,18.194,80.073,25.53952026,27.48922729
Telangana,Nagarkurnool,2019,8,6.780230828,25.43759766,16.48,78.32,23.87371826,27.43014526
Telangana,Nalgonda,2019,8,6.347351074,27.37013626,17.0575,79.2673,25.75616455,28.41156006
Telangana,Narayanpet,2019,8,6.921604156,25.26946259,16.744,77.494,24.36935425,25.99249268
Telangana,Nirmal,2019,8,9.522033691,25.74933052,19.097,78.343,25.06521606,26.29937744
Telangana,Nizamabad,2019,8,8.137460562,25.85225722,18.6725,78.094,25.38525391,26.23864746
Telangana,Peddapalli,2019,8,10.60838077,26.86667548,18.614,79.376,26.54718018,27.05596924
Telangana,Rajanna Sircilla,2019,8,7.173525492,25.89144707,18.387,78.832,25.34420776,26.40112305
Telangana,Rangareddy,2019,8,6.808635893,24.76452339,17.246,78.372,23.9475708,26.12704468
Telangana,Sangareddy,2019,8,7.276185647,24.88833618,17.628,78.087,24.14453125,25.69213867
Telangana,Siddipet,2019,8,7.103994658,25.53640642,18.102,78.852,24.78948975,26.3633728
Telangana,Suryapet,2019,8,8.520440165,27.64072602,17.141,79.622,26.86395264,28.16702271
Telangana,Vikarabad,2019,8,7.761728102,24.35651266,17.338,77.904,23.90820313,24.89782715
Telangana,Wanaparthy,2019,8,6.76361084,25.62476773,16.364,78.064,24.97988892,26.25015259
Telangana,Warangal Rural,2019,8,12.5758543,26.7218295,17.9784,79.5941,26.58657837,26.93780518
Telangana,Warangal Urban,2019,8,11.05391901,26.63023987,17.9689,79.5941,26.37487793,26.82620239
Telangana,Yadadri Bhuvanagiri,2019,8,7.077706909,26.24123274,17.582,79.029,25.08984375,27.06744385
Telangana,Adilabad,2019,9,9.426022437,25.5501487,19.664,78.532,25.01342773,26.38174438
Telangana,Bhadradri Kothagudem,2019,9,8.251351493,26.53654234,17.5557,80.6191,25.90441895,27.03408813
Telangana,Hyderabad,2019,9,8.407201767,24.38734436,17.385,78.4867,24.30859375,24.46609497
Telangana,Jagtial,2019,9,8.281742925,26.09088604,18.794,78.914,25.49868774,26.54721069
Telangana,Jangoan,2019,9,8.281488755,25.66634329,17.727,79.152,25.02774048,26.12875366
Telangana,Jayashankar Bhupalpally,2019,9,8.9542072,26.68603516,18.438,79.905,26.43106079,26.87179565
Telangana,Jogulamba Gadwal,2019,9,6.602991013,25.94846968,16.234,77.805,25.6100769,26.23217773
Telangana,Kamareddy,2019,9,7.626424662,25.13701136,18.322,78.34,24.58862305,25.72622681
Telangana,Karimnagar,2019,9,8.101838056,26.28212992,18.4386,79.1288,26.01580811,26.55358887
Telangana,Khammam,2019,9,8.08505249,26.65645841,17.2473,80.1514,26.12240601,27.03567505
Telangana,Kumurambheem Asifabad,2019,9,9.63186563,26.09928385,19.363,79.278,25.13912964,26.53765869
Telangana,Mahabubabad,2019,9,7.810180187,26.23586089,17.598,80.002,25.68325806,26.62359619
Telangana,Mahabubnagar,2019,9,8.056334178,24.45630352,16.737,77.987,23.73260498,25.50665283
Telangana,Mancherial,2019,9,9.599967109,26.352108,18.87,79.46,25.30459595,26.80654907
Telangana,Medak,2019,9,6.987621307,24.77082031,18.049,78.263,24.34197998,25.22979736
Telangana,Medchal Malkajgiri,2019,9,8.011305915,24.51047092,17.629,78.48,24.20516968,25.00546265
Telangana,Mulugu,2019,9,9.622085984,26.33487351,18.194,80.073,25.19958496,27.10726929
Telangana,Nagarkurnool,2019,9,7.507006375,25.05138672,16.48,78.32,23.73101807,26.57745361
Telangana,Nalgonda,2019,9,7.204616859,26.55541992,17.0575,79.2673,25.13912964,27.42071533
Telangana,Narayanpet,2019,9,7.922755432,24.99091034,16.744,77.494,24.17175293,25.63711548
Telangana,Nirmal,2019,9,7.927643747,25.54887009,19.097,78.343,24.86865234,26.0539856
Telangana,Nizamabad,2019,9,8.131209936,25.62149407,18.6725,78.094,25.14865112,26.04284668
Telangana,Peddapalli,2019,9,8.468436793,26.56188626,18.614,79.376,26.24649048,26.81451416
Telangana,Rajanna Sircilla,2019,9,7.370855713,25.61037445,18.387,78.832,25.0786438,26.08740234
Telangana,Rangareddy,2019,9,8.474934896,24.37327315,17.246,78.372,23.75805664,25.493927
Telangana,Sangareddy,2019,9,7.725930238,24.58330451,17.628,78.087,23.86468506,25.3873291
Telangana,Siddipet,2019,9,7.887496486,25.15793794,18.102,78.852,24.3913269,26.01422119
Telangana,Suryapet,2019,9,8.404719035,26.82779667,17.141,79.622,26.20513916,27.28707886
Telangana,Vikarabad,2019,9,9.023026005,24.12039921,17.338,77.904,23.71032715,24.63635254
Telangana,Wanaparthy,2019,9,7.572252909,25.34976027,16.364,78.064,24.71908569,25.97442627
Telangana,Warangal Rural,2019,9,8.001945496,26.27659468,17.9784,79.5941,26.13037109,26.55358887
Telangana,Warangal Urban,2019,9,8.583912243,26.18509216,17.9689,79.5941,25.87738037,26.47402954
Telangana,Yadadri Bhuvanagiri,2019,9,7.464321899,25.56972831,17.582,79.029,24.59655762,26.34832764
Telangana,Adilabad,2019,10,5.773151029,25.38329338,19.664,78.532,24.7512207,26.39324951
Telangana,Bhadradri Kothagudem,2019,10,8.058106559,26.09354721,17.5557,80.6191,25.41641235,26.68588257
Telangana,Hyderabad,2019,10,5.09783268,23.90106201,17.385,78.4867,23.8190918,23.98303223
Telangana,Jagtial,2019,10,6.649396813,25.81338736,18.794,78.914,25.07095337,26.33633423
Telangana,Jangoan,2019,10,7.384866153,25.02253161,17.727,79.152,24.41656494,25.4543457
Telangana,Jayashankar Bhupalpally,2019,10,6.617888231,26.47939555,18.438,79.905,26.09655762,26.77258301
Telangana,Jogulamba Gadwal,2019,10,4.945447286,25.41771906,16.234,77.805,25.03436279,25.77410889
Telangana,Kamareddy,2019,10,6.126756795,24.79926973,18.322,78.34,24.16052246,25.50042725
Telangana,Karimnagar,2019,10,6.86686168,25.91966248,18.4386,79.1288,25.6413269,26.23202515
Telangana,Khammam,2019,10,8.887527075,26.01901915,17.2473,80.1514,25.55731201,26.27807617
Telangana,Kumurambheem Asifabad,2019,10,5.345299798,25.98127238,19.363,79.278,24.84335327,26.61679077
Telangana,Mahabubabad,2019,10,8.382984161,25.66921892,17.598,80.002,25.14138794,25.99087524
Telangana,Mahabubnagar,2019,10,4.313213348,24.0732281,16.737,77.987,23.38150024,25.09805298
Telangana,Mancherial,2019,10,5.611159431,26.1529789,18.87,79.46,25.01809692,26.70755005
Telangana,Medak,2019,10,5.133131981,24.35831055,18.049,78.263,23.85430908,25.04925537
Telangana,Medchal Malkajgiri,2019,10,5.228190104,23.95668199,17.629,78.48,23.71612549,24.35290527
Telangana,Mulugu,2019,10,7.416720828,26.06226906,18.194,80.073,24.90158081,26.95278931
Telangana,Nagarkurnool,2019,10,5.440495905,24.38416504,16.48,78.32,23.27310181,25.50314331
Telangana,Nalgonda,2019,10,6.868839452,25.60489273,17.0575,79.2673,24.27972412,26.39730835
Telangana,Narayanpet,2019,10,4.659294128,24.63090057,16.744,77.494,23.92883301,25.16848755
Telangana,Nirmal,2019,10,5.494478168,25.36312103,19.097,78.343,24.54934692,25.87164307
Telangana,Nizamabad,2019,10,6.279431465,25.36015948,18.6725,78.094,24.69973755,26.07485962
Telangana,Peddapalli,2019,10,6.388285988,26.29336717,18.614,79.376,25.91635132,26.64932251
Telangana,Rajanna Sircilla,2019,10,6.341025289,25.17264366,18.387,78.832,24.62387085,25.67520142
Telangana,Rangareddy,2019,10,5.640759059,23.81688411,17.246,78.372,23.39505005,24.59405518
Telangana,Sangareddy,2019,10,5.134012858,24.26076592,17.628,78.087,23.59689331,25.17254639
Telangana,Siddipet,2019,10,5.866605354,24.65273101,18.102,78.852,23.85702515,25.59527588
Telangana,Suryapet,2019,10,8.62243042,26.06795318,17.141,79.622,25.51803589,26.37835693
Telangana,Vikarabad,2019,10,4.769448065,23.86553113,17.338,77.904,23.3977356,24.43283081
Telangana,Wanaparthy,2019,10,4.171089596,24.93930562,16.364,78.064,24.30142212,25.53970337
Telangana,Warangal Rural,2019,10,7.737681866,25.75734641,17.9784,79.5941,25.51669312,26.19274902
Telangana,Warangal Urban,2019,10,7.204349171,25.69294128,17.9689,79.5941,25.32699585,26.10195923
Telangana,Yadadri Bhuvanagiri,2019,10,6.599448649,24.8407244,17.582,79.029,23.99252319,25.61288452
Telangana,Adilabad,2019,11,1.016264762,24.51091974,19.664,78.532,23.81869507,25.61532593
Telangana,Bhadradri Kothagudem,2019,11,0.589847497,25.84241904,17.5557,80.6191,25.05221558,26.41958618
Telangana,Hyderabad,2019,11,0.657752752,23.23809814,17.385,78.4867,23.15429688,23.32189941
Telangana,Jagtial,2019,11,1.079346118,24.86699031,18.794,78.914,24.097229,25.48028564
Telangana,Jangoan,2019,11,0.814180935,24.40711252,17.727,79.152,23.70291138,24.93405151
Telangana,Jayashankar Bhupalpally,2019,11,0.713220743,25.60733287,18.438,79.905,25.19570923,26.05062866
Telangana,Jogulamba Gadwal,2019,11,0.588943164,25.29063277,16.234,77.805,24.73629761,25.85165405
Telangana,Kamareddy,2019,11,0.845846748,24.22716567,18.322,78.34,23.46658325,24.93405151
Telangana,Karimnagar,2019,11,0.921423071,24.80683729,18.4386,79.1288,24.52890015,25.01724243
Telangana,Khammam,2019,11,0.49461937,25.88818657,17.2473,80.1514,25.16192627,26.20495605
Telangana,Kumurambheem Asifabad,2019,11,0.594582841,24.94854906,19.363,79.278,23.81988525,25.6635437
Telangana,Mahabubabad,2019,11,0.654245138,25.44863155,17.598,80.002,24.96057129,25.95657349
Telangana,Mahabubnagar,2019,11,0.793758949,23.59602708,16.737,77.987,22.78170776,24.77127075
Telangana,Mancherial,2019,11,0.783507718,25.05888176,18.87,79.46,24.10928345,25.87094116
Telangana,Medak,2019,11,0.746281942,23.66998535,18.049,78.263,23.16635132,24.61331177
Telangana,Medchal Malkajgiri,2019,11,0.540406598,23.2532959,17.629,78.48,22.96255493,23.6993103
Telangana,Mulugu,2019,11,0.611283173,25.6102031,18.194,80.073,24.41796875,26.68365479
Telangana,Nagarkurnool,2019,11,0.753214854,23.95373291,16.48,78.32,22.86849976,25.12457275
Telangana,Nalgonda,2019,11,0.473383575,25.17471695,17.0575,79.2673,23.6776123,25.98068237
Telangana,Narayanpet,2019,11,0.618240595,24.23058167,16.744,77.494,23.37734985,24.78933716
Telangana,Nirmal,2019,11,0.944787806,24.32888794,19.097,78.343,23.52566528,24.93405151
Telangana,Nizamabad,2019,11,1.198405535,24.61369413,18.6725,78.094,23.80059814,25.47906494
Telangana,Peddapalli,2019,11,0.851599141,25.15075345,18.614,79.376,24.81225586,25.51403809
Telangana,Rajanna Sircilla,2019,11,0.963230642,24.16836166,18.387,78.832,23.70654297,24.60968018
Telangana,Rangareddy,2019,11,0.82614599,23.15819717,17.246,78.372,22.7479248,24.04537964
Telangana,Sangareddy,2019,11,0.744777631,23.62947422,17.628,78.087,22.96496582,24.65188599
Telangana,Siddipet,2019,11,0.812822804,23.78342622,18.102,78.852,23.11932373,24.54940796
Telangana,Suryapet,2019,11,0.483301957,25.72679822,17.141,79.622,25.01364136,26.02770996
Telangana,Vikarabad,2019,11,0.597790503,23.29095669,17.338,77.904,22.75396729,23.96096802
Telangana,Wanaparthy,2019,11,0.634384314,24.58329434,16.364,78.064,23.85726929,25.33557129
Telangana,Warangal Rural,2019,11,0.745408118,25.20551092,17.9784,79.5941,24.94488525,25.6635437
Telangana,Warangal Urban,2019,11,0.747372887,24.87749329,17.9689,79.5941,24.59521484,25.0256958
Telangana,Yadadri Bhuvanagiri,2019,11,0.509794585,24.25996181,17.582,79.029,23.28570557,25.18966675
Telangana,Adilabad,2019,12,0.57036166,22.122947,19.664,78.532,21.44619751,23.18447876
Telangana,Bhadradri Kothagudem,2019,12,0.397002765,24.11877048,17.5557,80.6191,23.28091431,24.73110962
Telangana,Hyderabad,2019,12,0.540335596,21.54019165,17.385,78.4867,21.46572876,21.61465454
Telangana,Jagtial,2019,12,0.407528338,22.90465604,18.794,78.914,22.32144165,23.41763306
Telangana,Jangoan,2019,12,0.571136867,22.19840762,17.727,79.152,21.57925415,22.74136353
Telangana,Jayashankar Bhupalpally,2019,12,0.405579053,23.72987874,18.438,79.905,23.14175415,24.24160767
Telangana,Jogulamba Gadwal,2019,12,0.495884714,24.10899492,16.234,77.805,23.62026978,24.61636353
Telangana,Kamareddy,2019,12,0.506802559,22.49395572,18.322,78.34,21.74282837,23.35903931
Telangana,Karimnagar,2019,12,0.48174673,22.83732435,18.4386,79.1288,22.59121704,23.06118774
Telangana,Khammam,2019,12,0.354194494,24.37311535,17.2473,80.1514,23.64590454,25.06802368
Telangana,Kumurambheem Asifabad,2019,12,0.495110589,22.82898288,19.363,79.278,21.57192993,24.01333618
Telangana,Mahabubabad,2019,12,0.699559331,23.34540005,17.598,80.002,22.87442017,23.89126587
Telangana,Mahabubnagar,2019,12,0.578814348,22.12218534,16.737,77.987,21.24356079,23.57876587
Telangana,Mancherial,2019,12,0.356036954,23.10322571,18.87,79.46,21.93814087,23.9425354
Telangana,Medak,2019,12,0.423125227,21.90225098,18.049,78.263,21.45596313,22.69619751
Telangana,Medchal Malkajgiri,2019,12,0.468996578,21.47305298,17.629,78.48,21.29360962,21.81607056
Telangana,Mulugu,2019,12,0.411277977,23.72689902,18.194,80.073,22.54971313,24.91177368
Telangana,Nagarkurnool,2019,12,0.433768542,22.30256836,16.48,78.32,21.01040649,23.72769165
Telangana,Nalgonda,2019,12,0.527912328,23.39007187,17.0575,79.2673,21.87832642,24.50161743
Telangana,Narayanpet,2019,12,0.723303604,22.84799194,16.744,77.494,21.96011353,23.51651001
Telangana,Nirmal,2019,12,0.488257784,22.37393188,19.097,78.343,21.29238892,23.02700806
Telangana,Nizamabad,2019,12,0.452118605,22.880775,18.6725,78.094,22.06021118,23.52017212
Telangana,Peddapalli,2019,12,0.423060969,23.2973938,18.614,79.376,22.97817993,23.7081604
Telangana,Rajanna Sircilla,2019,12,0.453531138,22.28619385,18.387,78.832,21.94058228,22.62417603
Telangana,Rangareddy,2019,12,0.561151187,21.48886183,17.246,78.372,21.05435181,22.3019104
Telangana,Sangareddy,2019,12,0.394763066,22.06699287,17.628,78.087,21.34732056,22.78408813
Telangana,Siddipet,2019,12,0.431078998,21.80760877,18.102,78.852,21.20449829,22.55581665
Telangana,Suryapet,2019,12,0.479213206,23.94611227,17.141,79.622,22.86587524,24.58462524
Telangana,Vikarabad,2019,12,0.544520778,21.93342538,17.338,77.904,21.31802368,22.75479126
Telangana,Wanaparthy,2019,12,0.397066143,23.33408271,16.364,78.064,22.48501587,24.11831665
Telangana,Warangal Rural,2019,12,0.549899817,23.05419644,17.9784,79.5941,22.77310181,23.46768188
Telangana,Warangal Urban,2019,12,0.473983244,22.70523071,17.9689,79.5941,22.38369751,22.95864868
Telangana,Yadadri Bhuvanagiri,2019,12,0.518246396,22.24336025,17.582,79.029,21.35708618,23.06607056
Telangana,Adilabad,2020,1,0.656899114,21.86205685,19.664,78.532,21.27484131,22.69281006
Telangana,Bhadradri Kothagudem,2020,1,0.457970619,24.5969888,17.5557,80.6191,23.68292236,25.40789795
Telangana,Hyderabad,2020,1,0.229480281,22.57568359,17.385,78.4867,22.50540161,22.64596558
Telangana,Jagtial,2020,1,0.402017345,23.15831111,18.794,78.914,22.57321167,23.74578857
Telangana,Jangoan,2020,1,0.73987815,22.67573949,17.727,79.152,22.18850708,23.27478027
Telangana,Jayashankar Bhupalpally,2020,1,0.794902068,23.60338338,18.438,79.905,23.17367554,24.00967407
Telangana,Jogulamba Gadwal,2020,1,0.22143314,25.36423284,16.234,77.805,24.77905273,25.92575073
Telangana,Kamareddy,2020,1,0.220117855,23.01730526,18.322,78.34,22.3710022,23.64593506
Telangana,Karimnagar,2020,1,0.500275668,23.14107429,18.4386,79.1288,22.84075928,23.337677
Telangana,Khammam,2020,1,0.429190318,24.80287282,17.2473,80.1514,24.11694336,25.46459961
Telangana,Kumurambheem Asifabad,2020,1,0.816960721,22.28639391,19.363,79.278,21.4178772,22.91598511
Telangana,Mahabubabad,2020,1,0.51490587,23.73601664,17.598,80.002,23.23532104,24.30065918
Telangana,Mahabubnagar,2020,1,0.288383981,23.11663114,16.737,77.987,22.18728638,24.76055908
Telangana,Mancherial,2020,1,0.681318177,22.92356873,18.87,79.46,21.95053101,23.56948853
Telangana,Medak,2020,1,0.160087546,22.75337402,18.049,78.263,22.39440918,23.5065918
Telangana,Medchal Malkajgiri,2020,1,0.272860871,22.45620728,17.629,78.48,22.25878906,22.75692749
Telangana,Mulugu,2020,1,0.841718725,23.7337663,18.194,80.073,22.56210327,24.74700928
Telangana,Nagarkurnool,2020,1,0.315943376,23.36748535,16.48,78.32,22.01834106,24.9072876
Telangana,Nalgonda,2020,1,0.432421137,24.24903679,17.0575,79.2673,22.79760742,25.44610596
Telangana,Narayanpet,2020,1,0.230237818,23.90935211,16.744,77.494,22.93942261,24.7026062
Telangana,Nirmal,2020,1,0.42202649,22.4009304,19.097,78.343,21.34265137,23.09475708
Telangana,Nizamabad,2020,1,0.343724104,23.1290355,18.6725,78.094,22.52633667,23.68292236
Telangana,Peddapalli,2020,1,0.574637011,23.50494724,18.614,79.376,23.27478027,23.67550659
Telangana,Rajanna Sircilla,2020,1,0.305622896,22.7786541,18.387,78.832,22.45605469,23.04052734
Telangana,Rangareddy,2020,1,0.294578893,22.50584151,17.246,78.372,22.06027222,23.26245117
Telangana,Sangareddy,2020,1,0.177573008,23.02335612,17.628,78.087,22.33154297,23.67675781
Telangana,Siddipet,2020,1,0.38162428,22.40109358,18.102,78.852,21.94683838,22.91967773
Telangana,Suryapet,2020,1,0.459811751,24.62331627,17.141,79.622,23.44125366,25.37460327
Telangana,Vikarabad,2020,1,0.222412417,22.93052095,17.338,77.904,22.34140015,23.62249756
Telangana,Wanaparthy,2020,1,0.202221738,24.47327508,16.364,78.064,23.47454834,25.39187622
Telangana,Warangal Rural,2020,1,0.627480924,23.29911111,17.9784,79.5941,23.02325439,23.76675415
Telangana,Warangal Urban,2020,1,0.732106382,22.94076233,17.9689,79.5941,22.70883179,23.13174438
Telangana,Yadadri Bhuvanagiri,2020,1,0.497416878,23.00149536,17.582,79.029,22.16137695,23.65579224
Telangana,Adilabad,2020,2,0.240019675,24.31200802,19.664,78.532,23.5206604,25.39746094
Telangana,Bhadradri Kothagudem,2020,2,0.524308477,25.91934696,17.5557,80.6191,25.03808594,26.80007935
Telangana,Hyderabad,2020,2,0.428814799,23.7989502,17.385,78.4867,23.706604,23.89129639
Telangana,Jagtial,2020,2,0.542132502,24.94094379,18.794,78.914,24.35049438,25.33508301
Telangana,Jangoan,2020,2,0.995822458,23.87157882,17.727,79.152,23.19497681,24.67495728
Telangana,Jayashankar Bhupalpally,2020,2,2.184848052,24.8537089,18.438,79.905,24.52645874,25.23773193
Telangana,Jogulamba Gadwal,2020,2,0.08187814,26.32045122,16.234,77.805,25.67825317,26.91363525
Telangana,Kamareddy,2020,2,0.400062529,24.71690099,18.322,78.34,23.53063965,25.82174683
Telangana,Karimnagar,2020,2,2.097416597,24.25850762,18.4386,79.1288,23.9861145,24.56140137
Telangana,Khammam,2020,2,0.316409576,26.00753561,17.2473,80.1514,25.44989014,26.644104
Telangana,Kumurambheem Asifabad,2020,2,0.615483568,24.27410211,19.363,79.278,23.45452881,24.93450928
Telangana,Mahabubabad,2020,2,0.553084612,25.08167135,17.598,80.002,24.56762695,25.65579224
Telangana,Mahabubnagar,2020,2,0.160353074,24.29271522,16.737,77.987,23.41333008,25.74938965
Telangana,Mancherial,2020,2,1.349255032,24.35280228,18.87,79.46,23.50320435,24.82595825
Telangana,Medak,2020,2,0.687918266,23.91040039,18.049,78.263,23.3409729,24.97195435
Telangana,Medchal Malkajgiri,2020,2,0.456449456,23.59789022,17.629,78.48,23.31976318,23.96615601
Telangana,Mulugu,2020,2,1.782643086,24.98759172,18.194,80.073,23.71032715,26.07006836
Telangana,Nagarkurnool,2020,2,0.42160027,24.41963623,16.48,78.32,23.01525879,25.9190979
Telangana,Nalgonda,2020,2,0.379786257,25.47887802,17.0575,79.2673,24.0123291,26.51309204
Telangana,Narayanpet,2020,2,0.074348873,25.04332275,16.744,77.494,24.24942017,25.67825317
Telangana,Nirmal,2020,2,0.121562972,24.67810631,19.097,78.343,23.31350708,25.25271606
Telangana,Nizamabad,2020,2,0.219214317,25.15442972,18.6725,78.094,24.09469604,25.9390564
Telangana,Peddapalli,2020,2,1.909590671,24.62219238,18.614,79.376,24.34301758,24.8895874
Telangana,Rajanna Sircilla,2020,2,1.113403575,24.0772953,18.387,78.832,23.64544678,24.32305908
Telangana,Rangareddy,2020,2,0.365693637,23.74677109,17.246,78.372,23.29354858,24.4703064
Telangana,Sangareddy,2020,2,0.266981663,24.42090183,17.628,78.087,23.40585327,25.29016113
Telangana,Siddipet,2020,2,1.842398672,23.38868871,18.102,78.852,22.89547729,24.02105713
Telangana,Suryapet,2020,2,0.34402771,25.84481917,17.141,79.622,24.82595825,26.41699219
Telangana,Vikarabad,2020,2,0.168057488,24.2642696,17.338,77.904,23.59054565,25.02685547
Telangana,Wanaparthy,2020,2,0.13111088,25.41389974,16.364,78.064,24.53268433,26.31341553
Telangana,Warangal Rural,2020,2,1.234802723,24.62378485,17.9784,79.5941,24.28811646,25.15911865
Telangana,Warangal Urban,2020,2,2.162656957,24.14559631,17.9689,79.5941,23.87631226,24.3717041
Telangana,Yadadri Bhuvanagiri,2020,2,0.482185618,24.26167951,17.582,79.029,23.16500854,24.98568726
Telangana,Adilabad,2020,3,0.59915518,27.81097967,19.664,78.532,27.03222656,29.09048462
Telangana,Bhadradri Kothagudem,2020,3,0.443103518,29.03035613,17.5557,80.6191,28.06774902,29.75476074
Telangana,Hyderabad,2020,3,0.52166748,26.936203,17.385,78.4867,26.82879639,27.04360962
Telangana,Jagtial,2020,3,0.902121834,28.31323007,18.794,78.914,27.70928955,28.84439087
Telangana,Jangoan,2020,3,0.363171577,27.33167789,17.727,79.152,26.7036438,27.98526001
Telangana,Jayashankar Bhupalpally,2020,3,0.572987446,28.89401245,18.438,79.905,28.3237915,29.39489746
Telangana,Jogulamba Gadwal,2020,3,0.069498017,29.76078103,16.234,77.805,29.06347656,30.38632202
Telangana,Kamareddy,2020,3,0.572067451,27.78895659,18.322,78.34,27.14743042,28.51724243
Telangana,Karimnagar,2020,3,0.512126025,28.07747396,18.4386,79.1288,27.79180908,28.30813599
Telangana,Khammam,2020,3,0.267345673,28.84191001,17.2473,80.1514,28.36077881,29.32519531
Telangana,Kumurambheem Asifabad,2020,3,0.813189584,28.1108178,19.363,79.278,27.02651978,29.20001221
Telangana,Mahabubabad,2020,3,0.381565452,28.31383435,17.598,80.002,27.88568115,28.6395874
Telangana,Mahabubnagar,2020,3,0.136980911,27.642226,16.737,77.987,26.65100098,29.10043335
Telangana,Mancherial,2020,3,0.523259587,28.41002846,18.87,79.46,27.20147705,29.05776978
Telangana,Medak,2020,3,0.498167872,27.25411621,18.049,78.263,26.82739258,28.02508545
Telangana,Medchal Malkajgiri,2020,3,0.484921508,26.77570597,17.629,78.48,26.58557129,27.06494141
Telangana,Mulugu,2020,3,0.590183464,28.82979769,18.194,80.073,27.37930298,30.17297363
Telangana,Nagarkurnool,2020,3,0.157731866,27.91020508,16.48,78.32,26.37362671,29.3835144
Telangana,Nalgonda,2020,3,0.228763408,28.62385941,17.0575,79.2673,27.20858765,29.40341187
Telangana,Narayanpet,2020,3,0.120913291,28.28005066,16.744,77.494,27.42053223,28.89987183
Telangana,Nirmal,2020,3,0.553017703,27.84905052,19.097,78.343,26.82739258,28.40344238
Telangana,Nizamabad,2020,3,0.661268968,28.13816205,18.6725,78.094,27.34799194,28.6907959
Telangana,Peddapalli,2020,3,0.564594269,28.55399238,18.614,79.376,28.20004272,28.91696167
Telangana,Rajanna Sircilla,2020,3,0.628466479,27.70032501,18.387,78.832,27.29821777,28.01086426
Telangana,Rangareddy,2020,3,0.416642552,26.94621463,17.246,78.372,26.50875854,27.76477051
Telangana,Sangareddy,2020,3,0.52091799,27.4376119,17.628,78.087,26.64389038,28.18865967
Telangana,Siddipet,2020,3,0.433279124,27.02436776,18.102,78.852,26.23565674,27.83447266
Telangana,Suryapet,2020,3,0.292708778,28.76857784,17.141,79.622,28.02508545,29.26260376
Telangana,Vikarabad,2020,3,0.332136093,27.35123838,17.338,77.904,26.80606079,27.93972778
Telangana,Wanaparthy,2020,3,0.082944565,28.90770467,16.364,78.064,28.05636597,29.76898193
Telangana,Warangal Rural,2020,3,0.359892786,28.19642223,17.9784,79.5941,27.9112854,28.4703064
Telangana,Warangal Urban,2020,3,0.439913923,27.85950928,17.9689,79.5941,27.44473267,28.21569824
Telangana,Yadadri Bhuvanagiri,2020,3,0.360685666,27.46210153,17.582,79.029,26.43621826,28.12179565
Telangana,Adilabad,2020,4,0.101119934,32.02128462,19.664,78.532,31.16812134,33.29135132
Telangana,Bhadradri Kothagudem,2020,4,0.490739959,31.55127741,17.5557,80.6191,29.98501587,32.43511963
Telangana,Hyderabad,2020,4,0.210995048,29.87870789,17.385,78.4867,29.76516724,29.99224854
Telangana,Jagtial,2020,4,0.136029036,31.9915255,18.794,78.914,31.43713379,32.49874878
Telangana,Jangoan,2020,4,0.264023781,30.26605225,17.727,79.152,29.68417358,30.76748657
Telangana,Jayashankar Bhupalpally,2020,4,0.344778795,32.44867452,18.438,79.905,31.8218689,32.88491821
Telangana,Jogulamba Gadwal,2020,4,0.249211811,31.87944724,16.234,77.805,31.02346802,32.62457275
Telangana,Kamareddy,2020,4,0.197065926,31.44866225,18.322,78.34,30.45507813,32.56817627
Telangana,Karimnagar,2020,4,0.181015632,31.76304118,18.4386,79.1288,31.21295166,31.97229004
Telangana,Khammam,2020,4,0.413523209,31.07321837,17.2473,80.1514,30.52593994,31.4284668
Telangana,Kumurambheem Asifabad,2020,4,0.323212675,32.11309814,19.363,79.278,30.81665039,33.24072266
Telangana,Mahabubabad,2020,4,0.318717986,31.13275357,17.598,80.002,30.75445557,31.72494507
Telangana,Mahabubnagar,2020,4,0.191468219,30.12696721,16.737,77.987,29.16928101,31.33444214
Telangana,Mancherial,2020,4,0.257678615,32.07564926,18.87,79.46,30.97140503,32.78656006
Telangana,Medak,2020,4,0.1523061,30.47780273,18.049,78.263,29.83169556,31.37927246
Telangana,Medchal Malkajgiri,2020,4,0.203690569,29.70650228,17.629,78.48,29.55688477,29.96908569
Telangana,Mulugu,2020,4,0.408004812,32.11293154,18.194,80.073,30.43191528,33.44900513
Telangana,Nagarkurnool,2020,4,0.254678636,30.54219238,16.48,78.32,29.04632568,31.86526489
Telangana,Nalgonda,2020,4,0.301789424,31.1988945,17.0575,79.2673,29.99368286,31.68878174
Telangana,Narayanpet,2020,4,0.25772922,30.57120972,16.744,77.494,29.94015503,30.96273804
Telangana,Nirmal,2020,4,0.07026387,31.67889786,19.097,78.343,30.68212891,32.1545105
Telangana,Nizamabad,2020,4,0.095386254,31.83126293,18.6725,78.094,31.02783203,32.69400024
Telangana,Peddapalli,2020,4,0.1830066,32.1288893,18.614,79.376,31.86090088,32.4206543
Telangana,Rajanna Sircilla,2020,4,0.205570936,31.47374344,18.387,78.832,30.94537354,31.87536621
Telangana,Rangareddy,2020,4,0.241897015,29.7532691,17.246,78.372,29.12298584,30.53317261
Telangana,Sangareddy,2020,4,0.162411653,30.63465712,17.628,78.087,29.58581543,31.72061157
Telangana,Siddipet,2020,4,0.181073637,30.43012948,18.102,78.852,29.26760864,31.53982544
Telangana,Suryapet,2020,4,0.274609089,31.16686801,17.141,79.622,30.73275757,31.48196411
Telangana,Vikarabad,2020,4,0.230878799,30.08549973,17.338,77.904,29.48022461,30.62573242
Telangana,Wanaparthy,2020,4,0.211139679,31.27112834,16.364,78.064,30.59970093,32.06051636
Telangana,Warangal Rural,2020,4,0.254279494,31.32372492,17.9784,79.5941,30.83978271,32.00408936
Telangana,Warangal Urban,2020,4,0.257326863,31.12442932,17.9689,79.5941,30.58666992,31.76834106
Telangana,Yadadri Bhuvanagiri,2020,4,0.202663596,30.28599984,17.582,79.029,29.48892212,30.87884521
Telangana,Adilabad,2020,5,0.320119304,34.46158484,19.664,78.532,33.48529053,35.82144165
Telangana,Bhadradri Kothagudem,2020,5,0.642154285,33.30442761,17.5557,80.6191,31.36956787,34.34448242
Telangana,Hyderabad,2020,5,0.518660963,32.11404419,17.385,78.4867,31.99633789,32.23175049
Telangana,Jagtial,2020,5,0.460095406,34.23900663,18.794,78.914,33.4822998,34.94277954
Telangana,Jangoan,2020,5,0.435361806,32.69595498,17.727,79.152,32.1612854,33.06695557
Telangana,Jayashankar Bhupalpally,2020,5,0.308620306,34.5988973,18.438,79.905,34.01760864,34.94277954
Telangana,Jogulamba Gadwal,2020,5,0.563255764,33.09244607,16.234,77.805,32.57662964,33.66525269
Telangana,Kamareddy,2020,5,0.449978352,33.53434484,18.322,78.34,32.56314087,34.62338257
Telangana,Karimnagar,2020,5,0.24647306,34.21870253,18.4386,79.1288,33.74472046,34.44046021
Telangana,Khammam,2020,5,0.665443958,33.08655678,17.2473,80.1514,32.18826294,33.53027344
Telangana,Kumurambheem Asifabad,2020,5,0.338873219,34.68111844,19.363,79.278,33.23638916,35.47506714
Telangana,Mahabubabad,2020,5,0.552459478,33.21586662,17.598,80.002,32.78207397,33.76568604
Telangana,Mahabubnagar,2020,5,0.478694797,31.8708543,16.737,77.987,31.07717896,32.65310669
Telangana,Mancherial,2020,5,0.360057195,34.54063416,18.87,79.46,33.40283203,35.18869019
Telangana,Medak,2020,5,0.479188204,32.55041992,18.049,78.263,31.99633789,33.45980835
Telangana,Medchal Malkajgiri,2020,5,0.508902391,32.02084012,17.629,78.48,31.81491089,32.41470337
Telangana,Mulugu,2020,5,0.661963076,33.965045,18.194,80.073,32.2482605,35.13919067
Telangana,Nagarkurnool,2020,5,0.893000549,32.10433838,16.48,78.32,30.17300415,33.03997803
Telangana,Nalgonda,2020,5,0.692486747,33.39020538,17.0575,79.2673,32.12979126,33.95614624
Telangana,Narayanpet,2020,5,0.294060946,32.39857788,16.744,77.494,31.86590576,32.95449829
Telangana,Nirmal,2020,5,0.441659176,33.92825317,19.097,78.343,33.00997925,34.44644165
Telangana,Nizamabad,2020,5,0.388577975,33.79092587,18.6725,78.094,33.03845215,34.66836548
Telangana,Peddapalli,2020,5,0.31958319,34.63446723,18.614,79.376,34.34597778,34.97125244
Telangana,Rajanna Sircilla,2020,5,0.495700963,33.66214371,18.387,78.832,33.02947998,34.22302246
Telangana,Rangareddy,2020,5,0.52984492,31.88238972,17.246,78.372,31.12966919,32.76556396
Telangana,Sangareddy,2020,5,0.408972202,32.71308729,17.628,78.087,31.75643921,33.92315674
Telangana,Siddipet,2020,5,0.419590314,32.69214499,18.102,78.852,31.53900146,33.96963501
Telangana,Suryapet,2020,5,0.64576327,33.38700919,17.141,79.622,32.93649292,33.76269531
Telangana,Vikarabad,2020,5,0.299427955,32.07922784,17.338,77.904,31.42056274,32.78356934
Telangana,Wanaparthy,2020,5,0.54409896,32.43193563,16.364,78.064,31.9753418,33.03396606
Telangana,Warangal Rural,2020,5,0.348804712,33.50786244,17.9784,79.5941,33.13891602,34.29949951
Telangana,Warangal Urban,2020,5,0.259127552,33.55712891,17.9689,79.5941,33.09695435,34.15106201
Telangana,Yadadri Bhuvanagiri,2020,5,0.471754138,32.71736799,17.582,79.029,31.84490967,33.34436035
Telangana,Adilabad,2020,6,5.535319174,28.66871042,19.664,78.532,27.96826172,29.79696655
Telangana,Bhadradri Kothagudem,2020,6,9.04813167,29.25712536,17.5557,80.6191,28.21380615,29.80334473
Telangana,Hyderabad,2020,6,4.795536041,27.17828369,17.385,78.4867,27.12167358,27.2348938
Telangana,Jagtial,2020,6,4.824791286,29.11544096,18.794,78.914,28.2361145,29.80651855
Telangana,Jangoan,2020,6,5.756007026,28.66288998,17.727,79.152,27.92681885,29.20864868
Telangana,Jayashankar Bhupalpally,2020,6,7.492790222,29.53050486,18.438,79.905,29.23095703,29.82086182
Telangana,Jogulamba Gadwal,2020,6,4.898921785,28.29148449,16.234,77.805,27.8263855,28.64425659
Telangana,Kamareddy,2020,6,6.207111613,27.77170338,18.322,78.34,27.14242554,28.59164429
Telangana,Karimnagar,2020,6,5.471538768,29.29669189,18.4386,79.1288,28.98226929,29.54983521
Telangana,Khammam,2020,6,9.254280286,29.4654541,17.2473,80.1514,28.71282959,30.05841064
Telangana,Kumurambheem Asifabad,2020,6,6.816175306,29.30360243,19.363,79.278,28.11016846,29.87985229
Telangana,Mahabubabad,2020,6,7.387176991,29.13580954,17.598,80.002,28.46252441,29.68057251
Telangana,Mahabubnagar,2020,6,4.962543805,26.95116014,16.737,77.987,26.06466675,27.93002319
Telangana,Mancherial,2020,6,6.112703111,29.4043541,18.87,79.46,28.24090576,29.83840942
Telangana,Medak,2020,6,5.875034332,27.32467773,18.049,78.263,27.01965332,27.7227478
Telangana,Medchal Malkajgiri,2020,6,4.864920722,27.40618218,17.629,78.48,27.02603149,28.04159546
Telangana,Mulugu,2020,6,8.604653848,29.09757047,18.194,80.073,27.72753906,29.92929077
Telangana,Nagarkurnool,2020,6,5.434383752,27.65266113,16.48,78.32,25.98654175,29.42547607
Telangana,Nalgonda,2020,6,5.055947226,29.64599419,17.0575,79.2673,27.96188354,30.77426147
Telangana,Narayanpet,2020,6,4.716026306,27.42453003,16.744,77.494,26.46960449,28.04638672
Telangana,Nirmal,2020,6,4.947580973,28.56135941,19.097,78.343,27.84072876,29.21661377
Telangana,Nizamabad,2020,6,5.651922764,28.29280898,18.6725,78.094,27.70999146,28.83398438
Telangana,Peddapalli,2020,6,5.851211548,29.61192491,18.614,79.376,29.31707764,29.85116577
Telangana,Rajanna Sircilla,2020,6,5.18263855,28.47018623,18.387,78.832,27.72433472,29.04922485
Telangana,Rangareddy,2020,6,5.187006632,27.05029297,17.246,78.372,26.06304932,28.38278198
Telangana,Sangareddy,2020,6,5.768783961,27.16650391,17.628,78.087,26.42178345,27.93637085
Telangana,Siddipet,2020,6,5.412444144,27.99180235,18.102,78.852,27.23010254,28.98065186
Telangana,Suryapet,2020,6,6.646091715,29.92152984,17.141,79.622,29.18792725,30.50961304
Telangana,Vikarabad,2020,6,5.425620787,26.52772259,17.338,77.904,26.02639771,27.07067871
Telangana,Wanaparthy,2020,6,5.338915507,27.6938697,16.364,78.064,27.12329102,28.26641846
Telangana,Warangal Rural,2020,6,6.571502686,29.24416282,17.9784,79.5941,29.05560303,29.59765625
Telangana,Warangal Urban,2020,6,5.867992748,29.19573669,17.9689,79.5941,28.88342285,29.48605347
Telangana,Yadadri Bhuvanagiri,2020,6,5.47357076,28.58379691,17.582,79.029,27.47723389,29.23257446
Telangana,Adilabad,2020,7,9.031821958,26.90769635,19.664,78.532,26.29153442,27.92547607
Telangana,Bhadradri Kothagudem,2020,7,10.06924112,27.3900304,17.5557,80.6191,26.63635254,27.87484741
Telangana,Hyderabad,2020,7,7.130737305,25.17324829,17.385,78.4867,25.10681152,25.23968506
Telangana,Jagtial,2020,7,7.708695121,27.30111225,18.794,78.914,26.62686157,27.84005737
Telangana,Jangoan,2020,7,10.48542875,26.47310277,17.727,79.152,25.89608765,26.88626099
Telangana,Jayashankar Bhupalpally,2020,7,7.957339947,27.8233846,18.438,79.905,27.49365234,28.09945679
Telangana,Jogulamba Gadwal,2020,7,8.580653599,26.30563077,16.234,77.805,25.94671631,26.60787964
Telangana,Kamareddy,2020,7,7.407202657,26.07614136,18.322,78.34,25.54336548,26.67749023
Telangana,Karimnagar,2020,7,8.378268074,27.38724772,18.4386,79.1288,27.09506226,27.63919067
Telangana,Khammam,2020,7,9.818237305,27.44396973,17.2473,80.1514,26.91949463,27.81317139
Telangana,Kumurambheem Asifabad,2020,7,9.637906461,27.42199877,19.363,79.278,26.32632446,27.98242188
Telangana,Mahabubabad,2020,7,9.582829475,27.07177313,17.598,80.002,26.54934692,27.41140747
Telangana,Mahabubnagar,2020,7,7.77613767,25.00783128,16.737,77.987,24.31436157,25.94354248
Telangana,Mancherial,2020,7,8.535252041,27.59489059,18.87,79.46,26.51773071,28.08206177
Telangana,Medak,2020,7,6.828460058,25.56741455,18.049,78.263,25.10681152,26.03686523
Telangana,Medchal Malkajgiri,2020,7,7.363457574,25.34353977,17.629,78.48,25.02929688,25.85339355
Telangana,Mulugu,2020,7,8.827615274,27.42894023,18.194,80.073,26.21087646,28.24182129
Telangana,Nagarkurnool,2020,7,7.038898396,25.60645508,16.48,78.32,24.25424194,27.13461304
Telangana,Nalgonda,2020,7,7.643466637,27.27083206,17.0575,79.2673,25.85180664,28.1579895
Telangana,Narayanpet,2020,7,9.298739624,25.48445282,16.744,77.494,24.73828125,26.09222412
Telangana,Nirmal,2020,7,8.170584939,26.73704529,19.097,78.343,26.06375122,27.32284546
Telangana,Nizamabad,2020,7,7.624784812,26.67352654,18.6725,78.094,26.16815186,27.19311523
Telangana,Peddapalli,2020,7,8.026478014,27.72670322,18.614,79.376,27.41772461,27.94918823
Telangana,Rajanna Sircilla,2020,7,7.17491099,26.71810913,18.387,78.832,26.08590698,27.20578003
Telangana,Rangareddy,2020,7,7.407688686,25.10889565,17.246,78.372,24.35705566,26.19189453
Telangana,Sangareddy,2020,7,7.673136393,25.39490763,17.628,78.087,24.69714355,26.2171936
Telangana,Siddipet,2020,7,8.059049664,26.09251246,18.102,78.852,25.23968506,27.0586853
Telangana,Suryapet,2020,7,9.283535767,27.58201862,17.141,79.622,26.89892578,28.02670288
Telangana,Vikarabad,2020,7,8.671091387,24.7996279,17.338,77.904,24.36181641,25.27606201
Telangana,Wanaparthy,2020,7,8.896055433,25.75374349,16.364,78.064,25.17324829,26.35479736
Telangana,Warangal Rural,2020,7,9.552124023,27.16098855,17.9784,79.5941,26.93688965,27.61071777
Telangana,Warangal Urban,2020,7,9.959614147,27.11878662,17.9689,79.5941,26.78503418,27.51739502
Telangana,Yadadri Bhuvanagiri,2020,7,8.910251872,26.34017508,17.582,79.029,25.4168396,27.00805664
Telangana,Adilabad,2020,8,9.16112789,25.63786732,19.664,78.532,25.11419678,26.42251587
Telangana,Bhadradri Kothagudem,2020,8,13.74531555,26.66058546,17.5557,80.6191,25.9055481,27.11712646
Telangana,Hyderabad,2020,8,7.936587334,24.42277527,17.385,78.4867,24.36410522,24.48144531
Telangana,Jagtial,2020,8,7.842322972,26.22582069,18.794,78.914,25.59631348,26.77618408
Telangana,Jangoan,2020,8,10.15340468,25.96188033,17.727,79.152,25.29180908,26.41937256
Telangana,Jayashankar Bhupalpally,2020,8,14.19001066,26.776769,18.438,79.905,26.46536255,26.93951416
Telangana,Jogulamba Gadwal,2020,8,6.093965076,25.75502985,16.234,77.805,25.42501831,26.06729126
Telangana,Kamareddy,2020,8,7.469538879,25.15403299,18.322,78.34,24.60830688,25.72476196
Telangana,Karimnagar,2020,8,9.557724897,26.47970581,18.4386,79.1288,26.19256592,26.73654175
Telangana,Khammam,2020,8,13.40991211,26.85678473,17.2473,80.1514,26.26553345,27.23132324
Telangana,Kumurambheem Asifabad,2020,8,10.44021771,26.28072611,19.363,79.278,25.30291748,26.71432495
Telangana,Mahabubabad,2020,8,11.96159649,26.44987119,17.598,80.002,25.87698364,26.88717651
Telangana,Mahabubnagar,2020,8,7.791468302,24.32340651,16.737,77.987,23.60604858,25.34255981
Telangana,Mancherial,2020,8,11.65954929,26.51178551,18.87,79.46,25.51699829,26.91098022
Telangana,Medak,2020,8,7.281841278,24.73168945,18.049,78.263,24.32125854,25.14749146
Telangana,Medchal Malkajgiri,2020,8,7.974875556,24.63650174,17.629,78.48,24.28320313,25.1998291
Telangana,Mulugu,2020,8,14.38448024,26.42265361,18.194,80.073,25.22839355,27.18692017
Telangana,Nagarkurnool,2020,8,7.127967115,24.96953613,16.48,78.32,23.62826538,26.55575562
Telangana,Nalgonda,2020,8,8.692420834,26.72807884,17.0575,79.2673,25.29180908,27.56274414
Telangana,Narayanpet,2020,8,7.527381897,24.83152161,16.744,77.494,24.00408936,25.48370361
Telangana,Nirmal,2020,8,8.419541792,25.60824394,19.097,78.343,25.03808594,26.17672729
Telangana,Nizamabad,2020,8,7.023770063,25.63785867,18.6725,78.094,25.19189453,26.07522583
Telangana,Peddapalli,2020,8,11.3573761,26.72542318,18.614,79.376,26.44155884,26.90463257
Telangana,Rajanna Sircilla,2020,8,7.681560262,25.74547005,18.387,78.832,25.13323975,26.25125122
Telangana,Rangareddy,2020,8,8.058191209,24.41166575,17.246,78.372,23.62350464,25.59631348
Telangana,Sangareddy,2020,8,8.096736028,24.56011963,17.628,78.087,23.83123779,25.32669067
Telangana,Siddipet,2020,8,8.223998099,25.33293625,18.102,78.852,24.52584839,26.20367432
Telangana,Suryapet,2020,8,11.00785217,27.06304721,17.141,79.622,26.44790649,27.45175171
Telangana,Vikarabad,2020,8,8.516270791,24.00738315,17.338,77.904,23.62033081,24.49890137
Telangana,Wanaparthy,2020,8,7.177203708,25.15763516,16.364,78.064,24.5163269,25.80880737
Telangana,Warangal Rural,2020,8,11.61238766,26.46959894,17.9784,79.5941,26.33053589,26.72543335
Telangana,Warangal Urban,2020,8,10.5562869,26.43426514,17.9689,79.5941,26.18783569,26.66674805
Telangana,Yadadri Bhuvanagiri,2020,8,9.528080241,25.79390826,17.582,79.029,24.77008057,26.56365967
Telangana,Adilabad,2020,9,9.093478295,26.43980084,19.664,78.532,25.85794067,27.3611145
Telangana,Bhadradri Kothagudem,2020,9,8.032453265,27.45817714,17.5557,80.6191,26.7166748,27.94937134
Telangana,Hyderabad,2020,9,6.295976639,24.94674683,17.385,78.4867,24.8913269,25.00216675
Telangana,Jagtial,2020,9,7.030573969,26.97363516,18.794,78.914,26.18756104,27.59759521
Telangana,Jangoan,2020,9,6.590316772,26.45025153,17.727,79.152,25.77963257,26.90881348
Telangana,Jayashankar Bhupalpally,2020,9,8.217983539,27.62160238,18.438,79.905,27.28866577,27.86068726
Telangana,Jogulamba Gadwal,2020,9,12.82218715,25.91566606,16.234,77.805,25.58599854,26.23632813
Telangana,Kamareddy,2020,9,7.844966634,25.74888701,18.322,78.34,25.1618042,26.32797241
Telangana,Karimnagar,2020,9,6.994967292,27.09547085,18.4386,79.1288,26.83343506,27.38623047
Telangana,Khammam,2020,9,8.596060728,27.35490306,17.2473,80.1514,26.95907593,27.58132935
Telangana,Kumurambheem Asifabad,2020,9,7.863705197,27.17823622,19.363,79.278,26.12841797,27.75427246
Telangana,Mahabubabad,2020,9,7.640925407,27.04597841,17.598,80.002,26.51568604,27.3611145
Telangana,Mahabubnagar,2020,9,11.11118444,24.69850041,16.737,77.987,24.02371216,25.59191895
Telangana,Mancherial,2020,9,7.626123216,27.42308807,18.87,79.46,26.33535767,27.85327148
Telangana,Medak,2020,9,6.619239807,25.32751953,18.049,78.263,24.86175537,25.83578491
Telangana,Medchal Malkajgiri,2020,9,6.026602851,25.14045546,17.629,78.48,24.80264282,25.6569519
Telangana,Mulugu,2020,9,8.783447266,27.32759053,18.194,80.073,26.28363037,28.1385498
Telangana,Nagarkurnool,2020,9,15.51624687,25.13041016,16.48,78.32,23.82418823,26.44473267
Telangana,Nalgonda,2020,9,9.013438741,26.84887505,17.0575,79.2673,25.47219849,27.47491455
Telangana,Narayanpet,2020,9,11.83799133,25.17791443,16.744,77.494,24.47009277,25.74267578
Telangana,Nirmal,2020,9,7.962467078,26.39803123,19.097,78.343,25.83578491,26.978302
Telangana,Nizamabad,2020,9,7.292878762,26.31009988,18.6725,78.094,25.77667236,26.92953491
Telangana,Peddapalli,2020,9,7.836371171,27.49256219,18.614,79.376,27.14086914,27.76904297
Telangana,Rajanna Sircilla,2020,9,6.872789001,26.30810547,18.387,78.832,25.69537354,26.83050537
Telangana,Rangareddy,2020,9,7.99005127,24.81442931,17.246,78.372,24.08728027,25.74856567
Telangana,Sangareddy,2020,9,7.17879623,25.12201945,17.628,78.087,24.40063477,25.96881104
Telangana,Siddipet,2020,9,6.703437112,25.86641298,18.102,78.852,25.0524292,26.77285767
Telangana,Suryapet,2020,9,8.19734141,27.32741362,17.141,79.622,26.89700317,27.53106689
Telangana,Vikarabad,2020,9,8.553984611,24.52798778,17.338,77.904,24.1227417,24.97705078
Telangana,Wanaparthy,2020,9,13.31469218,25.40190294,16.364,78.064,24.84402466,26.00723267
Telangana,Warangal Rural,2020,9,7.072629929,27.07436579,17.9784,79.5941,26.90292358,27.3729248
Telangana,Warangal Urban,2020,9,6.31836423,27.01362305,17.9689,79.5941,26.72409058,27.30050659
Telangana,Yadadri Bhuvanagiri,2020,9,6.089233398,26.22967529,17.582,79.029,25.25787354,26.97680664
Telangana,Adilabad,2020,10,3.256749553,25.96969142,19.664,78.532,25.34542847,26.88937378
Telangana,Bhadradri Kothagudem,2020,10,6.490403312,26.66178254,17.5557,80.6191,25.75839233,27.15328979
Telangana,Hyderabad,2020,10,7.81114006,24.33154297,17.385,78.4867,24.23150635,24.43157959
Telangana,Jagtial,2020,10,3.506593455,26.23944092,18.794,78.914,25.48309326,26.7857666
Telangana,Jangoan,2020,10,6.524807201,25.6046769,17.727,79.152,24.97650146,26.07199097
Telangana,Jayashankar Bhupalpally,2020,10,4.68867522,26.76613871,18.438,79.905,26.3770752,27.05679321
Telangana,Jogulamba Gadwal,2020,10,5.330413092,25.66149902,16.234,77.805,25.31704712,26.05352783
Telangana,Kamareddy,2020,10,4.422894796,25.35495713,18.322,78.34,24.67282104,26.00671387
Telangana,Karimnagar,2020,10,4.977945664,26.12228563,18.4386,79.1288,25.86624146,26.3444519
Telangana,Khammam,2020,10,8.674656795,26.67802913,17.2473,80.1514,26.08618164,26.88653564
Telangana,Kumurambheem Asifabad,2020,10,2.943284731,26.48879666,19.363,79.278,25.41781616,27.03692627
Telangana,Mahabubabad,2020,10,6.837892056,26.416184,17.598,80.002,25.89746094,26.84820557
Telangana,Mahabubnagar,2020,10,7.341972351,24.49243164,16.737,77.987,23.74191284,25.39227295
Telangana,Mancherial,2020,10,3.056887521,26.5908699,18.87,79.46,25.70587158,27.21289063
Telangana,Medak,2020,10,5.565110524,24.78384277,18.049,78.263,24.19177246,25.54693604
Telangana,Medchal Malkajgiri,2020,10,7.256503635,24.4211697,17.629,78.48,24.07824707,24.89703369
Telangana,Mulugu,2020,10,5.259439829,26.49946553,18.194,80.073,25.27023315,27.37609863
Telangana,Nagarkurnool,2020,10,5.841491123,24.90814453,16.48,78.32,23.79159546,26.10604858
Telangana,Nalgonda,2020,10,7.212574443,26.20589066,17.0575,79.2673,24.92825317,26.92056274
Telangana,Narayanpet,2020,10,7.864593506,25.01629486,16.744,77.494,24.29534912,25.52566528
Telangana,Nirmal,2020,10,3.001511083,25.83012962,19.097,78.343,25.13256836,26.30755615
Telangana,Nizamabad,2020,10,3.475891113,25.8861802,18.6725,78.094,25.12689209,26.74035645
Telangana,Peddapalli,2020,10,4.13075176,26.53530884,18.614,79.376,26.16705322,26.8425293
Telangana,Rajanna Sircilla,2020,10,4.425882975,25.5433979,18.387,78.832,25.02615356,25.97549438
Telangana,Rangareddy,2020,10,8.12168521,24.31878067,17.246,78.372,23.79159546,25.2333374
Telangana,Sangareddy,2020,10,6.77825693,24.71570163,17.628,78.087,23.9987793,25.69311523
Telangana,Siddipet,2020,10,5.846663504,25.06452047,18.102,78.852,24.34075928,25.86624146
Telangana,Suryapet,2020,10,8.06130778,26.67165822,17.141,79.622,26.12307739,26.94610596
Telangana,Vikarabad,2020,10,8.210620511,24.24621792,17.338,77.904,23.77029419,24.81329346
Telangana,Wanaparthy,2020,10,5.982978821,25.1985694,16.364,78.064,24.64160156,25.80664063
Telangana,Warangal Rural,2020,10,5.974516869,26.2623291,17.9784,79.5941,26.01663208,26.61547852
Telangana,Warangal Urban,2020,10,6.133446433,26.02629089,17.9689,79.5941,25.77542114,26.25219727
Telangana,Yadadri Bhuvanagiri,2020,10,6.824359131,25.45278059,17.582,79.029,24.48834229,26.2791748
Telangana,Adilabad,2020,11,0.129491452,23.67162161,19.664,78.532,22.98287964,24.79574585
Telangana,Bhadradri Kothagudem,2020,11,2.747634343,25.48968309,17.5557,80.6191,24.5869751,26.25253296
Telangana,Hyderabad,2020,11,0.742491484,22.42845154,17.385,78.4867,22.35421753,22.50268555
Telangana,Jagtial,2020,11,0.277834022,24.14965351,18.794,78.914,23.58483887,24.73544312
Telangana,Jangoan,2020,11,1.245206496,23.57721108,17.727,79.152,22.85760498,24.07662964
Telangana,Jayashankar Bhupalpally,2020,11,1.007239562,25.1904424,18.438,79.905,24.46981812,25.81063843
Telangana,Jogulamba Gadwal,2020,11,1.343287059,24.33543257,16.234,77.805,24.04763794,24.69598389
Telangana,Kamareddy,2020,11,0.195145543,23.73572675,18.322,78.34,22.75088501,24.62408447
Telangana,Karimnagar,2020,11,0.595782336,24.12624444,18.4386,79.1288,23.81912231,24.39559937
Telangana,Khammam,2020,11,3.548213078,25.22981969,17.2473,80.1514,24.82705688,25.72479248
Telangana,Kumurambheem Asifabad,2020,11,0.281398928,24.47220357,19.363,79.278,22.871521,25.89877319
Telangana,Mahabubabad,2020,11,1.644697189,24.71779448,17.598,80.002,24.24829102,25.15646362
Telangana,Mahabubnagar,2020,11,0.76886487,22.88226788,16.737,77.987,22.17675781,24.12533569
Telangana,Mancherial,2020,11,0.510904365,24.76362991,18.87,79.46,23.18005371,25.78744507
Telangana,Medak,2020,11,0.420992176,22.91694092,18.049,78.263,22.26028442,24.40139771
Telangana,Medchal Malkajgiri,2020,11,0.80901538,22.46736993,17.629,78.48,22.11993408,22.96896362
Telangana,Mulugu,2020,11,1.04888648,25.25151268,18.194,80.073,24.15084839,26.4694519
Telangana,Nagarkurnool,2020,11,1.946940008,22.97018066,16.48,78.32,21.87402344,24.10794067
Telangana,Nalgonda,2020,11,2.428270934,24.18755722,17.0575,79.2673,22.82629395,25.17965698
Telangana,Narayanpet,2020,11,0.774375725,23.77981567,16.744,77.494,23.18005371,24.34570313
Telangana,Nirmal,2020,11,0.097828851,23.68766785,19.097,78.343,22.61404419,24.15316772
Telangana,Nizamabad,2020,11,0.16872675,24.20271212,18.6725,78.094,23.33432007,25.05090332
Telangana,Peddapalli,2020,11,0.659828638,24.76481798,18.614,79.376,24.31903076,25.24462891
Telangana,Rajanna Sircilla,2020,11,0.430813281,23.5077076,18.387,78.832,23.1255188,23.84466553
Telangana,Rangareddy,2020,11,0.89721716,22.39538128,17.246,78.372,21.97494507,23.07681274
Telangana,Sangareddy,2020,11,0.370448235,23.30512153,17.628,78.087,22.10369873,24.66235352
Telangana,Siddipet,2020,11,0.684842196,22.9610722,18.102,78.852,22.27767944,23.75302124
Telangana,Suryapet,2020,11,2.720218913,24.84237776,17.141,79.622,24.08590698,25.30145264
Telangana,Vikarabad,2020,11,0.492865039,23.13793524,17.338,77.904,22.26376343,24.14273071
Telangana,Wanaparthy,2020,11,1.152590858,23.77338325,16.364,78.064,23.02926636,24.4303894
Telangana,Warangal Rural,2020,11,1.171600103,24.42005504,17.9784,79.5941,24.06271362,24.95581055
Telangana,Warangal Urban,2020,11,0.962997263,24.05099487,17.9689,79.5941,23.73678589,24.31091309
Telangana,Yadadri Bhuvanagiri,2020,11,1.351637777,23.45381818,17.582,79.029,22.50500488,24.26568604
Telangana,Adilabad,2020,12,0.001458931,22.17295884,19.664,78.532,21.40557861,23.07400513
Telangana,Bhadradri Kothagudem,2020,12,0.006361112,23.26757813,17.5557,80.6191,22.57336426,24.15618896
Telangana,Hyderabad,2020,12,0.000774764,20.85913086,17.385,78.4867,20.76934814,20.94891357
Telangana,Jagtial,2020,12,0.000774764,22.65531569,18.794,78.914,21.85745239,23.32730103
Telangana,Jangoan,2020,12,0.001710464,21.55096114,17.727,79.152,21.06784058,21.93713379
Telangana,Jayashankar Bhupalpally,2020,12,0.000774764,22.96827189,18.438,79.905,22.28439331,23.70904541
Telangana,Jogulamba Gadwal,2020,12,0.03671255,23.19741405,16.234,77.805,22.7124939,23.57583618
Telangana,Kamareddy,2020,12,0.000774764,22.20855174,18.322,78.34,21.18557739,23.21789551
Telangana,Karimnagar,2020,12,0.000774764,22.21072218,18.4386,79.1288,22.01086426,22.42947388
Telangana,Khammam,2020,12,0.007617899,23.16818758,17.2473,80.1514,22.64590454,23.64602661
Telangana,Kumurambheem Asifabad,2020,12,0.000774764,22.8776279,19.363,79.278,21.62319946,23.86483765
Telangana,Mahabubabad,2020,12,0.00337068,22.66619663,17.598,80.002,22.04296875,23.05856323
Telangana,Mahabubnagar,2020,12,0.001363908,21.51936692,16.737,77.987,20.71820068,22.98007202
Telangana,Mancherial,2020,12,0.000774764,22.67425156,18.87,79.46,21.76113892,23.44146729
Telangana,Medak,2020,12,0.000774764,21.30134277,18.049,78.263,20.66946411,22.56860352
Telangana,Medchal Malkajgiri,2020,12,0.000774764,20.8301256,17.629,78.48,20.5743103,21.13800049
Telangana,Mulugu,2020,12,0.000870301,23.26543695,18.194,80.073,22.34741211,24.65563965
Telangana,Nagarkurnool,2020,12,0.015847958,21.45472656,16.48,78.32,20.36264038,22.76483154
Telangana,Nalgonda,2020,12,0.005642446,22.29891586,17.0575,79.2673,21.2081604,23.34396362
Telangana,Narayanpet,2020,12,0.001923595,22.52561188,16.744,77.494,21.95855713,23.22384644
Telangana,Nirmal,2020,12,0.000774764,22.22294998,19.097,78.343,21.27474976,22.84924316
Telangana,Nizamabad,2020,12,0.000774764,22.75558292,18.6725,78.094,21.76589966,23.41174316
Telangana,Peddapalli,2020,12,0.000774764,22.5988583,18.614,79.376,22.35931396,22.94915771
Telangana,Rajanna Sircilla,2020,12,0.000774764,21.78893089,18.387,78.832,21.51971436,22.03344727
Telangana,Rangareddy,2020,12,0.001237663,20.90453804,17.246,78.372,20.49581909,21.49237061
Telangana,Sangareddy,2020,12,0.000774764,21.83859762,17.628,78.087,20.53625488,22.97293091
Telangana,Siddipet,2020,12,0.000774764,21.32137956,18.102,78.852,20.67184448,21.98947144
Telangana,Suryapet,2020,12,0.007196434,22.85872256,17.141,79.622,22.01086426,23.35110474
Telangana,Vikarabad,2020,12,0.000774764,21.95768159,17.338,77.904,20.92990112,23.11920166
Telangana,Wanaparthy,2020,12,0.017172605,22.55782912,16.364,78.064,21.69692993,23.27261353
Telangana,Warangal Rural,2020,12,0.00165848,22.41243675,17.9784,79.5941,22.0072937,22.90158081
Telangana,Warangal Urban,2020,12,0.000774764,22.08364563,17.9689,79.5941,21.87054443,22.22610474
Telangana,Yadadri Bhuvanagiri,2020,12,0.001776309,21.41227504,17.582,79.029,20.78717041,22.1262207
Telangana,Adilabad,2021,1,0.064630755,23.86023319,19.664,78.532,23.25354004,24.66842651
Telangana,Bhadradri Kothagudem,2021,1,0.022823108,24.83806192,17.5557,80.6191,23.93936157,25.5425415
Telangana,Hyderabad,2021,1,0.055379167,22.94816589,17.385,78.4867,22.8578186,23.03851318
Telangana,Jagtial,2021,1,0.101842414,24.54001089,18.794,78.914,23.94570923,25.12265015
Telangana,Jangoan,2021,1,0.020658037,23.29727173,17.727,79.152,22.8069458,23.66833496
Telangana,Jayashankar Bhupalpally,2021,1,0.012675084,24.91892497,18.438,79.905,24.18490601,25.59216309
Telangana,Jogulamba Gadwal,2021,1,0.33271483,24.49832986,16.234,77.805,24.04623413,24.93307495
Telangana,Kamareddy,2021,1,0.100045284,24.19742001,18.322,78.34,23.34768677,25.06796265
Telangana,Karimnagar,2021,1,0.041238704,24.44780986,18.4386,79.1288,24.02331543,24.73458862
Telangana,Khammam,2021,1,0.029137287,24.64865633,17.2473,80.1514,24.05639648,25.34533691
Telangana,Kumurambheem Asifabad,2021,1,0.060042832,24.58094618,19.363,79.278,23.50927734,25.59725952
Telangana,Mahabubabad,2021,1,0.014955038,24.11520491,17.598,80.002,23.63525391,24.38723755
Telangana,Mahabubnagar,2021,1,0.184002519,23.07340182,16.737,77.987,22.40869141,24.2421875
Telangana,Mancherial,2021,1,0.045164665,24.57868195,18.87,79.46,23.64797974,25.34405518
Telangana,Medak,2021,1,0.091824094,23.39085449,18.049,78.263,22.884552,24.18746948
Telangana,Medchal Malkajgiri,2021,1,0.040437569,22.79661391,17.629,78.48,22.66571045,23.00033569
Telangana,Mulugu,2021,1,0.010704469,24.96929107,18.194,80.073,23.82229614,26.19781494
Telangana,Nagarkurnool,2021,1,0.049720868,23.08782471,16.48,78.32,21.60198975,24.33251953
Telangana,Nalgonda,2021,1,0.017453997,24.05203438,17.0575,79.2673,22.9927063,25.15957642
Telangana,Narayanpet,2021,1,0.271192694,23.78373566,16.744,77.494,23.36297607,24.3236084
Telangana,Nirmal,2021,1,0.043947581,24.09772491,19.097,78.343,23.23062134,24.64807129
Telangana,Nizamabad,2021,1,0.077471171,24.62422808,18.6725,78.094,23.78665161,25.27154541
Telangana,Peddapalli,2021,1,0.036213279,24.75678507,18.614,79.376,24.52719116,25.09213257
Telangana,Rajanna Sircilla,2021,1,0.069500955,24.02070618,18.387,78.832,23.66070557,24.41268921
Telangana,Rangareddy,2021,1,0.071586359,22.82043457,17.246,78.372,22.36669922,23.33752441
Telangana,Sangareddy,2021,1,0.188358368,23.65189955,17.628,78.087,22.7064209,24.49029541
Telangana,Siddipet,2021,1,0.03724009,23.39011988,18.102,78.852,22.55880737,24.22055054
Telangana,Suryapet,2021,1,0.017496266,24.3144868,17.141,79.622,23.61743164,24.96105957
Telangana,Vikarabad,2021,1,0.233078803,23.45356277,17.338,77.904,22.84509277,24.19128418
Telangana,Wanaparthy,2021,1,0.194415357,23.96402147,16.364,78.064,23.21282959,24.67605591
Telangana,Warangal Rural,2021,1,0.013132791,24.06329068,17.9784,79.5941,23.68359375,24.40377808
Telangana,Warangal Urban,2021,1,0.024762717,23.9425293,17.9689,79.5941,23.68359375,24.27908325
Telangana,Yadadri Bhuvanagiri,2021,1,0.015631872,23.22768293,17.582,79.029,22.63516235,23.66833496
Telangana,Adilabad,2021,2,0.09440682,24.35972456,19.664,78.532,23.66482544,25.07250977
Telangana,Bhadradri Kothagudem,2021,2,0.02426388,25.79753654,17.5557,80.6191,24.81307983,26.54724121
Telangana,Hyderabad,2021,2,0.054258846,23.3631897,17.385,78.4867,23.22540283,23.50097656
Telangana,Jagtial,2021,2,0.129024962,24.51262254,18.794,78.914,23.87213135,25.14700317
Telangana,Jangoan,2021,2,0.015417881,23.780471,17.727,79.152,23.27380371,24.19613647
Telangana,Jayashankar Bhupalpally,2021,2,0.03675569,25.3808492,18.438,79.905,24.89129639,26.09292603
Telangana,Jogulamba Gadwal,2021,2,0.050051405,24.84462391,16.234,77.805,24.23709106,25.43252563
Telangana,Kamareddy,2021,2,0.081462415,24.25524005,18.322,78.34,23.51586914,25.08493042
Telangana,Karimnagar,2021,2,0.044590515,24.75811937,18.4386,79.1288,24.50027466,24.96948242
Telangana,Khammam,2021,2,0.016280535,25.46006812,17.2473,80.1514,24.84783936,26.08297729
Telangana,Kumurambheem Asifabad,2021,2,0.042678298,24.89842563,19.363,79.278,23.83117676,25.71679688
Telangana,Mahabubabad,2021,2,0.024034847,24.94799805,17.598,80.002,24.15640259,25.30340576
Telangana,Mahabubnagar,2021,2,0.039018189,23.53186035,16.737,77.987,22.74249268,24.54122925
Telangana,Mancherial,2021,2,0.047608376,24.66027832,18.87,79.46,23.73062134,25.55664063
Telangana,Medak,2021,2,0.056871523,23.58106201,18.049,78.263,23.10995483,24.39349365
Telangana,Medchal Malkajgiri,2021,2,0.032301744,23.17352634,17.629,78.48,22.96966553,23.45999146
Telangana,Mulugu,2021,2,0.036900868,25.77160974,18.194,80.073,24.58468628,27.1083374
Telangana,Nagarkurnool,2021,2,0.102550911,23.80393555,16.48,78.32,22.23852539,24.85403442
Telangana,Nalgonda,2021,2,0.04672061,24.76598549,17.0575,79.2673,23.6449585,26.00228882
Telangana,Narayanpet,2021,2,0.02461676,24.03537445,16.744,77.494,23.66607666,24.42205811
Telangana,Nirmal,2021,2,0.13046571,24.27576447,19.097,78.343,23.60772705,24.77212524
Telangana,Nizamabad,2021,2,0.163833202,24.51640051,18.6725,78.094,23.75421143,25.05761719
Telangana,Peddapalli,2021,2,0.052808736,24.8656328,18.614,79.376,24.62936401,25.12219238
Telangana,Rajanna Sircilla,2021,2,0.104612382,24.18131256,18.387,78.832,23.71200562,24.6690979
Telangana,Rangareddy,2021,2,0.040867425,23.34604552,17.246,78.372,22.90512085,24.04718018
Telangana,Sangareddy,2021,2,0.031530325,23.84461806,17.628,78.087,22.91876221,24.76467896
Telangana,Siddipet,2021,2,0.040698799,23.74907395,18.102,78.852,22.96594238,24.56854248
Telangana,Suryapet,2021,2,0.033199032,24.98515793,17.141,79.622,24.14151001,25.75650024
Telangana,Vikarabad,2021,2,0.014172158,23.70138445,17.338,77.904,23.19186401,24.28549194
Telangana,Wanaparthy,2021,2,0.078802228,24.32833354,16.364,78.064,23.67599487,25.04025269
Telangana,Warangal Rural,2021,2,0.024688017,24.75614513,17.9784,79.5941,24.19613647,25.22769165
Telangana,Warangal Urban,2021,2,0.011419472,24.49020691,17.9689,79.5941,24.18371582,24.84411621
Telangana,Yadadri Bhuvanagiri,2021,2,0.026295213,23.7704337,17.582,79.029,23.02926636,24.38977051
Telangana,Adilabad,2021,3,0.135620932,28.81739391,19.664,78.532,28.12295532,29.55529785
Telangana,Bhadradri Kothagudem,2021,3,0.0064229,29.98929128,17.5557,80.6191,28.81317139,31.04367065
Telangana,Hyderabad,2021,3,0.032596242,27.79426575,17.385,78.4867,27.61727905,27.97125244
Telangana,Jagtial,2021,3,0.022643691,28.83445857,18.794,78.914,28.41271973,29.47329712
Telangana,Jangoan,2021,3,0.006038906,28.10253906,17.727,79.152,27.66238403,28.48513794
Telangana,Jayashankar Bhupalpally,2021,3,0.012991976,30.02643585,18.438,79.905,29.42001343,30.85644531
Telangana,Jogulamba Gadwal,2021,3,0.00258579,28.46725741,16.234,77.805,27.82913208,29.02774048
Telangana,Kamareddy,2021,3,0.044474125,28.86273193,18.322,78.34,28.03686523,29.60040283
Telangana,Karimnagar,2021,3,0.019470204,29.31590101,18.4386,79.1288,28.9730835,29.56896973
Telangana,Khammam,2021,3,0.004845709,28.97154273,17.2473,80.1514,28.46328735,29.625
Telangana,Kumurambheem Asifabad,2021,3,0.091081787,29.47573513,19.363,79.278,28.35256958,30.33981323
Telangana,Mahabubabad,2021,3,0.01241538,29.21296639,17.598,80.002,28.31021118,29.93936157
Telangana,Mahabubnagar,2021,3,0.004679383,27.53311392,16.737,77.987,26.73709106,28.21179199
Telangana,Mancherial,2021,3,0.022121413,29.22054291,18.87,79.46,28.25418091,30.38354492
Telangana,Medak,2021,3,0.039995894,27.99230957,18.049,78.263,27.51068115,28.57672119
Telangana,Medchal Malkajgiri,2021,3,0.02599742,27.47467719,17.629,78.48,27.26055908,27.73892212
Telangana,Mulugu,2021,3,0.010483004,30.4634119,18.194,80.073,29.36807251,31.70928955
Telangana,Nagarkurnool,2021,3,0.007236895,27.95368164,16.48,78.32,26.38720703,28.63549805
Telangana,Nalgonda,2021,3,0.002660509,28.61791992,17.0575,79.2673,27.91796875,29.19311523
Telangana,Narayanpet,2021,3,0.003535801,27.85522156,16.744,77.494,27.51751709,28.07785034
Telangana,Nirmal,2021,3,0.038624294,28.58496857,19.097,78.343,27.98220825,29.12478638
Telangana,Nizamabad,2021,3,0.062150491,29.01223216,18.6725,78.094,28.46466064,29.6892395
Telangana,Peddapalli,2021,3,0.021580222,29.32835558,18.614,79.376,29.13299561,29.51977539
Telangana,Rajanna Sircilla,2021,3,0.021717797,28.9018364,18.387,78.832,28.38674927,29.35440063
Telangana,Rangareddy,2021,3,0.01738509,27.68660978,17.246,78.372,27.02410889,28.3717041
Telangana,Sangareddy,2021,3,0.039944144,28.21138679,17.628,78.087,27.30154419,29.03594971
Telangana,Siddipet,2021,3,0.024646206,28.35323781,18.102,78.852,27.42456055,29.21087646
Telangana,Suryapet,2021,3,0.00219041,28.51578706,17.141,79.622,28.12295532,28.98538208
Telangana,Vikarabad,2021,3,0.01394057,27.7988618,17.338,77.904,27.23049927,28.36352539
Telangana,Wanaparthy,2021,3,0.005368095,28.09646606,16.364,78.064,27.68423462,28.62866211
Telangana,Warangal Rural,2021,3,0.015442509,29.14969704,17.9784,79.5941,28.40997314,29.6796875
Telangana,Warangal Urban,2021,3,0.011157352,28.94069214,17.9689,79.5941,28.57125854,29.40087891
Telangana,Yadadri Bhuvanagiri,2021,3,0.005457788,27.98414612,17.582,79.029,27.43139648,28.54528809
Telangana,Adilabad,2021,4,0.221313846,31.68883907,19.664,78.532,30.7645874,32.77056885
Telangana,Bhadradri Kothagudem,2021,4,0.956682137,31.14482067,17.5557,80.6191,29.84161377,32.08758545
Telangana,Hyderabad,2021,4,0.602655888,29.49272156,17.385,78.4867,29.35864258,29.62680054
Telangana,Jagtial,2021,4,0.20791116,31.2731511,18.794,78.914,30.78237915,32.08758545
Telangana,Jangoan,2021,4,0.371214698,29.98688065,17.727,79.152,29.48013306,30.37051392
Telangana,Jayashankar Bhupalpally,2021,4,0.247018447,32.14672089,18.438,79.905,31.64016724,32.51721191
Telangana,Jogulamba Gadwal,2021,4,0.151610851,30.72803289,16.234,77.805,30.12014771,31.32312012
Telangana,Kamareddy,2021,4,0.353329086,30.89727783,18.322,78.34,30.10681152,31.81350708
Telangana,Karimnagar,2021,4,0.292630083,31.67193943,18.4386,79.1288,31.18682861,31.97201538
Telangana,Khammam,2021,4,0.58810459,30.87151951,17.2473,80.1514,30.29199219,31.36312866
Telangana,Kumurambheem Asifabad,2021,4,0.398419741,31.87153456,19.363,79.278,30.50830078,32.61203003
Telangana,Mahabubabad,2021,4,0.726203084,30.65752121,17.598,80.002,30.22976685,31.39422607
Telangana,Mahabubnagar,2021,4,0.586364031,29.32673058,16.737,77.987,28.31417847,30.26828003
Telangana,Mancherial,2021,4,0.280387534,31.6530838,18.87,79.46,30.64163208,32.30831909
Telangana,Medak,2021,4,0.417184393,29.92369141,18.049,78.263,29.40161133,30.70681763
Telangana,Medchal Malkajgiri,2021,4,0.455525716,29.32522244,17.629,78.48,29.14233398,29.61050415
Telangana,Mulugu,2021,4,0.634628193,31.6977869,18.194,80.073,30.04458618,32.89352417
Telangana,Nagarkurnool,2021,4,0.327144695,30.09276123,16.48,78.32,28.63565063,30.88461304
Telangana,Nalgonda,2021,4,0.324877067,30.9461956,17.0575,79.2673,29.8371582,31.64016724
Telangana,Narayanpet,2021,4,0.536311579,29.77531433,16.744,77.494,29.081604,30.23568726
Telangana,Nirmal,2021,4,0.200157512,31.07001877,19.097,78.343,30.23126221,31.69497681
Telangana,Nizamabad,2021,4,0.223833769,31.25140381,18.6725,78.094,30.5201416,31.97796631
Telangana,Peddapalli,2021,4,0.184448769,31.95729574,18.614,79.376,31.76312256,32.20611572
Telangana,Rajanna Sircilla,2021,4,0.298117542,31.06978798,18.387,78.832,30.53051758,31.57351685
Telangana,Rangareddy,2021,4,0.737516903,29.34895734,17.246,78.372,28.52453613,30.40756226
Telangana,Sangareddy,2021,4,0.529992079,30.04120551,17.628,78.087,29.10531616,31.01644897
Telangana,Siddipet,2021,4,0.385293065,30.16070136,18.102,78.852,29.14233398,31.29052734
Telangana,Suryapet,2021,4,0.302281062,30.86717698,17.141,79.622,30.16162109,31.40313721
Telangana,Vikarabad,2021,4,0.869604172,29.33585752,17.338,77.904,28.72158813,29.96456909
Telangana,Wanaparthy,2021,4,0.194352018,30.22664388,16.364,78.064,29.73199463,30.78384399
Telangana,Warangal Rural,2021,4,0.419258595,30.99186845,17.9784,79.5941,30.42828369,31.89349365
Telangana,Warangal Urban,2021,4,0.448211757,30.9980835,17.9689,79.5941,30.49346924,31.72610474
Telangana,Yadadri Bhuvanagiri,2021,4,0.413609219,29.8938882,17.582,79.029,29.21789551,30.55422974
Telangana,Adilabad,2021,5,0.923931122,32.37292111,19.664,78.532,31.52908325,33.73815918
Telangana,Bhadradri Kothagudem,2021,5,0.890943936,32.12861486,17.5557,80.6191,30.52978516,33.23617554
Telangana,Hyderabad,2021,5,1.155024767,30.09016418,17.385,78.4867,29.98727417,30.1930542
Telangana,Jagtial,2021,5,0.677985316,32.61485643,18.794,78.914,31.67407227,33.47470093
Telangana,Jangoan,2021,5,1.157559788,30.98164448,17.727,79.152,30.33959961,31.47451782
Telangana,Jayashankar Bhupalpally,2021,5,0.521080824,33.439092,18.438,79.905,32.81057739,33.79272461
Telangana,Jogulamba Gadwal,2021,5,1.296173913,30.81451416,16.234,77.805,30.32400513,31.22665405
Telangana,Kamareddy,2021,5,0.767486064,31.06511374,18.322,78.34,30.32711792,32.17449951
Telangana,Karimnagar,2021,5,0.707531368,32.74811808,18.4386,79.1288,32.21972656,33.28137207
Telangana,Khammam,2021,5,1.057805673,31.87875738,17.2473,80.1514,31.20013428,32.4223938
Telangana,Kumurambheem Asifabad,2021,5,0.701058774,32.99738227,19.363,79.278,31.58209229,33.90496826
Telangana,Mahabubabad,2021,5,0.954340696,31.66343531,17.598,80.002,31.06295776,32.4239502
Telangana,Mahabubnagar,2021,5,1.36037763,29.47946402,16.737,77.987,28.61538696,30.38012695
Telangana,Mancherial,2021,5,0.417931477,33.15943146,18.87,79.46,31.77853394,33.77246094
Telangana,Medak,2021,5,0.788719972,30.35961426,18.049,78.263,29.9576416,31.06295776
Telangana,Medchal Malkajgiri,2021,5,1.087205145,30.06798977,17.629,78.48,29.83450317,30.47055054
Telangana,Mulugu,2021,5,0.680517351,32.66212917,18.194,80.073,30.85562134,33.93457031
Telangana,Nagarkurnool,2021,5,1.545035596,30.03179443,16.48,78.32,28.26773071,31.24069214
Telangana,Nalgonda,2021,5,1.465268119,31.58002663,17.0575,79.2673,30.16186523,32.29766846
Telangana,Narayanpet,2021,5,1.488812828,29.97752991,16.744,77.494,29.33407593,30.493927
Telangana,Nirmal,2021,5,0.734121438,31.96867371,19.097,78.343,31.21261597,32.57672119
Telangana,Nizamabad,2021,5,0.696573649,31.87119428,18.6725,78.094,31.07855225,32.28363037
Telangana,Peddapalli,2021,5,0.445673792,33.40106879,18.614,79.376,32.91656494,33.7131958
Telangana,Rajanna Sircilla,2021,5,0.82202034,31.82432365,18.387,78.832,31.01620483,32.39898682
Telangana,Rangareddy,2021,5,1.321918851,29.76304664,17.246,78.372,28.8086853,30.69036865
Telangana,Sangareddy,2021,5,0.956025735,30.38181898,17.628,78.087,29.69573975,31.36697388
Telangana,Siddipet,2021,5,0.881949396,30.87975653,18.102,78.852,29.76589966,32.17294312
Telangana,Suryapet,2021,5,1.402936808,31.82152899,17.141,79.622,31.25469971,32.1776123
Telangana,Vikarabad,2021,5,1.132908729,29.61328125,17.338,77.904,28.9692688,30.16812134
Telangana,Wanaparthy,2021,5,1.342726072,30.2484809,16.364,78.064,29.69729614,30.82287598
Telangana,Warangal Rural,2021,5,0.755811334,32.07905717,17.9784,79.5941,31.61639404,33.13171387
Telangana,Warangal Urban,2021,5,0.822305333,32.11947021,17.9689,79.5941,31.48855591,32.98049927
Telangana,Yadadri Bhuvanagiri,2021,5,1.314083354,30.79063851,17.582,79.029,29.94519043,31.33889771
Telangana,Adilabad,2021,6,5.576276718,27.86035156,19.664,78.532,27.06851196,29.11172485
Telangana,Bhadradri Kothagudem,2021,6,6.076896667,28.68856516,17.5557,80.6191,27.80386353,29.27459717
Telangana,Hyderabad,2021,6,3.794757843,26.20648193,17.385,78.4867,26.12094116,26.29202271
Telangana,Jagtial,2021,6,4.922158946,28.31012198,18.794,78.914,27.64428711,29.00643921
Telangana,Jangoan,2021,6,4.351398244,27.88794588,17.727,79.152,27.13760376,28.44546509
Telangana,Jayashankar Bhupalpally,2021,6,6.611924392,28.79217021,18.438,79.905,28.47836304,29.02783203
Telangana,Jogulamba Gadwal,2021,6,3.887985593,27.42190829,16.234,77.805,26.92868042,27.7857666
Telangana,Kamareddy,2021,6,3.394662984,27.22644222,18.322,78.34,26.59307861,28.18554688
Telangana,Karimnagar,2021,6,4.717045504,28.64863078,18.4386,79.1288,28.27764893,28.93405151
Telangana,Khammam,2021,6,3.9358454,29.33634837,17.2473,80.1514,28.37966919,30.07904053
Telangana,Kumurambheem Asifabad,2021,6,7.683663858,28.22757636,19.363,79.278,27.20339966,28.746521
Telangana,Mahabubabad,2021,6,5.394656181,28.50973406,17.598,80.002,27.75946045,29.19396973
Telangana,Mahabubnagar,2021,6,4.006698608,26.03184157,16.737,77.987,25.11578369,27.02902222
Telangana,Mancherial,2021,6,6.813582526,28.46823311,18.87,79.46,27.35476685,28.94720459
Telangana,Medak,2021,6,3.727738063,26.57438721,18.049,78.263,26.12585449,27.05862427
Telangana,Medchal Malkajgiri,2021,6,3.944830577,26.38231744,17.629,78.48,26.03701782,26.97473145
Telangana,Mulugu,2021,6,7.169054186,28.37552127,18.194,80.073,27.00436401,29.19726563
Telangana,Nagarkurnool,2021,6,3.335072643,26.9115332,16.48,78.32,25.29180908,28.58694458
Telangana,Nalgonda,2021,6,2.964138094,28.97202492,17.0575,79.2673,27.07345581,30.32254028
Telangana,Narayanpet,2021,6,4.897403717,26.41886292,16.744,77.494,25.55831909,27.04711914
Telangana,Nirmal,2021,6,4.597004284,27.79359055,19.097,78.343,26.94018555,28.33853149
Telangana,Nizamabad,2021,6,3.4564119,27.84765984,18.6725,78.094,27.17874146,28.28588867
Telangana,Peddapalli,2021,6,5.729603416,28.87437609,18.614,79.376,28.59188843,29.03768921
Telangana,Rajanna Sircilla,2021,6,4.075423177,27.84222221,18.387,78.832,27.15899658,28.35333252
Telangana,Rangareddy,2021,6,3.848856971,26.14223871,17.246,78.372,25.17663574,27.53408813
Telangana,Sangareddy,2021,6,4.310827793,26.3129069,17.628,78.087,25.59448242,27.37121582
Telangana,Siddipet,2021,6,3.927574851,27.26126835,18.102,78.852,26.30352783,28.28094482
Telangana,Suryapet,2021,6,3.174710337,29.5534668,17.141,79.622,28.51290894,30.39328003
Telangana,Vikarabad,2021,6,5.537965836,25.68792514,17.338,77.904,25.18652344,26.31832886
Telangana,Wanaparthy,2021,6,3.71852027,26.92985874,16.364,78.064,26.34301758,27.48306274
Telangana,Warangal Rural,2021,6,5.477045059,28.49832986,17.9784,79.5941,28.32043457,28.92254639
Telangana,Warangal Urban,2021,6,4.711877649,28.51587219,17.9689,79.5941,28.16085815,28.86495972
Telangana,Yadadri Bhuvanagiri,2021,6,3.801023356,27.69523403,17.582,79.029,26.47955322,28.61819458
Telangana,Adilabad,2021,7,10.99460725,26.55583052,19.664,78.532,25.93634033,27.57058716
Telangana,Bhadradri Kothagudem,2021,7,14.09999302,27.33665417,17.5557,80.6191,26.50823975,27.81021118
Telangana,Hyderabad,2021,7,7.571678638,24.98582458,17.385,78.4867,24.92831421,25.04333496
Telangana,Jagtial,2021,7,8.527309915,26.95186204,18.794,78.914,26.353302,27.54501343
Telangana,Jangoan,2021,7,8.139125151,26.52690847,17.727,79.152,25.90118408,26.94915771
Telangana,Jayashankar Bhupalpally,2021,7,7.711821923,27.56293233,18.438,79.905,27.19995117,27.74313354
Telangana,Jogulamba Gadwal,2021,7,10.34551566,26.19172252,16.234,77.805,25.85806274,26.47311401
Telangana,Kamareddy,2021,7,7.373758952,25.97345689,18.322,78.34,25.41235352,26.65841675
Telangana,Karimnagar,2021,7,7.982631908,27.30238681,18.4386,79.1288,26.92999268,27.61691284
Telangana,Khammam,2021,7,11.96318876,27.54810464,17.2473,80.1514,26.90283203,28.03387451
Telangana,Kumurambheem Asifabad,2021,7,11.15904525,26.97658285,19.363,79.278,25.94750977,27.41403198
Telangana,Mahabubabad,2021,7,11.95258522,27.06092571,17.598,80.002,26.50186157,27.50189209
Telangana,Mahabubnagar,2021,7,10.18670146,24.81759409,16.737,77.987,24.06246948,25.83569336
Telangana,Mancherial,2021,7,9.940244887,27.18903351,18.87,79.46,26.12164307,27.65045166
Telangana,Medak,2021,7,6.615004857,25.47095215,18.049,78.263,25.01138306,25.97628784
Telangana,Medchal Malkajgiri,2021,7,6.958529154,25.22669135,17.629,78.48,24.87878418,25.77340698
Telangana,Mulugu,2021,7,8.59911532,27.17319798,18.194,80.073,25.93954468,27.9380188
Telangana,Nagarkurnool,2021,7,9.221316931,25.48190918,16.48,78.32,24.01135254,27.16162109
Telangana,Nalgonda,2021,7,9.827403584,27.3520031,17.0575,79.2673,25.76858521,28.37573242
Telangana,Narayanpet,2021,7,10.56649551,25.32249146,16.744,77.494,24.47460938,25.97946167
Telangana,Nirmal,2021,7,9.851869525,26.45278168,19.097,78.343,25.69192505,26.96353149
Telangana,Nizamabad,2021,7,8.120540521,26.50791303,18.6725,78.094,25.93313599,26.94436646
Telangana,Peddapalli,2021,7,9.296198795,27.5085534,18.614,79.376,27.18557739,27.67602539
Telangana,Rajanna Sircilla,2021,7,7.217377218,26.53599739,18.387,78.832,25.89160156,27.05618286
Telangana,Rangareddy,2021,7,9.060017904,24.91553032,17.246,78.372,24.08963013,26.12484741
Telangana,Sangareddy,2021,7,7.934599265,25.25167169,17.628,78.087,24.48260498,26.10568237
Telangana,Siddipet,2021,7,6.733290701,26.03846899,18.102,78.852,25.15194702,26.98910522
Telangana,Suryapet,2021,7,10.10018107,27.7374478,17.141,79.622,26.94915771,28.28308105
Telangana,Vikarabad,2021,7,10.45362313,24.54248678,17.338,77.904,24.07684326,25.05450439
Telangana,Wanaparthy,2021,7,10.31808641,25.63955519,16.364,78.064,25.02896118,26.21429443
Telangana,Warangal Rural,2021,7,9.649885178,27.15334528,17.9784,79.5941,26.96511841,27.60733032
Telangana,Warangal Urban,2021,7,8.460506786,27.17808228,17.9689,79.5941,26.83572388,27.53863525
Telangana,Yadadri Bhuvanagiri,2021,7,7.207543945,26.34763663,17.582,79.029,25.33407593,27.0513916
Telangana,Adilabad,2021,8,5.186833043,26.18889826,19.664,78.532,25.61062622,27.074646
Telangana,Bhadradri Kothagudem,2021,8,6.632671356,27.70273122,17.5557,80.6191,26.90557861,28.20056152
Telangana,Hyderabad,2021,8,5.044996738,25.20553589,17.385,78.4867,25.13217163,25.27890015
Telangana,Jagtial,2021,8,3.397695127,26.94294387,18.794,78.914,26.29159546,27.61688232
Telangana,Jangoan,2021,8,5.654041066,26.77020264,17.727,79.152,26.09225464,27.24209595
Telangana,Jayashankar Bhupalpally,2021,8,4.508517926,27.72657776,18.438,79.905,27.44781494,27.88479614
Telangana,Jogulamba Gadwal,2021,8,4.020869664,26.31609553,16.234,77.805,25.92480469,26.62969971
Telangana,Kamareddy,2021,8,4.625846354,25.94374354,18.322,78.34,25.35864258,26.5005188
Telangana,Karimnagar,2021,8,4.715116613,27.42691379,18.4386,79.1288,26.98532104,27.79071045
Telangana,Khammam,2021,8,5.698393602,27.78490913,17.2473,80.1514,27.19424438,28.18621826
Telangana,Kumurambheem Asifabad,2021,8,5.822310164,26.98129951,19.363,79.278,25.89608765,27.58657837
Telangana,Mahabubabad,2021,8,5.093887329,27.34916529,17.598,80.002,26.79394531,27.71734619
Telangana,Mahabubnagar,2021,8,5.38662529,24.98502995,16.737,77.987,24.2199707,25.95828247
Telangana,Mancherial,2021,8,4.637902154,27.27832413,18.87,79.46,26.12573242,27.78112793
Telangana,Medak,2021,8,5.329633713,25.54599609,18.049,78.263,25.10348511,26.0539856
Telangana,Medchal Malkajgiri,2021,8,5.446626875,25.41197713,17.629,78.48,25.03012085,26.02047729
Telangana,Mulugu,2021,8,4.779205322,27.44101365,18.194,80.073,26.21664429,28.24520874
Telangana,Nagarkurnool,2021,8,4.08374081,25.66786865,16.48,78.32,24.16732788,27.43026733
Telangana,Nalgonda,2021,8,3.532862929,27.59753036,17.0575,79.2673,25.96786499,28.48284912
Telangana,Narayanpet,2021,8,5.641524506,25.48358917,16.744,77.494,24.72549438,26.09063721
Telangana,Nirmal,2021,8,4.231071703,26.23184204,19.097,78.343,25.59945679,26.83383179
Telangana,Nizamabad,2021,8,4.00541687,26.36908318,18.6725,78.094,25.87216187,26.78439331
Telangana,Peddapalli,2021,8,4.209355405,27.61510044,18.614,79.376,27.24688721,27.80984497
Telangana,Rajanna Sircilla,2021,8,4.147271729,26.5727787,18.387,78.832,25.84823608,27.17352295
Telangana,Rangareddy,2021,8,5.229784284,25.12638446,17.246,78.372,24.28692627,26.34423828
Telangana,Sangareddy,2021,8,4.600452912,25.33077325,17.628,78.087,24.60269165,26.1321106
Telangana,Siddipet,2021,8,5.728987723,26.1817206,18.102,78.852,25.28210449,27.14163208
Telangana,Suryapet,2021,8,4.631584167,27.94270272,17.141,79.622,27.25326538,28.36483765
Telangana,Vikarabad,2021,8,4.851006293,24.76328462,17.338,77.904,24.29968262,25.30761719
Telangana,Wanaparthy,2021,8,4.997354296,25.7719557,16.364,78.064,25.15930176,26.38568115
Telangana,Warangal Rural,2021,8,4.780562401,27.40389182,17.9784,79.5941,27.20700073,27.79388428
Telangana,Warangal Urban,2021,8,5.374301564,27.39024963,17.9689,79.5941,27.04275513,27.72372437
Telangana,Yadadri Bhuvanagiri,2021,8,5.199655151,26.63635472,17.582,79.029,25.51651001,27.38720703
Telangana,Adilabad,2021,9,8.777257119,25.53921046,19.664,78.532,24.96032715,26.40701294
Telangana,Bhadradri Kothagudem,2021,9,10.76133292,26.76375457,17.5557,80.6191,26.07077026,27.23577881
Telangana,Hyderabad,2021,9,6.620588303,24.3114624,17.385,78.4867,24.23477173,24.38815308
Telangana,Jagtial,2021,9,10.72665007,26.04349224,18.794,78.914,25.38061523,26.6031189
Telangana,Jangoan,2021,9,9.706574384,25.81611392,17.727,79.152,25.09011841,26.34063721
Telangana,Jayashankar Bhupalpally,2021,9,12.48967332,26.76829783,18.438,79.905,26.52496338,26.9821167
Telangana,Jogulamba Gadwal,2021,9,5.44119626,25.84393311,16.234,77.805,25.4631958,26.19464111
Telangana,Kamareddy,2021,9,12.70241699,24.95057229,18.322,78.34,24.37930298,25.50891113
Telangana,Karimnagar,2021,9,12.96158286,26.30139499,18.4386,79.1288,25.97491455,26.61639404
Telangana,Khammam,2021,9,8.407027807,26.96651701,17.2473,80.1514,26.34506226,27.3699646
Telangana,Kumurambheem Asifabad,2021,9,9.123919513,26.22942098,19.363,79.278,25.16088867,26.79040527
Telangana,Mahabubabad,2021,9,9.006813049,26.49619267,17.598,80.002,25.87609863,26.94232178
Telangana,Mahabubnagar,2021,9,7.137371063,24.33477783,16.737,77.987,23.54168701,25.38504028
Telangana,Mancherial,2021,9,9.664216783,26.45847321,18.87,79.46,25.34671021,26.95559692
Telangana,Medak,2021,9,9.630507151,24.56062988,18.049,78.263,24.14483643,24.97802734
Telangana,Medchal Malkajgiri,2021,9,6.994851006,24.48106215,17.629,78.48,24.11682129,25.06356812
Telangana,Mulugu,2021,9,12.40471422,26.48902027,18.194,80.073,25.36291504,27.27410889
Telangana,Nagarkurnool,2021,9,4.737159297,25.05193848,16.48,78.32,23.74960327,26.67834473
Telangana,Nalgonda,2021,9,5.084216008,26.72974777,17.0575,79.2673,25.18005371,27.67080688
Telangana,Narayanpet,2021,9,7.550848389,24.84935913,16.744,77.494,23.95458984,25.51922607
Telangana,Nirmal,2021,9,10.04436331,25.47582626,19.097,78.343,24.88217163,26.03390503
Telangana,Nizamabad,2021,9,11.9423116,25.48332304,18.6725,78.094,24.97802734,25.99703979
Telangana,Peddapalli,2021,9,11.75839394,26.59108819,18.614,79.376,26.24331665,26.85089111
Telangana,Rajanna Sircilla,2021,9,12.45418091,25.52993202,18.387,78.832,24.89987183,26.05603027
Telangana,Rangareddy,2021,9,7.272831508,24.32071146,17.246,78.372,23.5475769,25.53250122
Telangana,Sangareddy,2021,9,11.93222281,24.3946245,17.628,78.087,23.70831299,25.15942383
Telangana,Siddipet,2021,9,10.42710923,25.13271989,18.102,78.852,24.34686279,26.02651978
Telangana,Suryapet,2021,9,7.063559977,27.13366278,17.141,79.622,26.40405273,27.59854126
Telangana,Vikarabad,2021,9,11.79559917,23.91737313,17.338,77.904,23.52987671,24.42648315
Telangana,Wanaparthy,2021,9,5.855611589,25.25108846,16.364,78.064,24.5887146,25.92919922
Telangana,Warangal Rural,2021,9,10.85783386,26.44634732,17.9784,79.5941,26.29638672,26.68130493
Telangana,Warangal Urban,2021,9,11.94522372,26.33163757,17.9689,79.5941,26.05010986,26.56182861
Telangana,Yadadri Bhuvanagiri,2021,9,7.136732992,25.67518616,17.582,79.029,24.58428955,26.55593872
Telangana,Adilabad,2021,10,2.877169209,25.45816872,19.664,78.532,24.78231812,26.33966064
Telangana,Bhadradri Kothagudem,2021,10,3.02989987,27.25784006,17.5557,80.6191,26.53240967,27.77078247
Telangana,Hyderabad,2021,10,1.174165606,24.69631958,17.385,78.4867,24.57705688,24.81558228
Telangana,Jagtial,2021,10,2.527835183,25.9427678,18.794,78.914,25.1262207,26.6114502
Telangana,Jangoan,2021,10,2.259924945,25.83033672,17.727,79.152,25.1206665,26.35629272
Telangana,Jayashankar Bhupalpally,2021,10,2.486169668,27.06874084,18.438,79.905,26.64196777,27.47817993
Telangana,Jogulamba Gadwal,2021,10,1.804875147,26.21622536,16.234,77.805,25.70449829,26.78897095
Telangana,Kamareddy,2021,10,1.538654073,25.26739143,18.322,78.34,24.565979,26.06646729
Telangana,Karimnagar,2021,10,2.129224441,26.19927639,18.4386,79.1288,25.84735107,26.53796387
Telangana,Khammam,2021,10,2.641046964,27.26817061,17.2473,80.1514,26.76953125,27.55999756
Telangana,Kumurambheem Asifabad,2021,10,2.675238944,26.18710158,19.363,79.278,25.00280762,26.9526062
Telangana,Mahabubabad,2021,10,3.507059336,26.8411781,17.598,80.002,26.33688354,27.33117676
Telangana,Mahabubnagar,2021,10,1.589026292,24.85474102,16.737,77.987,24.03485107,25.87646484
Telangana,Mancherial,2021,10,2.680820889,26.52209282,18.87,79.46,25.32730103,27.36862183
Telangana,Medak,2021,10,1.294630527,24.91854736,18.049,78.263,24.40371704,25.85705566
Telangana,Medchal Malkajgiri,2021,10,1.245651457,24.6998664,17.629,78.48,24.35101318,25.20526123
Telangana,Mulugu,2021,10,2.884141252,26.98194349,18.194,80.073,25.78909302,27.93859863
Telangana,Nagarkurnool,2021,10,2.051800566,25.42088623,16.48,78.32,24.32330322,27.02053833
Telangana,Nalgonda,2021,10,3.671894011,26.54512596,17.0575,79.2673,25.05410767,27.3977356
Telangana,Narayanpet,2021,10,1.719827461,25.41023712,16.744,77.494,24.68106079,25.89587402
Telangana,Nirmal,2021,10,2.996066469,25.33385086,19.097,78.343,24.69494629,25.90005493
Telangana,Nizamabad,2021,10,2.071509728,25.58455523,18.6725,78.094,24.89047241,26.48526001
Telangana,Peddapalli,2021,10,2.849732449,26.57331679,18.614,79.376,26.13580322,27.00112915
Telangana,Rajanna Sircilla,2021,10,1.807067871,25.38355827,18.387,78.832,24.81005859,25.94302368
Telangana,Rangareddy,2021,10,1.678333827,24.61566013,17.246,78.372,24.10696411,25.39941406
Telangana,Sangareddy,2021,10,1.096715683,24.95696343,17.628,78.087,24.24423218,25.85565186
Telangana,Siddipet,2021,10,1.417123621,25.16051404,18.102,78.852,24.52160645,25.98602295
Telangana,Suryapet,2021,10,3.693460083,27.0651182,17.141,79.622,26.39929199,27.5211792
Telangana,Vikarabad,2021,10,1.306490006,24.61111766,17.338,77.904,24.12081909,25.13870239
Telangana,Wanaparthy,2021,10,1.667923186,25.69425964,16.364,78.064,25.07214355,26.41314697
Telangana,Warangal Rural,2021,10,2.725375175,26.62021151,17.9784,79.5941,26.35073853,27.08987427
Telangana,Warangal Urban,2021,10,2.054898349,26.32245178,17.9689,79.5941,26.04702759,26.4977417
Telangana,Yadadri Bhuvanagiri,2021,10,2.016587575,25.69807216,17.582,79.029,24.71298218,26.59204102
Telangana,Adilabad,2021,11,0.683476602,24.55576764,19.664,78.532,23.86166382,25.72158813
Telangana,Bhadradri Kothagudem,2021,11,2.452515738,25.45773808,17.5557,80.6191,24.5480957,26.45397949
Telangana,Hyderabad,2021,11,1.418708801,23.0184021,17.385,78.4867,22.96179199,23.07501221
Telangana,Jagtial,2021,11,0.874311447,24.96186711,18.794,78.914,24.28390503,25.51989746
Telangana,Jangoan,2021,11,1.794984257,24.14423571,17.727,79.152,23.43591309,24.6730957
Telangana,Jayashankar Bhupalpally,2021,11,1.235894423,25.92212423,18.438,79.905,25.36068726,26.40563965
Telangana,Jogulamba Gadwal,2021,11,2.32326889,24.57740922,16.234,77.805,24.17068481,24.90542603
Telangana,Kamareddy,2021,11,1.05118866,24.20630242,18.322,78.34,23.36987305,25.01867676
Telangana,Karimnagar,2021,11,1.271999359,24.84011671,18.4386,79.1288,24.59289551,25.14367676
Telangana,Khammam,2021,11,3.309442765,25.16145139,17.2473,80.1514,24.70611572,25.36187744
Telangana,Kumurambheem Asifabad,2021,11,1.114919095,25.15314399,19.363,79.278,23.78619385,26.01641846
Telangana,Mahabubabad,2021,11,2.045542479,25.01972067,17.598,80.002,24.5480957,25.27575684
Telangana,Mahabubnagar,2021,11,1.633465926,23.23782583,16.737,77.987,22.52426147,24.40655518
Telangana,Mancherial,2021,11,1.138296339,25.44740677,18.87,79.46,24.09872437,26.30419922
Telangana,Medak,2021,11,1.09612608,23.54329102,18.049,78.263,23.00897217,24.65539551
Telangana,Medchal Malkajgiri,2021,11,1.47430812,23.04501682,17.629,78.48,22.82852173,23.38165283
Telangana,Mulugu,2021,11,1.406833236,25.77790131,18.194,80.073,24.55517578,26.99295044
Telangana,Nagarkurnool,2021,11,2.815672677,23.22726074,16.48,78.32,22.14920044,24.44076538
Telangana,Nalgonda,2021,11,3.371398425,24.36839485,17.0575,79.2673,22.99130249,25.13424683
Telangana,Narayanpet,2021,11,1.476711655,24.13364563,16.744,77.494,23.47601318,24.64596558
Telangana,Nirmal,2021,11,0.624253764,24.47997665,19.097,78.343,23.50079346,24.99508667
Telangana,Nizamabad,2021,11,0.826357621,24.6726164,18.6725,78.094,23.90884399,25.53170776
Telangana,Peddapalli,2021,11,1.192321878,25.39410061,18.614,79.376,24.89364624,25.97515869
Telangana,Rajanna Sircilla,2021,11,1.024267578,24.26775551,18.387,78.832,23.81097412,24.5987854
Telangana,Rangareddy,2021,11,1.781915211,22.83431486,17.246,78.372,22.28601074,23.44180298
Telangana,Sangareddy,2021,11,1.094033657,23.77407667,17.628,78.087,22.82144165,24.82525635
Telangana,Siddipet,2021,11,1.466013359,23.68607094,18.102,78.852,22.90283203,24.49853516
Telangana,Suryapet,2021,11,3.347201538,25.03118476,17.141,79.622,24.55987549,25.28991699
Telangana,Vikarabad,2021,11,1.139817515,23.61347909,17.338,77.904,22.84033203,24.53158569
Telangana,Wanaparthy,2021,11,1.902410295,24.06263733,16.364,78.064,23.37576294,24.66485596
Telangana,Warangal Rural,2021,11,1.478999019,25.04900291,17.9784,79.5941,24.80755615,25.26043701
Telangana,Warangal Urban,2021,11,1.40864563,24.84080505,17.9689,79.5941,24.49264526,25.07879639
Telangana,Yadadri Bhuvanagiri,2021,11,2.200400035,23.81555394,17.582,79.029,23.00897217,24.58935547
Telangana,Adilabad,2021,12,0.176488338,21.90288937,19.664,78.532,21.32040405,22.81240845
Telangana,Bhadradri Kothagudem,2021,12,0.108022656,23.59369881,17.5557,80.6191,22.79986572,24.60751343
Telangana,Hyderabad,2021,12,0.07984522,21.71688843,17.385,78.4867,21.62606812,21.80770874
Telangana,Jagtial,2021,12,0.049734463,22.6893381,18.794,78.914,22.22613525,23.27087402
Telangana,Jangoan,2021,12,0.104198035,22.17225727,17.727,79.152,21.63986206,22.60443115
Telangana,Jayashankar Bhupalpally,2021,12,0.047233976,23.95251465,18.438,79.905,23.09298706,24.63885498
Telangana,Jogulamba Gadwal,2021,12,0.093145921,23.81176758,16.234,77.805,23.17318726,24.49978638
Telangana,Kamareddy,2021,12,0.031022543,22.48241828,18.322,78.34,21.54089355,23.28717041
Telangana,Karimnagar,2021,12,0.036946444,22.95248922,18.4386,79.1288,22.69464111,23.28842163
Telangana,Khammam,2021,12,0.144420196,23.35469613,17.2473,80.1514,22.92388916,23.71810913
Telangana,Kumurambheem Asifabad,2021,12,0.12648384,22.59960598,19.363,79.278,21.18762207,23.67675781
Telangana,Mahabubabad,2021,12,0.129681855,23.04043053,17.598,80.002,22.59692383,23.43499756
Telangana,Mahabubnagar,2021,12,0.04674834,22.0786931,16.737,77.987,21.19891357,23.56402588
Telangana,Mancherial,2021,12,0.048810254,23.13798141,18.87,79.46,21.4331665,24.23922729
Telangana,Medak,2021,12,0.048597688,21.96641602,18.049,78.263,21.54840088,23.08798218
Telangana,Medchal Malkajgiri,2021,12,0.082991229,21.58891127,17.629,78.48,21.41812134,21.85906982
Telangana,Mulugu,2021,12,0.057859917,23.7956345,18.194,80.073,22.40151978,25.16998291
Telangana,Nagarkurnool,2021,12,0.138942413,22.13525391,16.48,78.32,21.02102661,23.58532715
Telangana,Nalgonda,2021,12,0.148027358,22.69207573,17.0575,79.2673,21.45071411,23.67550659
Telangana,Narayanpet,2021,12,0.039822868,23.06970062,16.744,77.494,22.34387207,23.66424561
Telangana,Nirmal,2021,12,0.084367131,22.10743141,19.097,78.343,20.89074707,22.70840454
Telangana,Nizamabad,2021,12,0.044271105,22.71457089,18.6725,78.094,22.08581543,23.35733032
Telangana,Peddapalli,2021,12,0.039689958,23.47869534,18.614,79.376,22.98400879,24.08013916
Telangana,Rajanna Sircilla,2021,12,0.046633557,22.40126801,18.387,78.832,21.98059082,22.70089722
Telangana,Rangareddy,2021,12,0.082578239,21.48146615,17.246,78.372,20.85440063,21.96304321
Telangana,Sangareddy,2021,12,0.04407489,22.34544542,17.628,78.087,21.40560913,23.38989258
Telangana,Siddipet,2021,12,0.064888138,21.90996683,18.102,78.852,21.34671021,22.62698364
Telangana,Suryapet,2021,12,0.167491372,23.14038928,17.141,79.622,22.42907715,23.64169312
Telangana,Vikarabad,2021,12,0.040373352,22.409367,17.338,77.904,21.58724976,23.35482788
Telangana,Wanaparthy,2021,12,0.089113196,23.13023376,16.364,78.064,22.21859741,24.03878784
Telangana,Warangal Rural,2021,12,0.074584156,22.98242049,17.9784,79.5941,22.68963623,23.31347656
Telangana,Warangal Urban,2021,12,0.05208767,22.82717285,17.9689,79.5941,22.47415161,23.17318726
Telangana,Yadadri Bhuvanagiri,2021,12,0.107036956,22.06520081,17.582,79.029,21.45822144,22.52929688
Telangana,Adilabad,2022,1,0.592604791,20.43260794,19.664,78.532,19.94967651,21.04193115
Telangana,Bhadradri Kothagudem,2022,1,0.849355493,23.2135817,17.5557,80.6191,22.44396973,23.91891479
Telangana,Hyderabad,2022,1,0.357933611,21.14640808,17.385,78.4867,21.01034546,21.2824707
Telangana,Jagtial,2022,1,1.096403785,21.2510329,18.794,78.914,20.82080078,21.76116943
Telangana,Jangoan,2022,1,0.525947851,21.5999001,17.727,79.152,20.96780396,22.14508057
Telangana,Jayashankar Bhupalpally,2022,1,1.20579008,22.45571391,18.438,79.905,22.09286499,22.93844604
Telangana,Jogulamba Gadwal,2022,1,0.243972006,23.87407338,16.234,77.805,23.17050171,24.61264038
Telangana,Kamareddy,2022,1,0.503725338,21.19025197,18.322,78.34,20.43688965,21.91061401
Telangana,Karimnagar,2022,1,0.859560013,21.80963304,18.4386,79.1288,21.33108521,22.16940308
Telangana,Khammam,2022,1,0.640408834,23.40170363,17.2473,80.1514,22.69790649,24.19107056
Telangana,Kumurambheem Asifabad,2022,1,1.416810732,20.85664029,19.363,79.278,20.01043701,21.70770264
Telangana,Mahabubabad,2022,1,0.672049046,22.59994612,17.598,80.002,22.16452026,23.04537964
Telangana,Mahabubnagar,2022,1,0.354471644,21.78672908,16.737,77.987,20.85238647,23.2434082
Telangana,Mancherial,2022,1,1.544416746,21.36319733,18.87,79.46,20.29351807,22.29937744
Telangana,Medak,2022,1,0.441721082,20.98087891,18.049,78.263,20.64706421,21.73202515
Telangana,Medchal Malkajgiri,2022,1,0.353421397,20.96740384,17.629,78.48,20.6786499,21.35415649
Telangana,Mulugu,2022,1,1.100735845,22.65274295,18.194,80.073,21.29220581,23.73788452
Telangana,Nagarkurnool,2022,1,0.376648957,22.2163623,16.48,78.32,21.03463745,23.78283691
Telangana,Nalgonda,2022,1,0.540384386,22.75803375,17.0575,79.2673,21.41125488,24.12545776
Telangana,Narayanpet,2022,1,0.313075829,22.56200256,16.744,77.494,21.56314087,23.23733521
Telangana,Nirmal,2022,1,0.492296277,20.83196449,19.097,78.343,19.83303833,21.26062012
Telangana,Nizamabad,2022,1,0.650965275,21.18096206,18.6725,78.094,20.58874512,21.73687744
Telangana,Peddapalli,2022,1,1.309948771,21.83967251,18.614,79.376,21.47930908,22.23379517
Telangana,Rajanna Sircilla,2022,1,0.722428449,21.18619537,18.387,78.832,20.66165161,21.65304565
Telangana,Rangareddy,2022,1,0.343774568,21.13772657,17.246,78.372,20.76248169,21.85229492
Telangana,Sangareddy,2022,1,0.473970951,21.22190348,17.628,78.087,20.57904053,21.92520142
Telangana,Siddipet,2022,1,0.496794325,21.09822872,18.102,78.852,20.59848022,21.69192505
Telangana,Suryapet,2022,1,0.472015254,23.22316979,17.141,79.622,22.20947266,24.14126587
Telangana,Vikarabad,2022,1,0.437392019,21.36656452,17.338,77.904,20.79650879,22.07098389
Telangana,Wanaparthy,2022,1,0.281536897,23.07756721,16.364,78.064,22.11471558,24.12182617
Telangana,Warangal Rural,2022,1,0.647688806,22.34683228,17.9784,79.5941,22.15725708,22.71734619
Telangana,Warangal Urban,2022,1,0.689900832,22.07316589,17.9689,79.5941,21.77209473,22.22406006
Telangana,Yadadri Bhuvanagiri,2022,1,0.456611443,21.62726702,17.582,79.029,20.80743408,22.30181885
Telangana,Adilabad,2022,2,0.060182395,23.83074766,19.664,78.532,23.20611572,24.72253418
Telangana,Bhadradri Kothagudem,2022,2,0.013157212,25.49482186,17.5557,80.6191,24.62103271,26.16729736
Telangana,Hyderabad,2022,2,0.005163477,23.58821106,17.385,78.4867,23.48791504,23.68850708
Telangana,Jagtial,2022,2,0.008859578,24.27643292,18.794,78.914,23.87478638,24.8180542
Telangana,Jangoan,2022,2,0.004024099,23.96778468,17.727,79.152,23.34939575,24.42523193
Telangana,Jayashankar Bhupalpally,2022,2,0.002059401,25.28148905,18.438,79.905,24.75476074,25.94522095
Telangana,Jogulamba Gadwal,2022,2,0.001371577,25.39716131,16.234,77.805,24.69030762,26.14819336
Telangana,Kamareddy,2022,2,0.006526512,24.49264885,18.322,78.34,23.78881836,25.2180481
Telangana,Karimnagar,2022,2,0.003391111,24.79119025,18.4386,79.1288,24.34283447,25.18103027
Telangana,Khammam,2022,2,0.009219471,25.39153904,17.2473,80.1514,24.74163818,26.08132935
Telangana,Kumurambheem Asifabad,2022,2,0.056059141,23.97338867,19.363,79.278,23.04373169,24.97805786
Telangana,Mahabubabad,2022,2,0.003885633,24.84494545,17.598,80.002,24.45269775,25.15597534
Telangana,Mahabubnagar,2022,2,0.001262688,23.72589581,16.737,77.987,22.95300293,24.79656982
Telangana,Mancherial,2022,2,0.01173952,24.23675346,18.87,79.46,23.23596191,25.06045532
Telangana,Medak,2022,2,0.004266744,23.96122559,18.049,78.263,23.55596924,24.56134033
Telangana,Medchal Malkajgiri,2022,2,0.007435201,23.37037489,17.629,78.48,23.20852661,23.56195068
Telangana,Mulugu,2022,2,0.010718376,25.40680921,18.194,80.073,23.84494019,26.73327637
Telangana,Nagarkurnool,2022,2,0.002077362,24.14233887,16.48,78.32,22.72372437,25.47357178
Telangana,Nalgonda,2022,2,0.003311209,24.93742371,17.0575,79.2673,23.49746704,26.37985229
Telangana,Narayanpet,2022,2,0.000859158,24.32397156,16.744,77.494,23.77328491,24.85150146
Telangana,Nirmal,2022,2,0.014261242,23.84082413,19.097,78.343,22.76553345,24.37628174
Telangana,Nizamabad,2022,2,0.006708618,24.51716165,18.6725,78.094,23.91894531,25.25149536
Telangana,Peddapalli,2022,2,0.003690947,24.76631504,18.614,79.376,24.49328613,25.05447388
Telangana,Rajanna Sircilla,2022,2,0.006239558,24.31447792,18.387,78.832,23.90939331,24.68670654
Telangana,Rangareddy,2022,2,0.002755108,23.41539634,17.246,78.372,22.86703491,23.99777222
Telangana,Sangareddy,2022,2,0.005025519,24.16884359,17.628,78.087,23.32791138,24.91357422
Telangana,Siddipet,2022,2,0.005880864,23.83121675,18.102,78.852,22.99716187,24.61270142
Telangana,Suryapet,2022,2,0.007243899,25.19150306,17.141,79.622,24.34164429,26.08374023
Telangana,Vikarabad,2022,2,0.002455922,23.87008351,17.338,77.904,23.27059937,24.47418213
Telangana,Wanaparthy,2022,2,0.001576545,24.72545539,16.364,78.064,23.91537476,25.68850708
Telangana,Warangal Rural,2022,2,0.002002493,24.83374578,17.9784,79.5941,24.50881958,25.25268555
Telangana,Warangal Urban,2022,2,0.002424365,24.73793945,17.9689,79.5941,24.31417847,25.13568115
Telangana,Yadadri Bhuvanagiri,2022,2,0.004302614,23.87494986,17.582,79.029,23.12612915,24.40612793
Telangana,Adilabad,2022,3,0.003895789,29.28032522,19.664,78.532,28.59820557,29.9359436
Telangana,Bhadradri Kothagudem,2022,3,0.038345818,30.17177262,17.5557,80.6191,28.98928833,31.08624268
Telangana,Hyderabad,2022,3,0.008813676,28.2280426,17.385,78.4867,28.08306885,28.37301636
Telangana,Jagtial,2022,3,0.007180578,29.25790405,18.794,78.914,28.81936646,29.87393188
Telangana,Jangoan,2022,3,0.023175331,28.88885819,17.727,79.152,28.28805542,29.26843262
Telangana,Jayashankar Bhupalpally,2022,3,0.004819606,30.694163,18.438,79.905,30.16116333,31.37347412
Telangana,Jogulamba Gadwal,2022,3,0.030066822,29.33175382,16.234,77.805,28.60360718,30.01821899
Telangana,Kamareddy,2022,3,0.024611497,29.11525592,18.322,78.34,28.31097412,29.80648804
Telangana,Karimnagar,2022,3,0.013492587,29.91662598,18.4386,79.1288,29.38574219,30.41873169
Telangana,Khammam,2022,3,0.044448712,29.61803306,17.2473,80.1514,29.22259521,30.01550293
Telangana,Kumurambheem Asifabad,2022,3,0.004663426,29.77922228,19.363,79.278,28.65618896,30.91094971
Telangana,Mahabubabad,2022,3,0.020206336,29.68629192,17.598,80.002,29.20101929,30.25823975
Telangana,Mahabubnagar,2022,3,0.063498442,28.03769625,16.737,77.987,27.23620605,28.82070923
Telangana,Mancherial,2022,3,0.003627523,29.69128036,18.87,79.46,28.63461304,30.67089844
Telangana,Medak,2022,3,0.049412971,28.43008301,18.049,78.263,27.96307373,29.13897705
Telangana,Medchal Malkajgiri,2022,3,0.013355396,28.03933038,17.629,78.48,27.82821655,28.36221313
Telangana,Mulugu,2022,3,0.013441653,30.75312434,18.194,80.073,29.47070313,31.97088623
Telangana,Nagarkurnool,2022,3,0.072992977,28.64918945,16.48,78.32,27.17282104,29.71209717
Telangana,Nalgonda,2022,3,0.020187093,29.46824646,17.0575,79.2673,28.34872437,30.5508728
Telangana,Narayanpet,2022,3,0.044883525,28.42836914,16.744,77.494,28.06555176,28.78701782
Telangana,Nirmal,2022,3,0.004495137,28.92881393,19.097,78.343,28.35009766,29.63656616
Telangana,Nizamabad,2022,3,0.008332122,29.13516774,18.6725,78.094,28.69125366,29.81054688
Telangana,Peddapalli,2022,3,0.002999241,29.96854316,18.614,79.376,29.57858276,30.3364563
Telangana,Rajanna Sircilla,2022,3,0.015515782,29.30442238,18.387,78.832,28.78970337,29.75390625
Telangana,Rangareddy,2022,3,0.030777014,28.07090796,17.246,78.372,27.45736694,28.82342529
Telangana,Sangareddy,2022,3,0.042777434,28.50426907,17.628,78.087,27.76077271,29.3911438
Telangana,Siddipet,2022,3,0.020597599,28.80844642,18.102,78.852,27.87945557,29.64736938
Telangana,Suryapet,2022,3,0.015736731,29.46996439,17.141,79.622,28.93264771,30.09643555
Telangana,Vikarabad,2022,3,0.035933329,28.25959304,17.338,77.904,27.65155029,28.8112793
Telangana,Wanaparthy,2022,3,0.040114721,28.82806057,16.364,78.064,28.2543335,29.57723999
Telangana,Warangal Rural,2022,3,0.008951768,29.88017134,17.9784,79.5941,29.3331604,30.44570923
Telangana,Warangal Urban,2022,3,0.007809364,29.77898254,17.9689,79.5941,29.29675293,30.28927612
Telangana,Yadadri Bhuvanagiri,2022,3,0.016583699,28.70575823,17.582,79.029,27.96170044,29.26574707
Telangana,Adilabad,2022,4,0.086041581,33.3902144,19.664,78.532,32.38043213,34.39941406
Telangana,Bhadradri Kothagudem,2022,4,0.097771968,32.2239754,17.5557,80.6191,30.5100708,33.1907959
Telangana,Hyderabad,2022,4,0.182699054,30.56750488,17.385,78.4867,30.45492554,30.68008423
Telangana,Jagtial,2022,4,0.092100309,32.72075477,18.794,78.914,32.39883423,33.18927002
Telangana,Jangoan,2022,4,0.123590245,31.20422363,17.727,79.152,30.6739502,31.55172729
Telangana,Jayashankar Bhupalpally,2022,4,0.086858273,33.52365112,18.438,79.905,32.87677002,33.99655151
Telangana,Jogulamba Gadwal,2022,4,0.079012962,31.51474276,16.234,77.805,31.18252563,32.15066528
Telangana,Kamareddy,2022,4,0.265155474,32.22473863,18.322,78.34,31.2989502,33.36849976
Telangana,Karimnagar,2022,4,0.150719446,32.96901788,18.4386,79.1288,32.46469116,33.33633423
Telangana,Khammam,2022,4,0.054122974,31.59068336,17.2473,80.1514,31.02935791,31.80447388
Telangana,Kumurambheem Asifabad,2022,4,0.133784243,33.34308879,19.363,79.278,31.8626709,34.12063599
Telangana,Mahabubabad,2022,4,0.091769911,31.88766795,17.598,80.002,31.57009888,32.68374634
Telangana,Mahabubnagar,2022,4,0.110025615,30.37401874,16.737,77.987,29.58328247,31.09368896
Telangana,Mancherial,2022,4,0.096515814,32.92851257,18.87,79.46,31.88259888,33.76217651
Telangana,Medak,2022,4,0.277791778,31.15509033,18.049,78.263,30.60961914,31.86880493
Telangana,Medchal Malkajgiri,2022,4,0.192326744,30.47959052,17.629,78.48,30.28488159,30.77047729
Telangana,Mulugu,2022,4,0.158449392,33.11797271,18.194,80.073,31.64056396,34.26461792
Telangana,Nagarkurnool,2022,4,0.045869422,30.78974365,16.48,78.32,29.2432251,31.57928467
Telangana,Nalgonda,2022,4,0.056207868,31.72266006,17.0575,79.2673,30.76586914,32.21499634
Telangana,Narayanpet,2022,4,0.162084961,30.97236938,16.744,77.494,30.29406738,31.57928467
Telangana,Nirmal,2022,4,0.063016581,32.61956024,19.097,78.343,31.6635437,33.2520752
Telangana,Nizamabad,2022,4,0.095870788,32.69181913,18.6725,78.094,32.05264282,33.52780151
Telangana,Peddapalli,2022,4,0.107083383,33.14756266,18.614,79.376,32.84918213,33.38381958
Telangana,Rajanna Sircilla,2022,4,0.227887026,32.56331253,18.387,78.832,32.0020752,32.9916687
Telangana,Rangareddy,2022,4,0.151453472,30.43025021,17.246,78.372,29.76403809,31.24380493
Telangana,Sangareddy,2022,4,0.273469191,31.24138726,17.628,78.087,30.25881958,32.21807861
Telangana,Siddipet,2022,4,0.315721974,31.40233112,18.102,78.852,30.24197388,32.6439209
Telangana,Suryapet,2022,4,0.027708975,31.63057735,17.141,79.622,31.41690063,31.82745361
Telangana,Vikarabad,2022,4,0.230216303,30.58305832,17.338,77.904,29.90805054,31.24533081
Telangana,Wanaparthy,2022,4,0.057616889,30.85030111,16.364,78.064,30.47634888,31.27752686
Telangana,Warangal Rural,2022,4,0.086703733,32.20303067,17.9784,79.5941,31.63903809,33.18008423
Telangana,Warangal Urban,2022,4,0.192609093,32.21056824,17.9689,79.5941,31.67733765,33.04220581
Telangana,Yadadri Bhuvanagiri,2022,4,0.124234207,31.10315813,17.582,79.029,30.37219238,31.70489502
Telangana,Adilabad,2022,5,0.168554352,34.19313743,19.664,78.532,33.3444519,35.36953735
Telangana,Bhadradri Kothagudem,2022,5,0.832449641,33.13411196,17.5557,80.6191,31.61480713,33.95913696
Telangana,Hyderabad,2022,5,1.154965878,30.61894226,17.385,78.4867,30.57763672,30.6602478
Telangana,Jagtial,2022,5,0.194334403,33.80066857,18.794,78.914,33.32699585,34.42608643
Telangana,Jangoan,2022,5,0.650110694,32.38387258,17.727,79.152,31.68310547,32.90768433
Telangana,Jayashankar Bhupalpally,2022,5,0.553801647,34.2943929,18.438,79.905,33.77807617,34.52774048
Telangana,Jogulamba Gadwal,2022,5,1.515865326,30.36972323,16.234,77.805,30.01855469,30.70629883
Telangana,Kamareddy,2022,5,0.473447196,32.8367166,18.322,78.34,32.06112671,33.96389771
Telangana,Karimnagar,2022,5,0.371521725,34.02398682,18.4386,79.1288,33.47946167,34.28790283
Telangana,Khammam,2022,5,0.902051681,32.8505383,17.2473,80.1514,32.33908081,33.23168945
Telangana,Kumurambheem Asifabad,2022,5,0.244522121,34.26386176,19.363,79.278,32.80126953,34.97088623
Telangana,Mahabubabad,2022,5,0.594377816,32.85351142,17.598,80.002,32.1262207,33.43817139
Telangana,Mahabubnagar,2022,5,1.962733269,29.81147414,16.737,77.987,29.28793335,30.28540039
Telangana,Mancherial,2022,5,0.356821802,33.93649673,18.87,79.46,32.85366821,34.56268311
Telangana,Medak,2022,5,0.661928495,31.73939209,18.049,78.263,31.06842041,32.45977783
Telangana,Medchal Malkajgiri,2022,5,1.1465097,30.85329861,17.629,78.48,30.58557129,31.25744629
Telangana,Mulugu,2022,5,0.761451618,33.55166543,18.194,80.073,31.71963501,34.81362915
Telangana,Nagarkurnool,2022,5,1.68642152,30.13412842,16.48,78.32,28.29367065,31.6656189
Telangana,Nalgonda,2022,5,0.856390218,32.50846481,17.0575,79.2673,30.79364014,33.23486328
Telangana,Narayanpet,2022,5,2.372820473,30.21304932,16.744,77.494,29.89309692,30.47756958
Telangana,Nirmal,2022,5,0.162176537,33.67581558,19.097,78.343,32.55032349,34.26885986
Telangana,Nizamabad,2022,5,0.30857118,33.4758229,18.6725,78.094,32.76791382,34.11160278
Telangana,Peddapalli,2022,5,0.360442563,34.31702677,18.614,79.376,34.08459473,34.48486328
Telangana,Rajanna Sircilla,2022,5,0.387457975,33.41305542,18.387,78.832,32.70278931,33.94006348
Telangana,Rangareddy,2022,5,1.487174624,30.29399593,17.246,78.372,29.34671021,31.41467285
Telangana,Sangareddy,2022,5,0.808464001,31.58625624,17.628,78.087,30.53634644,32.97280884
Telangana,Siddipet,2022,5,0.809750239,32.23818233,18.102,78.852,30.80953979,33.65893555
Telangana,Suryapet,2022,5,0.604518636,33.04437887,17.141,79.622,32.84414673,33.24121094
Telangana,Vikarabad,2022,5,1.606896431,30.45277142,17.338,77.904,29.70407104,31.32733154
Telangana,Wanaparthy,2022,5,1.530563143,29.93631999,16.364,78.064,29.59606934,30.2980957
Telangana,Warangal Rural,2022,5,0.551865458,33.23934104,17.9784,79.5941,32.93786621,34.14337158
Telangana,Warangal Urban,2022,5,0.644277313,33.3139679,17.9689,79.5941,32.8092041,34.03060913
Telangana,Yadadri Bhuvanagiri,2022,5,0.911743736,31.99338205,17.582,79.029,30.91912842,32.81872559
Telangana,Adilabad,2022,6,4.705459103,30.49900309,19.664,78.532,29.71209717,31.74453735
Telangana,Bhadradri Kothagudem,2022,6,3.443319866,31.40610233,17.5557,80.6191,30.25378418,32.06088257
Telangana,Hyderabad,2022,6,3.860636234,28.46009827,17.385,78.4867,28.40936279,28.51083374
Telangana,Jagtial,2022,6,4.762990537,30.71057598,18.794,78.914,29.91055298,31.42221069
Telangana,Jangoan,2022,6,4.068271413,30.22338225,17.727,79.152,29.46139526,30.87902832
Telangana,Jayashankar Bhupalpally,2022,6,4.905740004,31.6607132,18.438,79.905,31.3371582,31.93554688
Telangana,Jogulamba Gadwal,2022,6,3.167942592,28.89916437,16.234,77.805,28.44369507,29.23754883
Telangana,Kamareddy,2022,6,4.399077352,29.39279713,18.322,78.34,28.79882813,30.16125488
Telangana,Karimnagar,2022,6,4.848137351,31.10169813,18.4386,79.1288,30.67758179,31.54904175
Telangana,Khammam,2022,6,2.680221558,31.57164634,17.2473,80.1514,30.91186523,32.12057495
Telangana,Kumurambheem Asifabad,2022,6,6.548760491,31.13142225,19.363,79.278,29.74642944,31.88479614
Telangana,Mahabubabad,2022,6,3.230495691,31.02722168,17.598,80.002,30.31643677,31.52368164
Telangana,Mahabubnagar,2022,6,4.441779772,27.64694449,16.737,77.987,26.8454895,28.54067993
Telangana,Mancherial,2022,6,5.848834991,31.16208649,18.87,79.46,29.90609741,31.78930664
Telangana,Medak,2022,6,4.124807676,28.94155762,18.049,78.263,28.52874756,29.44497681
Telangana,Medchal Malkajgiri,2022,6,3.97604243,28.71942478,17.629,78.48,28.36907959,29.31365967
Telangana,Mulugu,2022,6,4.285002013,31.3577122,18.194,80.073,29.89862061,32.42797852
Telangana,Nagarkurnool,2022,6,3.359273083,28.4627002,16.48,78.32,26.64105225,30.45074463
Telangana,Nalgonda,2022,6,3.33791714,30.91425705,17.0575,79.2673,28.96896362,32.08178711
Telangana,Narayanpet,2022,6,4.341622162,28.05645142,16.744,77.494,27.34988403,28.60784912
Telangana,Nirmal,2022,6,4.18103536,30.13439751,19.097,78.343,29.44348145,30.79397583
Telangana,Nizamabad,2022,6,4.282589252,29.95410156,18.6725,78.094,29.36291504,30.42987061
Telangana,Peddapalli,2022,6,5.576850088,31.40545654,18.614,79.376,30.98049927,31.6758728
Telangana,Rajanna Sircilla,2022,6,4.990442912,30.15435791,18.387,78.832,29.31964111,30.83724976
Telangana,Rangareddy,2022,6,4.259179978,28.15717893,17.246,78.372,26.96487427,29.52706909
Telangana,Sangareddy,2022,6,4.754512689,28.5677965,17.628,78.087,27.69308472,29.41513062
Telangana,Siddipet,2022,6,4.174560084,29.60671471,18.102,78.852,28.60784912,30.72384644
Telangana,Suryapet,2022,6,3.147012329,31.57003468,17.141,79.622,30.90588379,32.03253174
Telangana,Vikarabad,2022,6,4.841834284,27.63247786,17.338,77.904,27.06484985,28.21090698
Telangana,Wanaparthy,2022,6,3.538761775,28.37521532,16.364,78.064,27.84979248,28.91226196
Telangana,Warangal Rural,2022,6,3.810596943,31.0565352,17.9784,79.5941,30.81188965,31.54904175
Telangana,Warangal Urban,2022,6,4.544834831,30.89320374,17.9689,79.5941,30.45523071,31.40429688
Telangana,Yadadri Bhuvanagiri,2022,6,3.787786357,30.03287179,17.582,79.029,28.80630493,30.93722534
Telangana,Adilabad,2022,7,21.33981619,25.29872085,19.664,78.532,24.76550293,26.15759277
Telangana,Bhadradri Kothagudem,2022,7,20.08230591,26.48998039,17.5557,80.6191,25.82562256,27.00161743
Telangana,Hyderabad,2022,7,14.86604404,24.1085968,17.385,78.4867,24.03890991,24.17828369
Telangana,Jagtial,2022,7,21.08009537,25.73655349,18.794,78.914,25.09747314,26.32357788
Telangana,Jangoan,2022,7,19.71479528,25.6010437,17.727,79.152,24.85317993,26.18109131
Telangana,Jayashankar Bhupalpally,2022,7,27.22232525,26.3635203,18.438,79.905,26.04641724,26.52246094
Telangana,Jogulamba Gadwal,2022,7,7.733242943,25.71316806,16.234,77.805,25.32452393,26.05111694
Telangana,Kamareddy,2022,7,17.68461507,24.67887071,18.322,78.34,24.11721802,25.2963562
Telangana,Karimnagar,2022,7,21.58428596,26.04607307,18.4386,79.1288,25.72229004,26.34863281
Telangana,Khammam,2022,7,16.53327355,26.75303092,17.2473,80.1514,26.16229248,27.16760254
Telangana,Kumurambheem Asifabad,2022,7,25.24048181,25.8610789,19.363,79.278,24.83911133,26.36428833
Telangana,Mahabubabad,2022,7,20.90476227,26.22310244,17.598,80.002,25.58602905,26.73071289
Telangana,Mahabubnagar,2022,7,11.47966258,24.1823214,16.737,77.987,23.42193604,25.19143677
Telangana,Mancherial,2022,7,26.76002333,26.0505352,18.87,79.46,25.00509644,26.47705078
Telangana,Medak,2022,7,17.02075704,24.31038574,18.049,78.263,23.9418335,24.80776978
Telangana,Medchal Malkajgiri,2022,7,15.74197896,24.2899882,17.629,78.48,23.9418335,24.88293457
Telangana,Mulugu,2022,7,25.36600309,26.06568043,18.194,80.073,24.94244385,26.82467651
Telangana,Nagarkurnool,2022,7,9.146189564,24.94705566,16.48,78.32,23.64743042,26.57571411
Telangana,Nalgonda,2022,7,11.31591897,26.58206558,17.0575,79.2673,25.11312866,27.47296143
Telangana,Narayanpet,2022,7,10.81756744,24.66121216,16.744,77.494,23.79150391,25.31356812
Telangana,Nirmal,2022,7,20.92585523,25.2150631,19.097,78.343,24.5854187,25.75515747
Telangana,Nizamabad,2022,7,18.44197748,25.16688268,18.6725,78.094,24.67938232,25.60327148
Telangana,Peddapalli,2022,7,25.90667082,26.30401611,18.614,79.376,25.99160767,26.48800659
Telangana,Rajanna Sircilla,2022,7,19.21322428,25.23967934,18.387,78.832,24.60266113,25.75360107
Telangana,Rangareddy,2022,7,12.84816488,24.17782667,17.246,78.372,23.42193604,25.44039917
Telangana,Sangareddy,2022,7,16.21975786,24.23670451,17.628,78.087,23.63021851,24.91738892
Telangana,Siddipet,2022,7,18.19868978,24.86988147,18.102,78.852,24.14071655,25.75360107
Telangana,Suryapet,2022,7,15.12686157,26.90276468,17.141,79.622,26.23745728,27.3586731
Telangana,Vikarabad,2022,7,14.05151958,23.78529516,17.338,77.904,23.390625,24.29885864
Telangana,Wanaparthy,2022,7,8.874664307,25.09991625,16.364,78.064,24.43508911,25.78335571
Telangana,Warangal Rural,2022,7,21.60309982,26.18102472,17.9784,79.5941,26.04016113,26.37527466
Telangana,Warangal Urban,2022,7,20.73009422,26.07711487,17.9689,79.5941,25.79431152,26.30010986
Telangana,Yadadri Bhuvanagiri,2022,7,16.23797607,25.49851772,17.582,79.029,24.39437866,26.34082031
Telangana,Adilabad,2022,8,9.6956984,26.11216782,19.664,78.532,25.55413818,26.98471069
Telangana,Bhadradri Kothagudem,2022,8,6.216072083,27.5887333,17.5557,80.6191,26.74438477,28.1008606
Telangana,Hyderabad,2022,8,5.743774414,24.85531616,17.385,78.4867,24.77877808,24.93185425
Telangana,Jagtial,2022,8,8.863805356,26.78869629,18.794,78.914,26.11056519,27.44567871
Telangana,Jangoan,2022,8,6.039580401,26.48219058,17.727,79.152,25.75006104,27.01928711
Telangana,Jayashankar Bhupalpally,2022,8,10.27582843,27.57462311,18.438,79.905,27.29421997,27.77819824
Telangana,Jogulamba Gadwal,2022,8,5.211976551,26.27504661,16.234,77.805,25.90148926,26.57315063
Telangana,Kamareddy,2022,8,6.663738505,25.66115076,18.322,78.34,25.08166504,26.22088623
Telangana,Karimnagar,2022,8,8.854452694,27.03155178,18.4386,79.1288,26.74603271,27.32220459
Telangana,Khammam,2022,8,5.014488807,27.61973014,17.2473,80.1514,27.09503174,27.95108032
Telangana,Kumurambheem Asifabad,2022,8,10.59100424,26.90067546,19.363,79.278,25.80603027,27.50164795
Telangana,Mahabubabad,2022,8,6.501302242,27.23943881,17.598,80.002,26.66369629,27.61358643
Telangana,Mahabubnagar,2022,8,6.026625315,24.79605337,16.737,77.987,24.01986694,25.82907104
Telangana,Mancherial,2022,8,10.16693115,27.19693375,18.87,79.46,26.03485107,27.74530029
Telangana,Medak,2022,8,6.192516963,25.22272705,18.049,78.263,24.77053833,25.71713257
Telangana,Medchal Malkajgiri,2022,8,5.763254801,25.05789524,17.629,78.48,24.67999268,25.63317871
Telangana,Mulugu,2022,8,9.057351602,27.29675293,18.194,80.073,26.052948,28.1519165
Telangana,Nagarkurnool,2022,8,4.772613525,25.53198486,16.48,78.32,24.12521362,27.25140381
Telangana,Nalgonda,2022,8,4.782610784,27.2585392,17.0575,79.2673,25.70065308,28.21609497
Telangana,Narayanpet,2022,8,6.526789093,25.29906158,16.744,77.494,24.48080444,25.9574585
Telangana,Nirmal,2022,8,8.123545329,26.11602974,19.097,78.343,25.50970459,26.68347168
Telangana,Nizamabad,2022,8,6.989013672,26.16494751,18.6725,78.094,25.69735718,26.64395142
Telangana,Peddapalli,2022,8,10.72911393,27.40204705,18.614,79.376,27.05880737,27.68603516
Telangana,Rajanna Sircilla,2022,8,7.075669352,26.23054123,18.387,78.832,25.63809204,26.72790527
Telangana,Rangareddy,2022,8,5.800227574,24.84546196,17.246,78.372,24.06265259,26.0562439
Telangana,Sangareddy,2022,8,6.586802165,25.03800456,17.628,78.087,24.30630493,25.87350464
Telangana,Siddipet,2022,8,6.214139996,25.7818351,18.102,78.852,24.97302246,26.70651245
Telangana,Suryapet,2022,8,5.142050171,27.71406503,17.141,79.622,27.02752686,28.1519165
Telangana,Vikarabad,2022,8,6.664673836,24.49578647,17.338,77.904,24.06430054,25.01419067
Telangana,Wanaparthy,2022,8,5.261921353,25.68182034,16.364,78.064,25.019104,26.32788086
Telangana,Warangal Rural,2022,8,7.750358582,27.17224676,17.9784,79.5941,26.99789429,27.40945435
Telangana,Warangal Urban,2022,8,8.072047147,27.02011719,17.9689,79.5941,26.72955322,27.26293945
Telangana,Yadadri Bhuvanagiri,2022,8,5.264869181,26.26502773,17.582,79.029,25.18869019,27.12466431
Telangana,Adilabad,2022,9,3.567081082,26.02801329,19.664,78.532,25.41729736,26.96386719
Telangana,Bhadradri Kothagudem,2022,9,5.333371299,27.12284999,17.5557,80.6191,26.3052063,27.67095947
Telangana,Hyderabad,2022,9,4.045777321,24.68597412,17.385,78.4867,24.6036377,24.76831055
Telangana,Jagtial,2022,9,3.496653018,26.55529785,18.794,78.914,25.83218384,27.13821411
Telangana,Jangoan,2022,9,4.303294014,26.11793117,17.727,79.152,25.42697144,26.61032104
Telangana,Jayashankar Bhupalpally,2022,9,4.5304853,27.26682536,18.438,79.905,26.97515869,27.45785522
Telangana,Jogulamba Gadwal,2022,9,2.226357233,25.93638472,16.234,77.805,25.56420898,26.28421021
Telangana,Kamareddy,2022,9,3.555704244,25.49496639,18.322,78.34,24.87164307,26.10177612
Telangana,Karimnagar,2022,9,4.352304795,26.74762302,18.4386,79.1288,26.4407959,27.06072998
Telangana,Khammam,2022,9,4.663986206,27.15569622,17.2473,80.1514,26.66842651,27.49822998
Telangana,Kumurambheem Asifabad,2022,9,4.106362008,26.69511244,19.363,79.278,25.57873535,27.28027344
Telangana,Mahabubabad,2022,9,5.26182127,26.72982893,17.598,80.002,26.10986328,27.11077881
Telangana,Mahabubnagar,2022,9,3.02069219,24.60208834,16.737,77.987,23.85458374,25.61102295
Telangana,Mancherial,2022,9,3.786194695,26.9447422,18.87,79.46,25.82250977,27.44009399
Telangana,Medak,2022,9,3.669994354,25.07168213,18.049,78.263,24.57458496,25.64974976
Telangana,Medchal Malkajgiri,2022,9,4.123482598,24.81979031,17.629,78.48,24.4793396,25.37207031
Telangana,Mulugu,2022,9,6.308750049,26.94579748,18.194,80.073,25.74661255,27.73391724
Telangana,Nagarkurnool,2022,9,3.147935975,25.18724121,16.48,78.32,23.84005737,26.74267578
Telangana,Nalgonda,2022,9,3.19630207,26.87723923,17.0575,79.2673,25.41082764,27.73553467
Telangana,Narayanpet,2022,9,2.386494827,25.10684204,16.744,77.494,24.32113647,25.74179077
Telangana,Nirmal,2022,9,3.654593265,25.97217941,19.097,78.343,25.32043457,26.56188965
Telangana,Nizamabad,2022,9,3.138681265,26.01080861,18.6725,78.094,25.4576416,26.56512451
Telangana,Peddapalli,2022,9,3.621580425,27.10511949,18.614,79.376,26.73947144,27.38360596
Telangana,Rajanna Sircilla,2022,9,3.590597534,25.96980858,18.387,78.832,25.39306641,26.48278809
Telangana,Rangareddy,2022,9,3.613440741,24.64486918,17.246,78.372,23.89978027,25.76922607
Telangana,Sangareddy,2022,9,3.30652325,24.93647257,17.628,78.087,24.15484619,25.79342651
Telangana,Siddipet,2022,9,4.305779197,25.51348246,18.102,78.852,24.69244385,26.41497803
Telangana,Suryapet,2022,9,3.697523244,27.25300125,17.141,79.622,26.63290405,27.66448975
Telangana,Vikarabad,2022,9,3.537287558,24.35686624,17.338,77.904,23.93045044,24.86032104
Telangana,Wanaparthy,2022,9,2.414563285,25.3971049,16.364,78.064,24.80383301,26.02267456
Telangana,Warangal Rural,2022,9,5.367797375,26.77402011,17.9784,79.5941,26.62969971,27.05102539
Telangana,Warangal Urban,2022,9,5.405790502,26.68651123,17.9689,79.5941,26.36169434,26.98162842
Telangana,Yadadri Bhuvanagiri,2022,9,3.760544078,25.94870867,17.582,79.029,24.91036987,26.74108887
Telangana,Adilabad,2022,10,2.619446047,24.67384292,19.664,78.532,24.07940674,25.55569458
Telangana,Bhadradri Kothagudem,2022,10,2.257987567,25.81280911,17.5557,80.6191,25.16882324,26.32528687
Telangana,Hyderabad,2022,10,1.633789778,23.2169342,17.385,78.4867,23.12405396,23.30981445
Telangana,Jagtial,2022,10,1.639154185,25.09866333,18.794,78.914,24.39923096,25.58782959
Telangana,Jangoan,2022,10,2.085702784,24.42159231,17.727,79.152,23.759552,24.92718506
Telangana,Jayashankar Bhupalpally,2022,10,2.026301457,25.66383362,18.438,79.905,25.2512207,26.03198242
Telangana,Jogulamba Gadwal,2022,10,2.483240763,24.69864446,16.234,77.805,24.30148315,25.17581177
Telangana,Kamareddy,2022,10,2.082412465,24.18124031,18.322,78.34,23.42575073,24.81964111
Telangana,Karimnagar,2022,10,1.999487035,24.99027846,18.4386,79.1288,24.71069336,25.21072388
Telangana,Khammam,2022,10,2.233943646,25.79130145,17.2473,80.1514,25.35317993,26.05014038
Telangana,Kumurambheem Asifabad,2022,10,2.105953732,25.25374688,19.363,79.278,24.11990356,25.8085022
Telangana,Mahabubabad,2022,10,2.550514936,25.3380127,17.598,80.002,24.80847168,25.84341431
Telangana,Mahabubnagar,2022,10,1.831309636,23.4324153,16.737,77.987,22.65756226,24.36431885
Telangana,Mancherial,2022,10,1.801141951,25.34738159,18.87,79.46,24.39645386,26.03475952
Telangana,Medak,2022,10,1.6987017,23.66894531,18.049,78.263,23.0696106,24.534729
Telangana,Medchal Malkajgiri,2022,10,1.510072496,23.23161146,17.629,78.48,22.91317749,23.68692017
Telangana,Mulugu,2022,10,2.203691431,25.49813925,18.194,80.073,24.32940674,26.37277222
Telangana,Nagarkurnool,2022,10,2.122800575,23.80964844,16.48,78.32,22.71484375,24.90765381
Telangana,Nalgonda,2022,10,2.711147121,24.93998337,17.0575,79.2673,23.6031189,25.67861938
Telangana,Narayanpet,2022,10,1.678208351,23.94399567,16.744,77.494,23.15618896,24.49002075
Telangana,Nirmal,2022,10,1.657484806,24.66435623,19.097,78.343,23.82940674,25.18139648
Telangana,Nizamabad,2022,10,1.837654701,24.77901863,18.6725,78.094,24.08776855,25.65905762
Telangana,Peddapalli,2022,10,1.987965634,25.35171,18.614,79.376,24.97607422,25.69119263
Telangana,Rajanna Sircilla,2022,10,1.478466034,24.52328873,18.387,78.832,24.02075195,24.9704895
Telangana,Rangareddy,2022,10,2.195508684,23.15118557,17.246,78.372,22.68551636,23.92297363
Telangana,Sangareddy,2022,10,1.927478497,23.63351101,17.628,78.087,22.89639282,24.59060669
Telangana,Siddipet,2022,10,1.680945772,23.9415178,18.102,78.852,23.12826538,24.80847168
Telangana,Suryapet,2022,10,2.579973602,25.54626886,17.141,79.622,24.9704895,25.91186523
Telangana,Vikarabad,2022,10,1.818010884,23.12912093,17.338,77.904,22.67294312,23.70648193
Telangana,Wanaparthy,2022,10,1.847158432,24.20215691,16.364,78.064,23.60733032,24.85736084
Telangana,Warangal Rural,2022,10,2.409338951,25.13669656,17.9784,79.5941,24.89645386,25.51519775
Telangana,Warangal Urban,2022,10,2.274190383,24.88780823,17.9689,79.5941,24.61853027,25.13391113
Telangana,Yadadri Bhuvanagiri,2022,10,1.87301534,24.24810791,17.582,79.029,23.28048706,25.14926147
Telangana,Adilabad,2022,11,0.005573001,22.65165942,19.664,78.532,21.80923462,23.79275513
Telangana,Bhadradri Kothagudem,2022,11,0.307662044,24.86515168,17.5557,80.6191,24.11312866,25.5475769
Telangana,Hyderabad,2022,11,0.098057419,22.12107849,17.385,78.4867,21.9694519,22.27270508
Telangana,Jagtial,2022,11,0.014573089,23.12373939,18.794,78.914,22.6383667,23.66311646
Telangana,Jangoan,2022,11,0.077268783,23.03076814,17.727,79.152,22.4732666,23.56161499
Telangana,Jayashankar Bhupalpally,2022,11,0.010641916,24.34946696,18.438,79.905,23.62277222,25.25164795
Telangana,Jogulamba Gadwal,2022,11,0.197101911,24.11975653,16.234,77.805,23.62277222,24.81506348
Telangana,Kamareddy,2022,11,0.03190978,22.81693043,18.322,78.34,21.80801392,23.65701294
Telangana,Karimnagar,2022,11,0.023275177,23.3359375,18.4386,79.1288,23.0847168,23.51516724
Telangana,Khammam,2022,11,0.448357802,24.67464987,17.2473,80.1514,24.28067017,25.19659424
Telangana,Kumurambheem Asifabad,2022,11,0.013580077,23.11993069,19.363,79.278,21.61480713,24.38583374
Telangana,Mahabubabad,2022,11,0.14659974,24.21425865,17.598,80.002,23.73526001,24.69033813
Telangana,Mahabubnagar,2022,11,0.236143688,22.4618812,16.737,77.987,21.59280396,23.67901611
Telangana,Mancherial,2022,11,0.009674762,23.49367905,18.87,79.46,21.8581543,24.74169922
Telangana,Medak,2022,11,0.020637431,22.29414307,18.049,78.263,21.69674683,23.70227051
Telangana,Medchal Malkajgiri,2022,11,0.065066179,22.05925836,17.629,78.48,21.68328857,22.58700562
Telangana,Mulugu,2022,11,0.049476166,24.56256268,18.194,80.073,23.30358887,25.78970337
Telangana,Nagarkurnool,2022,11,0.311470104,22.87840332,16.48,78.32,21.78234863,24.06912231
Telangana,Nalgonda,2022,11,0.313503265,23.6992569,17.0575,79.2673,22.40356445,24.56195068
Telangana,Narayanpet,2022,11,0.179850078,23.25065002,16.744,77.494,22.43048096,23.92480469
Telangana,Nirmal,2022,11,0.009061033,22.54052353,19.097,78.343,21.34332275,23.29016113
Telangana,Nizamabad,2022,11,0.019150966,23.33388026,18.6725,78.094,22.57110596,24.14736938
Telangana,Peddapalli,2022,11,0.005368581,23.72311401,18.614,79.376,23.31216431,24.17550659
Telangana,Rajanna Sircilla,2022,11,0.017912249,22.92351723,18.387,78.832,22.49282837,23.27304077
Telangana,Rangareddy,2022,11,0.197208087,22.05972811,17.246,78.372,21.63192749,22.81567383
Telangana,Sangareddy,2022,11,0.033767862,22.5218082,17.628,78.087,21.57568359,23.80621338
Telangana,Siddipet,2022,11,0.029218379,22.57362945,18.102,78.852,21.92053223,23.22167969
Telangana,Suryapet,2022,11,0.297094886,24.28312315,17.141,79.622,23.6178894,24.67687988
Telangana,Vikarabad,2022,11,0.135015211,22.34064773,17.338,77.904,21.73220825,23.15194702
Telangana,Wanaparthy,2022,11,0.208592508,23.49002075,16.364,78.064,22.7545166,24.30392456
Telangana,Warangal Rural,2022,11,0.064704888,23.78407981,17.9784,79.5941,23.39776611,24.42498779
Telangana,Warangal Urban,2022,11,0.039646149,23.34089355,17.9689,79.5941,23.13973999,23.50537109
Telangana,Yadadri Bhuvanagiri,2022,11,0.091393105,23.01888602,17.582,79.029,22.10519409,23.77075195
Telangana,Adilabad,2022,12,0.078821305,23.22334058,19.664,78.532,22.68005371,24.00640869
Telangana,Bhadradri Kothagudem,2022,12,0.161628059,25.17167024,17.5557,80.6191,24.36166382,25.80957031
Telangana,Hyderabad,2022,12,0.37985146,22.52929688,17.385,78.4867,22.42645264,22.63214111
Telangana,Jagtial,2022,12,0.078842427,23.986584,18.794,78.914,23.51092529,24.54980469
Telangana,Jangoan,2022,12,0.277776999,23.4495962,17.727,79.152,22.81326294,24.04147339
Telangana,Jayashankar Bhupalpally,2022,12,0.176709927,24.83294678,18.438,79.905,24.19454956,25.45431519
Telangana,Jogulamba Gadwal,2022,12,0.612894058,23.99498402,16.234,77.805,23.57284546,24.49136353
Telangana,Kamareddy,2022,12,0.15322539,23.47860897,18.322,78.34,22.6975708,24.22494507
Telangana,Karimnagar,2022,12,0.209607012,24.01945496,18.4386,79.1288,23.74111938,24.26815796
Telangana,Khammam,2022,12,0.273108776,25.00690144,17.2473,80.1514,24.59420776,25.46716309
Telangana,Kumurambheem Asifabad,2022,12,0.131497512,23.78738912,19.363,79.278,22.5713501,24.82327271
Telangana,Mahabubabad,2022,12,0.176665664,24.49532344,17.598,80.002,24.13729858,24.86065674
Telangana,Mahabubnagar,2022,12,0.455734412,22.60008122,16.737,77.987,21.89358521,23.54598999
Telangana,Mancherial,2022,12,0.133479688,24.18194962,18.87,79.46,22.84481812,25.07333374
Telangana,Medak,2022,12,0.343304833,22.7557666,18.049,78.263,22.25115967,23.83462524
Telangana,Medchal Malkajgiri,2022,12,0.390576733,22.50903998,17.629,78.48,22.23129272,22.95584106
Telangana,Mulugu,2022,12,0.152488979,24.92871424,18.194,80.073,23.76217651,26.12625122
Telangana,Nagarkurnool,2022,12,0.734347577,22.92065674,16.48,78.32,21.83047485,23.99822998
Telangana,Nalgonda,2022,12,0.575513621,23.98663139,17.0575,79.2673,22.7583313,24.7800293
Telangana,Narayanpet,2022,12,0.607081938,23.19767609,16.744,77.494,22.62628174,23.68972778
Telangana,Nirmal,2022,12,0.036061576,23.5437088,19.097,78.343,22.33413696,24.29620361
Telangana,Nizamabad,2022,12,0.073658411,24.16540527,18.6725,78.094,23.35083008,24.62811279
Telangana,Peddapalli,2022,12,0.147239522,24.48897129,18.614,79.376,24.2015686,24.79754639
Telangana,Rajanna Sircilla,2022,12,0.16767664,23.5645237,18.387,78.832,23.20941162,23.87200928
Telangana,Rangareddy,2022,12,0.425259,22.41453738,17.246,78.372,21.97302246,23.09020996
Telangana,Sangareddy,2022,12,0.429538776,22.88289049,17.628,78.087,22.12145996,24.02978516
Telangana,Siddipet,2022,12,0.368117304,23.00349795,18.102,78.852,22.35049438,23.76449585
Telangana,Suryapet,2022,12,0.421996276,24.60484788,17.141,79.622,24.0881958,24.89105225
Telangana,Vikarabad,2022,12,0.582122064,22.57861539,17.338,77.904,22.10977173,23.19073486
Telangana,Wanaparthy,2022,12,0.6627388,23.40113661,16.364,78.064,22.78756714,24.11392212
Telangana,Warangal Rural,2022,12,0.172114775,24.2356068,17.9784,79.5941,23.97369385,24.67016602
Telangana,Warangal Urban,2022,12,0.233766556,23.86278687,17.9689,79.5941,23.57052612,24.11392212
Telangana,Yadadri Bhuvanagiri,2022,12,0.345127551,23.39902387,17.582,79.029,22.48956299,24.11392212
Telangana,Adilabad,2023,1,0.068304481,22.62102162,19.664,78.532,22.11856079,23.29119873
Telangana,Bhadradri Kothagudem,2023,1,0.041981043,24.4350901,17.5557,80.6191,23.54229736,25.14181519
Telangana,Hyderabad,2023,1,0.036775716,21.86871338,17.385,78.4867,21.76199341,21.97543335
Telangana,Jagtial,2023,1,0.01822867,23.39897743,18.794,78.914,23.00869751,23.91894531
Telangana,Jangoan,2023,1,0.053741806,22.51528931,17.727,79.152,22.0005188,22.91329956
Telangana,Jayashankar Bhupalpally,2023,1,0.028039788,24.04262034,18.438,79.905,23.3276062,24.78149414
Telangana,Jogulamba Gadwal,2023,1,0.015469128,23.22351352,16.234,77.805,22.63330078,23.92648315
Telangana,Kamareddy,2023,1,0.03311984,23.09071978,18.322,78.34,22.28552246,23.90136719
Telangana,Karimnagar,2023,1,0.027623792,23.48719449,18.4386,79.1288,23.17819214,23.69171143
Telangana,Khammam,2023,1,0.040382711,24.31988823,17.2473,80.1514,23.66534424,24.93215942
Telangana,Kumurambheem Asifabad,2023,1,0.029703776,23.144477,19.363,79.278,22.12734985,24.15875244
Telangana,Mahabubabad,2023,1,0.060620933,23.53104164,17.598,80.002,23.01498413,23.87374878
Telangana,Mahabubnagar,2023,1,0.039828493,21.70481051,16.737,77.987,21.03631592,22.4927063
Telangana,Mancherial,2023,1,0.016792281,23.43922806,18.87,79.46,22.42114258,24.35461426
Telangana,Medak,2023,1,0.037839005,22.30125244,18.049,78.263,21.74441528,23.24725342
Telangana,Medchal Malkajgiri,2023,1,0.04272447,21.73966471,17.629,78.48,21.52593994,22.06079102
Telangana,Mulugu,2023,1,0.034276363,24.12753708,18.194,80.073,22.87435913,25.25482178
Telangana,Nagarkurnool,2023,1,0.060048227,22.2769458,16.48,78.32,21.07272339,23.34643555
Telangana,Nalgonda,2023,1,0.0760874,23.15630722,17.0575,79.2673,21.97290039,24.31317139
Telangana,Narayanpet,2023,1,0.025880766,22.2177948,16.744,77.494,21.80969238,22.70611572
Telangana,Nirmal,2023,1,0.023788825,22.90995216,19.097,78.343,21.90887451,23.52471924
Telangana,Nizamabad,2023,1,0.026116417,23.63457893,18.6725,78.094,22.8994751,24.04199219
Telangana,Peddapalli,2023,1,0.019844658,23.69498359,18.614,79.376,23.56491089,23.9289856
Telangana,Rajanna Sircilla,2023,1,0.024467416,23.10027885,18.387,78.832,22.77767944,23.46948242
Telangana,Rangareddy,2023,1,0.054555009,21.69382086,17.246,78.372,21.17816162,22.37341309
Telangana,Sangareddy,2023,1,0.02533581,22.47120836,17.628,78.087,21.53347778,23.57369995
Telangana,Siddipet,2023,1,0.043682699,22.4216477,18.102,78.852,21.56362915,23.29998779
Telangana,Suryapet,2023,1,0.059123343,23.77512965,17.141,79.622,22.95974731,24.42492676
Telangana,Vikarabad,2023,1,0.025453438,21.91485175,17.338,77.904,21.41921997,22.4223938
Telangana,Wanaparthy,2023,1,0.034030139,22.48243713,16.364,78.064,21.82727051,23.37405396
Telangana,Warangal Rural,2023,1,0.056244362,23.32503718,17.9784,79.5941,23.00869751,23.67663574
Telangana,Warangal Urban,2023,1,0.048531783,23.12007446,17.9689,79.5941,22.81661987,23.46194458
Telangana,Yadadri Bhuvanagiri,2023,1,0.055040939,22.42673601,17.582,79.029,21.652771,23.03759766
Telangana,Adilabad,2023,2,0.000554567,25.12632058,19.664,78.532,24.40103149,25.65719604
Telangana,Bhadradri Kothagudem,2023,2,0.000586253,27.02028927,17.5557,80.6191,25.9944458,27.7406311
Telangana,Hyderabad,2023,2,0.000554567,24.34056091,17.385,78.4867,24.17254639,24.50857544
Telangana,Jagtial,2023,2,0.000554567,25.45801955,18.794,78.914,25.08898926,26.09588623
Telangana,Jangoan,2023,2,0.000589033,25.01651483,17.727,79.152,24.60754395,25.33703613
Telangana,Jayashankar Bhupalpally,2023,2,0.000554567,26.41277568,18.438,79.905,25.81359863,27.32516479
Telangana,Jogulamba Gadwal,2023,2,0.000554567,25.65836958,16.234,77.805,24.98269653,26.52844238
Telangana,Kamareddy,2023,2,0.000554567,25.23634967,18.322,78.34,24.35827637,25.96881104
Telangana,Karimnagar,2023,2,0.000554567,25.77165561,18.4386,79.1288,25.56677246,25.98468018
Telangana,Khammam,2023,2,0.000570539,26.63413443,17.2473,80.1514,25.94192505,27.27627563
Telangana,Kumurambheem Asifabad,2023,2,0.000554567,25.62400648,19.363,79.278,24.51956177,26.62130737
Telangana,Mahabubabad,2023,2,0.00062231,26.21613812,17.598,80.002,25.41891479,26.625
Telangana,Mahabubnagar,2023,2,0.000554567,24.4772644,16.737,77.987,23.65686035,25.21484375
Telangana,Mancherial,2023,2,0.000554567,25.73952866,18.87,79.46,24.64297485,26.7227478
Telangana,Medak,2023,2,0.000554567,24.45954102,18.049,78.263,23.89880371,25.42993164
Telangana,Medchal Malkajgiri,2023,2,0.000554567,24.30069987,17.629,78.48,23.86825562,24.83483887
Telangana,Mulugu,2023,2,0.000554567,26.86128359,18.194,80.073,25.63397217,28.09011841
Telangana,Nagarkurnool,2023,2,0.000554567,25.16302246,16.48,78.32,23.8927002,26.18264771
Telangana,Nalgonda,2023,2,0.000554567,25.71921539,17.0575,79.2673,24.82504272,26.73739624
Telangana,Narayanpet,2023,2,0.000554567,24.80983734,16.744,77.494,24.37902832,25.14276123
Telangana,Nirmal,2023,2,0.000554567,24.94003296,19.097,78.343,24.27639771,25.43969727
Telangana,Nizamabad,2023,2,0.000554567,25.51254093,18.6725,78.094,25.09387207,25.98834229
Telangana,Peddapalli,2023,2,0.000554567,25.94633314,18.614,79.376,25.82705688,26.20587158
Telangana,Rajanna Sircilla,2023,2,0.000554567,25.40479088,18.387,78.832,25.09265137,25.71951294
Telangana,Rangareddy,2023,2,0.000554567,24.34396437,17.246,78.372,23.7644043,25.2270813
Telangana,Sangareddy,2023,2,0.000554567,24.61695014,17.628,78.087,23.72531128,25.72686768
Telangana,Siddipet,2023,2,0.000554567,24.89331476,18.102,78.852,24.18963623,25.61199951
Telangana,Suryapet,2023,2,0.000599729,26.05922515,17.141,79.622,25.32727051,26.77160645
Telangana,Vikarabad,2023,2,0.000554567,24.35401232,17.338,77.904,23.88537598,24.81161499
Telangana,Wanaparthy,2023,2,0.000554567,25.23019579,16.364,78.064,24.71386719,26.06289673
Telangana,Warangal Rural,2023,2,0.000703397,25.89292492,17.9784,79.5941,25.41281128,26.5027771
Telangana,Warangal Urban,2023,2,0.000554567,25.5328064,17.9689,79.5941,25.20996094,25.80749512
Telangana,Yadadri Bhuvanagiri,2023,2,0.000554567,25.10645185,17.582,79.029,24.37536621,25.61444092
Telangana,Adilabad,2023,3,0.744616884,27.10558342,19.664,78.532,26.31549072,27.9342041
Telangana,Bhadradri Kothagudem,2023,3,2.375297546,28.08986344,17.5557,80.6191,27.26019287,28.63964844
Telangana,Hyderabad,2023,3,0.582602739,25.75085449,17.385,78.4867,25.56903076,25.93267822
Telangana,Jagtial,2023,3,0.850540308,27.08824745,18.794,78.914,26.40982056,27.74554443
Telangana,Jangoan,2023,3,0.980859255,26.44256913,17.727,79.152,25.7946167,26.92660522
Telangana,Jayashankar Bhupalpally,2023,3,1.124264876,28.24642944,18.438,79.905,27.7387085,28.83105469
Telangana,Jogulamba Gadwal,2023,3,0.28876283,27.58352661,16.234,77.805,26.80218506,28.24728394
Telangana,Kamareddy,2023,3,0.8317815,26.44050688,18.322,78.34,25.72897339,27.07562256
Telangana,Karimnagar,2023,3,0.790872786,27.47741869,18.4386,79.1288,27.06195068,27.96975708
Telangana,Khammam,2023,3,2.437920547,27.70982398,17.2473,80.1514,27.44067383,28.06954956
Telangana,Kumurambheem Asifabad,2023,3,0.765158123,27.65044488,19.363,79.278,26.44262695,28.52209473
Telangana,Mahabubabad,2023,3,1.279909726,27.49412379,17.598,80.002,26.97720337,27.82345581
Telangana,Mahabubnagar,2023,3,0.385617513,26.13439472,16.737,77.987,25.15203857,27.14535522
Telangana,Mancherial,2023,3,1.061792135,27.63526917,18.87,79.46,26.52603149,28.48516846
Telangana,Medak,2023,3,0.73027298,25.7895752,18.049,78.263,25.36395264,26.56021118
Telangana,Medchal Malkajgiri,2023,3,0.646350225,25.52527873,17.629,78.48,25.25048828,25.93817139
Telangana,Mulugu,2023,3,1.331335738,28.25578019,18.194,80.073,26.9854126,29.44628906
Telangana,Nagarkurnool,2023,3,0.568148003,26.57311768,16.48,78.32,25.09872437,27.77426147
Telangana,Nalgonda,2023,3,1.11134088,27.1858139,17.0575,79.2673,26.18014526,27.87268066
Telangana,Narayanpet,2023,3,0.425853634,26.44332581,16.744,77.494,25.74676514,26.81585693
Telangana,Nirmal,2023,3,0.613148928,26.72683716,19.097,78.343,26.15142822,27.50354004
Telangana,Nizamabad,2023,3,0.839024656,26.69962445,18.6725,78.094,26.12545776,27.09887695
Telangana,Peddapalli,2023,3,0.943450504,27.78716024,18.614,79.376,27.355896,28.02307129
Telangana,Rajanna Sircilla,2023,3,1.064454913,26.63796806,18.387,78.832,26.11178589,27.18911743
Telangana,Rangareddy,2023,3,0.552276518,25.74585854,17.246,78.372,25.22314453,26.72564697
Telangana,Sangareddy,2023,3,0.687357373,25.94157579,17.628,78.087,25.17666626,26.6887207
Telangana,Siddipet,2023,3,1.000383903,26.12894624,18.102,78.852,25.31610107,27.09613037
Telangana,Suryapet,2023,3,1.464885975,27.40365285,17.141,79.622,26.77075195,27.85491943
Telangana,Vikarabad,2023,3,0.561480621,25.78923298,17.338,77.904,25.24502563,26.40298462
Telangana,Wanaparthy,2023,3,0.278463417,27.03347609,16.364,78.064,26.44674683,27.7701416
Telangana,Warangal Rural,2023,3,1.021922718,27.47745028,17.9784,79.5941,27.0168457,27.95608521
Telangana,Warangal Urban,2023,3,0.898733139,27.28207092,17.9689,79.5941,26.83911133,27.80569458
Telangana,Yadadri Bhuvanagiri,2023,3,0.926699298,26.30343192,17.582,79.029,25.43640137,26.81314087
Telangana,Adilabad,2023,4,1.047737584,30.02947813,19.664,78.532,29.32516479,31.07241821
Telangana,Bhadradri Kothagudem,2023,4,1.131205897,30.78306924,17.5557,80.6191,29.90710449,31.58920288
Telangana,Hyderabad,2023,4,0.550552726,29.14347839,17.385,78.4867,28.96469116,29.32226563
Telangana,Jagtial,2023,4,1.209657229,30.16982563,18.794,78.914,29.1282959,30.94500732
Telangana,Jangoan,2023,4,0.914108578,29.44896176,17.727,79.152,28.65927124,30.20819092
Telangana,Jayashankar Bhupalpally,2023,4,0.99721686,30.98892721,18.438,79.905,30.32400513,31.63842773
Telangana,Jogulamba Gadwal,2023,4,0.45523223,31.2289401,16.234,77.805,30.46585083,31.90911865
Telangana,Kamareddy,2023,4,0.934750501,29.21730849,18.322,78.34,28.48410034,30.17779541
Telangana,Karimnagar,2023,4,1.059705734,30.43899875,18.4386,79.1288,30.03881836,30.92910767
Telangana,Khammam,2023,4,0.716841163,30.69154618,17.2473,80.1514,30.17489624,31.20123291
Telangana,Kumurambheem Asifabad,2023,4,1.159507751,30.54009332,19.363,79.278,29.49163818,31.61236572
Telangana,Mahabubabad,2023,4,1.276172506,30.16386256,17.598,80.002,29.62625122,30.53533936
Telangana,Mahabubnagar,2023,4,0.25139893,29.77207595,16.737,77.987,28.68533325,30.83499146
Telangana,Mancherial,2023,4,0.794154346,30.64753342,18.87,79.46,29.42358398,31.40246582
Telangana,Medak,2023,4,0.732315369,28.80500732,18.049,78.263,28.41027832,29.73916626
Telangana,Medchal Malkajgiri,2023,4,0.590051651,28.88525052,17.629,78.48,28.58544922,29.31646729
Telangana,Mulugu,2023,4,1.210397669,30.83961611,18.194,80.073,29.54086304,32.2449646
Telangana,Nagarkurnool,2023,4,0.296490765,30.19548096,16.48,78.32,28.65057373,31.34164429
Telangana,Nalgonda,2023,4,0.462855637,30.68313599,17.0575,79.2673,29.69284058,31.474823
Telangana,Narayanpet,2023,4,0.53018961,30.07732544,16.744,77.494,29.20645142,30.53823853
Telangana,Nirmal,2023,4,0.863203168,29.85122108,19.097,78.343,29.24697876,30.72207642
Telangana,Nizamabad,2023,4,1.239749684,29.30944824,18.6725,78.094,28.59558105,29.92156982
Telangana,Peddapalli,2023,4,0.910606702,30.90174696,18.614,79.376,30.41375732,31.13754272
Telangana,Rajanna Sircilla,2023,4,1.078913569,29.43481445,18.387,78.832,28.71572876,30.10540771
Telangana,Rangareddy,2023,4,0.496071606,29.23268388,17.246,78.372,28.73599243,30.27911377
Telangana,Sangareddy,2023,4,0.909954813,29.06024848,17.628,78.087,28.36538696,29.84484863
Telangana,Siddipet,2023,4,0.949316288,28.93899852,18.102,78.852,28.22354126,29.98382568
Telangana,Suryapet,2023,4,0.619270522,30.64241817,17.141,79.622,30.05764771,31.20269775
Telangana,Vikarabad,2023,4,0.618485023,29.3003982,17.338,77.904,28.68676758,30.15606689
Telangana,Wanaparthy,2023,4,0.251664427,30.6776123,16.364,78.064,30.16329956,31.34890747
Telangana,Warangal Rural,2023,4,1.303954385,30.19785933,17.9784,79.5941,29.94473267,30.85235596
Telangana,Warangal Urban,2023,4,1.224466324,30.08702698,17.9689,79.5941,29.58572388,30.70617676
Telangana,Yadadri Bhuvanagiri,2023,4,0.704212393,29.57874407,17.582,79.029,28.478302,30.23135376
Telangana,Adilabad,2023,5,0.602142334,31.51819957,19.664,78.532,30.76602173,32.58840942
Telangana,Bhadradri Kothagudem,2023,5,1.216160682,31.57162377,17.5557,80.6191,30.31161499,32.34155273
Telangana,Hyderabad,2023,5,0.578128695,29.88156128,17.385,78.4867,29.78015137,29.98297119
Telangana,Jagtial,2023,5,0.500779959,31.38845121,18.794,78.914,30.31317139,32.387146
Telangana,Jangoan,2023,5,0.454969557,31.18701814,17.727,79.152,30.53173828,31.74090576
Telangana,Jayashankar Bhupalpally,2023,5,0.478780746,32.73164368,18.438,79.905,31.90914917,33.22680664
Telangana,Jogulamba Gadwal,2023,5,0.27992578,31.59610818,16.234,77.805,31.08364868,32.10726929
Telangana,Kamareddy,2023,5,0.320992806,30.6432926,18.322,78.34,29.96569824,31.6104126
Telangana,Karimnagar,2023,5,0.433956438,32.10028076,18.4386,79.1288,31.46102905,32.70162964
Telangana,Khammam,2023,5,1.454112821,31.50136957,17.2473,80.1514,30.80532837,31.89657593
Telangana,Kumurambheem Asifabad,2023,5,0.721739239,32.2720676,19.363,79.278,30.91854858,33.82589722
Telangana,Mahabubabad,2023,5,1.218584126,31.27856866,17.598,80.002,30.65283203,31.63870239
Telangana,Mahabubnagar,2023,5,0.765368828,29.79333027,16.737,77.987,28.67477417,31.21731567
Telangana,Mancherial,2023,5,0.568116069,32.37496948,18.87,79.46,30.8682251,33.40292358
Telangana,Medak,2023,5,0.319505177,30.09109863,18.049,78.263,29.5977478,31.00030518
Telangana,Medchal Malkajgiri,2023,5,0.546589639,29.86785211,17.629,78.48,29.60403442,30.3949585
Telangana,Mulugu,2023,5,0.806344625,31.97293998,18.194,80.073,30.36035156,33.45480347
Telangana,Nagarkurnool,2023,5,0.720209808,30.4284375,16.48,78.32,28.73449707,31.69372559
Telangana,Nalgonda,2023,5,0.556341648,32.06874847,17.0575,79.2673,30.38867188,33.1875
Telangana,Narayanpet,2023,5,0.463616085,30.49054871,16.744,77.494,29.36346436,31.36038208
Telangana,Nirmal,2023,5,0.373746037,31.47212982,19.097,78.343,30.84780884,32.54754639
Telangana,Nizamabad,2023,5,0.442355829,30.78675034,18.6725,78.094,29.9263916,31.59152222
Telangana,Peddapalli,2023,5,0.530474504,32.47738987,18.614,79.376,31.72674561,32.93276978
Telangana,Rajanna Sircilla,2023,5,0.308955997,31.07038307,18.387,78.832,30.15280151,31.99719238
Telangana,Rangareddy,2023,5,0.807201292,29.63138338,17.246,78.372,28.7973938,30.97357178
Telangana,Sangareddy,2023,5,0.321863254,30.16236708,17.628,78.087,29.32415771,31.00973511
Telangana,Siddipet,2023,5,0.401355184,30.6330819,18.102,78.852,29.53170776,31.83996582
Telangana,Suryapet,2023,5,1.05366332,31.81659777,17.141,79.622,31.36825562,32.58685303
Telangana,Vikarabad,2023,5,0.408488307,29.85046808,17.338,77.904,29.03955078,30.98931885
Telangana,Wanaparthy,2023,5,0.325038751,30.93383789,16.364,78.064,30.32891846,31.49404907
Telangana,Warangal Rural,2023,5,0.844199441,31.6305542,17.9784,79.5941,31.20315552,32.56484985
Telangana,Warangal Urban,2023,5,0.560397673,31.81732178,17.9689,79.5941,31.25976563,32.48934937
Telangana,Yadadri Bhuvanagiri,2023,5,0.433342321,31.0256958,17.582,79.029,29.84460449,31.71731567
Telangana,Adilabad,2023,6,1.606583682,31.92751983,19.664,78.532,31.07540894,33.10736084
Telangana,Bhadradri Kothagudem,2023,6,1.316820206,32.71285125,17.5557,80.6191,31.45550537,33.5809021
Telangana,Hyderabad,2023,6,0.580168903,29.99372864,17.385,78.4867,29.90661621,30.08084106
Telangana,Jagtial,2023,6,1.15312767,32.13932448,18.794,78.914,31.07858276,33.00915527
Telangana,Jangoan,2023,6,0.758983813,31.76218133,17.727,79.152,30.84103394,32.42950439
Telangana,Jayashankar Bhupalpally,2023,6,1.25452137,33.44957479,18.438,79.905,32.89038086,33.84536743
Telangana,Jogulamba Gadwal,2023,6,0.332767855,31.34926536,16.234,77.805,30.91387939,31.81185913
Telangana,Kamareddy,2023,6,1.056388518,30.81117159,18.322,78.34,30.14892578,31.77227783
Telangana,Karimnagar,2023,6,1.15054618,32.61226061,18.4386,79.1288,32.09692383,33.17703247
Telangana,Khammam,2023,6,0.939056303,32.86778892,17.2473,80.1514,32.11117554,33.39401245
Telangana,Kumurambheem Asifabad,2023,6,1.860847049,32.8308648,19.363,79.278,31.31140137,34.03384399
Telangana,Mahabubabad,2023,6,0.841334179,32.33771804,17.598,80.002,31.48403931,32.97433472
Telangana,Mahabubnagar,2023,6,0.519391023,29.82006366,16.737,77.987,28.86767578,30.9407959
Telangana,Mancherial,2023,6,1.608774543,33.01530075,18.87,79.46,31.51254272,33.74719238
Telangana,Medak,2023,6,0.851048965,30.2477002,18.049,78.263,29.75299072,30.91864014
Telangana,Medchal Malkajgiri,2023,6,0.668607871,30.16160414,17.629,78.48,29.74984741,30.84420776
Telangana,Mulugu,2023,6,1.320198471,32.91067092,18.194,80.073,31.31298828,34.16369629
Telangana,Nagarkurnool,2023,6,0.487659569,30.53961182,16.48,78.32,28.70932007,32.26797485
Telangana,Nalgonda,2023,6,0.662172258,32.60857773,17.0575,79.2673,30.66363525,33.81369019
Telangana,Narayanpet,2023,6,0.489091921,30.41936035,16.744,77.494,29.48693848,31.12609863
Telangana,Nirmal,2023,6,1.142637491,31.76553726,19.097,78.343,31.07540894,32.49127197
Telangana,Nizamabad,2023,6,0.864320867,31.27352726,18.6725,78.094,30.51159668,31.79760742
Telangana,Peddapalli,2023,6,1.249666956,33.12961494,18.614,79.376,32.47543335,33.59515381
Telangana,Rajanna Sircilla,2023,6,1.290102363,31.456707,18.387,78.832,30.60821533,32.19671631
Telangana,Rangareddy,2023,6,0.630966559,29.84199933,17.246,78.372,28.95004272,31.17678833
Telangana,Sangareddy,2023,6,0.787665367,30.14154053,17.628,78.087,29.49484253,31.09283447
Telangana,Siddipet,2023,6,0.826006988,30.98034247,18.102,78.852,29.92721558,32.17611694
Telangana,Suryapet,2023,6,0.683150653,33.07743467,17.141,79.622,32.38833618,33.82321167
Telangana,Vikarabad,2023,6,0.734393153,29.67239275,17.338,77.904,29.00231934,30.54013062
Telangana,Wanaparthy,2023,6,0.360347271,30.67693414,16.364,78.064,30.15209961,31.28762817
Telangana,Warangal Rural,2023,6,0.840697202,32.53296453,17.9784,79.5941,32.10644531,33.18496704
Telangana,Warangal Urban,2023,6,0.808873367,32.57854614,17.9689,79.5941,32.03042603,33.08517456
Telangana,Yadadri Bhuvanagiri,2023,6,0.636466503,31.53176444,17.582,79.029,30.23919678,32.35192871
Telangana,Adilabad,2023,7,10.18289647,26.09554221,19.664,78.532,25.51535034,27.02307129
Telangana,Bhadradri Kothagudem,2023,7,9.556709536,27.29778265,17.5557,80.6191,26.37298584,27.84371948
Telangana,Hyderabad,2023,7,7.031209946,25.08409119,17.385,78.4867,25.01168823,25.15649414
Telangana,Jagtial,2023,7,8.483157818,26.61472731,18.794,78.914,25.85806274,27.24029541
Telangana,Jangoan,2023,7,6.86351495,26.5873381,17.727,79.152,25.72131348,27.27407837
Telangana,Jayashankar Bhupalpally,2023,7,9.014521281,27.31598918,18.438,79.905,27.04721069,27.47521973
Telangana,Jogulamba Gadwal,2023,7,6.061766191,26.48050759,16.234,77.805,26.10748291,26.74468994
Telangana,Kamareddy,2023,7,8.303289974,25.37506463,18.322,78.34,24.80252075,26.02542114
Telangana,Karimnagar,2023,7,7.352270338,26.90166558,18.4386,79.1288,26.54516602,27.23867798
Telangana,Khammam,2023,7,9.043208425,27.57914622,17.2473,80.1514,26.8444519,28.07058716
Telangana,Kumurambheem Asifabad,2023,7,13.10088433,26.77535333,19.363,79.278,25.72451782,27.27407837
Telangana,Mahabubabad,2023,7,9.445196744,27.12216292,17.598,80.002,26.45343018,27.69726563
Telangana,Mahabubnagar,2023,7,7.180131766,25.00927265,16.737,77.987,24.17816162,26.07208252
Telangana,Mancherial,2023,7,11.65847206,27.00234985,18.87,79.46,25.92404175,27.42373657
Telangana,Medak,2023,7,7.440690308,25.07663574,18.049,78.263,24.77032471,25.49121094
Telangana,Medchal Malkajgiri,2023,7,6.688066271,25.24947781,17.629,78.48,24.80252075,25.95300293
Telangana,Mulugu,2023,7,9.037982838,27.05646412,18.194,80.073,25.88864136,27.82116699
Telangana,Nagarkurnool,2023,7,6.389311523,25.79200684,16.48,78.32,24.23287964,27.51544189
Telangana,Nalgonda,2023,7,7.916846275,27.7259407,17.0575,79.2673,26.1428833,28.68203735
Telangana,Narayanpet,2023,7,7.051327515,25.4368927,16.744,77.494,24.48068237,26.14932251
Telangana,Nirmal,2023,7,9.177934647,26.00907898,19.097,78.343,25.4654541,26.66583252
Telangana,Nizamabad,2023,7,8.327274996,25.90109791,18.6725,78.094,25.39627075,26.33596802
Telangana,Peddapalli,2023,7,8.17741394,27.21007792,18.614,79.376,26.84768677,27.43661499
Telangana,Rajanna Sircilla,2023,7,7.670197487,26.02059174,18.387,78.832,25.33511353,26.5741272
Telangana,Rangareddy,2023,7,7.470415069,25.10717476,17.246,78.372,24.1701355,26.51782227
Telangana,Sangareddy,2023,7,7.242185805,25.01119995,17.628,78.087,24.37771606,25.60061646
Telangana,Siddipet,2023,7,7.341944201,25.68934368,18.102,78.852,24.96340942,26.59988403
Telangana,Suryapet,2023,7,8.152835188,27.91168002,17.141,79.622,27.32397461,28.41976929
Telangana,Vikarabad,2023,7,7.454294139,24.55836645,17.338,77.904,24.15405273,25.10339355
Telangana,Wanaparthy,2023,7,6.326865726,25.900806,16.364,78.064,25.29489136,26.47918701
Telangana,Warangal Rural,2023,7,8.511073719,27.09262362,17.9784,79.5941,26.91204834,27.28695679
Telangana,Warangal Urban,2023,7,7.015643311,26.98331909,17.9689,79.5941,26.68997192,27.19683838
Telangana,Yadadri Bhuvanagiri,2023,7,6.420726231,26.59286063,17.582,79.029,25.32223511,27.38189697
Telangana,Adilabad,2023,8,2.162299879,26.40167051,19.664,78.532,25.80206299,27.34945679
Telangana,Bhadradri Kothagudem,2023,8,1.400412406,28.37050506,17.5557,80.6191,27.51312256,28.92663574
Telangana,Hyderabad,2023,8,0.43537429,25.80453491,17.385,78.4867,25.69128418,25.91778564
Telangana,Jagtial,2023,8,1.163171255,27.16722694,18.794,78.914,26.48648071,27.91485596
Telangana,Jangoan,2023,8,0.459660229,27.41811331,17.727,79.152,26.59725952,28.08514404
Telangana,Jayashankar Bhupalpally,2023,8,1.060882409,28.12523397,18.438,79.905,27.80410767,28.37609863
Telangana,Jogulamba Gadwal,2023,8,0.426536733,27.66507235,16.234,77.805,27.1725769,28.10498047
Telangana,Kamareddy,2023,8,1.071620605,26.26194314,18.322,78.34,25.59872437,26.81713867
Telangana,Karimnagar,2023,8,0.654678451,27.6812049,18.4386,79.1288,27.27838135,28.01901245
Telangana,Khammam,2023,8,0.787717494,28.74219048,17.2473,80.1514,27.87683105,29.19445801
Telangana,Kumurambheem Asifabad,2023,8,2.429053201,27.26767307,19.363,79.278,26.09301758,27.8999939
Telangana,Mahabubabad,2023,8,0.799852108,28.22235528,17.598,80.002,27.4982605,28.79272461
Telangana,Mahabubnagar,2023,8,0.459060082,25.96063702,16.737,77.987,25.01678467,27.23208618
Telangana,Mancherial,2023,8,1.941987872,27.60348892,18.87,79.46,26.3939209,28.19259644
Telangana,Medak,2023,8,0.621056099,25.96744385,18.049,78.263,25.53424072,26.5774231
Telangana,Medchal Malkajgiri,2023,8,0.428776105,25.96131727,17.629,78.48,25.50448608,26.70141602
Telangana,Mulugu,2023,8,1.085337252,27.89591691,18.194,80.073,26.60055542,28.65383911
Telangana,Nagarkurnool,2023,8,0.487561569,26.75278564,16.48,78.32,25.24822998,28.33148193
Telangana,Nalgonda,2023,8,0.399111748,28.56606865,17.0575,79.2673,26.85681152,29.64578247
Telangana,Narayanpet,2023,8,0.521370697,26.51616211,16.744,77.494,25.46810913,27.32299805
Telangana,Nirmal,2023,8,2.092509031,26.4503212,19.097,78.343,25.80535889,27.01385498
Telangana,Nizamabad,2023,8,1.364657907,26.63055779,18.6725,78.094,26.16412354,27.04196167
Telangana,Peddapalli,2023,8,0.785175959,27.96528117,18.614,79.376,27.5776062,28.1661377
Telangana,Rajanna Sircilla,2023,8,0.847156227,26.78116989,18.387,78.832,26.14425659,27.38253784
Telangana,Rangareddy,2023,8,0.47499559,25.8737525,17.246,78.372,25.03826904,27.30151367
Telangana,Sangareddy,2023,8,0.710445404,25.78625997,17.628,78.087,25.09283447,26.52285767
Telangana,Siddipet,2023,8,0.512868848,26.52052044,18.102,78.852,25.77230835,27.42880249
Telangana,Suryapet,2023,8,0.432446842,28.95296084,17.141,79.622,28.15786743,29.53665161
Telangana,Vikarabad,2023,8,0.654176252,25.43499124,17.338,77.904,24.9704895,26.05334473
Telangana,Wanaparthy,2023,8,0.414064593,27.04150391,16.364,78.064,26.27487183,27.78094482
Telangana,Warangal Rural,2023,8,0.66283174,28.00811768,17.9784,79.5941,27.80575562,28.38934326
Telangana,Warangal Urban,2023,8,0.569537449,27.80409546,17.9689,79.5941,27.51644897,28.00744629
Telangana,Yadadri Bhuvanagiri,2023,8,0.328923566,27.4123448,17.582,79.029,26.08309937,28.32980347
Telangana,Adilabad,2023,9,4.066171708,25.97142815,19.664,78.532,25.38317871,26.84204102
Telangana,Bhadradri Kothagudem,2023,9,4.211727687,27.38849665,17.5557,80.6191,26.69256592,27.88088989
Telangana,Hyderabad,2023,9,5.77328968,25.05284119,17.385,78.4867,24.95718384,25.14849854
Telangana,Jagtial,2023,9,3.985329669,26.54257906,18.794,78.914,25.83459473,27.1260376
Telangana,Jangoan,2023,9,3.44818564,26.42178666,17.727,79.152,25.6746521,27.02740479
Telangana,Jayashankar Bhupalpally,2023,9,4.268685561,27.24992116,18.438,79.905,27.02142334,27.43844604
Telangana,Jogulamba Gadwal,2023,9,2.456925528,26.82132235,16.234,77.805,26.40258789,27.16790771
Telangana,Kamareddy,2023,9,3.964431254,25.52530984,18.322,78.34,24.92428589,26.07077026
Telangana,Karimnagar,2023,9,3.879364911,26.80625237,18.4386,79.1288,26.47283936,27.12753296
Telangana,Khammam,2023,9,3.96906261,27.67753192,17.2473,80.1514,27.01843262,28.08117676
Telangana,Kumurambheem Asifabad,2023,9,5.154590504,26.60380046,19.363,79.278,25.55657959,27.14099121
Telangana,Mahabubabad,2023,9,3.586625099,27.1340332,17.598,80.002,26.4519043,27.64471436
Telangana,Mahabubnagar,2023,9,3.79432106,25.26497474,16.737,77.987,24.40859985,26.39361572
Telangana,Mancherial,2023,9,4.68343099,26.86213303,18.87,79.46,25.78375244,27.33383179
Telangana,Medak,2023,9,4.941334724,25.20476074,18.049,78.263,24.79873657,25.71798706
Telangana,Medchal Malkajgiri,2023,9,5.481423272,25.16610718,17.629,78.48,24.77929688,25.79870605
Telangana,Mulugu,2023,9,4.811273936,27.01281078,18.194,80.073,25.87194824,27.76879883
Telangana,Nagarkurnool,2023,9,3.509002686,26.0154248,16.48,78.32,24.68063354,27.52514648
Telangana,Nalgonda,2023,9,2.865509533,27.54849815,17.0575,79.2673,26.02590942,28.48327637
Telangana,Narayanpet,2023,9,3.024523163,25.79475098,16.744,77.494,24.82116699,26.52963257
Telangana,Nirmal,2023,9,4.582871871,25.97196579,19.097,78.343,25.30395508,26.5475769
Telangana,Nizamabad,2023,9,3.773641733,25.99509924,18.6725,78.094,25.47885132,26.50872803
Telangana,Peddapalli,2023,9,4.189999631,27.09407383,18.614,79.376,26.75085449,27.33828735
Telangana,Rajanna Sircilla,2023,9,4.08246816,26.02825356,18.387,78.832,25.43847656,26.56103516
Telangana,Rangareddy,2023,9,4.817113604,25.12753966,17.246,78.372,24.38766479,26.45040894
Telangana,Sangareddy,2023,9,4.482996231,25.11038547,17.628,78.087,24.49679565,25.79870605
Telangana,Siddipet,2023,9,5.009193189,25.6759412,18.102,78.852,24.96316528,26.52514648
Telangana,Suryapet,2023,9,2.986414591,27.85867625,17.141,79.622,27.10064697,28.38162231
Telangana,Vikarabad,2023,9,4.042657668,24.77568949,17.338,77.904,24.33834839,25.39065552
Telangana,Wanaparthy,2023,9,2.938421037,26.21699185,16.364,78.064,25.55657959,26.8659668
Telangana,Warangal Rural,2023,9,3.412588596,26.99981135,17.9784,79.5941,26.8465271,27.25460815
Telangana,Warangal Urban,2023,9,3.533979242,26.83935242,17.9689,79.5941,26.55056763,27.07672119
Telangana,Yadadri Bhuvanagiri,2023,9,3.398350271,26.41262599,17.582,79.029,25.2381897,27.23068237
Telangana,Adilabad,2023,10,0.179190997,26.29613518,19.664,78.532,25.59896851,27.19073486
Telangana,Bhadradri Kothagudem,2023,10,0.337790335,27.67321384,17.5557,80.6191,27.03823853,28.18850708
Telangana,Hyderabad,2023,10,0.069250181,25.23368835,17.385,78.4867,25.06594849,25.40142822
Telangana,Jagtial,2023,10,0.099691923,26.53427594,18.794,78.914,25.71658325,27.12249756
Telangana,Jangoan,2023,10,0.178324022,26.26864624,17.727,79.152,25.49728394,26.99612427
Telangana,Jayashankar Bhupalpally,2023,10,0.276108205,27.32182312,18.438,79.905,26.83926392,27.84140015
Telangana,Jogulamba Gadwal,2023,10,0.09138621,27.73365922,16.234,77.805,27.10940552,28.4630127
Telangana,Kamareddy,2023,10,0.235102121,25.80954877,18.322,78.34,24.87423706,26.67080688
Telangana,Karimnagar,2023,10,0.151554214,26.48433261,18.4386,79.1288,26.1668396,26.79571533
Telangana,Khammam,2023,10,0.167189063,27.83212355,17.2473,80.1514,27.10650635,28.15222168
Telangana,Kumurambheem Asifabad,2023,10,0.191974296,26.79207357,19.363,79.278,25.56408691,27.56835938
Telangana,Mahabubabad,2023,10,0.242983818,27.31198646,17.598,80.002,26.6315918,27.96484375
Telangana,Mahabubnagar,2023,10,0.120336744,25.64520498,16.737,77.987,24.52709961,27.17767334
Telangana,Mancherial,2023,10,0.18974793,26.8458519,18.87,79.46,25.8414917,27.73538208
Telangana,Medak,2023,10,0.107214146,25.36518311,18.049,78.263,24.77545166,26.5284729
Telangana,Medchal Malkajgiri,2023,10,0.056183464,25.18987698,17.629,78.48,24.76675415,25.86911011
Telangana,Mulugu,2023,10,0.345163474,27.32636323,18.194,80.073,26.02450562,28.54580688
Telangana,Nagarkurnool,2023,10,0.096947289,26.49120117,16.48,78.32,25.14437866,28.04473877
Telangana,Nalgonda,2023,10,0.100907147,27.82329559,17.0575,79.2673,25.94897461,29.3765564
Telangana,Narayanpet,2023,10,0.137614584,26.32433472,16.744,77.494,25.05142212,27.28225708
Telangana,Nirmal,2023,10,0.074556842,26.14831543,19.097,78.343,25.24893188,26.65338135
Telangana,Nizamabad,2023,10,0.148415916,26.33577594,18.6725,78.094,25.50454712,27.37954712
Telangana,Peddapalli,2023,10,0.1662475,26.82724847,18.614,79.376,26.41082764,27.24304199
Telangana,Rajanna Sircilla,2023,10,0.223326281,25.84585762,18.387,78.832,25.40432739,26.3062439
Telangana,Rangareddy,2023,10,0.105371766,25.23033775,17.246,78.372,24.47045898,26.45584106
Telangana,Sangareddy,2023,10,0.092754006,25.38562012,17.628,78.087,24.61425781,26.48925781
Telangana,Siddipet,2023,10,0.149462124,25.58403068,18.102,78.852,24.92504883,26.27429199
Telangana,Suryapet,2023,10,0.107496829,28.01318359,17.141,79.622,27.09634399,28.85079956
Telangana,Vikarabad,2023,10,0.142092113,24.95916538,17.338,77.904,24.39059448,25.68463135
Telangana,Wanaparthy,2023,10,0.116095172,26.93868001,16.364,78.064,26.02304077,27.82107544
Telangana,Warangal Rural,2023,10,0.249976006,26.92436634,17.9784,79.5941,26.5880127,27.50299072
Telangana,Warangal Urban,2023,10,0.170454872,26.60457153,17.9689,79.5941,26.31350708,26.78845215
Telangana,Yadadri Bhuvanagiri,2023,10,0.082843593,26.48240444,17.582,79.029,25.16906738,27.24737549
Telangana,Adilabad,2023,11,0.247322621,24.82684511,19.664,78.532,24.27444458,25.69094849
Telangana,Bhadradri Kothagudem,2023,11,0.595582008,26.55870401,17.5557,80.6191,25.63201904,27.22036743
Telangana,Hyderabad,2023,11,0.669832826,24.10076904,17.385,78.4867,24.01913452,24.18240356
Telangana,Jagtial,2023,11,0.252646612,25.57438308,18.794,78.914,24.73352051,26.29238892
Telangana,Jangoan,2023,11,0.793777466,25.08374184,17.727,79.152,24.33703613,25.74005127
Telangana,Jayashankar Bhupalpally,2023,11,0.488236721,26.65889994,18.438,79.905,25.93643188,27.16143799
Telangana,Jogulamba Gadwal,2023,11,0.643298512,26.67766224,16.234,77.805,26.16107178,27.00311279
Telangana,Kamareddy,2023,11,0.432708041,24.81767722,18.322,78.34,23.99090576,25.63201904
Telangana,Karimnagar,2023,11,0.549104915,25.7698466,18.4386,79.1288,25.4147644,26.10092163
Telangana,Khammam,2023,11,0.582580077,26.59319026,17.2473,80.1514,26.04446411,27.03012085
Telangana,Kumurambheem Asifabad,2023,11,0.375086398,25.80742052,19.363,79.278,24.21185303,27.29034424
Telangana,Mahabubabad,2023,11,0.780000925,25.93342959,17.598,80.002,25.32516479,26.39550781
Telangana,Mahabubnagar,2023,11,0.524326563,24.76392541,16.737,77.987,23.74172974,26.38201904
Telangana,Mancherial,2023,11,0.314945512,26.11507225,18.87,79.46,24.57516479,27.04605103
Telangana,Medak,2023,11,0.601362626,24.26629883,18.049,78.263,23.79083252,25.1864624
Telangana,Medchal Malkajgiri,2023,11,0.664218373,24.08350966,17.629,78.48,23.7711792,24.58868408
Telangana,Mulugu,2023,11,0.654903773,26.47181331,18.194,80.073,25.18890381,27.67453003
Telangana,Nagarkurnool,2023,11,0.972337543,24.81298828,16.48,78.32,23.36245728,26.14389038
Telangana,Nalgonda,2023,11,0.977135768,26.06465149,17.0575,79.2673,24.4364624,27.30014038
Telangana,Narayanpet,2023,11,0.588222408,25.61552124,16.744,77.494,24.30023193,26.55630493
Telangana,Nirmal,2023,11,0.201779481,24.98426819,19.097,78.343,23.91970825,25.57678223
Telangana,Nizamabad,2023,11,0.281756866,25.35678639,18.6725,78.094,24.41192627,26.05059814
Telangana,Peddapalli,2023,11,0.366503314,26.24146356,18.614,79.376,25.77441406,26.73919678
Telangana,Rajanna Sircilla,2023,11,0.447913392,24.8879509,18.387,78.832,24.32723999,25.46017456
Telangana,Rangareddy,2023,11,0.695576077,24.03521431,17.246,78.372,23.64599609,24.86239624
Telangana,Sangareddy,2023,11,0.533078903,24.31280857,17.628,78.087,23.6496582,25.22943115
Telangana,Siddipet,2023,11,0.730243105,24.52303341,18.102,78.852,23.84115601,25.42459106
Telangana,Suryapet,2023,11,0.70598882,26.56489931,17.141,79.622,25.7645874,27.197052
Telangana,Vikarabad,2023,11,0.659226571,24.22738332,17.338,77.904,23.62390137,25.2024231
Telangana,Wanaparthy,2023,11,0.623916891,25.90131972,16.364,78.064,25.06616211,26.68518066
Telangana,Warangal Rural,2023,11,0.757915378,25.80917358,17.9784,79.5941,25.60626221,26.11074829
Telangana,Warangal Urban,2023,11,0.764853131,25.676828,17.9689,79.5941,25.290802,26.01867676
Telangana,Yadadri Bhuvanagiri,2023,11,0.800612577,25.10816302,17.582,79.029,24.03878784,25.79403687
Telangana,Adilabad,2023,12,0.059833642,22.11626272,19.664,78.532,21.61978149,22.75912476
Telangana,Bhadradri Kothagudem,2023,12,1.243357997,23.49304593,17.5557,80.6191,22.86419678,24.05105591
Telangana,Hyderabad,2023,12,0.167852551,21.93995667,17.385,78.4867,21.85617065,22.02374268
Telangana,Jagtial,2023,12,0.109308298,22.66995944,18.794,78.914,21.98373413,23.22189331
Telangana,Jangoan,2023,12,0.256901616,22.40112305,17.727,79.152,21.73110962,23.05554199
Telangana,Jayashankar Bhupalpally,2023,12,0.417067846,23.09076945,18.438,79.905,22.60031128,23.47952271
Telangana,Jogulamba Gadwal,2023,12,0.103048335,24.76649059,16.234,77.805,24.26992798,25.16665649
Telangana,Kamareddy,2023,12,0.099787789,22.27163696,18.322,78.34,21.42092896,23.03427124
Telangana,Karimnagar,2023,12,0.197129713,22.73252869,18.4386,79.1288,22.49649048,22.92047119
Telangana,Khammam,2023,12,1.558648086,23.71799078,17.2473,80.1514,23.09429932,24.15362549
Telangana,Kumurambheem Asifabad,2023,12,0.18682607,22.42375353,19.363,79.278,21.58227539,23.17059326
Telangana,Mahabubabad,2023,12,0.795720396,23.03363669,17.598,80.002,22.52651978,23.60583496
Telangana,Mahabubnagar,2023,12,0.116366185,22.90200101,16.737,77.987,21.97747803,24.41876221
Telangana,Mancherial,2023,12,0.321214557,22.5423851,18.87,79.46,21.71984863,23.20187378
Telangana,Medak,2023,12,0.174894753,21.74550781,18.049,78.263,21.34838867,22.6690979
Telangana,Medchal Malkajgiri,2023,12,0.169377406,21.84199693,17.629,78.48,21.46722412,22.42645264
Telangana,Mulugu,2023,12,0.679549243,23.05043813,18.194,80.073,22.02999878,23.96725464
Telangana,Nagarkurnool,2023,12,0.377910919,22.73405273,16.48,78.32,21.42468262,24.27868652
Telangana,Nalgonda,2023,12,0.798467278,23.47779083,17.0575,79.2673,22.39395142,24.31744385
Telangana,Narayanpet,2023,12,0.079746616,23.6662384,16.744,77.494,22.4602356,24.42626953
Telangana,Nirmal,2023,12,0.047623441,22.36463547,19.097,78.343,21.43469238,22.7741394
Telangana,Nizamabad,2023,12,0.048883368,22.59302117,18.6725,78.094,21.76861572,23.15310669
Telangana,Peddapalli,2023,12,0.269015577,22.88656616,18.614,79.376,22.72537231,23.11431885
Telangana,Rajanna Sircilla,2023,12,0.15839304,22.08151817,18.387,78.832,21.65731812,22.56903076
Telangana,Rangareddy,2023,12,0.189054908,22.01039235,17.246,78.372,21.68481445,22.70785522
Telangana,Sangareddy,2023,12,0.113393572,21.99805027,17.628,78.087,21.40719604,22.89169312
Telangana,Siddipet,2023,12,0.183009444,21.80191145,18.102,78.852,21.28585815,22.55401611
Telangana,Suryapet,2023,12,1.316651838,23.72468514,17.141,79.622,23.01052856,24.27993774
Telangana,Vikarabad,2023,12,0.08184641,22.28263908,17.338,77.904,21.74362183,23.16934204
Telangana,Wanaparthy,2023,12,0.090738628,24.05592685,16.364,78.064,23.27816772,24.74893188
Telangana,Warangal Rural,2023,12,0.424574245,22.73565813,17.9784,79.5941,22.47900391,23.09680176
Telangana,Warangal Urban,2023,12,0.261016655,22.63857422,17.9689,79.5941,22.39520264,22.82290649
Telangana,Yadadri Bhuvanagiri,2023,12,0.243668812,22.7502049,17.582,79.029,21.70983887,23.28567505
Telangana,Adilabad,2024,1,0.049968243,23.3350141,19.664,78.532,22.92715454,24.05822754
Telangana,Bhadradri Kothagudem,2024,1,0.064238879,24.47290693,17.5557,80.6191,23.62469482,25.07797241
Telangana,Hyderabad,2024,1,0.008362428,23.31668091,17.385,78.4867,23.30761719,23.32574463
Telangana,Jagtial,2024,1,0.056087714,24.12280273,18.794,78.914,23.49398804,24.87091064
Telangana,Jangoan,2024,1,0.047618006,23.6947201,17.727,79.152,23.16009521,24.12420654
Telangana,Jayashankar Bhupalpally,2024,1,0.074653283,24.63797232,18.438,79.905,24.1940918,24.98995972
Telangana,Jogulamba Gadwal,2024,1,0.001533139,25.49356515,16.234,77.805,24.99902344,25.93725586
Telangana,Kamareddy,2024,1,0.012130374,23.71846517,18.322,78.34,23.11480713,24.52407837
Telangana,Karimnagar,2024,1,0.088142481,24.33819939,18.4386,79.1288,23.94433594,24.76092529
Telangana,Khammam,2024,1,0.058863774,24.78045811,17.2473,80.1514,24.28598022,25.25656128
Telangana,Kumurambheem Asifabad,2024,1,0.111096488,23.80425201,19.363,79.278,22.79776001,24.61856079
Telangana,Mahabubabad,2024,1,0.075273908,24.0938797,17.598,80.002,23.54833984,24.49304199
Telangana,Mahabubnagar,2024,1,0.001319724,24.03540039,16.737,77.987,23.18856812,25.15301514
Telangana,Mancherial,2024,1,0.126663089,24.17000665,18.87,79.46,23.21057129,24.68457031
Telangana,Medak,2024,1,0.007396572,23.30795288,18.049,78.263,22.90774536,23.88220215
Telangana,Medchal Malkajgiri,2024,1,0.017081966,23.14242554,17.629,78.48,22.89611816,23.44869995
Telangana,Mulugu,2024,1,0.068112116,24.38565971,18.194,80.073,23.1083374,25.50112915
Telangana,Nagarkurnool,2024,1,0.011434389,23.7447694,16.48,78.32,22.33706665,25.00289917
Telangana,Nalgonda,2024,1,0.043492109,24.66160709,17.0575,79.2673,23.38269043,25.63961792
Telangana,Narayanpet,2024,1,0.000682527,24.52344818,16.744,77.494,23.57940674,25.17373657
Telangana,Nirmal,2024,1,0.021253092,23.7355883,19.097,78.343,23.01516724,24.1656189
Telangana,Nizamabad,2024,1,0.024972952,24.01378299,18.6725,78.094,23.28820801,24.64572144
Telangana,Peddapalli,2024,1,0.139304572,24.58906475,18.614,79.376,24.3454895,24.76092529
Telangana,Rajanna Sircilla,2024,1,0.040809177,23.64659831,18.387,78.832,23.25326538,24.2199707
Telangana,Rangareddy,2024,1,0.012975768,23.12587193,17.246,78.372,22.74987793,24.0090332
Telangana,Sangareddy,2024,1,0.006294332,23.36891839,17.628,78.087,22.83529663,24.05950928
Telangana,Siddipet,2024,1,0.034035339,23.20143451,18.102,78.852,22.64633179,23.97409058
Telangana,Suryapet,2024,1,0.057372249,24.83575439,17.141,79.622,24.13198853,25.62796021
Telangana,Vikarabad,2024,1,0.006327098,23.48045694,17.338,77.904,22.88058472,24.34680176
Telangana,Wanaparthy,2024,1,0.001506039,24.95344713,16.364,78.064,24.13586426,25.55419922
Telangana,Warangal Rural,2024,1,0.06351504,24.04203606,17.9784,79.5941,23.8550415,24.42962646
Telangana,Warangal Urban,2024,1,0.055649161,24.01797763,17.9689,79.5941,23.73599243,24.37786865
Telangana,Yadadri Bhuvanagiri,2024,1,0.038066353,23.74827271,17.582,79.029,22.8430481,24.36880493
Telangana,Adilabad,2024,2,0.22572724,25.75167569,19.664,78.532,25.12033081,26.43380737
Telangana,Bhadradri Kothagudem,2024,2,0.151229551,27.22823604,17.5557,80.6191,26.3001709,27.85012817
Telangana,Hyderabad,2024,2,0.027542485,25.60035706,17.385,78.4867,25.49047852,25.7102356
Telangana,Jagtial,2024,2,0.06077826,26.75018311,18.794,78.914,26.1857605,27.5635376
Telangana,Jangoan,2024,2,0.150852668,26.10879838,17.727,79.152,25.52001953,26.59448242
Telangana,Jayashankar Bhupalpally,2024,2,0.069218298,27.55523682,18.438,79.905,27.04815674,27.97351074
Telangana,Jogulamba Gadwal,2024,2,0.022134066,27.4714078,16.234,77.805,26.87338257,28.04806519
Telangana,Kamareddy,2024,2,0.049480386,26.34854305,18.322,78.34,25.76806641,27.00701904
Telangana,Karimnagar,2024,2,0.068815483,27.24443732,18.4386,79.1288,26.90164185,27.55709839
Telangana,Khammam,2024,2,0.120091589,27.07104194,17.2473,80.1514,26.53533936,27.53396606
Telangana,Kumurambheem Asifabad,2024,2,0.146403763,26.3955858,19.363,79.278,25.36193848,27.21008301
Telangana,Mahabubabad,2024,2,0.139693753,26.72649936,17.598,80.002,26.28601074,27.02758789
Telangana,Mahabubnagar,2024,2,0.01793214,25.79288893,16.737,77.987,24.92623901,26.85794067
Telangana,Mancherial,2024,2,0.085059762,26.78456497,18.87,79.46,25.79379272,27.4967041
Telangana,Medak,2024,2,0.032673724,25.80318848,18.049,78.263,25.44033813,26.33227539
Telangana,Medchal Malkajgiri,2024,2,0.0515461,25.42549303,17.629,78.48,25.27197266,25.74237061
Telangana,Mulugu,2024,2,0.120771021,27.34796472,18.194,80.073,26.01483154,28.43878174
Telangana,Nagarkurnool,2024,2,0.026962433,26.315271,16.48,78.32,24.92495728,27.44656372
Telangana,Nalgonda,2024,2,0.076740086,27.24140549,17.0575,79.2673,25.94543457,28.07891846
Telangana,Narayanpet,2024,2,0.017912118,26.29270325,16.744,77.494,25.54315186,26.78210449
Telangana,Nirmal,2024,2,0.07065139,26.11271667,19.097,78.343,25.16271973,26.58291626
Telangana,Nizamabad,2024,2,0.053614245,26.52355957,18.6725,78.094,25.9750061,27.10986328
Telangana,Peddapalli,2024,2,0.077863322,27.42273119,18.614,79.376,27.23452759,27.55709839
Telangana,Rajanna Sircilla,2024,2,0.064167626,26.4691658,18.387,78.832,25.9942627,26.96591187
Telangana,Rangareddy,2024,2,0.031741427,25.51228444,17.246,78.372,24.99438477,26.44796753
Telangana,Sangareddy,2024,2,0.027335915,25.7802124,17.628,78.087,25.22314453,26.53921509
Telangana,Siddipet,2024,2,0.060353172,25.93883225,18.102,78.852,25.07278442,26.86050415
Telangana,Suryapet,2024,2,0.127179787,27.20828352,17.141,79.622,26.60476685,27.80386353
Telangana,Vikarabad,2024,2,0.02096496,25.57103861,17.338,77.904,25.03805542,26.18063354
Telangana,Wanaparthy,2024,2,0.021758482,26.82960002,16.364,78.064,26.12408447,27.5892334
Telangana,Warangal Rural,2024,2,0.147068555,26.78170776,17.9784,79.5941,26.52636719,27.46328735
Telangana,Warangal Urban,2024,2,0.118789279,26.82929077,17.9689,79.5941,26.40170288,27.40289307
Telangana,Yadadri Bhuvanagiri,2024,2,0.125147556,26.14950997,17.582,79.029,25.23342896,26.80395508
Telangana,Adilabad,2024,3,0.433779716,29.3885794,19.664,78.532,28.63546753,30.36352539
Telangana,Bhadradri Kothagudem,2024,3,0.197223233,29.53008049,17.5557,80.6191,28.35217285,30.08023071
Telangana,Hyderabad,2024,3,0.07316716,28.66719055,17.385,78.4867,28.53540039,28.79898071
Telangana,Jagtial,2024,3,0.52033285,29.56027926,18.794,78.914,28.75106812,30.52139282
Telangana,Jangoan,2024,3,0.139977455,28.70765766,17.727,79.152,28.14920044,29.12316895
Telangana,Jayashankar Bhupalpally,2024,3,0.215949615,30.44234467,18.438,79.905,29.90261841,30.74127197
Telangana,Jogulamba Gadwal,2024,3,0.001946071,30.60263339,16.234,77.805,30.14364624,31.16271973
Telangana,Kamareddy,2024,3,0.536868151,29.21631757,18.322,78.34,28.55654907,29.95758057
Telangana,Karimnagar,2024,3,0.208075205,30.04858398,18.4386,79.1288,29.67004395,30.40863037
Telangana,Khammam,2024,3,0.083295892,29.39643972,17.2473,80.1514,28.77218628,29.79269409
Telangana,Kumurambheem Asifabad,2024,3,0.399474435,29.88426039,19.363,79.278,28.55514526,30.85543823
Telangana,Mahabubabad,2024,3,0.103330415,29.20754058,17.598,80.002,28.74118042,29.66299438
Telangana,Mahabubnagar,2024,3,0.007069335,28.78629479,16.737,77.987,27.91802979,29.86175537
Telangana,Mancherial,2024,3,0.253700733,30.00256538,18.87,79.46,28.86383057,30.73846436
Telangana,Medak,2024,3,0.329520264,28.6860498,18.049,78.263,28.3578186,29.2852478
Telangana,Medchal Malkajgiri,2024,3,0.157106294,28.32350328,17.629,78.48,28.07025146,28.5607605
Telangana,Mulugu,2024,3,0.330238239,29.93858874,18.194,80.073,28.50015259,31.00485229
Telangana,Nagarkurnool,2024,3,0.016088544,29.21692627,16.48,78.32,27.8475647,30.37481689
Telangana,Nalgonda,2024,3,0.127561942,29.60228539,17.0575,79.2673,28.76657104,30.11123657
Telangana,Narayanpet,2024,3,0.017354995,29.53431702,16.744,77.494,28.65802002,30.22680664
Telangana,Nirmal,2024,3,0.242011845,29.29983902,19.097,78.343,28.34371948,29.67288208
Telangana,Nizamabad,2024,3,0.449940429,29.36713185,18.6725,78.094,28.52835083,29.98297119
Telangana,Peddapalli,2024,3,0.208484252,30.42147488,18.614,79.376,30.11685181,30.6003418
Telangana,Rajanna Sircilla,2024,3,0.651813388,29.12607574,18.387,78.832,28.61151123,29.68554688
Telangana,Rangareddy,2024,3,0.029347838,28.53680867,17.246,78.372,28.02514648,29.29934692
Telangana,Sangareddy,2024,3,0.268943336,28.8747423,17.628,78.087,28.22671509,29.47131348
Telangana,Siddipet,2024,3,0.43944247,28.61977623,18.102,78.852,27.74890137,29.568573
Telangana,Suryapet,2024,3,0.073421059,29.48351209,17.141,79.622,29.05831909,29.82086182
Telangana,Vikarabad,2024,3,0.048742039,28.80456964,17.338,77.904,28.09844971,29.65454102
Telangana,Wanaparthy,2024,3,0.001990696,29.77318319,16.364,78.064,29.07241821,30.47348022
Telangana,Warangal Rural,2024,3,0.057303066,29.41909513,17.9784,79.5941,29.12176514,30.25076294
Telangana,Warangal Urban,2024,3,0.07640692,29.5202179,17.9689,79.5941,29.0357666,30.18170166
Telangana,Yadadri Bhuvanagiri,2024,3,0.132702947,28.80230059,17.582,79.029,27.94763184,29.43606567
Telangana,Adilabad,2024,4,0.299394579,32.56224846,19.664,78.532,31.80975342,33.49645996
Telangana,Bhadradri Kothagudem,2024,4,0.416874978,32.83481524,17.5557,80.6191,31.27377319,33.69107056
Telangana,Hyderabad,2024,4,0.313187122,31.63752747,17.385,78.4867,31.51010132,31.76495361
Telangana,Jagtial,2024,4,0.168008878,32.87837337,18.794,78.914,31.82055664,33.7590332
Telangana,Jangoan,2024,4,0.186471086,32.03151341,17.727,79.152,31.37417603,32.46774292
Telangana,Jayashankar Bhupalpally,2024,4,0.104902118,34.05573273,18.438,79.905,33.56750488,34.41549683
Telangana,Jogulamba Gadwal,2024,4,0.02461415,33.68939209,16.234,77.805,33.28948975,34.35369873
Telangana,Kamareddy,2024,4,0.523545546,32.02867216,18.322,78.34,31.28149414,32.91259766
Telangana,Karimnagar,2024,4,0.146733496,33.38936022,18.4386,79.1288,32.82455444,33.95828247
Telangana,Khammam,2024,4,0.360425065,32.37246927,17.2473,80.1514,31.80047607,32.76895142
Telangana,Kumurambheem Asifabad,2024,4,0.262701697,33.27793715,19.363,79.278,32.07077026,34.3135376
Telangana,Mahabubabad,2024,4,0.368877082,32.42082267,17.598,80.002,32.02752686,33.2940979
Telangana,Mahabubnagar,2024,4,0.136256786,31.93206552,16.737,77.987,31.02044678,33.00836182
Telangana,Mancherial,2024,4,0.167616487,33.45349121,18.87,79.46,32.32254028,34.21932983
Telangana,Medak,2024,4,0.415267029,31.6072168,18.049,78.263,31.26293945,32.33953857
Telangana,Medchal Malkajgiri,2024,4,0.279530154,31.39355808,17.629,78.48,31.16564941,31.77111816
Telangana,Mulugu,2024,4,0.226271062,33.52884818,18.194,80.073,31.87924194,34.63018799
Telangana,Nagarkurnool,2024,4,0.207183456,32.32039063,16.48,78.32,30.96792603,33.30957031
Telangana,Nalgonda,2024,4,0.211537808,32.72541046,17.0575,79.2673,31.86380005,33.27865601
Telangana,Narayanpet,2024,4,0.052964926,32.70391541,16.744,77.494,31.72787476,33.49182129
Telangana,Nirmal,2024,4,0.233290017,32.40335464,19.097,78.343,31.87615967,33.01452637
Telangana,Nizamabad,2024,4,0.371581526,32.11148969,18.6725,78.094,31.39886475,32.72723389
Telangana,Peddapalli,2024,4,0.165218658,33.67416721,18.614,79.376,33.21841431,33.95675659
Telangana,Rajanna Sircilla,2024,4,0.347814083,32.26453781,18.387,78.832,31.53634644,32.96203613
Telangana,Rangareddy,2024,4,0.27368178,31.55665253,17.246,78.372,31.07452393,32.39978027
Telangana,Sangareddy,2024,4,0.234625181,31.84059652,17.628,78.087,31.14865112,32.52954102
Telangana,Siddipet,2024,4,0.308640973,31.80036874,18.102,78.852,30.84899902,32.89715576
Telangana,Suryapet,2024,4,0.268158847,32.44511045,17.141,79.622,32.1109314,32.79211426
Telangana,Vikarabad,2024,4,0.213443033,31.81640415,17.338,77.904,31.09921265,32.75350952
Telangana,Wanaparthy,2024,4,0.067212443,32.78250461,16.364,78.064,32.18200684,33.44085693
Telangana,Warangal Rural,2024,4,0.195189649,32.93120228,17.9784,79.5941,32.48937988,33.87643433
Telangana,Warangal Urban,2024,4,0.110722315,33.0665863,17.9689,79.5941,32.50326538,33.77294922
Telangana,Yadadri Bhuvanagiri,2024,4,0.168177026,32.02742222,17.582,79.029,31.12240601,32.65310669
Telangana,Adilabad,2024,5,0.848832275,33.19160314,19.664,78.532,32.47442627,34.67950439
Telangana,Bhadradri Kothagudem,2024,5,3.398659983,31.75946263,17.5557,80.6191,30.8293457,32.52297974
Telangana,Hyderabad,2024,5,2.226369381,31.14726257,17.385,78.4867,31.13739014,31.15713501
Telangana,Jagtial,2024,5,0.9278965,33.24496062,18.794,78.914,32.47592163,33.99960327
Telangana,Jangoan,2024,5,2.576081326,31.69820628,17.727,79.152,30.91583252,32.15722656
Telangana,Jayashankar Bhupalpally,2024,5,2.248010476,33.26637151,18.438,79.905,32.74911499,33.59439087
Telangana,Jogulamba Gadwal,2024,5,2.471124129,32.38314093,16.234,77.805,32.13296509,32.75515747
Telangana,Kamareddy,2024,5,1.554875093,32.01346842,18.322,78.34,31.1282959,33.3531189
Telangana,Karimnagar,2024,5,2.114668952,32.9398696,18.4386,79.1288,32.45773315,33.33184814
Telangana,Khammam,2024,5,4.191596054,31.77269882,17.2473,80.1514,31.21783447,32.14813232
Telangana,Kumurambheem Asifabad,2024,5,0.917695787,33.505767,19.363,79.278,32.1496582,34.44729614
Telangana,Mahabubabad,2024,5,2.92527771,31.88919067,17.598,80.002,31.17080688,32.23007202
Telangana,Mahabubnagar,2024,5,2.045566265,31.36491903,16.737,77.987,30.41503906,32.4303894
Telangana,Mancherial,2024,5,1.434098005,33.46612549,18.87,79.46,32.55334473,33.93130493
Telangana,Medak,2024,5,2.177108459,31.18078105,18.049,78.263,30.63204956,32.11322021
Telangana,Medchal Malkajgiri,2024,5,2.53250228,31.00031874,17.629,78.48,30.70791626,31.3923645
Telangana,Mulugu,2024,5,2.408747699,32.49734415,18.194,80.073,30.97958374,33.41531372
Telangana,Nagarkurnool,2024,5,2.198330383,31.28847748,16.48,78.32,29.87020874,31.92352295
Telangana,Nalgonda,2024,5,2.131678581,32.52160845,17.0575,79.2673,31.0402832,33.03137207
Telangana,Narayanpet,2024,5,1.78620739,31.96958618,16.744,77.494,31.0645752,32.74304199
Telangana,Nirmal,2024,5,0.840401769,33.22351444,19.097,78.343,32.67776489,33.58377075
Telangana,Nizamabad,2024,5,0.794170492,32.69703713,18.6725,78.094,31.5456543,33.45629883
Telangana,Peddapalli,2024,5,1.93567827,33.39943334,18.614,79.376,33.07537842,33.83721924
Telangana,Rajanna Sircilla,2024,5,1.432069182,32.34511515,18.387,78.832,31.80969238,32.90997314
Telangana,Rangareddy,2024,5,2.471911361,30.70626395,17.246,78.372,30.10845947,31.77328491
Telangana,Sangareddy,2024,5,1.679027028,31.42664826,17.628,78.087,30.58197021,32.2194519
Telangana,Siddipet,2024,5,2.450803559,31.24993712,18.102,78.852,30.39376831,32.33175659
Telangana,Suryapet,2024,5,3.11606098,32.31046143,17.141,79.622,31.97665405,32.88873291
Telangana,Vikarabad,2024,5,2.007741731,31.14068013,17.338,77.904,30.31030273,32.42129517
Telangana,Wanaparthy,2024,5,2.241811328,31.96070692,16.364,78.064,31.31799316,32.53057861
Telangana,Warangal Rural,2024,5,2.591933684,32.32958221,17.9784,79.5941,32.0904541,33.02227783
Telangana,Warangal Urban,2024,5,2.201008606,32.37921975,17.9689,79.5941,31.96600342,32.89630127
Telangana,Yadadri Bhuvanagiri,2024,5,2.320928846,31.72056885,17.582,79.029,30.61990356,32.34085083
Telangana,Adilabad,2024,6,5.478138779,30.0517985,19.664,78.532,29.09164429,31.46066284
Telangana,Bhadradri Kothagudem,2024,6,7.754674604,29.42194588,17.5557,80.6191,28.48141479,30.16192627
Telangana,Hyderabad,2024,6,6.249451637,26.97021484,17.385,78.4867,26.90951538,27.03091431
Telangana,Jagtial,2024,6,4.326761686,30.15461379,18.794,78.914,29.07727051,30.9574585
Telangana,Jangoan,2024,6,5.873178582,28.65687641,17.727,79.152,27.84082031,29.22583008
Telangana,Jayashankar Bhupalpally,2024,6,5.781949997,30.44174703,18.438,79.905,29.90634155,30.87597656
Telangana,Jogulamba Gadwal,2024,6,5.948282415,27.65996205,16.234,77.805,27.25137329,27.91113281
Telangana,Kamareddy,2024,6,5.886140711,27.93954647,18.322,78.34,27.35360718,28.82327271
Telangana,Karimnagar,2024,6,5.005355835,30.16307916,18.4386,79.1288,29.67788696,30.5213623
Telangana,Khammam,2024,6,6.695654892,29.45125524,17.2473,80.1514,28.78491211,29.94946289
Telangana,Kumurambheem Asifabad,2024,6,5.559135437,30.65327284,19.363,79.278,29.23379517,31.46862793
Telangana,Mahabubabad,2024,6,6.460674944,29.16203361,17.598,80.002,28.50537109,29.57727051
Telangana,Mahabubnagar,2024,6,6.430615352,26.50604248,16.737,77.987,25.74816895,27.34881592
Telangana,Mancherial,2024,6,4.741384506,30.60541916,18.87,79.46,29.27532959,31.14596558
Telangana,Medak,2024,6,6.039675903,27.31763428,18.049,78.263,26.85519409,27.80090332
Telangana,Medchal Malkajgiri,2024,6,6.301470862,27.16014269,17.629,78.48,26.81048584,27.80090332
Telangana,Mulugu,2024,6,6.067654996,29.73298934,18.194,80.073,28.44146729,30.69387817
Telangana,Nagarkurnool,2024,6,4.22106842,27.43565674,16.48,78.32,25.80569458,29.34881592
Telangana,Nalgonda,2024,6,4.537535191,29.61489868,17.0575,79.2673,27.70663452,30.55648804
Telangana,Narayanpet,2024,6,8.446020508,26.7871582,16.744,77.494,26.09960938,27.38876343
Telangana,Nirmal,2024,6,5.32715559,29.38207245,19.097,78.343,28.93508911,30.30410767
Telangana,Nizamabad,2024,6,4.769612481,28.92470416,18.6725,78.094,28.24978638,29.67150879
Telangana,Peddapalli,2024,6,5.123067644,30.73958333,18.614,79.376,30.42391968,31.05169678
Telangana,Rajanna Sircilla,2024,6,4.600487709,29.12757492,18.387,78.832,28.27053833,29.80090332
Telangana,Rangareddy,2024,6,6.229855421,26.82314096,17.246,78.372,25.81365967,28.1411438
Telangana,Sangareddy,2024,6,7.711879306,27.05040995,17.628,78.087,26.2210083,27.86160278
Telangana,Siddipet,2024,6,5.367261163,28.19464111,18.102,78.852,26.97821045,29.62039185
Telangana,Suryapet,2024,6,5.723901157,29.74829522,17.141,79.622,29.19067383,30.28173828
Telangana,Vikarabad,2024,6,10.37645853,26.28673895,17.338,77.904,25.84561157,26.73220825
Telangana,Wanaparthy,2024,6,5.482543521,27.2235989,16.364,78.064,26.72262573,27.69067383
Telangana,Warangal Rural,2024,6,6.077749079,29.43029508,17.9784,79.5941,29.16192627,30.26574707
Telangana,Warangal Urban,2024,6,6.156352997,29.56192932,17.9689,79.5941,29.07247925,30.20666504
Telangana,Yadadri Bhuvanagiri,2024,6,5.3841956,28.49350412,17.582,79.029,27.22900391,29.24978638
Telangana,Adilabad,2024,7,17.35290897,25.85513768,19.664,78.532,25.30368042,26.77645874
Telangana,Bhadradri Kothagudem,2024,7,14.57012546,26.76860982,17.5557,80.6191,26.04766846,27.2557373
Telangana,Hyderabad,2024,7,11.75394249,24.48815918,17.385,78.4867,24.42578125,24.55053711
Telangana,Jagtial,2024,7,15.90650353,26.27794236,18.794,78.914,25.61557007,26.83428955
Telangana,Jangoan,2024,7,12.20553669,25.99810791,17.727,79.152,25.25802612,26.52542114
Telangana,Jayashankar Bhupalpally,2024,7,22.29873403,26.73892975,18.438,79.905,26.39303589,26.89056396
Telangana,Jogulamba Gadwal,2024,7,6.335096879,26.48039384,16.234,77.805,26.11767578,26.76275635
Telangana,Kamareddy,2024,7,11.92312443,25.11465275,18.322,78.34,24.57641602,25.76773071
Telangana,Karimnagar,2024,7,14.93277486,26.54248725,18.4386,79.1288,26.24090576,26.77340698
Telangana,Khammam,2024,7,15.12700672,26.99570074,17.2473,80.1514,26.42196655,27.40332031
Telangana,Kumurambheem Asifabad,2024,7,19.28331163,26.41130575,19.363,79.278,25.40103149,26.83578491
Telangana,Mahabubabad,2024,7,15.72696133,26.50894481,17.598,80.002,25.91986084,27.00164795
Telangana,Mahabubnagar,2024,7,10.07797476,24.70408982,16.737,77.987,23.89324951,25.92749023
Telangana,Mancherial,2024,7,20.90273666,26.55437279,18.87,79.46,25.57449341,26.88754272
Telangana,Medak,2024,7,11.79061523,24.72690918,18.049,78.263,24.34057617,25.20782471
Telangana,Medchal Malkajgiri,2024,7,11.28079732,24.66634115,17.629,78.48,24.31167603,25.26409912
Telangana,Mulugu,2024,7,19.1864591,26.44087178,18.194,80.073,25.40408325,27.10205078
Telangana,Nagarkurnool,2024,7,8.354831543,25.46369873,16.48,78.32,24.13061523,27.068573
Telangana,Nalgonda,2024,7,11.60221863,27.02265549,17.0575,79.2673,25.50753784,27.90997314
Telangana,Narayanpet,2024,7,9.850804138,25.29636688,16.744,77.494,24.23712158,26.084198
Telangana,Nirmal,2024,7,15.08930206,25.73125076,19.097,78.343,25.16217041,26.29568481
Telangana,Nizamabad,2024,7,11.9452012,25.6802799,18.6725,78.094,25.20324707,26.09786987
Telangana,Peddapalli,2024,7,20.04488118,26.76225789,18.614,79.376,26.48736572,26.91796875
Telangana,Rajanna Sircilla,2024,7,12.78896713,25.77409363,18.387,78.832,25.13479614,26.29721069
Telangana,Rangareddy,2024,7,11.79570193,24.57198576,17.246,78.372,23.85217285,25.86965942
Telangana,Sangareddy,2024,7,13.81737773,24.61448161,17.628,78.087,23.94195557,25.30368042
Telangana,Siddipet,2024,7,11.68509858,25.34558947,18.102,78.852,24.50640869,26.25762939
Telangana,Suryapet,2024,7,13.50360423,27.23447602,17.141,79.622,26.5664978,27.7197876
Telangana,Vikarabad,2024,7,13.90378229,24.2038006,17.338,77.904,23.80654907,24.8152771
Telangana,Wanaparthy,2024,7,7.829981486,25.75884501,16.364,78.064,25.01611328,26.47521973
Telangana,Warangal Rural,2024,7,15.26236794,26.50370095,17.9784,79.5941,26.33978271,26.75973511
Telangana,Warangal Urban,2024,7,13.76165771,26.48662109,17.9689,79.5941,26.22567749,26.71865845
Telangana,Yadadri Bhuvanagiri,2024,7,11.71308136,25.88226754,17.582,79.029,24.78027344,26.64257813
Telangana,Adilabad,2024,8,6.142692335,26.07610899,19.664,78.532,25.53024292,26.92614746
Telangana,Bhadradri Kothagudem,2024,8,7.227867865,27.66405856,17.5557,80.6191,26.94558716,28.17858887
Telangana,Hyderabad,2024,8,6.876850128,25.03553772,17.385,78.4867,24.95184326,25.11923218
Telangana,Jagtial,2024,8,5.946198097,26.60620117,18.794,78.914,25.89041138,27.1847229
Telangana,Jangoan,2024,8,7.016601563,26.34736553,17.727,79.152,25.5765686,26.95306396
Telangana,Jayashankar Bhupalpally,2024,8,8.543567022,27.41462708,18.438,79.905,27.20114136,27.63458252
Telangana,Jogulamba Gadwal,2024,8,6.985164296,26.80753673,16.234,77.805,26.37017822,27.2071228
Telangana,Kamareddy,2024,8,6.995517506,25.60456399,18.322,78.34,25.02804565,26.22518921
Telangana,Karimnagar,2024,8,7.436559889,26.84810384,18.4386,79.1288,26.512146,27.18771362
Telangana,Khammam,2024,8,7.785395925,27.74276808,17.2473,80.1514,27.28036499,28.06948853
Telangana,Kumurambheem Asifabad,2024,8,8.367402818,26.68980577,19.363,79.278,25.64233398,27.25048828
Telangana,Mahabubabad,2024,8,6.725530164,27.21615285,17.598,80.002,26.64517212,27.65252686
Telangana,Mahabubnagar,2024,8,7.799231896,25.20653827,16.737,77.987,24.40032959,26.30441284
Telangana,Mancherial,2024,8,8.543367386,26.98631287,18.87,79.46,25.87698364,27.48510742
Telangana,Medak,2024,8,7.498188477,25.22533691,18.049,78.263,24.83078003,25.76635742
Telangana,Medchal Malkajgiri,2024,8,7.383907742,25.14014689,17.629,78.48,24.80834961,25.70806885
Telangana,Mulugu,2024,8,8.540472907,27.23488308,18.194,80.073,26.15646362,27.95739746
Telangana,Nagarkurnool,2024,8,9.155961914,25.93701904,16.48,78.32,24.68728638,27.42831421
Telangana,Nalgonda,2024,8,8.482690811,27.42877007,17.0575,79.2673,25.93823242,28.35345459
Telangana,Narayanpet,2024,8,6.970429993,25.71099548,16.744,77.494,24.78744507,26.40603638
Telangana,Nirmal,2024,8,5.872858047,26.07313156,19.097,78.343,25.40020752,26.62722778
Telangana,Nizamabad,2024,8,5.931073357,26.0875675,18.6725,78.094,25.51828003,26.58837891
Telangana,Peddapalli,2024,8,7.757341173,27.18106079,18.614,79.376,26.80657959,27.47467041
Telangana,Rajanna Sircilla,2024,8,6.976503372,26.03623581,18.387,78.832,25.45101929,26.54354858
Telangana,Rangareddy,2024,8,7.387300073,25.09971954,17.246,78.372,24.40481567,26.31637573
Telangana,Sangareddy,2024,8,7.348245409,25.13657633,17.628,78.087,24.46459961,25.88143921
Telangana,Siddipet,2024,8,7.391175369,25.6450511,18.102,78.852,24.92044067,26.53756714
Telangana,Suryapet,2024,8,8.308601116,27.77537379,17.141,79.622,27.00686646,28.28918457
Telangana,Vikarabad,2024,8,7.15444578,24.75671387,17.338,77.904,24.35400391,25.28961182
Telangana,Wanaparthy,2024,8,7.918661329,26.17563036,16.364,78.064,25.480896,26.90075684
Telangana,Warangal Rural,2024,8,6.835798784,27.08926392,17.9784,79.5941,26.93063354,27.32669067
Telangana,Warangal Urban,2024,8,6.80612793,26.88744507,17.9689,79.5941,26.5585022,27.14285278
Telangana,Yadadri Bhuvanagiri,2024,8,7.587545122,26.27238682,17.582,79.029,25.17453003,27.12194824
Telangana,Adilabad,2024,9,6.856899138,25.70028194,19.664,78.532,25.27267456,26.65939331
Telangana,Bhadradri Kothagudem,2024,9,8.75617109,26.84176636,17.5557,80.6191,26.12619019,27.34884644
Telangana,Hyderabad,2024,9,12.15986347,24.52853394,17.385,78.4867,24.47775269,24.57931519
Telangana,Jagtial,2024,9,8.457877781,26.20889946,18.794,78.914,25.58517456,26.86837769
Telangana,Jangoan,2024,9,9.637685439,25.98005048,17.727,79.152,25.34689331,26.46798706
Telangana,Jayashankar Bhupalpally,2024,9,7.230540349,26.89835064,18.438,79.905,26.57345581,27.17697144
Telangana,Jogulamba Gadwal,2024,9,5.875039963,25.93004209,16.234,77.805,25.53439331,26.28048706
Telangana,Kamareddy,2024,9,9.948498535,25.21967977,18.322,78.34,24.67697144,25.78439331
Telangana,Karimnagar,2024,9,7.969428567,26.27692548,18.4386,79.1288,25.94454956,26.57931519
Telangana,Khammam,2024,9,8.873359093,27.0639398,17.2473,80.1514,26.70626831,27.32540894
Telangana,Kumurambheem Asifabad,2024,9,6.811447556,26.46091441,19.363,79.278,25.23556519,27.18478394
Telangana,Mahabubabad,2024,9,8.918011665,26.61886597,17.598,80.002,25.97970581,26.94454956
Telangana,Mahabubnagar,2024,9,9.118438721,24.6553243,16.737,77.987,23.88595581,25.69454956
Telangana,Mancherial,2024,9,7.214599609,26.78623793,18.87,79.46,25.77853394,27.24337769
Telangana,Medak,2024,9,12.57315063,24.79139201,18.049,78.263,24.34494019,25.34103394
Telangana,Medchal Malkajgiri,2024,9,12.5217141,24.62879435,17.629,78.48,24.24533081,25.15548706
Telangana,Mulugu,2024,9,8.746036014,26.63827927,18.194,80.073,25.51681519,27.35079956
Telangana,Nagarkurnool,2024,9,7.550070709,24.91204489,16.48,78.32,23.77072144,26.40744019
Telangana,Nalgonda,2024,9,8.942136671,26.61700139,17.0575,79.2673,25.28244019,27.46017456
Telangana,Narayanpet,2024,9,8.173443604,25.10646362,16.744,77.494,24.21212769,25.79611206
Telangana,Nirmal,2024,9,7.228035204,25.88725882,19.097,78.343,25.37423706,26.36056519
Telangana,Nizamabad,2024,9,8.526805389,25.69825471,18.6725,78.094,25.02072144,26.19064331
Telangana,Peddapalli,2024,9,7.447202984,26.71582834,18.614,79.376,26.32736206,27.10665894
Telangana,Rajanna Sircilla,2024,9,9.434523519,25.61850789,18.387,78.832,25.17111206,26.19064331
Telangana,Rangareddy,2024,9,10.59903681,24.358381,17.246,78.372,23.66329956,25.50704956
Telangana,Sangareddy,2024,9,12.85932022,24.5402519,17.628,78.087,23.86056519,25.33908081
Telangana,Siddipet,2024,9,9.364973588,25.09653912,18.102,78.852,24.35275269,25.94845581
Telangana,Suryapet,2024,9,8.959368896,27.06141154,17.141,79.622,26.42111206,27.52853394
Telangana,Vikarabad,2024,9,11.6919979,24.13255261,17.338,77.904,23.67697144,24.85275269
Telangana,Wanaparthy,2024,9,6.977749295,25.51247491,16.364,78.064,24.74923706,26.09689331
Telangana,Warangal Rural,2024,9,9.41784668,26.46920776,17.9784,79.5941,26.33712769,26.64376831
Telangana,Warangal Urban,2024,9,8.963887995,26.23236916,17.9689,79.5941,25.81954956,26.44454956
Telangana,Yadadri Bhuvanagiri,2024,9,9.342154948,25.76798706,17.582,79.029,24.75704956,26.53634644
Telangana,Adilabad,2024,10,3.4083439,26.22215222,19.664,78.532,25.75686646,27.28225708
Telangana,Bhadradri Kothagudem,2024,10,2.065149035,27.43599592,17.5557,80.6191,26.52249146,28.09475708
Telangana,Hyderabad,2024,10,2.45430994,24.75588989,17.385,78.4867,24.72756958,24.78421021
Telangana,Jagtial,2024,10,2.826551023,26.70693572,18.794,78.914,25.96389771,27.41897583
Telangana,Jangoan,2024,10,2.720825195,26.067758,17.727,79.152,25.44046021,26.57717896
Telangana,Jayashankar Bhupalpally,2024,10,2.526899484,27.5416471,18.438,79.905,26.94241333,28.05374146
Telangana,Jogulamba Gadwal,2024,10,2.831942967,26.11121768,16.234,77.805,25.64944458,26.60061646
Telangana,Kamareddy,2024,10,3.269784546,25.65100708,18.322,78.34,25.02639771,26.23733521
Telangana,Karimnagar,2024,10,2.80921936,26.62083704,18.4386,79.1288,26.31350708,26.93264771
Telangana,Khammam,2024,10,2.254006606,27.41957757,17.2473,80.1514,27.19241333,27.74710083
Telangana,Kumurambheem Asifabad,2024,10,2.71930344,26.98812784,19.363,79.278,25.68069458,27.81350708
Telangana,Mahabubabad,2024,10,2.216092587,27.00296021,17.598,80.002,26.38967896,27.37405396
Telangana,Mahabubnagar,2024,10,2.346249104,25.09394328,16.737,77.987,24.33108521,26.03421021
Telangana,Mancherial,2024,10,2.545286814,27.33222453,18.87,79.46,26.27444458,27.93655396
Telangana,Medak,2024,10,2.901327451,25.16075643,18.049,78.263,24.62600708,25.92092896
Telangana,Medchal Malkajgiri,2024,10,2.626359728,24.75296021,17.629,78.48,24.44827271,25.16897583
Telangana,Mulugu,2024,10,2.17509378,27.387146,18.194,80.073,26.24514771,28.33694458
Telangana,Nagarkurnool,2024,10,2.608149115,25.16322874,16.48,78.32,24.05569458,26.19046021
Telangana,Nalgonda,2024,10,2.454521805,26.40895356,17.0575,79.2673,25.02639771,27.31350708
Telangana,Narayanpet,2024,10,2.70000782,25.48528442,16.744,77.494,24.67678833,26.01858521
Telangana,Nirmal,2024,10,2.699992787,26.47691761,19.097,78.343,25.95217896,27.21389771
Telangana,Nizamabad,2024,10,2.810527704,26.2181553,18.6725,78.094,25.46780396,27.09866333
Telangana,Peddapalli,2024,10,2.84375261,27.16764109,18.614,79.376,26.75686646,27.75881958
Telangana,Rajanna Sircilla,2024,10,2.586194102,25.93329875,18.387,78.832,25.50296021,26.54788208
Telangana,Rangareddy,2024,10,2.477547055,24.53955659,17.246,78.372,24.12014771,25.34085083
Telangana,Sangareddy,2024,10,2.7840897,24.96535081,17.628,78.087,24.29397583,25.92874146
Telangana,Siddipet,2024,10,2.765082157,25.29142992,18.102,78.852,24.52835083,26.24124146
Telangana,Suryapet,2024,10,2.064852015,27.11923625,17.141,79.622,26.44631958,27.40530396
Telangana,Vikarabad,2024,10,2.79890122,24.6467994,17.338,77.904,24.14749146,25.36038208
Telangana,Wanaparthy,2024,10,2.342692905,25.90421889,16.364,78.064,25.17288208,26.50296021
Telangana,Warangal Rural,2024,10,2.286975145,26.79055786,17.9784,79.5941,26.56155396,27.00686646
Telangana,Warangal Urban,2024,10,2.640755393,26.4910639,17.9689,79.5941,25.96780396,26.74710083
Telangana,Yadadri Bhuvanagiri,2024,10,2.678631592,25.6793925,17.582,79.029,24.76663208,26.52835083
Telangana,Adilabad,2024,11,0.034188824,23.13799458,19.664,78.532,22.54544067,24.5786438
Telangana,Bhadradri Kothagudem,2024,11,0.223186391,26.01087734,17.5557,80.6191,24.70559692,27.01809692
Telangana,Hyderabad,2024,11,0.189879879,22.32278442,17.385,78.4867,22.2739563,22.37161255
Telangana,Jagtial,2024,11,0.126203496,24.04663086,18.794,78.914,23.41067505,24.59231567
Telangana,Jangoan,2024,11,0.334749222,23.6120767,17.727,79.152,22.85598755,24.47512817
Telangana,Jayashankar Bhupalpally,2024,11,0.101153218,25.16352962,18.438,79.905,24.10794067,26.17044067
Telangana,Jogulamba Gadwal,2024,11,0.452691487,24.94406273,16.234,77.805,24.10403442,25.71731567
Telangana,Kamareddy,2024,11,0.422695637,23.12747192,18.322,78.34,22.2114563,23.9927063
Telangana,Karimnagar,2024,11,0.136828451,23.74592321,18.4386,79.1288,23.38723755,23.97122192
Telangana,Khammam,2024,11,0.342770283,26.20329402,17.2473,80.1514,25.44973755,27.13723755
Telangana,Kumurambheem Asifabad,2024,11,0.130523011,23.85287228,19.363,79.278,22.07669067,25.1802063
Telangana,Mahabubabad,2024,11,0.272376209,25.07357788,17.598,80.002,24.52981567,25.68606567
Telangana,Mahabubnagar,2024,11,0.303131501,23.26386515,16.737,77.987,22.28762817,24.68997192
Telangana,Mancherial,2024,11,0.098932717,24.33922323,18.87,79.46,22.70950317,25.31106567
Telangana,Medak,2024,11,0.468021552,22.4400533,18.049,78.263,21.7505188,23.77786255
Telangana,Medchal Malkajgiri,2024,11,0.228567865,22.20928616,17.629,78.48,21.73880005,22.82278442
Telangana,Mulugu,2024,11,0.094117074,25.41869787,18.194,80.073,24.13723755,26.77981567
Telangana,Nagarkurnool,2024,11,0.617904879,23.43135042,16.48,78.32,22.35403442,24.8208313
Telangana,Nalgonda,2024,11,0.322537188,24.6140557,17.0575,79.2673,22.94387817,26.16848755
Telangana,Narayanpet,2024,11,0.283446527,23.92346802,16.744,77.494,22.96536255,24.5239563
Telangana,Nirmal,2024,11,0.04744883,23.60521721,19.097,78.343,22.7348938,25.01223755
Telangana,Nizamabad,2024,11,0.162343967,23.87717223,18.6725,78.094,23.0708313,24.82669067
Telangana,Peddapalli,2024,11,0.106928449,24.37449084,18.614,79.376,23.95950317,25.24856567
Telangana,Rajanna Sircilla,2024,11,0.311988195,23.23294067,18.387,78.832,22.81497192,23.7427063
Telangana,Rangareddy,2024,11,0.237029984,22.29576619,17.246,78.372,21.86184692,23.35794067
Telangana,Sangareddy,2024,11,0.266288757,22.55165139,17.628,78.087,21.66067505,23.7973938
Telangana,Siddipet,2024,11,0.393110622,22.47453539,18.102,78.852,21.77981567,23.42044067
Telangana,Suryapet,2024,11,0.317827733,25.50247192,17.141,79.622,24.29544067,26.2895813
Telangana,Vikarabad,2024,11,0.166823095,22.70421182,17.338,77.904,21.96536255,23.70169067
Telangana,Wanaparthy,2024,11,0.478486856,24.56735908,16.364,78.064,23.56887817,25.34622192
Telangana,Warangal Rural,2024,11,0.25027895,24.42776489,17.9784,79.5941,24.01419067,24.9380188
Telangana,Warangal Urban,2024,11,0.197443919,23.77608698,17.9689,79.5941,23.15872192,24.15481567
Telangana,Yadadri Bhuvanagiri,2024,11,0.309991709,23.37330526,17.582,79.029,22.1489563,24.49075317
Telangana,Adilabad,2024,12,0.457282312,22.43021122,19.664,78.532,21.92611694,23.50228882
Telangana,Bhadradri Kothagudem,2024,12,0.880102703,24.83062308,17.5557,80.6191,23.85971069,25.57260132
Telangana,Hyderabad,2024,12,0.560801029,22.05697632,17.385,78.4867,22.02963257,22.08432007
Telangana,Jagtial,2024,12,0.412008576,23.40972635,18.794,78.914,22.85775757,23.79916382
Telangana,Jangoan,2024,12,0.61189472,23.04537246,17.727,79.152,22.39096069,23.80307007
Telangana,Jayashankar Bhupalpally,2024,12,0.511882855,24.21435312,18.438,79.905,23.54135132,24.95150757
Telangana,Jogulamba Gadwal,2024,12,0.496636799,24.5729748,16.234,77.805,24.00814819,24.97494507
Telangana,Kamareddy,2024,12,0.555946032,22.60853882,18.322,78.34,21.87533569,23.36947632
Telangana,Karimnagar,2024,12,0.529336593,23.10798735,18.4386,79.1288,22.70150757,23.44174194
Telangana,Khammam,2024,12,1.040034465,25.09333371,17.2473,80.1514,24.57260132,25.80502319
Telangana,Kumurambheem Asifabad,2024,12,0.454496435,22.9959024,19.363,79.278,21.66244507,24.09603882
Telangana,Mahabubabad,2024,12,0.750921488,24.21878052,17.598,80.002,23.72885132,24.66439819
Telangana,Mahabubnagar,2024,12,0.406696955,23.1672465,16.737,77.987,22.31283569,24.62924194
Telangana,Mancherial,2024,12,0.466318342,23.55252753,18.87,79.46,22.17611694,24.23666382
Telangana,Medak,2024,12,0.660388271,22.0751241,18.049,78.263,21.59603882,23.05697632
Telangana,Medchal Malkajgiri,2024,12,0.608431392,21.94933743,17.629,78.48,21.62142944,22.38510132
Telangana,Mulugu,2024,12,0.476095045,24.38599952,18.194,80.073,23.30307007,25.42221069
Telangana,Nagarkurnool,2024,12,0.664494784,22.85764759,16.48,78.32,21.76986694,24.13705444
Telangana,Nalgonda,2024,12,1.209170982,23.85529265,17.0575,79.2673,22.46713257,24.99447632
Telangana,Narayanpet,2024,12,0.404173422,23.93070679,16.744,77.494,23.03744507,24.57846069
Telangana,Nirmal,2024,12,0.344939983,23.13717374,19.097,78.343,22.25619507,24.07260132
Telangana,Nizamabad,2024,12,0.509123876,23.26430727,18.6725,78.094,22.50228882,23.87924194
Telangana,Peddapalli,2024,12,0.501918492,23.70788092,18.614,79.376,23.33627319,24.34017944
Telangana,Rajanna Sircilla,2024,12,0.5111859,22.66179403,18.387,78.832,22.29330444,22.97299194
Telangana,Rangareddy,2024,12,0.641846884,22.06306821,17.246,78.372,21.70346069,22.87338257
Telangana,Sangareddy,2024,12,0.673554836,22.27993227,17.628,78.087,21.54330444,23.20541382
Telangana,Siddipet,2024,12,0.665529482,22.01104921,18.102,78.852,21.57846069,22.64291382
Telangana,Suryapet,2024,12,1.216368993,24.58965861,17.141,79.622,23.68783569,25.14682007
Telangana,Vikarabad,2024,12,0.461057848,22.7563831,17.338,77.904,21.99447632,23.88314819
Telangana,Wanaparthy,2024,12,0.399131298,24.24295722,16.364,78.064,23.32455444,24.80502319
Telangana,Warangal Rural,2024,12,0.538892627,23.72958374,17.9784,79.5941,23.43197632,24.10775757
Telangana,Warangal Urban,2024,12,0.607719725,23.16351041,17.9689,79.5941,22.63314819,23.53353882
Telangana,Yadadri Bhuvanagiri,2024,12,0.726386261,22.89454142,17.582,79.029,21.84603882,23.84799194
Telangana,Adilabad,2025,1,0.010462441,22.48292591,19.664,78.532,21.97555542,23.37594604
Telangana,Bhadradri Kothagudem,2025,1,0.002268129,24.2693961,17.5557,80.6191,23.42086792,25.02438354
Telangana,Hyderabad,2025,1,0.001207619,21.67086792,17.385,78.4867,21.64743042,21.69430542
Telangana,Jagtial,2025,1,0.001837031,23.24839716,18.794,78.914,22.66110229,23.65914917
Telangana,Jangoan,2025,1,0.009976075,22.37778428,17.727,79.152,21.77828979,22.99313354
Telangana,Jayashankar Bhupalpally,2025,1,0.001237994,23.8988577,18.438,79.905,23.09664917,24.73336792
Telangana,Jogulamba Gadwal,2025,1,0.002765855,23.97164917,16.234,77.805,23.20602417,24.51852417
Telangana,Kamareddy,2025,1,0.007597734,22.64495646,18.322,78.34,21.81930542,23.60250854
Telangana,Karimnagar,2025,1,0.001405278,22.85262343,18.4386,79.1288,22.45211792,23.14743042
Telangana,Khammam,2025,1,0.004964813,24.46478741,17.2473,80.1514,23.75485229,25.22164917
Telangana,Kumurambheem Asifabad,2025,1,0.002599468,22.90946672,19.363,79.278,21.82516479,24.05563354
Telangana,Mahabubabad,2025,1,0.008961811,23.52084351,17.598,80.002,22.99313354,23.90914917
Telangana,Mahabubnagar,2025,1,0.001785039,22.54847209,16.737,77.987,21.70797729,23.84078979
Telangana,Mancherial,2025,1,0.001015352,23.2642924,18.87,79.46,22.14547729,24.15719604
Telangana,Medak,2025,1,0.001018871,21.92900594,18.049,78.263,21.32516479,23.10836792
Telangana,Medchal Malkajgiri,2025,1,0.001450177,21.52091132,17.629,78.48,21.22360229,21.87789917
Telangana,Mulugu,2025,1,0.001499601,24.0443907,18.194,80.073,22.99508667,25.26461792
Telangana,Nagarkurnool,2025,1,0.010724821,22.27707197,16.48,78.32,21.18453979,23.56149292
Telangana,Nalgonda,2025,1,0.01454257,23.09607334,17.0575,79.2673,21.98727417,24.24118042
Telangana,Narayanpet,2025,1,0.001548483,23.14811401,16.744,77.494,22.26657104,23.68844604
Telangana,Nirmal,2025,1,0.005705738,23.15275805,19.097,78.343,22.28805542,23.99508667
Telangana,Nizamabad,2025,1,0.007818577,23.38125376,18.6725,78.094,22.60836792,23.98532104
Telangana,Peddapalli,2025,1,0.00101312,23.37676841,18.614,79.376,23.05368042,23.92282104
Telangana,Rajanna Sircilla,2025,1,0.001898039,22.53987834,18.387,78.832,22.21969604,22.85250854
Telangana,Rangareddy,2025,1,0.00272328,21.59437052,17.246,78.372,21.22164917,22.39743042
Telangana,Sangareddy,2025,1,0.002789817,22.14983348,17.628,78.087,21.20016479,23.41696167
Telangana,Siddipet,2025,1,0.00190707,21.76538826,18.102,78.852,21.22360229,22.49118042
Telangana,Suryapet,2025,1,0.00961088,23.83467,17.141,79.622,22.90914917,24.54977417
Telangana,Vikarabad,2025,1,0.001141285,22.2984501,17.338,77.904,21.58688354,23.12203979
Telangana,Wanaparthy,2025,1,0.001465078,23.58341132,16.364,78.064,22.67868042,24.18453979
Telangana,Warangal Rural,2025,1,0.006854693,23.12667847,17.9784,79.5941,22.83297729,23.61227417
Telangana,Warangal Urban,2025,1,0.004026648,22.66802701,17.9689,79.5941,22.22164917,22.95407104
Telangana,Yadadri Bhuvanagiri,2025,1,0.0057711,22.20680542,17.582,79.029,21.38180542,23.05368042
Telangana,Adilabad,2025,2,0.001135255,26.33288968,19.664,78.532,25.7517395,27.22634888
Telangana,Bhadradri Kothagudem,2025,2,0.004864802,27.82072667,17.5557,80.6191,27.07009888,28.66775513
Telangana,Hyderabad,2025,2,0.001604642,25.48513794,17.385,78.4867,25.4548645,25.51541138
Telangana,Jagtial,2025,2,0.001135255,27.23424762,18.794,78.914,26.618927,27.73806763
Telangana,Jangoan,2025,2,0.002370298,26.04574226,17.727,79.152,25.603302,26.35720825
Telangana,Jayashankar Bhupalpally,2025,2,0.002216162,27.69149311,18.438,79.905,26.900177,28.556427
Telangana,Jogulamba Gadwal,2025,2,0.001154059,27.07744489,16.234,77.805,26.09744263,27.7986145
Telangana,Kamareddy,2025,2,0.001195853,26.19086711,18.322,78.34,25.415802,27.20681763
Telangana,Karimnagar,2025,2,0.001141829,26.90764483,18.4386,79.1288,26.51541138,27.2361145
Telangana,Khammam,2025,2,0.003865797,27.6032527,17.2473,80.1514,26.95681763,28.25369263
Telangana,Kumurambheem Asifabad,2025,2,0.001140692,26.93010815,19.363,79.278,25.76931763,27.915802
Telangana,Mahabubabad,2025,2,0.006716206,27.12301636,17.598,80.002,26.46658325,27.51931763
Telangana,Mahabubnagar,2025,2,0.001591913,25.9063619,16.737,77.987,25.0017395,26.7048645
Telangana,Mancherial,2025,2,0.001141464,27.10916138,18.87,79.46,25.94314575,28.05838013
Telangana,Medak,2025,2,0.001325245,25.46650187,18.049,78.263,24.84744263,26.47634888
Telangana,Medchal Malkajgiri,2025,2,0.001512751,25.24631415,17.629,78.48,24.80447388,25.78884888
Telangana,Mulugu,2025,2,0.007504092,27.7927576,18.194,80.073,26.712677,29.00369263
Telangana,Nagarkurnool,2025,2,0.004704364,26.04408351,16.48,78.32,24.71463013,27.05252075
Telangana,Nalgonda,2025,2,0.004438794,26.65875744,17.0575,79.2673,25.712677,27.40994263
Telangana,Narayanpet,2025,2,0.001176978,26.14578247,16.744,77.494,25.31033325,26.50564575
Telangana,Nirmal,2025,2,0.001135255,26.83240856,19.097,78.343,25.86306763,27.49783325
Telangana,Nizamabad,2025,2,0.001135255,26.99167418,18.6725,78.094,26.38259888,27.43338013
Telangana,Peddapalli,2025,2,0.001135255,27.36728387,18.614,79.376,27.03494263,27.64041138
Telangana,Rajanna Sircilla,2025,2,0.002032802,26.53220825,18.387,78.832,26.10720825,26.94509888
Telangana,Rangareddy,2025,2,0.002985482,25.33251372,17.246,78.372,24.80252075,26.41970825
Telangana,Sangareddy,2025,2,0.001548858,25.66144581,17.628,78.087,24.759552,26.78689575
Telangana,Siddipet,2025,2,0.003025444,25.6829649,18.102,78.852,24.82009888,26.56619263
Telangana,Suryapet,2025,2,0.002566015,26.99464315,17.141,79.622,26.31033325,27.68533325
Telangana,Vikarabad,2025,2,0.001600796,25.62863061,17.338,77.904,25.056427,26.24002075
Telangana,Wanaparthy,2025,2,0.001189892,26.74794176,16.364,78.064,26.03689575,27.5642395
Telangana,Warangal Rural,2025,2,0.003718744,26.75772095,17.9784,79.5941,26.32595825,27.353302
Telangana,Warangal Urban,2025,2,0.00335756,26.48522672,17.9689,79.5941,26.16189575,26.76150513
Telangana,Yadadri Bhuvanagiri,2025,2,0.003123567,25.90974731,17.582,79.029,25.12869263,26.4548645
Telangana,Adilabad,2025,3,0.064234526,29.5995385,19.664,78.532,28.99343872,30.76687622
Telangana,Bhadradri Kothagudem,2025,3,0.019117243,29.97523281,17.5557,80.6191,29.1242981,30.93484497
Telangana,Hyderabad,2025,3,0.133639455,27.88894653,17.385,78.4867,27.88406372,27.89382935
Telangana,Jagtial,2025,3,0.206162909,29.72136124,18.794,78.914,29.12820435,30.27664185
Telangana,Jangoan,2025,3,0.06246909,28.26216574,17.727,79.152,27.82156372,28.59500122
Telangana,Jayashankar Bhupalpally,2025,3,0.055997523,30.37452346,18.438,79.905,29.54031372,31.18484497
Telangana,Jogulamba Gadwal,2025,3,0.013117264,29.21981376,16.234,77.805,28.3508606,29.97000122
Telangana,Kamareddy,2025,3,0.066885726,28.94435018,18.322,78.34,28.2024231,29.8196106
Telangana,Karimnagar,2025,3,0.084815138,29.38590196,18.4386,79.1288,28.93484497,29.7492981
Telangana,Khammam,2025,3,0.031467059,29.48447516,17.2473,80.1514,29.04812622,29.88406372
Telangana,Kumurambheem Asifabad,2025,3,0.141157795,29.87467008,19.363,79.278,28.66726685,30.90750122
Telangana,Mahabubabad,2025,3,0.020848606,29.42391968,17.598,80.002,28.7805481,29.90945435
Telangana,Mahabubnagar,2025,3,0.04345421,28.02729289,16.737,77.987,27.16921997,28.76687622
Telangana,Mancherial,2025,3,0.107239346,29.88466051,18.87,79.46,28.8039856,30.7336731
Telangana,Medak,2025,3,0.058873802,28.08075968,18.049,78.263,27.33132935,28.97976685
Telangana,Medchal Malkajgiri,2025,3,0.146425062,27.55767483,17.629,78.48,27.2258606,28.01101685
Telangana,Mulugu,2025,3,0.019733065,30.40908731,18.194,80.073,29.28445435,31.56570435
Telangana,Nagarkurnool,2025,3,0.064724886,28.22608343,16.48,78.32,26.9055481,29.12625122
Telangana,Nalgonda,2025,3,0.045289305,28.85220487,17.0575,79.2673,28.02859497,29.3274231
Telangana,Narayanpet,2025,3,0.010624407,28.37664185,16.744,77.494,27.64578247,28.6399231
Telangana,Nirmal,2025,3,0.047863964,29.58772047,19.097,78.343,28.98171997,30.0227356
Telangana,Nizamabad,2025,3,0.11120202,29.54041466,18.6725,78.094,29.03445435,30.0617981
Telangana,Peddapalli,2025,3,0.08553791,29.98552503,18.614,79.376,29.6789856,30.30593872
Telangana,Rajanna Sircilla,2025,3,0.145838292,29.14239705,18.387,78.832,28.84109497,29.43093872
Telangana,Rangareddy,2025,3,0.114294188,27.61992536,17.246,78.372,26.9992981,28.64187622
Telangana,Sangareddy,2025,3,0.058011189,28.26221955,17.628,78.087,27.26687622,29.30789185
Telangana,Siddipet,2025,3,0.127231164,28.11257842,18.102,78.852,27.29031372,28.93875122
Telangana,Suryapet,2025,3,0.036713608,29.0336731,17.141,79.622,28.41921997,29.66921997
Telangana,Vikarabad,2025,3,0.045408837,27.94593466,17.338,77.904,27.3196106,28.64187622
Telangana,Wanaparthy,2025,3,0.010870855,28.82112969,16.364,78.064,28.21609497,29.55593872
Telangana,Warangal Rural,2025,3,0.023233954,29.20230103,17.9784,79.5941,28.63406372,29.71609497
Telangana,Warangal Urban,2025,3,0.041522842,28.91318304,17.9689,79.5941,28.5071106,29.33132935
Telangana,Yadadri Bhuvanagiri,2025,3,0.071466335,28.08953247,17.582,79.029,27.3196106,28.5227356
Telangana,Adilabad,2025,4,0.2534593,32.46431412,19.664,78.532,31.49884033,34.02813721
Telangana,Bhadradri Kothagudem,2025,4,0.420307364,31.52834647,17.5557,80.6191,30.47735596,32.42657471
Telangana,Hyderabad,2025,4,0.37761566,29.91192627,17.385,78.4867,29.90509033,29.91876221
Telangana,Jagtial,2025,4,0.31820714,32.22905433,18.794,78.914,31.69415283,32.70977783
Telangana,Jangoan,2025,4,0.51352759,30.51136331,17.727,79.152,30.06134033,30.91290283
Telangana,Jayashankar Bhupalpally,2025,4,0.43328696,32.5552556,18.438,79.905,31.85821533,32.98321533
Telangana,Jogulamba Gadwal,2025,4,1.286338715,30.69824509,16.234,77.805,30.07305908,31.24688721
Telangana,Kamareddy,2025,4,0.398854256,31.50873617,18.322,78.34,30.59063721,32.53790283
Telangana,Karimnagar,2025,4,0.360607091,31.85821533,18.4386,79.1288,31.29376221,32.21563721
Telangana,Khammam,2025,4,0.320772782,31.39292243,17.2473,80.1514,30.94219971,31.75274658
Telangana,Kumurambheem Asifabad,2025,4,0.577986382,32.19869088,19.363,79.278,30.98907471,33.35821533
Telangana,Mahabubabad,2025,4,0.372653365,31.31390381,17.598,80.002,30.86993408,31.48907471
Telangana,Mahabubnagar,2025,4,0.998182535,29.63197835,16.737,77.987,28.81329346,30.40118408
Telangana,Mancherial,2025,4,0.543818474,32.27927653,18.87,79.46,30.98907471,32.88360596
Telangana,Medak,2025,4,0.363007545,30.46449788,18.049,78.263,29.67852783,31.43829346
Telangana,Medchal Malkajgiri,2025,4,0.413516257,29.806132,17.629,78.48,29.61407471,30.10235596
Telangana,Mulugu,2025,4,0.394436347,32.22841005,18.194,80.073,30.77032471,33.35235596
Telangana,Nagarkurnool,2025,4,1.327769729,29.57549012,16.48,78.32,28.02227783,30.73907471
Telangana,Nalgonda,2025,4,0.672366408,31.15957191,17.0575,79.2673,29.74102783,31.80157471
Telangana,Narayanpet,2025,4,0.955888748,30.1631958,16.744,77.494,29.39532471,30.66485596
Telangana,Nirmal,2025,4,0.222813924,32.15899473,19.097,78.343,31.53009033,32.54962158
Telangana,Nizamabad,2025,4,0.24729401,32.11312475,18.6725,78.094,31.34063721,32.93829346
Telangana,Peddapalli,2025,4,0.394251422,32.42194888,18.614,79.376,32.10626221,32.74493408
Telangana,Rajanna Sircilla,2025,4,0.275984001,31.7326945,18.387,78.832,31.30743408,32.11016846
Telangana,Rangareddy,2025,4,0.892782665,29.31338646,17.246,78.372,28.60626221,30.29571533
Telangana,Sangareddy,2025,4,0.596901429,30.46749174,17.628,78.087,29.62579346,31.75860596
Telangana,Siddipet,2025,4,0.410897717,30.4401874,18.102,78.852,29.52227783,31.45977783
Telangana,Suryapet,2025,4,0.393093236,31.31596273,17.141,79.622,30.77032471,31.87774658
Telangana,Vikarabad,2025,4,0.966956908,29.6545233,17.338,77.904,28.84649658,30.60040283
Telangana,Wanaparthy,2025,4,1.137260649,30.23050266,16.364,78.064,29.61602783,30.75665283
Telangana,Warangal Rural,2025,4,0.444663435,31.3505249,17.9784,79.5941,30.91485596,31.86798096
Telangana,Warangal Urban,2025,4,0.447961634,31.17107045,17.9689,79.5941,30.77813721,31.65509033
Telangana,Yadadri Bhuvanagiri,2025,4,0.650610352,30.34460856,17.582,79.029,29.64337158,30.86993408
Telangana,Adilabad,2025,5,5.390182003,30.26493589,19.664,78.532,29.66098022,31.7293396
Telangana,Bhadradri Kothagudem,2025,5,4.930623736,30.56178938,17.5557,80.6191,29.62191772,31.5105896
Telangana,Hyderabad,2025,5,3.356330156,28.37191772,17.385,78.4867,28.31918335,28.4246521
Telangana,Jagtial,2025,5,2.813142859,30.84966776,18.794,78.914,30.12191772,31.78598022
Telangana,Jangoan,2025,5,2.741199269,29.99760706,17.727,79.152,29.1277771,30.57699585
Telangana,Jayashankar Bhupalpally,2025,5,3.112758343,31.6965872,18.438,79.905,31.21176147,32.00668335
Telangana,Jogulamba Gadwal,2025,5,5.012373061,29.34810965,16.234,77.805,28.80941772,29.79379272
Telangana,Kamareddy,2025,5,4.578779093,29.36742554,18.322,78.34,28.8777771,30.12582397
Telangana,Karimnagar,2025,5,2.333739337,30.99174948,18.4386,79.1288,30.51254272,31.5184021
Telangana,Khammam,2025,5,3.556776389,30.84697704,17.2473,80.1514,30.05551147,31.41293335
Telangana,Kumurambheem Asifabad,2025,5,3.740677292,31.00737041,19.363,79.278,29.62191772,31.94613647
Telangana,Mahabubabad,2025,5,3.441213131,30.71530151,17.598,80.002,29.84848022,31.09262085
Telangana,Mahabubnagar,2025,5,4.06013298,28.33057658,16.737,77.987,27.5184021,29.20004272
Telangana,Mancherial,2025,5,3.367322498,31.42492337,18.87,79.46,30.17074585,32.03988647
Telangana,Medak,2025,5,3.844319026,28.75416056,18.049,78.263,28.0809021,29.37973022
Telangana,Medchal Malkajgiri,2025,5,3.205139584,28.40815904,17.629,78.48,28.00668335,28.96566772
Telangana,Mulugu,2025,5,4.320159912,31.13105073,18.194,80.073,29.61605835,32.13363647
Telangana,Nagarkurnool,2025,5,3.644434515,28.63802237,16.48,78.32,27.11801147,30.30941772
Telangana,Nalgonda,2025,5,2.505620738,30.71211418,17.0575,79.2673,28.94613647,31.58285522
Telangana,Narayanpet,2025,5,4.628086853,28.72826538,16.744,77.494,27.75863647,29.2762146
Telangana,Nirmal,2025,5,4.676226067,30.28432395,19.097,78.343,29.60824585,30.99691772
Telangana,Nizamabad,2025,5,3.905121632,30.01649827,18.6725,78.094,29.17855835,30.53988647
Telangana,Peddapalli,2025,5,2.577548378,31.64247533,18.614,79.376,31.13168335,31.99301147
Telangana,Rajanna Sircilla,2025,5,2.677056885,30.08975627,18.387,78.832,29.49301147,30.82894897
Telangana,Rangareddy,2025,5,3.462777274,28.05788458,17.246,78.372,27.26644897,29.41293335
Telangana,Sangareddy,2025,5,5.021367391,28.48925468,17.628,78.087,28.00082397,29.43051147
Telangana,Siddipet,2025,5,3.006417939,29.16423636,18.102,78.852,28.16098022,30.36801147
Telangana,Suryapet,2025,5,2.583258565,31.11905314,17.141,79.622,30.44613647,31.63168335
Telangana,Vikarabad,2025,5,4.795993436,27.98387491,17.338,77.904,27.4324646,28.73324585
Telangana,Wanaparthy,2025,5,4.970422957,28.99973891,16.364,78.064,28.3621521,29.48910522
Telangana,Warangal Rural,2025,5,2.677165031,30.84591675,17.9784,79.5941,30.58285522,31.29379272
Telangana,Warangal Urban,2025,5,2.368318558,30.65760665,17.9689,79.5941,30.14535522,31.1043396
Telangana,Yadadri Bhuvanagiri,2025,5,2.786602275,29.65154012,17.582,79.029,28.47738647,30.56137085
Telangana,Adilabad,2025,6,3.514467793,28.53482548,19.664,78.532,27.96438599,29.86868286
Telangana,Bhadradri Kothagudem,2025,6,4.173464639,29.71476964,17.5557,80.6191,28.93704224,30.37454224
Telangana,Hyderabad,2025,6,4.141545296,26.51907349,17.385,78.4867,26.45071411,26.58743286
Telangana,Jagtial,2025,6,2.95500946,29.35195525,18.794,78.914,28.56985474,30.37649536
Telangana,Jangoan,2025,6,4.369681863,28.65269021,17.727,79.152,27.47415161,29.43118286
Telangana,Jayashankar Bhupalpally,2025,6,3.676350814,30.27658551,18.438,79.905,29.81790161,30.64602661
Telangana,Jogulamba Gadwal,2025,6,2.560011183,27.68322754,16.234,77.805,27.05422974,28.27297974
Telangana,Kamareddy,2025,6,3.085519409,27.35383911,18.322,78.34,26.85110474,28.07571411
Telangana,Karimnagar,2025,6,3.459079069,29.56031889,18.4386,79.1288,29.03469849,30.14407349
Telangana,Khammam,2025,6,3.170058813,30.38671249,17.2473,80.1514,29.56594849,31.22610474
Telangana,Kumurambheem Asifabad,2025,6,4.372580039,29.49928077,19.363,79.278,27.95266724,30.23587036
Telangana,Mahabubabad,2025,6,4.198937416,29.59713745,17.598,80.002,28.75344849,30.23391724
Telangana,Mahabubnagar,2025,6,4.091387431,26.46829224,16.737,77.987,25.64016724,27.46438599
Telangana,Mancherial,2025,6,3.972286224,29.97784085,18.87,79.46,28.55422974,30.64212036
Telangana,Medak,2025,6,3.428486506,26.79601034,18.049,78.263,26.22415161,27.37063599
Telangana,Medchal Malkajgiri,2025,6,4.267763774,26.6536221,17.629,78.48,26.15969849,27.31790161
Telangana,Mulugu,2025,6,3.961175042,29.71185468,18.194,80.073,28.29446411,30.54446411
Telangana,Nagarkurnool,2025,6,3.509531849,26.95160027,16.48,78.32,25.40969849,29.20462036
Telangana,Nalgonda,2025,6,2.985756296,29.56152944,17.0575,79.2673,27.51516724,31.09719849
Telangana,Narayanpet,2025,6,3.76049118,26.82639771,16.744,77.494,25.91165161,27.47219849
Telangana,Nirmal,2025,6,2.866260413,28.54014264,19.097,78.343,27.83938599,29.48782349
Telangana,Nizamabad,2025,6,2.78757066,28.14682868,18.6725,78.094,27.17922974,28.90188599
Telangana,Peddapalli,2025,6,3.431203742,30.31245503,18.614,79.376,29.70852661,30.74758911
Telangana,Rajanna Sircilla,2025,6,3.208546956,28.48105265,18.387,78.832,27.76126099,29.28860474
Telangana,Rangareddy,2025,6,3.988605318,26.32720075,17.246,78.372,25.40579224,27.82180786
Telangana,Sangareddy,2025,6,3.093186599,26.46118164,17.628,78.087,25.71829224,27.24563599
Telangana,Siddipet,2025,6,3.949935451,27.52215021,18.102,78.852,26.35305786,28.81594849
Telangana,Suryapet,2025,6,2.718186951,30.53248494,17.141,79.622,29.31790161,31.46829224
Telangana,Vikarabad,2025,6,3.574144917,25.93817729,17.338,77.904,25.45657349,26.71633911
Telangana,Wanaparthy,2025,6,3.47997729,27.29652574,16.364,78.064,26.59524536,27.90774536
Telangana,Warangal Rural,2025,6,4.3278265,29.54470825,17.9784,79.5941,29.33547974,30.01126099
Telangana,Warangal Urban,2025,6,3.863592668,29.33175104,17.9689,79.5941,28.76516724,29.78665161
Telangana,Yadadri Bhuvanagiri,2025,6,3.99466095,28.25963338,17.582,79.029,26.86477661,29.52493286
Telangana,Adilabad,2025,7,9.263117636,25.74517232,19.664,78.532,25.2951355,26.71505737
Telangana,Bhadradri Kothagudem,2025,7,9.54107666,27.59058053,17.5557,80.6191,26.7951355,28.162323
Telangana,Hyderabad,2025,7,6.411497593,24.89083862,17.385,78.4867,24.83029175,24.9513855
Telangana,Jagtial,2025,7,6.764950296,26.6964589,18.794,78.914,26.115448,27.490448
Telangana,Jangoan,2025,7,6.826463138,26.70655553,17.727,79.152,25.756073,27.41427612
Telangana,Jayashankar Bhupalpally,2025,7,9.778952378,27.42148766,18.438,79.905,26.9670105,27.646698
Telangana,Jogulamba Gadwal,2025,7,4.54452115,26.47017415,16.234,77.805,25.93380737,26.974823
Telangana,Kamareddy,2025,7,6.088056437,25.48836466,18.322,78.34,24.98068237,26.17404175
Telangana,Karimnagar,2025,7,7.143663743,27.06661987,18.4386,79.1288,26.61740112,27.45529175
Telangana,Khammam,2025,7,7.529691256,28.27294922,17.2473,80.1514,27.56466675,28.96310425
Telangana,Kumurambheem Asifabad,2025,7,12.58808693,26.40292771,19.363,79.278,25.23654175,27.05099487
Telangana,Mahabubabad,2025,7,9.508924484,27.45016479,17.598,80.002,26.59591675,28.05490112
Telangana,Mahabubnagar,2025,7,6.470389684,25.0944519,16.737,77.987,24.2795105,26.2170105
Telangana,Mancherial,2025,7,9.791688707,27.01741197,18.87,79.46,25.84396362,27.568573
Telangana,Medak,2025,7,6.266788483,25.03886922,18.049,78.263,24.599823,25.53146362
Telangana,Medchal Malkajgiri,2025,7,6.367979262,25.006073,17.629,78.48,24.54904175,25.64083862
Telangana,Mulugu,2025,7,10.25894083,27.18544295,18.194,80.073,25.912323,27.82833862
Telangana,Nagarkurnool,2025,7,4.835776275,25.53507333,16.48,78.32,24.13693237,27.62521362
Telangana,Nalgonda,2025,7,4.773058782,27.78706735,17.0575,79.2673,25.91622925,29.131073
Telangana,Narayanpet,2025,7,6.377281189,25.52755737,16.744,77.494,24.58224487,26.24240112
Telangana,Nirmal,2025,7,6.907071663,26.0793457,19.097,78.343,25.42208862,26.64865112
Telangana,Nizamabad,2025,7,5.434640738,26.01578776,18.6725,78.094,25.2638855,26.42208862
Telangana,Peddapalli,2025,7,7.826669793,27.41612485,18.614,79.376,27.04318237,27.61154175
Telangana,Rajanna Sircilla,2025,7,6.549588013,26.199823,18.387,78.832,25.59396362,26.90841675
Telangana,Rangareddy,2025,7,6.249652681,24.79388137,17.246,78.372,24.01779175,26.18771362
Telangana,Sangareddy,2025,7,7.11517647,24.81090996,17.628,78.087,24.1388855,25.53536987
Telangana,Siddipet,2025,7,6.256183971,25.59929125,18.102,78.852,24.67208862,26.61154175
Telangana,Suryapet,2025,7,6.152175903,28.44630737,17.141,79.622,27.34591675,29.33029175
Telangana,Vikarabad,2025,7,7.89443576,24.44735226,17.338,77.904,23.990448,25.23654175
Telangana,Wanaparthy,2025,7,4.960344103,26.0466546,16.364,78.064,25.2795105,26.68380737
Telangana,Warangal Rural,2025,7,9.132834435,27.26229858,17.9784,79.5941,27.13497925,27.43185425
Telangana,Warangal Urban,2025,7,7.908573497,27.03501476,17.9689,79.5941,26.61935425,27.30685425
Telangana,Yadadri Bhuvanagiri,2025,7,5.873527018,26.47469279,17.582,79.029,25.17404175,27.552948
Telangana,Adilabad,2025,8,14.91095955,25.4122787,19.664,78.532,24.95669556,26.47622681
Telangana,Bhadradri Kothagudem,2025,8,10.45395769,26.93915231,17.5557,80.6191,26.13833618,27.51528931
Telangana,Hyderabad,2025,8,11.27250099,24.21841431,17.385,78.4867,24.16372681,24.27310181
Telangana,Jagtial,2025,8,12.42060255,25.96892514,18.794,78.914,25.34927368,26.69107056
Telangana,Jangoan,2025,8,10.89330157,25.87914501,17.727,79.152,25.10708618,26.40005493
Telangana,Jayashankar Bhupalpally,2025,8,12.23603821,26.82110361,18.438,79.905,26.60513306,27.04458618
Telangana,Jogulamba Gadwal,2025,8,8.250002906,25.56681315,16.234,77.805,25.12661743,25.97817993
Telangana,Kamareddy,2025,8,15.96889852,24.8480367,18.322,78.34,24.31997681,25.45474243
Telangana,Karimnagar,2025,8,11.26073501,26.24495383,18.4386,79.1288,25.81411743,26.59927368
Telangana,Khammam,2025,8,10.25811689,27.18150603,17.2473,80.1514,26.76528931,27.53677368
Telangana,Kumurambheem Asifabad,2025,8,16.95214019,26.18003721,19.363,79.278,24.90786743,26.87271118
Telangana,Mahabubabad,2025,8,10.26075935,26.64419556,17.598,80.002,25.98013306,27.02114868
Telangana,Mahabubnagar,2025,8,9.306364059,24.3890686,16.737,77.987,23.64810181,25.39419556
Telangana,Mancherial,2025,8,14.6857605,26.56183879,18.87,79.46,25.43130493,27.04067993
Telangana,Medak,2025,8,14.79314423,24.45270793,18.049,78.263,24.00942993,24.98989868
Telangana,Medchal Malkajgiri,2025,8,12.75517188,24.33104451,17.629,78.48,23.92739868,24.89028931
Telangana,Mulugu,2025,8,13.27353813,26.66182564,18.194,80.073,25.60317993,27.31216431
Telangana,Nagarkurnool,2025,8,7.732955069,24.7409668,16.48,78.32,23.51138306,26.49380493
Telangana,Nalgonda,2025,8,10.27015961,26.66651191,17.0575,79.2673,25.14224243,27.69302368
Telangana,Narayanpet,2025,8,9.770343018,24.77056274,16.744,77.494,23.90396118,25.42739868
Telangana,Nirmal,2025,8,16.3056955,25.53150524,19.097,78.343,24.98989868,26.06607056
Telangana,Nizamabad,2025,8,15.13907878,25.33730531,18.6725,78.094,24.62661743,25.80630493
Telangana,Peddapalli,2025,8,11.78762817,26.62548668,18.614,79.376,26.23013306,26.95474243
Telangana,Rajanna Sircilla,2025,8,12.06384176,25.42831014,18.387,78.832,24.88052368,26.10122681
Telangana,Rangareddy,2025,8,9.981950306,24.12675694,17.246,78.372,23.41958618,25.37661743
Telangana,Sangareddy,2025,8,12.77207125,24.20659618,17.628,78.087,23.55825806,24.99966431
Telangana,Siddipet,2025,8,12.43482,24.90182958,18.102,78.852,24.04458618,25.85317993
Telangana,Suryapet,2025,8,11.34407043,27.14321899,17.141,79.622,26.33560181,27.74380493
Telangana,Vikarabad,2025,8,10.98466246,23.83472073,17.338,77.904,23.42153931,24.53286743
Telangana,Wanaparthy,2025,8,8.082599216,25.23805406,16.364,78.064,24.51333618,25.80630493
Telangana,Warangal Rural,2025,8,10.0423851,26.49917603,17.9784,79.5941,26.36880493,26.63833618
Telangana,Warangal Urban,2025,8,10.18312628,26.25303789,17.9689,79.5941,25.81411743,26.52310181
Telangana,Yadadri Bhuvanagiri,2025,8,12.24299113,25.60291951,17.582,79.029,24.48599243,26.45864868
Telangana,Adilabad,2025,9,10.67481453,25.36726232,19.664,78.532,24.87564087,26.31118774
Telangana,Bhadradri Kothagudem,2025,9,8.729770115,26.80829293,17.5557,80.6191,26.01431274,27.37173462
Telangana,Hyderabad,2025,9,9.752264023,24.01333618,17.385,78.4867,23.95962524,24.06704712
Telangana,Jagtial,2025,9,8.930348935,25.92090374,18.794,78.914,25.23501587,26.62173462
Telangana,Jangoan,2025,9,8.102902581,25.69514914,17.727,79.152,24.93423462,26.24868774
Telangana,Jayashankar Bhupalpally,2025,9,10.51455102,26.74282837,18.438,79.905,26.44985962,27.02603149
Telangana,Jogulamba Gadwal,2025,9,6.944819859,25.28049433,16.234,77.805,24.84829712,25.69204712
Telangana,Kamareddy,2025,9,10.10274048,24.63176066,18.322,78.34,24.12564087,25.13735962
Telangana,Karimnagar,2025,9,9.271839815,26.05211146,18.4386,79.1288,25.67251587,26.39907837
Telangana,Khammam,2025,9,7.451905862,27.03589806,17.2473,80.1514,26.66860962,27.31900024
Telangana,Kumurambheem Asifabad,2025,9,10.67630335,26.23242847,19.363,79.278,24.98696899,26.95376587
Telangana,Mahabubabad,2025,9,8.372917175,26.5340271,17.598,80.002,25.86587524,26.89907837
Telangana,Mahabubnagar,2025,9,6.408315023,24.11587524,16.737,77.987,23.39321899,25.11001587
Telangana,Mancherial,2025,9,11.01934475,26.58033922,18.87,79.46,25.52798462,27.07485962
Telangana,Medak,2025,9,9.309970856,24.25560506,18.049,78.263,23.80728149,24.74282837
Telangana,Medchal Malkajgiri,2025,9,10.043396,24.11001587,17.629,78.48,23.70962524,24.67446899
Telangana,Mulugu,2025,9,10.59872189,26.55865314,18.194,80.073,25.46743774,27.26821899
Telangana,Nagarkurnool,2025,9,5.499203664,24.45571842,16.48,78.32,23.30337524,26.21353149
Telangana,Nalgonda,2025,9,5.421312176,26.37070953,17.0575,79.2673,24.87173462,27.35806274
Telangana,Narayanpet,2025,9,7.035479736,24.49341431,16.744,77.494,23.63150024,25.14712524
Telangana,Nirmal,2025,9,10.94005978,25.45926921,19.097,78.343,24.86587524,26.10806274
Telangana,Nizamabad,2025,9,9.91298343,25.15994654,18.6725,78.094,24.43032837,25.78579712
Telangana,Peddapalli,2025,9,10.55210475,26.51420995,18.614,79.376,26.08657837,26.93032837
Telangana,Rajanna Sircilla,2025,9,8.827464803,25.26288045,18.387,78.832,24.74282837,25.91470337
Telangana,Rangareddy,2025,9,8.089808873,23.88359288,17.246,78.372,23.17642212,25.07485962
Telangana,Sangareddy,2025,9,9.661678999,23.97495055,17.628,78.087,23.31704712,24.74673462
Telangana,Siddipet,2025,9,8.754831025,24.71489184,18.102,78.852,23.82681274,25.67446899
Telangana,Suryapet,2025,9,6.930771383,26.94686483,17.141,79.622,26.15493774,27.45181274
Telangana,Vikarabad,2025,9,8.139836957,23.58450022,17.338,77.904,23.19204712,24.21157837
Telangana,Wanaparthy,2025,9,6.386375427,24.96092733,16.364,78.064,24.23110962,25.51821899
Telangana,Warangal Rural,2025,9,7.822447777,26.34695435,17.9784,79.5941,26.19595337,26.50845337
Telangana,Warangal Urban,2025,9,7.892462297,26.05799172,17.9689,79.5941,25.57290649,26.31900024
Telangana,Yadadri Bhuvanagiri,2025,9,8.638546753,25.36685181,17.582,79.029,24.24673462,26.26626587
Telangana,Adilabad,2025,10,4.454951132,25.1997661,19.664,78.532,24.71060181,26.31021118
Telangana,Bhadradri Kothagudem,2025,10,4.545255389,26.31624494,17.5557,80.6191,25.57778931,26.99966431
Telangana,Hyderabad,2025,10,3.687730312,23.97036743,17.385,78.4867,23.94107056,23.99966431
Telangana,Jagtial,2025,10,7.190125175,25.8239693,18.794,78.914,25.15200806,26.55044556
Telangana,Jangoan,2025,10,5.214375215,25.33652092,17.727,79.152,24.74380493,25.77700806
Telangana,Jayashankar Bhupalpally,2025,10,5.001015296,26.59378991,18.438,79.905,26.17935181,26.94497681
Telangana,Jogulamba Gadwal,2025,10,5.656606765,25.20836821,16.234,77.805,24.88247681,25.55435181
Telangana,Kamareddy,2025,10,5.115127563,24.88651326,18.322,78.34,24.22622681,25.49966431
Telangana,Karimnagar,2025,10,7.237017912,25.85731596,18.4386,79.1288,25.53872681,26.18521118
Telangana,Khammam,2025,10,5.763309577,26.34166228,17.2473,80.1514,26.05630493,26.48403931
Telangana,Kumurambheem Asifabad,2025,10,5.661786878,25.91050596,19.363,79.278,24.65591431,26.65982056
Telangana,Mahabubabad,2025,10,4.853229523,26.1010437,17.598,80.002,25.48403931,26.41567993
Telangana,Mahabubnagar,2025,10,5.862878164,24.23094686,16.737,77.987,23.49966431,25.12857056
Telangana,Mancherial,2025,10,6.180860731,26.36451891,18.87,79.46,25.25552368,26.93716431
Telangana,Medak,2025,10,3.670963287,24.41372681,18.049,78.263,23.88833618,25.17739868
Telangana,Medchal Malkajgiri,2025,10,3.684740702,23.9901157,17.629,78.48,23.69107056,24.40982056
Telangana,Mulugu,2025,10,4.560419031,26.35882733,18.194,80.073,25.22036743,27.23013306
Telangana,Nagarkurnool,2025,10,6.706564849,24.25740253,16.48,78.32,23.22036743,25.36294556
Telangana,Nalgonda,2025,10,6.3609374,25.67329982,17.0575,79.2673,24.32778931,26.38442993
Telangana,Narayanpet,2025,10,4.755817413,24.69605103,16.744,77.494,23.94107056,25.23208618
Telangana,Nirmal,2025,10,5.901229396,25.44290439,19.097,78.343,24.85903931,26.19107056
Telangana,Nizamabad,2025,10,6.40786078,25.33680451,18.6725,78.094,24.69692993,26.07192993
Telangana,Peddapalli,2025,10,6.91213668,26.35482467,18.614,79.376,25.96841431,26.81021118
Telangana,Rajanna Sircilla,2025,10,7.374075317,25.17674764,18.387,78.832,24.75552368,25.78872681
Telangana,Rangareddy,2025,10,5.131144932,23.75812785,17.246,78.372,23.32192993,24.61489868
Telangana,Sangareddy,2025,10,3.406778971,24.23849722,17.628,78.087,23.61880493,25.16958618
Telangana,Siddipet,2025,10,5.376169378,24.51984567,18.102,78.852,23.79263306,25.45474243
Telangana,Suryapet,2025,10,6.29135437,26.20825806,17.141,79.622,25.69107056,26.50747681
Telangana,Vikarabad,2025,10,4.086986665,23.95146721,17.338,77.904,23.42349243,24.71060181
Telangana,Wanaparthy,2025,10,6.670467801,24.94410875,16.364,78.064,24.24771118,25.45083618
Telangana,Warangal Rural,2025,10,5.263150215,25.97134399,17.9784,79.5941,25.77700806,26.15982056
Telangana,Warangal Urban,2025,10,5.782286904,25.70935891,17.9689,79.5941,25.23208618,25.95864868
Telangana,Yadadri Bhuvanagiri,2025,10,4.997809855,24.98384399,17.582,79.029,24.03872681,25.75552368
West Bengal,24 Paraganas North,2013,1,0.134015656,18.12549526,22.72714059,88.73013177,17.29190063,18.99111938
West Bengal,24 Paraganas North,2013,2,0.350749288,21.7493757,22.72714059,88.73013177,21.13626099,22.44094849
West Bengal,24 Paraganas North,2013,3,0.241007069,27.17408098,22.72714059,88.73013177,26.6461792,27.64813232
West Bengal,24 Paraganas North,2013,4,1.896133423,29.63849051,22.72714059,88.73013177,29.36053467,29.95623779
West Bengal,24 Paraganas North,2013,5,3.881237793,29.41570871,22.72714059,88.73013177,28.85610962,30.01235962
West Bengal,24 Paraganas North,2013,6,7.1117933,28.48366002,22.72714059,88.73013177,28.34191895,28.68371582
West Bengal,24 Paraganas North,2013,7,7.401429095,27.99844099,22.72714059,88.73013177,27.85910034,28.10324097
West Bengal,24 Paraganas North,2013,8,11.69235665,27.56633998,22.72714059,88.73013177,27.39797974,27.69876099
West Bengal,24 Paraganas North,2013,9,8.340837751,27.47004046,22.72714059,88.73013177,27.36953735,27.6312561
West Bengal,24 Paraganas North,2013,10,9.994689941,25.68278111,22.72714059,88.73013177,25.44723511,26.02731323
West Bengal,24 Paraganas North,2013,11,0.003970308,22.45261754,22.72714059,88.73013177,21.88079834,23.24798584
West Bengal,24 Paraganas North,2013,12,0.023201316,20.10609654,22.72714059,88.73013177,19.49526978,20.92495728
West Bengal,24 Paraganas North,2014,1,0.019346671,18.40057547,22.72714059,88.73013177,17.80392456,19.24142456
West Bengal,24 Paraganas North,2014,2,1.529315839,21.09537877,22.72714059,88.73013177,20.24655151,22.05514526
West Bengal,24 Paraganas North,2014,3,0.518680899,26.26401716,22.72714059,88.73013177,25.09420776,27.25631714
West Bengal,24 Paraganas North,2014,4,0.718789237,30.98924386,22.72714059,88.73013177,30.45425415,31.3878479
West Bengal,24 Paraganas North,2014,5,3.284643119,31.13000837,22.72714059,88.73013177,30.59262085,31.5574646
West Bengal,24 Paraganas North,2014,6,10.88139125,29.46621094,22.72714059,88.73013177,29.34991455,29.6506958
West Bengal,24 Paraganas North,2014,7,8.272619629,28.15083357,22.72714059,88.73013177,28.05758667,28.21383667
West Bengal,24 Paraganas North,2014,8,10.79077846,28.00429164,22.72714059,88.73013177,27.88079834,28.11126709
West Bengal,24 Paraganas North,2014,9,5.770087542,27.74259208,22.72714059,88.73013177,27.59945679,27.94711304
West Bengal,24 Paraganas North,2014,10,2.041330174,26.33457031,22.72714059,88.73013177,26.00454712,26.83462524
West Bengal,24 Paraganas North,2014,11,0.003103953,23.72125767,22.72714059,88.73013177,23.05496216,24.56472778
West Bengal,24 Paraganas North,2014,12,0.176873766,19.70458636,22.72714059,88.73013177,19.10397339,20.45748901
West Bengal,24 Paraganas North,2015,1,0.689990125,19.05459682,22.72714059,88.73013177,18.6991272,19.60733032
West Bengal,24 Paraganas North,2015,2,0.87860914,22.61470075,22.72714059,88.73013177,21.94918823,23.05661011
West Bengal,24 Paraganas North,2015,3,1.648240226,26.149006,22.72714059,88.73013177,25.53884888,26.7361145
West Bengal,24 Paraganas North,2015,4,7.162130301,27.7745745,22.72714059,88.73013177,27.30883789,28.07055664
West Bengal,24 Paraganas North,2015,5,1.4409935,30.43157087,22.72714059,88.73013177,30.08480835,30.9012146
West Bengal,24 Paraganas North,2015,6,10.47060896,29.1150286,22.72714059,88.73013177,28.80978394,29.43283081
West Bengal,24 Paraganas North,2015,7,22.47494245,27.39094936,22.72714059,88.73013177,27.25149536,27.51321411
West Bengal,24 Paraganas North,2015,8,8.263574219,28.14132254,22.72714059,88.73013177,28.03384399,28.24087524
West Bengal,24 Paraganas North,2015,9,5.735879517,28.34375349,22.72714059,88.73013177,28.20608521,28.50296021
West Bengal,24 Paraganas North,2015,10,1.547696795,26.78822893,22.72714059,88.73013177,26.22042847,27.32199097
West Bengal,24 Paraganas North,2015,11,0.086554738,24.42166922,22.72714059,88.73013177,23.81140137,25.05358887
West Bengal,24 Paraganas North,2015,12,0.593738229,20.89165737,22.72714059,88.73013177,20.31185913,21.64974976
West Bengal,24 Paraganas North,2016,1,0.484768295,19.61211635,22.72714059,88.73013177,18.87573242,20.3503418
West Bengal,24 Paraganas North,2016,2,2.15319737,24.32280622,22.72714059,88.73013177,23.67654419,24.76052856
West Bengal,24 Paraganas North,2016,3,1.262322998,27.67626256,22.72714059,88.73013177,27.42196655,28.1368103
West Bengal,24 Paraganas North,2016,4,0.921881104,31.36430664,22.72714059,88.73013177,30.59695435,32.06765747
West Bengal,24 Paraganas North,2016,5,8.898135812,29.85450963,22.72714059,88.73013177,29.5447998,30.09558105
West Bengal,24 Paraganas North,2016,6,5.138111659,29.14201137,22.72714059,88.73013177,29.02789307,29.29937744
West Bengal,24 Paraganas North,2016,7,11.13668039,27.87556152,22.72714059,88.73013177,27.79431152,27.97595215
West Bengal,24 Paraganas North,2016,8,13.35614624,27.78797782,22.72714059,88.73013177,27.73440552,27.85354614
West Bengal,24 Paraganas North,2016,9,7.783728899,27.72457101,22.72714059,88.73013177,27.62423706,27.84884644
West Bengal,24 Paraganas North,2016,10,3.414375305,26.68214809,22.72714059,88.73013177,26.45904541,27.14263916
West Bengal,24 Paraganas North,2016,11,1.60204337,23.19837123,22.72714059,88.73013177,22.8572998,23.83972168
West Bengal,24 Paraganas North,2016,12,0.00337126,20.81544364,22.72714059,88.73013177,20.38754272,21.33480835
West Bengal,24 Paraganas North,2017,1,0.018750043,19.44417899,22.72714059,88.73013177,18.89334106,20.07693481
West Bengal,24 Paraganas North,2017,2,0.04393799,23.31979632,22.72714059,88.73013177,22.62319946,23.97476196
West Bengal,24 Paraganas North,2017,3,2.941648647,25.51319406,22.72714059,88.73013177,25.15945435,25.71609497
West Bengal,24 Paraganas North,2017,4,1.782889012,29.42128209,22.72714059,88.73013177,28.94979858,29.84628296
West Bengal,24 Paraganas North,2017,5,2.928031703,30.70119978,22.72714059,88.73013177,30.19528198,31.10348511
West Bengal,24 Paraganas North,2017,6,10.28795951,29.2881522,22.72714059,88.73013177,29.05578613,29.62805176
West Bengal,24 Paraganas North,2017,7,16.22257429,27.79527414,22.72714059,88.73013177,27.7036438,27.90090942
West Bengal,24 Paraganas North,2017,8,10.75161307,28.07995605,22.72714059,88.73013177,28.00021362,28.17208862
West Bengal,24 Paraganas North,2017,9,9.47164481,28.23063267,22.72714059,88.73013177,28.05496216,28.36550903
West Bengal,24 Paraganas North,2017,10,7.780630057,26.65706961,22.72714059,88.73013177,26.41482544,27.01248169
West Bengal,24 Paraganas North,2017,11,1.686732374,22.6814488,22.72714059,88.73013177,22.32296753,23.41085815
West Bengal,24 Paraganas North,2017,12,2.096705845,20.23197196,22.72714059,88.73013177,19.83425903,20.85964966
West Bengal,24 Paraganas North,2018,1,0.000847368,17.71386021,22.72714059,88.73013177,16.9647522,18.57608032
West Bengal,24 Paraganas North,2018,2,0.16372588,23.51937605,22.72714059,88.73013177,22.72930908,24.13165283
West Bengal,24 Paraganas North,2018,3,0.815143204,27.37214355,22.72714059,88.73013177,26.86740112,27.724823
West Bengal,24 Paraganas North,2018,4,3.569185529,28.36729213,22.72714059,88.73013177,27.98721313,28.74111938
West Bengal,24 Paraganas North,2018,5,7.781896973,28.56875,22.72714059,88.73013177,28,28.921875
West Bengal,24 Paraganas North,2018,6,9.932219587,29.35604422,22.72714059,88.73013177,29.20236206,29.52072144
West Bengal,24 Paraganas North,2018,7,11.93631853,28.19663086,22.72714059,88.73013177,28.13876343,28.27548218
West Bengal,24 Paraganas North,2018,8,8.435682896,28.14678432,22.72714059,88.73013177,28.09823608,28.21737671
West Bengal,24 Paraganas North,2018,9,6.300068883,28.21481585,22.72714059,88.73013177,28.11392212,28.37368774
West Bengal,24 Paraganas North,2018,10,3.724717494,26.3512207,22.72714059,88.73013177,25.78671265,26.96054077
West Bengal,24 Paraganas North,2018,11,0.179776137,24.0209647,22.72714059,88.73013177,23.67526245,24.64987183
West Bengal,24 Paraganas North,2018,12,0.818666131,19.25563965,22.72714059,88.73013177,18.86819458,19.95803833
West Bengal,24 Paraganas North,2019,1,0.03248867,19.15448172,22.72714059,88.73013177,18.59884644,19.99142456
West Bengal,24 Paraganas North,2019,2,2.281671797,22.5053275,22.72714059,88.73013177,21.89093018,22.99835205
West Bengal,24 Paraganas North,2019,3,2.273546709,25.37072056,22.72714059,88.73013177,25.20236206,25.68869019
West Bengal,24 Paraganas North,2019,4,2.048028128,28.84774344,22.72714059,88.73013177,28.40042114,29.04104614
West Bengal,24 Paraganas North,2019,5,3.135337612,30.7159947,22.72714059,88.73013177,30.45321655,30.92977905
West Bengal,24 Paraganas North,2019,6,10.16409912,29.8177839,22.72714059,88.73013177,29.49914551,30.12609863
West Bengal,24 Paraganas North,2019,7,7.085191999,29.00830427,22.72714059,88.73013177,28.8420105,29.15255737
West Bengal,24 Paraganas North,2019,8,13.06093924,28.3388916,22.72714059,88.73013177,28.27990723,28.3951416
West Bengal,24 Paraganas North,2019,9,7.776574707,27.65293666,22.72714059,88.73013177,27.59579468,27.7774353
West Bengal,24 Paraganas North,2019,10,5.278944615,26.41768624,22.72714059,88.73013177,26.03805542,26.91110229
West Bengal,24 Paraganas North,2019,11,4.440007237,23.89115165,22.72714059,88.73013177,23.39450073,24.62496948
West Bengal,24 Paraganas North,2019,12,0.396462277,19.76786412,22.72714059,88.73013177,19.19442749,20.56942749
West Bengal,24 Paraganas North,2020,1,0.810860225,18.48901018,22.72714059,88.73013177,17.95446777,19.1829834
West Bengal,24 Paraganas North,2020,2,0.249316515,21.01586217,22.72714059,88.73013177,20.3644104,21.71792603
West Bengal,24 Paraganas North,2020,3,1.173306165,25.93741629,22.72714059,88.73013177,25.27832031,26.41894531
West Bengal,24 Paraganas North,2020,4,9.007087926,28.20011684,22.72714059,88.73013177,27.77349854,28.48638916
West Bengal,24 Paraganas North,2020,5,5.428395299,28.65253906,22.72714059,88.73013177,28.33853149,28.86001587
West Bengal,24 Paraganas North,2020,6,8.990992955,28.72474714,22.72714059,88.73013177,28.59796143,28.87139893
West Bengal,24 Paraganas North,2020,7,9.484239851,28.67609166,22.72714059,88.73013177,28.56838989,28.81448364
West Bengal,24 Paraganas North,2020,8,12.19257289,28.30019531,22.72714059,88.73013177,28.22134399,28.36978149
West Bengal,24 Paraganas North,2020,9,6.853372628,28.43937291,22.72714059,88.73013177,28.36526489,28.56057739
West Bengal,24 Paraganas North,2020,10,5.345290266,27.42054269,22.72714059,88.73013177,27.23867798,27.75234985
West Bengal,24 Paraganas North,2020,11,0.303779984,23.2290911,22.72714059,88.73013177,22.76028442,23.95950317
West Bengal,24 Paraganas North,2020,12,0.004431722,19.89690465,22.72714059,88.73013177,19.38446045,20.62078857
West Bengal,24 Paraganas North,2021,1,0.022450982,19.80931396,22.72714059,88.73013177,19.12103271,20.65032959
West Bengal,24 Paraganas North,2021,2,0.068702337,22.19477539,22.72714059,88.73013177,21.63925171,22.85995483
West Bengal,24 Paraganas North,2021,3,0.32467417,27.87717634,22.72714059,88.73013177,27.34017944,28.27182007
West Bengal,24 Paraganas North,2021,4,0.46342817,29.84990234,22.72714059,88.73013177,29.73745728,30.04214478
West Bengal,24 Paraganas North,2021,5,5.831696865,29.36139439,22.72714059,88.73013177,28.84225464,29.72311401
West Bengal,24 Paraganas North,2021,6,13.81249128,28.56703753,22.72714059,88.73013177,28.32473755,28.7583313
West Bengal,24 Paraganas North,2021,7,12.47976685,28.30878209,22.72714059,88.73013177,28.20141602,28.42993164
West Bengal,24 Paraganas North,2021,8,9.905772182,28.02272949,22.72714059,88.73013177,27.94454956,28.10470581
West Bengal,24 Paraganas North,2021,9,10.62520839,27.32874233,22.72714059,88.73013177,27.22366333,27.46389771
West Bengal,24 Paraganas North,2021,10,5.341885812,27.09535784,22.72714059,88.73013177,26.86672974,27.46438599
West Bengal,24 Paraganas North,2021,11,1.233631788,22.68793945,22.72714059,88.73013177,22.19619751,23.50088501
West Bengal,24 Paraganas North,2021,12,4.821486991,19.31533552,22.72714059,88.73013177,19.03274536,19.90969849
West Bengal,24 Paraganas North,2022,1,0.744584547,18.14665527,22.72714059,88.73013177,17.75686646,18.91311646
West Bengal,24 Paraganas North,2022,2,1.428377206,20.19667969,22.72714059,88.73013177,19.28451538,21.27670288
West Bengal,24 Paraganas North,2022,3,0.072933674,27.04284319,22.72714059,88.73013177,26.72705078,27.49853516
West Bengal,24 Paraganas North,2022,4,0.502064678,30.09511719,22.72714059,88.73013177,29.64813232,30.38446045
West Bengal,24 Paraganas North,2022,5,4.289276123,29.41960449,22.72714059,88.73013177,29.09460449,29.73132324
West Bengal,24 Paraganas North,2022,6,4.345436314,29.56328474,22.72714059,88.73013177,29.17355347,29.95675659
West Bengal,24 Paraganas North,2022,7,5.304090227,28.52886091,22.72714059,88.73013177,28.32009888,28.68533325
West Bengal,24 Paraganas North,2022,8,8.232119315,28.20787179,22.72714059,88.73013177,28.10714722,28.32589722
West Bengal,24 Paraganas North,2022,9,4.531214251,28.02588588,22.72714059,88.73013177,27.94229126,28.14736938
West Bengal,24 Paraganas North,2022,10,5.062355695,26.26894531,22.72714059,88.73013177,26.03842163,26.70053101
West Bengal,24 Paraganas North,2022,11,0.000953279,22.79136789,22.72714059,88.73013177,22.27658081,23.64962769
West Bengal,24 Paraganas North,2022,12,0.004407845,20.36005162,22.72714059,88.73013177,19.77807617,21.25268555
West Bengal,24 Paraganas North,2023,1,0.006608711,19.7570731,22.72714059,88.73013177,19.03988647,20.57113647
West Bengal,24 Paraganas North,2023,2,0.046033124,23.09940709,22.72714059,88.73013177,22.38339233,23.81503296
West Bengal,24 Paraganas North,2023,3,2.140112087,26.16239537,22.72714059,88.73013177,25.51083374,26.76473999
West Bengal,24 Paraganas North,2023,4,0.852832304,29.54169922,22.72714059,88.73013177,29.29052734,29.91943359
West Bengal,24 Paraganas North,2023,5,1.455770983,30.30237863,22.72714059,88.73013177,30.07269287,30.61956787
West Bengal,24 Paraganas North,2023,6,3.724300711,30.71424386,22.72714059,88.73013177,30.40542603,31.2628479
West Bengal,24 Paraganas North,2023,7,3.182233756,29.01177455,22.72714059,88.73013177,28.88119507,29.10385132
West Bengal,24 Paraganas North,2023,8,7.350366211,28.58055943,22.72714059,88.73013177,28.42715454,28.73574829
West Bengal,24 Paraganas North,2023,9,5.076185826,28.23232073,22.72714059,88.73013177,28.17037964,28.33444214
West Bengal,24 Paraganas North,2023,10,2.67212786,26.97135184,22.72714059,88.73013177,26.56582642,27.56387329
West Bengal,24 Paraganas North,2023,11,0.547796849,24.56176758,22.72714059,88.73013177,24.0871582,25.02856445
West Bengal,24 Paraganas North,2023,12,0.849877494,20.54234096,22.72714059,88.73013177,20.2527771,20.98324585
West Bengal,24 Paraganas North,2024,1,0.361451449,18.46021031,22.72714059,88.73013177,17.97589111,19.12432861
West Bengal,24 Paraganas North,2024,2,0.306359754,22.39696917,22.72714059,88.73013177,21.83084106,23.11795044
West Bengal,24 Paraganas North,2024,3,1.805619376,26.26200474,22.72714059,88.73013177,25.58828735,26.78359985
West Bengal,24 Paraganas North,2024,4,0.264518002,31.74226423,22.72714059,88.73013177,31.6317749,31.91693115
West Bengal,24 Paraganas North,2024,5,11.14357561,30.12433384,22.72714059,88.73013177,30.02868652,30.26696777
West Bengal,24 Paraganas North,2024,6,4.236778041,30.88248465,22.72714059,88.73013177,30.56808472,31.05636597
West Bengal,24 Paraganas North,2024,7,9.069487653,28.75533273,22.72714059,88.73013177,28.62341309,28.84411621
West Bengal,24 Paraganas North,2024,8,14.49364188,27.81708636,22.72714059,88.73013177,27.73092651,27.91452026
West Bengal,24 Paraganas North,2024,9,12.19279524,28.39454869,22.72714059,88.73013177,28.32345581,28.51876831
West Bengal,24 Paraganas North,2024,10,5.716734096,27.47651018,22.72714059,88.73013177,27.13577271,27.86428833
West Bengal,24 Paraganas North,2024,11,0.360445949,23.89410226,22.72714059,88.73013177,23.48880005,24.5864563
West Bengal,24 Paraganas North,2024,12,0.106978621,19.91629464,22.72714059,88.73013177,19.45541382,20.76400757
West Bengal,24 Paraganas North,2025,1,0.032931764,19.48822196,22.72714059,88.73013177,19.02633667,20.16500854
West Bengal,24 Paraganas North,2025,2,0.425979723,23.42913993,22.72714059,88.73013177,22.65603638,24.23416138
West Bengal,24 Paraganas North,2025,3,0.261435318,27.4856829,22.72714059,88.73013177,27.07156372,27.82351685
West Bengal,24 Paraganas North,2025,4,3.996883719,29.04286935,22.72714059,88.73013177,28.89923096,29.17071533
West Bengal,24 Paraganas North,2025,5,4.789325823,29.49998605,22.72714059,88.73013177,29.31137085,29.74887085
West Bengal,24 Paraganas North,2025,6,13.23098057,28.76622838,22.72714059,88.73013177,28.68313599,28.84524536
West Bengal,24 Paraganas North,2025,7,17.97580915,27.89831543,22.72714059,88.73013177,27.8420105,27.99630737
West Bengal,24 Paraganas North,2025,8,9.525631278,27.90133929,22.72714059,88.73013177,27.81021118,27.98208618
West Bengal,24 Paraganas North,2025,9,9.093830218,28.16063058,22.72714059,88.73013177,28.06704712,28.27407837
West Bengal,24 Paraganas North,2025,10,4.30974775,27.03454241,22.72714059,88.73013177,26.77505493,27.50942993
West Bengal,24 Paraganas South,2013,1,0.112341975,19.23631612,22.05679177,88.55190727,18.44424438,20.30557251
West Bengal,24 Paraganas South,2013,2,0.166484489,22.52826428,22.05679177,88.55190727,21.88626099,23.27493286
West Bengal,24 Paraganas South,2013,3,0.289009595,27.32064869,22.05679177,88.55190727,26.5993042,27.66375732
West Bengal,24 Paraganas South,2013,4,1.209493418,29.500008,22.05679177,88.55190727,28.65350342,30.06365967
West Bengal,24 Paraganas South,2013,5,3.588536247,29.55654457,22.05679177,88.55190727,28.91470337,30.33657837
West Bengal,24 Paraganas South,2013,6,9.077820825,28.44748375,22.05679177,88.55190727,28.2208252,28.68762207
West Bengal,24 Paraganas South,2013,7,8.880887391,27.94080991,22.05679177,88.55190727,27.80831909,28.10128784
West Bengal,24 Paraganas South,2013,8,11.88216112,27.66735239,22.05679177,88.55190727,27.56594849,27.90579224
West Bengal,24 Paraganas South,2013,9,11.16120085,27.5199595,22.05679177,88.55190727,27.40859985,27.78359985
West Bengal,24 Paraganas South,2013,10,12.14143947,25.98094903,22.05679177,88.55190727,25.61520386,26.45504761
West Bengal,24 Paraganas South,2013,11,0.001502159,23.22675861,22.05679177,88.55190727,22.47259521,24.19525146
West Bengal,24 Paraganas South,2013,12,0.008662345,20.96949443,22.05679177,88.55190727,20.1378479,21.95230103
West Bengal,24 Paraganas South,2014,1,0.001784037,19.40234775,22.05679177,88.55190727,18.55978394,20.44259644
West Bengal,24 Paraganas South,2014,2,1.107774328,22.00999776,22.05679177,88.55190727,21.23483276,22.55319214
West Bengal,24 Paraganas South,2014,3,0.829429001,27.02527056,22.05679177,88.55190727,26.57467651,27.28170776
West Bengal,24 Paraganas South,2014,4,0.252751991,30.84346984,22.05679177,88.55190727,29.58706665,31.58706665
West Bengal,24 Paraganas South,2014,5,2.930883689,30.47572202,22.05679177,88.55190727,29.60043335,31.3699646
West Bengal,24 Paraganas South,2014,6,10.45761359,29.52108414,22.05679177,88.55190727,29.2835083,29.82843018
West Bengal,24 Paraganas South,2014,7,10.55481958,28.12354316,22.05679177,88.55190727,28.02633667,28.32516479
West Bengal,24 Paraganas South,2014,8,11.9440958,27.96398325,22.05679177,88.55190727,27.75775146,28.11517334
West Bengal,24 Paraganas South,2014,9,6.863311768,27.81919986,22.05679177,88.55190727,27.69515991,28.14437866
West Bengal,24 Paraganas South,2014,10,2.44753428,26.56480533,22.05679177,88.55190727,26.26040649,27.12368774
West Bengal,24 Paraganas South,2014,11,0.02068869,24.36131612,22.05679177,88.55190727,23.63308716,25.24246216
West Bengal,24 Paraganas South,2014,12,0.306030742,20.4515641,22.05679177,88.55190727,19.72311401,21.36764526
West Bengal,24 Paraganas South,2015,1,1.145894785,19.53461594,22.05679177,88.55190727,18.9960022,20.27920532
West Bengal,24 Paraganas South,2015,2,0.502437279,23.12570441,22.05679177,88.55190727,22.93942261,23.25582886
West Bengal,24 Paraganas South,2015,3,1.174220726,26.7661493,22.05679177,88.55190727,26.55447388,26.9548645
West Bengal,24 Paraganas South,2015,4,4.170107982,28.09642754,22.05679177,88.55190727,27.88305664,28.33422852
West Bengal,24 Paraganas South,2015,5,0.677534447,30.34335777,22.05679177,88.55190727,29.57113647,31.06918335
West Bengal,24 Paraganas South,2015,6,9.172701476,29.11981701,22.05679177,88.55190727,28.75314331,29.54025269
West Bengal,24 Paraganas South,2015,7,24.69417184,27.6154505,22.05679177,88.55190727,27.40579224,28.05227661
West Bengal,24 Paraganas South,2015,8,8.78343726,28.15183145,22.05679177,88.55190727,28.03970337,28.28970337
West Bengal,24 Paraganas South,2015,9,6.741009822,28.42903112,22.05679177,88.55190727,28.31155396,28.74319458
West Bengal,24 Paraganas South,2015,10,2.334828611,27.1861032,22.05679177,88.55190727,26.88839722,27.65011597
West Bengal,24 Paraganas South,2015,11,0.088039555,24.82981197,22.05679177,88.55190727,24.54968262,25.39538574
West Bengal,24 Paraganas South,2015,12,0.852349203,21.61750768,22.05679177,88.55190727,21.03060913,22.37435913
West Bengal,24 Paraganas South,2016,1,0.606852359,20.47838355,22.05679177,88.55190727,19.81713867,21.13549805
West Bengal,24 Paraganas South,2016,2,2.047803285,24.78995501,22.05679177,88.55190727,24.53005981,25.00662231
West Bengal,24 Paraganas South,2016,3,0.885008015,27.98658027,22.05679177,88.55190727,27.53915405,28.25790405
West Bengal,24 Paraganas South,2016,4,0.688704319,30.69784596,22.05679177,88.55190727,29.56765747,31.80984497
West Bengal,24 Paraganas South,2016,5,8.257821505,30.14591405,22.05679177,88.55190727,29.8182373,30.43933105
West Bengal,24 Paraganas South,2016,6,5.862348213,29.15490923,22.05679177,88.55190727,29.00640869,29.41461182
West Bengal,24 Paraganas South,2016,7,11.94153833,27.95898237,22.05679177,88.55190727,27.80993652,28.26696777
West Bengal,24 Paraganas South,2016,8,18.27302926,27.83638576,22.05679177,88.55190727,27.72659302,28.15237427
West Bengal,24 Paraganas South,2016,9,9.300145884,27.70924452,22.05679177,88.55190727,27.55001831,27.94845581
West Bengal,24 Paraganas South,2016,10,4.363331279,26.95497807,22.05679177,88.55190727,26.55474854,27.55670166
West Bengal,24 Paraganas South,2016,11,2.751345775,23.49008029,22.05679177,88.55190727,22.97253418,24.23620605
West Bengal,24 Paraganas South,2016,12,0.008953494,21.4152712,22.05679177,88.55190727,20.89144897,22.14730835
West Bengal,24 Paraganas South,2017,1,0.007009134,20.3140649,22.05679177,88.55190727,19.73123169,21.08670044
West Bengal,24 Paraganas South,2017,2,0.042645896,23.84233318,22.05679177,88.55190727,23.50015259,24.06069946
West Bengal,24 Paraganas South,2017,3,3.575841185,25.61879242,22.05679177,88.55190727,25.43875122,25.8664856
West Bengal,24 Paraganas South,2017,4,1.104060689,28.90801502,22.05679177,88.55190727,28.20565796,29.69003296
West Bengal,24 Paraganas South,2017,5,0.952353055,30.61705943,22.05679177,88.55190727,29.98043823,31.29489136
West Bengal,24 Paraganas South,2017,6,9.905627642,29.3225638,22.05679177,88.55190727,28.90930176,29.77258301
West Bengal,24 Paraganas South,2017,7,18.49758061,27.87987481,22.05679177,88.55190727,27.73880005,28.15286255
West Bengal,24 Paraganas South,2017,8,11.71207215,28.10375977,22.05679177,88.55190727,27.9982605,28.35177612
West Bengal,24 Paraganas South,2017,9,8.243560291,28.35302334,22.05679177,88.55190727,28.23074341,28.69754028
West Bengal,24 Paraganas South,2017,10,8.665643411,26.9095439,22.05679177,88.55190727,26.64334106,27.38552856
West Bengal,24 Paraganas South,2017,11,3.766884976,23.18714379,22.05679177,88.55190727,22.51828003,24.2897644
West Bengal,24 Paraganas South,2017,12,2.138821461,20.60965116,22.05679177,88.55190727,20.03347778,21.49832153
West Bengal,24 Paraganas South,2018,1,0.006197283,18.48428295,22.05679177,88.55190727,17.80264282,19.34951782
West Bengal,24 Paraganas South,2018,2,0.032573004,23.95807985,22.05679177,88.55190727,23.64141846,24.17071533
West Bengal,24 Paraganas South,2018,3,0.333151145,27.56956407,22.05679177,88.55190727,26.94161987,28.02365112
West Bengal,24 Paraganas South,2018,4,2.271099153,28.60058994,22.05679177,88.55190727,28.14736938,28.97744751
West Bengal,24 Paraganas South,2018,5,5.083587646,29.01725794,22.05679177,88.55190727,28.7734375,29.30859375
West Bengal,24 Paraganas South,2018,6,10.63324375,29.34320969,22.05679177,88.55190727,29.01681519,29.69259644
West Bengal,24 Paraganas South,2018,7,12.35945304,28.22828749,22.05679177,88.55190727,28.07040405,28.45516968
West Bengal,24 Paraganas South,2018,8,8.500976563,28.12458776,22.05679177,88.55190727,28.05136108,28.28768921
West Bengal,24 Paraganas South,2018,9,7.938108851,28.23719262,22.05679177,88.55190727,28.13735962,28.41860962
West Bengal,24 Paraganas South,2018,10,5.504519103,26.78347928,22.05679177,88.55190727,26.35897827,27.4624939
West Bengal,24 Paraganas South,2018,11,0.391812121,24.35209881,22.05679177,88.55190727,24.00534058,24.8822937
West Bengal,24 Paraganas South,2018,12,0.416670377,19.85458824,22.05679177,88.55190727,19.27444458,20.87991333
West Bengal,24 Paraganas South,2019,1,0.026066616,19.84064821,22.05679177,88.55190727,19.18283081,20.55001831
West Bengal,24 Paraganas South,2019,2,2.561889148,22.89269019,22.05679177,88.55190727,22.56671143,23.05108643
West Bengal,24 Paraganas South,2019,3,2.05671942,25.65532547,22.05679177,88.55190727,25.38595581,25.97189331
West Bengal,24 Paraganas South,2019,4,1.208518857,28.97867572,22.05679177,88.55190727,28.53323364,29.23831177
West Bengal,24 Paraganas South,2019,5,2.087275145,30.32780081,22.05679177,88.55190727,29.66220093,30.91610718
West Bengal,24 Paraganas South,2019,6,6.759360392,29.85483839,22.05679177,88.55190727,29.51672363,30.33898926
West Bengal,24 Paraganas South,2019,7,8.25376817,28.90229972,22.05679177,88.55190727,28.61349487,29.20333862
West Bengal,24 Paraganas South,2019,8,14.81068095,28.30155169,22.05679177,88.55190727,28.2154541,28.40686035
West Bengal,24 Paraganas South,2019,9,11.15584377,27.71506388,22.05679177,88.55190727,27.59579468,27.9961853
West Bengal,24 Paraganas South,2019,10,4.885357966,26.80050909,22.05679177,88.55190727,26.36032104,27.30953979
West Bengal,24 Paraganas South,2019,11,7.584814353,24.37247054,22.05679177,88.55190727,23.75387573,25.13864136
West Bengal,24 Paraganas South,2019,12,0.358112148,20.54016313,22.05679177,88.55190727,19.77645874,21.45223999
West Bengal,24 Paraganas South,2020,1,1.291726785,19.09563709,22.05679177,88.55190727,18.50134277,19.70251465
West Bengal,24 Paraganas South,2020,2,0.336226291,21.46786149,22.05679177,88.55190727,21.0753479,21.75894165
West Bengal,24 Paraganas South,2020,3,0.855618086,26.50795658,22.05679177,88.55190727,26.29394531,26.73144531
West Bengal,24 Paraganas South,2020,4,7.592407227,28.59541096,22.05679177,88.55190727,28.35162354,28.89654541
West Bengal,24 Paraganas South,2020,5,4.898076292,28.73792905,22.05679177,88.55190727,28.65103149,28.91665649
West Bengal,24 Paraganas South,2020,6,8.64257012,28.82327421,22.05679177,88.55190727,28.65655518,29.04327393
West Bengal,24 Paraganas South,2020,7,8.644320128,28.71244237,22.05679177,88.55190727,28.53518677,28.88284302
West Bengal,24 Paraganas South,2020,8,14.45499608,28.2854124,22.05679177,88.55190727,28.15884399,28.50845337
West Bengal,24 Paraganas South,2020,9,7.545913446,28.48482326,22.05679177,88.55190727,28.41409302,28.70706177
West Bengal,24 Paraganas South,2020,10,5.999615278,27.53491211,22.05679177,88.55190727,27.2640686,27.9750061
West Bengal,24 Paraganas South,2020,11,0.295595857,23.99981589,22.05679177,88.55190727,23.45169067,25.1411438
West Bengal,24 Paraganas South,2020,12,0.001078406,20.74415663,22.05679177,88.55190727,20.03094482,21.80438232
West Bengal,24 Paraganas South,2021,1,0.035928468,20.81176758,22.05679177,88.55190727,20.08392334,21.52728271
West Bengal,24 Paraganas South,2021,2,0.028652426,22.82255779,22.05679177,88.55190727,22.32479858,23.11972046
West Bengal,24 Paraganas South,2021,3,0.178570638,28.07468302,22.05679177,88.55190727,27.34603882,28.52963257
West Bengal,24 Paraganas South,2021,4,0.23468052,29.49667809,22.05679177,88.55190727,28.59487915,30.06362915
West Bengal,24 Paraganas South,2021,5,4.306421499,29.6210057,22.05679177,88.55190727,29.33444214,29.80123901
West Bengal,24 Paraganas South,2021,6,12.29524006,28.72893987,22.05679177,88.55190727,28.5395813,28.97512817
West Bengal,24 Paraganas South,2021,7,10.18104028,28.35331151,22.05679177,88.55190727,28.17016602,28.63305664
West Bengal,24 Paraganas South,2021,8,8.609893299,28.13550605,22.05679177,88.55190727,28.00509644,28.43283081
West Bengal,24 Paraganas South,2021,9,15.0881888,27.36489818,22.05679177,88.55190727,27.20217896,27.68069458
West Bengal,24 Paraganas South,2021,10,7.475230233,27.29254451,22.05679177,88.55190727,27.06594849,27.66946411
West Bengal,24 Paraganas South,2021,11,0.628489197,23.5939301,22.05679177,88.55190727,22.78604126,24.72549438
West Bengal,24 Paraganas South,2021,12,2.593718482,19.90877145,22.05679177,88.55190727,19.20462036,21.10501099
West Bengal,24 Paraganas South,2022,1,0.877363111,18.95627882,22.05679177,88.55190727,18.17874146,19.78811646
West Bengal,24 Paraganas South,2022,2,1.022273517,21.2947938,22.05679177,88.55190727,20.36849976,21.85287476
West Bengal,24 Paraganas South,2022,3,0.112904416,27.28311507,22.05679177,88.55190727,26.91455078,27.47900391
West Bengal,24 Paraganas South,2022,4,0.100369805,29.47523373,22.05679177,88.55190727,28.6071167,30.31219482
West Bengal,24 Paraganas South,2022,5,3.152467821,29.65412678,22.05679177,88.55190727,29.35827637,29.96374512
West Bengal,24 Paraganas South,2022,6,4.870353324,29.4836826,22.05679177,88.55190727,29.10324097,29.98800659
West Bengal,24 Paraganas South,2022,7,7.215349041,28.31849946,22.05679177,88.55190727,28.19314575,28.50564575
West Bengal,24 Paraganas South,2022,8,11.83312488,28.10695361,22.05679177,88.55190727,27.99972534,28.27511597
West Bengal,24 Paraganas South,2022,9,5.170263572,28.08179511,22.05679177,88.55190727,27.96182251,28.38760376
West Bengal,24 Paraganas South,2022,10,4.544875848,26.60271516,22.05679177,88.55190727,26.20834351,27.26498413
West Bengal,24 Paraganas South,2022,11,0.002004854,23.56765897,22.05679177,88.55190727,22.67892456,24.80587769
West Bengal,24 Paraganas South,2022,12,0.010545628,21.25460665,22.05679177,88.55190727,20.44213867,22.3425293
West Bengal,24 Paraganas South,2023,1,0.027771944,20.62764953,22.05679177,88.55190727,19.97348022,21.24887085
West Bengal,24 Paraganas South,2023,2,0.050634376,23.67696993,22.05679177,88.55190727,23.26425171,23.86581421
West Bengal,24 Paraganas South,2023,3,1.69612897,26.73176149,22.05679177,88.55190727,26.37216187,26.95223999
West Bengal,24 Paraganas South,2023,4,0.689021501,29.78223457,22.05679177,88.55190727,29.47802734,29.91943359
West Bengal,24 Paraganas South,2023,5,0.939660682,30.50936139,22.05679177,88.55190727,30.06292725,30.77972412
West Bengal,24 Paraganas South,2023,6,3.140715802,30.78071369,22.05679177,88.55190727,30.17495728,31.39761353
West Bengal,24 Paraganas South,2023,7,4.33980923,28.88708696,22.05679177,88.55190727,28.75228882,29.03939819
West Bengal,24 Paraganas South,2023,8,6.406240995,28.74474497,22.05679177,88.55190727,28.58535767,28.99160767
West Bengal,24 Paraganas South,2023,9,5.55628442,28.27818423,22.05679177,88.55190727,28.14694214,28.47897339
West Bengal,24 Paraganas South,2023,10,2.658391233,27.44681336,22.05679177,88.55190727,26.98574829,28.03652954
West Bengal,24 Paraganas South,2023,11,0.989039749,24.8932225,22.05679177,88.55190727,24.5637207,25.55395508
West Bengal,24 Paraganas South,2023,12,0.696479547,20.88085137,22.05679177,88.55190727,20.5496521,21.63168335
West Bengal,24 Paraganas South,2024,1,0.370787949,19.25320184,22.05679177,88.55190727,18.64385986,20.04229736
West Bengal,24 Paraganas South,2024,2,0.150070394,23.23750881,22.05679177,88.55190727,22.69216919,23.47927856
West Bengal,24 Paraganas South,2024,3,1.378637345,26.79759141,22.05679177,88.55190727,26.53555298,26.98867798
West Bengal,24 Paraganas South,2024,4,0.166108522,31.65755075,22.05679177,88.55190727,30.7567749,32.13763428
West Bengal,24 Paraganas South,2024,5,9.334970943,30.2262083,22.05679177,88.55190727,30.00720215,30.57946777
West Bengal,24 Paraganas South,2024,6,3.871936736,30.53062164,22.05679177,88.55190727,30.07589722,31.03292847
West Bengal,24 Paraganas South,2024,7,11.03639997,28.67044818,22.05679177,88.55190727,28.50817871,28.83435059
West Bengal,24 Paraganas South,2024,8,18.59237921,27.87872214,22.05679177,88.55190727,27.72506714,28.21530151
West Bengal,24 Paraganas South,2024,9,13.95059854,28.38688284,22.05679177,88.55190727,28.27853394,28.62619019
West Bengal,24 Paraganas South,2024,10,5.336037558,27.85910284,22.05679177,88.55190727,27.48928833,28.33108521
West Bengal,24 Paraganas South,2024,11,0.499645421,24.28625288,22.05679177,88.55190727,23.7739563,25.08255005
West Bengal,24 Paraganas South,2024,12,0.197364229,20.76801037,22.05679177,88.55190727,19.98471069,21.86361694
West Bengal,24 Paraganas South,2025,1,0.049348874,20.15892354,22.05679177,88.55190727,19.53805542,20.87399292
West Bengal,24 Paraganas South,2025,2,0.492211451,24.15674228,22.05679177,88.55190727,23.52127075,24.51541138
West Bengal,24 Paraganas South,2025,3,0.182109332,27.55110544,22.05679177,88.55190727,27.19070435,27.80984497
West Bengal,24 Paraganas South,2025,4,3.1705725,29.0057233,22.05679177,88.55190727,28.68829346,29.26446533
West Bengal,24 Paraganas South,2025,5,5.575044225,29.43313749,22.05679177,88.55190727,29.26449585,29.58480835
West Bengal,24 Paraganas South,2025,6,15.13565013,28.76488057,22.05679177,88.55190727,28.64797974,29.08352661
West Bengal,24 Paraganas South,2025,7,18.48804311,28.00629563,22.05679177,88.55190727,27.86935425,28.2951355
West Bengal,24 Paraganas South,2025,8,10.42423836,27.989578,22.05679177,88.55190727,27.85903931,28.29067993
West Bengal,24 Paraganas South,2025,9,9.714667649,28.17446849,22.05679177,88.55190727,28.03189087,28.44595337
West Bengal,24 Paraganas South,2025,10,4.916843102,27.29484183,22.05679177,88.55190727,26.91763306,27.79653931
West Bengal,Alipurduar,2013,1,0.068255575,15.56179357,26.63268543,89.46303239,14.23135376,16.44424438
West Bengal,Alipurduar,2013,2,0.587865194,19.50381131,26.63268543,89.46303239,18.21633911,20.34133911
West Bengal,Alipurduar,2013,3,0.331762031,23.64704725,26.63268543,89.46303239,21.5758667,25.20477295
West Bengal,Alipurduar,2013,4,3.765449241,25.10576036,26.63268543,89.46303239,23.05194092,26.58905029
West Bengal,Alipurduar,2013,5,7.72052341,25.07732024,26.63268543,89.46303239,23.60610962,26.18618774
West Bengal,Alipurduar,2013,6,17.48835585,26.83750633,26.63268543,89.46303239,25.3927002,27.81262207
West Bengal,Alipurduar,2013,7,26.28940384,26.33891692,26.63268543,89.46303239,24.69894409,27.45285034
West Bengal,Alipurduar,2013,8,18.27997278,26.10052716,26.63268543,89.46303239,24.59524536,27.09133911
West Bengal,Alipurduar,2013,9,10.9715531,26.42545573,26.63268543,89.46303239,24.7875061,27.46133423
West Bengal,Alipurduar,2013,10,3.159084744,24.12127912,26.63268543,89.46303239,22.66012573,25.00192261
West Bengal,Alipurduar,2013,11,0.382521135,19.46499973,26.63268543,89.46303239,18.26947021,20.49407959
West Bengal,Alipurduar,2013,12,0.54881601,17.17343818,26.63268543,89.46303239,15.75698853,18.05776978
West Bengal,Alipurduar,2014,1,0.252980797,16.82909817,26.63268543,89.46303239,15.45626831,17.58126831
West Bengal,Alipurduar,2014,2,1.110041936,17.75660649,26.63268543,89.46303239,16.30709839,18.60983276
West Bengal,Alipurduar,2014,3,0.490103792,22.44815629,26.63268543,89.46303239,20.45358276,23.98873901
West Bengal,Alipurduar,2014,4,0.81286169,26.39450412,26.63268543,89.46303239,24.14370728,28.2081604
West Bengal,Alipurduar,2014,5,13.39631935,25.46610062,26.63268543,89.46303239,24.07894897,26.55551147
West Bengal,Alipurduar,2014,6,24.47163674,26.22809742,26.63268543,89.46303239,24.88702393,27.13897705
West Bengal,Alipurduar,2014,7,17.04618214,26.9132713,26.63268543,89.46303239,25.42086792,27.87789917
West Bengal,Alipurduar,2014,8,31.01740406,26.03733769,26.63268543,89.46303239,24.51947021,27.00970459
West Bengal,Alipurduar,2014,9,19.79781539,25.59207718,26.63268543,89.46303239,24.11508179,26.49203491
West Bengal,Alipurduar,2014,10,0.759126027,24.11008934,26.63268543,89.46303239,22.38150024,25.33853149
West Bengal,Alipurduar,2014,11,0.227553103,21.45376248,26.63268543,89.46303239,19.93972778,22.44949341
West Bengal,Alipurduar,2014,12,0.39652397,17.95857408,26.63268543,89.46303239,16.55709839,18.78170776
West Bengal,Alipurduar,2015,1,0.837822808,16.3637684,26.63268543,89.46303239,14.88272095,17.17764282
West Bengal,Alipurduar,2015,2,0.424858552,19.02362287,26.63268543,89.46303239,17.30270386,20.07418823
West Bengal,Alipurduar,2015,3,1.02418179,23.46643971,26.63268543,89.46303239,21.63845825,24.63650513
West Bengal,Alipurduar,2015,4,5.198178327,23.16915328,26.63268543,89.46303239,21.69946289,24.21508789
West Bengal,Alipurduar,2015,5,10.94195331,25.01116717,26.63268543,89.46303239,23.70394897,25.78988647
West Bengal,Alipurduar,2015,6,25.277077,25.85853859,26.63268543,89.46303239,24.65548706,26.67501831
West Bengal,Alipurduar,2015,7,17.68148239,26.82137496,26.63268543,89.46303239,25.33352661,27.74758911
West Bengal,Alipurduar,2015,8,39.78620967,25.95723922,26.63268543,89.46303239,24.50454712,26.90298462
West Bengal,Alipurduar,2015,9,19.34017379,26.12022117,26.63268543,89.46303239,24.58889771,27.05764771
West Bengal,Alipurduar,2015,10,0.900159765,24.45284921,26.63268543,89.46303239,22.64816284,25.60714722
West Bengal,Alipurduar,2015,11,0.548042333,21.17381456,26.63268543,89.46303239,19.74304199,22.12780762
West Bengal,Alipurduar,2015,12,0.667551959,16.93787186,26.63268543,89.46303239,15.62826538,17.82553101
West Bengal,Alipurduar,2016,1,0.853681776,15.80780707,26.63268543,89.46303239,14.37768555,16.6940918
West Bengal,Alipurduar,2016,2,0.751373432,19.3413312,26.63268543,89.46303239,17.65115356,20.61209106
West Bengal,Alipurduar,2016,3,2.073644426,23.20538556,26.63268543,89.46303239,21.1836853,24.6758728
West Bengal,Alipurduar,2016,4,2.177952519,24.57510941,26.63268543,89.46303239,22.8821106,26.01882935
West Bengal,Alipurduar,2016,5,10.70837176,25.20502839,26.63268543,89.46303239,23.82995605,26.2166748
West Bengal,Alipurduar,2016,6,29.42400445,26.40405047,26.63268543,89.46303239,24.91656494,27.42633057
West Bengal,Alipurduar,2016,7,39.29165762,25.94882541,26.63268543,89.46303239,24.47595215,26.95446777
West Bengal,Alipurduar,2016,8,10.30143568,27.53063061,26.63268543,89.46303239,25.94729614,28.51760864
West Bengal,Alipurduar,2016,9,15.11142081,25.96747956,26.63268543,89.46303239,24.59103394,26.82931519
West Bengal,Alipurduar,2016,10,8.259327076,24.26554136,26.63268543,89.46303239,22.61138916,25.39263916
West Bengal,Alipurduar,2016,11,0.027111182,21.84746184,26.63268543,89.46303239,20.5291748,22.8651123
West Bengal,Alipurduar,2016,12,0.163577521,18.97261104,26.63268543,89.46303239,17.63754272,19.69613647
West Bengal,Alipurduar,2017,1,0.177225078,17.28808933,26.63268543,89.46303239,16.11209106,18.14529419
West Bengal,Alipurduar,2017,2,0.686073939,19.74291992,26.63268543,89.46303239,18.35562134,20.56655884
West Bengal,Alipurduar,2017,3,1.765413355,21.06107585,26.63268543,89.46303239,19.52078247,22.13015747
West Bengal,Alipurduar,2017,4,4.522312588,23.70949074,26.63268543,89.46303239,22.24667358,24.87362671
West Bengal,Alipurduar,2017,5,5.718558983,25.359054,26.63268543,89.46303239,23.91793823,26.33786011
West Bengal,Alipurduar,2017,6,14.57298674,26.57741518,26.63268543,89.46303239,25.07531738,27.57141113
West Bengal,Alipurduar,2017,7,23.90507903,26.51520454,26.63268543,89.46303239,25.07278442,27.43411255
West Bengal,Alipurduar,2017,8,32.32198984,26.52111816,26.63268543,89.46303239,24.95529175,27.52560425
West Bengal,Alipurduar,2017,9,18.96416784,26.12809697,26.63268543,89.46303239,24.58621216,27.09011841
West Bengal,Alipurduar,2017,10,6.156103064,24.42336245,26.63268543,89.46303239,22.87380981,25.41873169
West Bengal,Alipurduar,2017,11,0.111679218,20.50439001,26.63268543,89.46303239,19.00460815,21.51046753
West Bengal,Alipurduar,2017,12,0.122284677,18.89184005,26.63268543,89.46303239,17.54519653,19.76004028
West Bengal,Alipurduar,2018,1,0.156185698,16.01329097,26.63268543,89.46303239,14.74990845,16.72647095
West Bengal,Alipurduar,2018,2,0.758517089,19.02459265,26.63268543,89.46303239,17.40704346,20.08673096
West Bengal,Alipurduar,2018,3,2.121517464,22.12174027,26.63268543,89.46303239,20.32247925,23.57247925
West Bengal,Alipurduar,2018,4,3.987512942,23.91422526,26.63268543,89.46303239,22.30557251,25.07705688
West Bengal,Alipurduar,2018,5,9.425092344,24.63288484,26.63268543,89.46303239,23.21484375,25.60351563
West Bengal,Alipurduar,2018,6,21.74356644,26.63204843,26.63268543,89.46303239,25.07345581,27.62423706
West Bengal,Alipurduar,2018,7,25.63469781,26.80239077,26.63268543,89.46303239,25.18563843,27.86532593
West Bengal,Alipurduar,2018,8,17.13437907,26.95088252,26.63268543,89.46303239,25.41268921,27.96151733
West Bengal,Alipurduar,2018,9,14.16892949,26.08542209,26.63268543,89.46303239,24.42251587,27.12564087
West Bengal,Alipurduar,2018,10,1.612480446,23.36266638,26.63268543,89.46303239,21.8687439,24.32382202
West Bengal,Alipurduar,2018,11,0.295179067,20.8806288,26.63268543,89.46303239,19.5151062,21.74752808
West Bengal,Alipurduar,2018,12,0.476981375,17.22431437,26.63268543,89.46303239,15.95803833,18.11428833
West Bengal,Alipurduar,2019,1,0.036575041,16.920244,26.63268543,89.46303239,15.55197144,17.83517456
West Bengal,Alipurduar,2019,2,2.450815837,18.7663642,26.63268543,89.46303239,17.4006958,19.59210205
West Bengal,Alipurduar,2019,3,0.858941114,21.92827239,26.63268543,89.46303239,20.49533081,22.96798706
West Bengal,Alipurduar,2019,4,3.920505665,24.97254322,26.63268543,89.46303239,23.20315552,26.28909302
West Bengal,Alipurduar,2019,5,9.621272334,24.75247758,26.63268543,89.46303239,23.47079468,25.56845093
West Bengal,Alipurduar,2019,6,19.25442618,26.8255344,26.63268543,89.46303239,25.39172363,27.79797363
West Bengal,Alipurduar,2019,7,42.38040726,26.28826226,26.63268543,89.46303239,24.84005737,27.26583862
West Bengal,Alipurduar,2019,8,17.60610849,27.60738118,26.63268543,89.46303239,26.07092285,28.5592041
West Bengal,Alipurduar,2019,9,20.2466182,25.84167028,26.63268543,89.46303239,24.43954468,26.7618103
West Bengal,Alipurduar,2019,10,1.864838212,23.91515209,26.63268543,89.46303239,22.34078979,24.88180542
West Bengal,Alipurduar,2019,11,0.26808495,22.52622703,26.63268543,89.46303239,20.96676636,23.54489136
West Bengal,Alipurduar,2019,12,0.290562665,16.86500041,26.63268543,89.46303239,15.35067749,17.83700562
West Bengal,Alipurduar,2020,1,0.782641234,16.10420736,26.63268543,89.46303239,14.57165527,16.99157715
West Bengal,Alipurduar,2020,2,0.54546003,18.13712452,26.63268543,89.46303239,16.39956665,19.2628479
West Bengal,Alipurduar,2020,3,1.211204953,22.38661024,26.63268543,89.46303239,20.47558594,23.70019531
West Bengal,Alipurduar,2020,4,4.310869288,24.32558187,26.63268543,89.46303239,22.24224854,25.73443604
West Bengal,Alipurduar,2020,5,14.20122387,24.97127279,26.63268543,89.46303239,23.42837524,25.99478149
West Bengal,Alipurduar,2020,6,24.86117667,26.02453839,26.63268543,89.46303239,24.4241333,27.01397705
West Bengal,Alipurduar,2020,7,39.52759693,25.96227123,26.63268543,89.46303239,24.35549927,26.94729614
West Bengal,Alipurduar,2020,8,12.38791346,27.08650716,26.63268543,89.46303239,25.38345337,28.11978149
West Bengal,Alipurduar,2020,9,27.05906847,25.89969889,26.63268543,89.46303239,24.34182739,26.80081177
West Bengal,Alipurduar,2020,10,3.095419425,24.98896846,26.63268543,89.46303239,23.1234436,26.19766235
West Bengal,Alipurduar,2020,11,0.154789872,20.62291576,26.63268543,89.46303239,19.22122192,21.6411438
West Bengal,Alipurduar,2020,12,0.317138001,17.60624864,26.63268543,89.46303239,16.15594482,18.4039917
West Bengal,Alipurduar,2021,1,0.791761045,16.77655934,26.63268543,89.46303239,15.12103271,17.66595459
West Bengal,Alipurduar,2021,2,0.353194413,18.63592416,26.63268543,89.46303239,16.79550171,19.85214233
West Bengal,Alipurduar,2021,3,1.458641194,22.65224429,26.63268543,89.46303239,20.65658569,24.00424194
West Bengal,Alipurduar,2021,4,1.833576909,24.92097982,26.63268543,89.46303239,23.11245728,26.33120728
West Bengal,Alipurduar,2021,5,7.621806392,25.25949888,26.63268543,89.46303239,23.74655151,26.20162964
West Bengal,Alipurduar,2021,6,21.57381637,26.18830928,26.63268543,89.46303239,24.6333313,27.1723938
West Bengal,Alipurduar,2021,7,20.92744954,26.6308865,26.63268543,89.46303239,25.00415039,27.60571289
West Bengal,Alipurduar,2021,8,26.01937301,26.05110225,26.63268543,89.46303239,24.42501831,27.02462769
West Bengal,Alipurduar,2021,9,7.922320331,26.89944571,26.63268543,89.46303239,25.21780396,27.90335083
West Bengal,Alipurduar,2021,10,19.23134811,24.91078469,26.63268543,89.46303239,23.20852661,25.92727661
West Bengal,Alipurduar,2021,11,0.147913862,20.03191913,26.63268543,89.46303239,18.71572876,21.03018188
West Bengal,Alipurduar,2021,12,0.229894055,17.94565045,26.63268543,89.46303239,16.32766724,18.91360474
West Bengal,Alipurduar,2022,1,0.371077078,16.11472236,26.63268543,89.46303239,14.63577271,17.07913208
West Bengal,Alipurduar,2022,2,1.721660614,16.11958483,26.63268543,89.46303239,14.44857788,17.25717163
West Bengal,Alipurduar,2022,3,0.407180715,24.42742694,26.63268543,89.46303239,22.41064453,25.88330078
West Bengal,Alipurduar,2022,4,7.621052495,23.7534564,26.63268543,89.46303239,22.40594482,24.73406982
West Bengal,Alipurduar,2022,5,14.54296423,25.04555935,26.63268543,89.46303239,23.58093262,25.95593262
West Bengal,Alipurduar,2022,6,44.85285554,25.20227051,26.63268543,89.46303239,23.66769409,26.12667847
West Bengal,Alipurduar,2022,7,11.11988661,27.38701262,26.63268543,89.46303239,25.6579895,28.42166138
West Bengal,Alipurduar,2022,8,12.39316587,27.30679886,26.63268543,89.46303239,25.57589722,28.31808472
West Bengal,Alipurduar,2022,9,5.65931193,26.27222584,26.63268543,89.46303239,24.55361938,27.23330688
West Bengal,Alipurduar,2022,10,3.167321664,23.85207791,26.63268543,89.46303239,22.09701538,24.81576538
West Bengal,Alipurduar,2022,11,0.006851758,20.43876139,26.63268543,89.46303239,18.73751831,21.64181519
West Bengal,Alipurduar,2022,12,0.011577436,18.38947663,26.63268543,89.46303239,16.93041992,19.4987793
West Bengal,Alipurduar,2023,1,0.198549447,16.63927884,26.63268543,89.46303239,15.06723022,17.53207397
West Bengal,Alipurduar,2023,2,0.245505386,19.50036169,26.63268543,89.46303239,17.73300171,20.62753296
West Bengal,Alipurduar,2023,3,1.316831659,22.31913701,26.63268543,89.46303239,20.43856812,23.57528687
West Bengal,Alipurduar,2023,4,1.36701273,24.91523799,26.63268543,89.46303239,23.27294922,26.18505859
West Bengal,Alipurduar,2023,5,3.184063947,25.74753373,26.63268543,89.46303239,24.262146,26.777771
West Bengal,Alipurduar,2023,6,16.36588203,26.72385887,26.63268543,89.46303239,25.3878479,27.5597229
West Bengal,Alipurduar,2023,7,14.04801884,27.30654116,26.63268543,89.46303239,25.71322632,28.24642944
West Bengal,Alipurduar,2023,8,16.0260281,27.02408854,26.63268543,89.46303239,25.31777954,28.01895142
West Bengal,Alipurduar,2023,9,6.213979085,27.55181659,26.63268543,89.46303239,25.85787964,28.47116089
West Bengal,Alipurduar,2023,10,4.164303532,24.30208333,26.63268543,89.46303239,22.58926392,25.27481079
West Bengal,Alipurduar,2023,11,0.045607302,21.93264431,26.63268543,89.46303239,20.1184082,23.02661133
West Bengal,Alipurduar,2023,12,0.1608187,18.9902615,26.63268543,89.46303239,17.43051147,19.77035522
West Bengal,Alipurduar,2024,1,0.049244625,16.28462954,26.63268543,89.46303239,14.55206299,17.21612549
West Bengal,Alipurduar,2024,2,0.182776769,18.6569406,26.63268543,89.46303239,16.86013794,19.75662231
West Bengal,Alipurduar,2024,3,2.111488342,22.75379774,26.63268543,89.46303239,20.92227173,23.8109436
West Bengal,Alipurduar,2024,4,0.499478693,27.18183277,26.63268543,89.46303239,24.84075928,28.82904053
West Bengal,Alipurduar,2024,5,8.282519305,27.71973108,26.63268543,89.46303239,25.7923584,28.77478027
West Bengal,Alipurduar,2024,6,34.30173973,26.48352051,26.63268543,89.46303239,25.08566284,27.29660034
West Bengal,Alipurduar,2024,7,27.63250958,27.48271575,26.63268543,89.46303239,25.79919434,28.45153809
West Bengal,Alipurduar,2024,8,15.98761325,27.03857874,26.63268543,89.46303239,25.40475464,27.90670776
West Bengal,Alipurduar,2024,9,14.62392171,27.85463234,26.63268543,89.46303239,26.03048706,28.81564331
West Bengal,Alipurduar,2024,10,4.579894454,24.69870786,26.63268543,89.46303239,23.16311646,25.55764771
West Bengal,Alipurduar,2024,11,0.147920008,21.38767271,26.63268543,89.46303239,19.65872192,22.41262817
West Bengal,Alipurduar,2024,12,0.085335484,18.14732643,26.63268543,89.46303239,16.57260132,19.08822632
West Bengal,Alipurduar,2025,1,0.449327186,17.71152186,26.63268543,89.46303239,16.19235229,18.36422729
West Bengal,Alipurduar,2025,2,0.91028383,18.59158325,26.63268543,89.46303239,16.67556763,19.8611145
West Bengal,Alipurduar,2025,3,1.448282878,22.38818811,26.63268543,89.46303239,20.38015747,23.80593872
West Bengal,Alipurduar,2025,4,3.910999439,25.07363779,26.63268543,89.46303239,23.26446533,26.23907471
West Bengal,Alipurduar,2025,5,19.59546351,25.52100514,26.63268543,89.46303239,24.01644897,26.41098022
West Bengal,Alipurduar,2025,6,10.92746085,27.42727774,26.63268543,89.46303239,25.73001099,28.38821411
West Bengal,Alipurduar,2025,7,13.72585155,27.68228715,26.63268543,89.46303239,25.94161987,28.662323
West Bengal,Alipurduar,2025,8,23.79533556,26.62292933,26.63268543,89.46303239,24.88442993,27.60708618
West Bengal,Alipurduar,2025,9,11.16694811,27.12701642,26.63268543,89.46303239,25.34439087,28.08462524
West Bengal,Alipurduar,2025,10,8.828456172,24.99879738,26.63268543,89.46303239,23.19888306,26.08169556
West Bengal,Bankura,2013,1,0.067419545,17.5883458,23.13919862,87.13627526,16.96963501,18.24697876
West Bengal,Bankura,2013,2,0.547710548,21.09746383,23.13919862,87.13627526,20.64993286,21.57376099
West Bengal,Bankura,2013,3,0.19310636,26.71692101,23.13919862,87.13627526,26.17352295,27.1539917
West Bengal,Bankura,2013,4,1.204725362,30.42210673,23.13919862,87.13627526,29.71209717,30.60076904
West Bengal,Bankura,2013,5,5.619583389,30.53444038,23.13919862,87.13627526,30.05142212,30.88345337
West Bengal,Bankura,2013,6,6.041704598,28.35883499,23.13919862,87.13627526,27.6973877,28.58410645
West Bengal,Bankura,2013,7,6.142178293,27.7946136,23.13919862,87.13627526,27.01925659,28.13449097
West Bengal,Bankura,2013,8,11.6805151,27.1318587,23.13919862,87.13627526,26.65579224,27.40969849
West Bengal,Bankura,2013,9,7.865115925,27.26982918,23.13919862,87.13627526,26.7406311,27.44570923
West Bengal,Bankura,2013,10,10.40855382,25.01993056,23.13919862,87.13627526,24.50582886,25.31832886
West Bengal,Bankura,2013,11,0.009713335,21.12963867,23.13919862,87.13627526,20.46868896,21.67181396
West Bengal,Bankura,2013,12,0.011669879,18.65552585,23.13919862,87.13627526,17.99917603,19.11831665
West Bengal,Bankura,2014,1,0.07215095,17.56951594,23.13919862,87.13627526,16.83126831,18.26486206
West Bengal,Bankura,2014,2,1.467539771,20.23777849,23.13919862,87.13627526,19.43014526,21.06100464
West Bengal,Bankura,2014,3,0.548472647,25.3542046,23.13919862,87.13627526,24.45162964,26.06686401
West Bengal,Bankura,2014,4,0.147789389,31.63556425,23.13919862,87.13627526,30.85855103,32.12026978
West Bengal,Bankura,2014,5,3.436346022,31.996851,23.13919862,87.13627526,31.3934021,32.25863647
West Bengal,Bankura,2014,6,9.148496466,30.34981627,23.13919862,87.13627526,29.9397583,30.60577393
West Bengal,Bankura,2014,7,10.88926671,27.60091904,23.13919862,87.13627526,26.91696167,27.97360229
West Bengal,Bankura,2014,8,9.900302693,27.72858597,23.13919862,87.13627526,27.10150146,27.96282959
West Bengal,Bankura,2014,9,4.323005288,27.33485749,23.13919862,87.13627526,26.84164429,27.53695679
West Bengal,Bankura,2014,10,1.920816712,25.59925765,23.13919862,87.13627526,25.19985962,25.91860962
West Bengal,Bankura,2014,11,0.001149065,22.23839091,23.13919862,87.13627526,21.38308716,22.81668091
West Bengal,Bankura,2014,12,0.025689988,18.25668076,23.13919862,87.13627526,17.48287964,18.76217651
West Bengal,Bankura,2015,1,0.840409489,18.11666611,23.13919862,87.13627526,17.56436157,18.4413147
West Bengal,Bankura,2015,2,0.49633427,22.38801187,23.13919862,87.13627526,21.67770386,23.15036011
West Bengal,Bankura,2015,3,1.071466608,26.47879908,23.13919862,87.13627526,25.66970825,27.2986145
West Bengal,Bankura,2015,4,3.371280218,28.73299705,23.13919862,87.13627526,28.15649414,29.36352539
West Bengal,Bankura,2015,5,2.156233448,31.56246276,23.13919862,87.13627526,30.92660522,32.08676147
West Bengal,Bankura,2015,6,8.346349167,29.77370026,23.13919862,87.13627526,29.27072144,29.96408081
West Bengal,Bankura,2015,7,20.89415883,27.48676468,23.13919862,87.13627526,27.02297974,27.64016724
West Bengal,Bankura,2015,8,8.804629568,27.85951983,23.13919862,87.13627526,27.31509399,28.14907837
West Bengal,Bankura,2015,9,4.571440099,28.13875257,23.13919862,87.13627526,27.67678833,28.30764771
West Bengal,Bankura,2015,10,1.009563381,26.54540809,23.13919862,87.13627526,26.22433472,26.86886597
West Bengal,Bankura,2015,11,0.027710393,24.07825121,23.13919862,87.13627526,23.53796387,24.66491699
West Bengal,Bankura,2015,12,0.431107861,19.94692217,23.13919862,87.13627526,19.36654663,20.30209351
West Bengal,Bankura,2016,1,0.400696447,18.66045832,23.13919862,87.13627526,17.95581055,19.43432617
West Bengal,Bankura,2016,2,1.926818589,23.56243586,23.13919862,87.13627526,22.67849731,24.40505981
West Bengal,Bankura,2016,3,0.422690375,27.63889533,23.13919862,87.13627526,26.9102478,28.47079468
West Bengal,Bankura,2016,4,0.340286384,33.62641726,23.13919862,87.13627526,33.05007935,34.38796997
West Bengal,Bankura,2016,5,3.606353501,30.78404107,23.13919862,87.13627526,30.18737793,31.41003418
West Bengal,Bankura,2016,6,4.582177114,29.78934802,23.13919862,87.13627526,29.27789307,30.06695557
West Bengal,Bankura,2016,7,8.232190148,27.73445983,23.13919862,87.13627526,27.1361084,27.9798584
West Bengal,Bankura,2016,8,10.8767814,27.5596179,23.13919862,87.13627526,26.94338989,27.80667114
West Bengal,Bankura,2016,9,8.511233572,27.21427892,23.13919862,87.13627526,26.60665894,27.46212769
West Bengal,Bankura,2016,10,2.134895066,25.95133326,23.13919862,87.13627526,25.46295166,26.30279541
West Bengal,Bankura,2016,11,0.216562659,22.378089,23.13919862,87.13627526,21.83581543,22.69714355
West Bengal,Bankura,2016,12,0.004038003,19.70398156,23.13919862,87.13627526,19.07504272,20.18832397
West Bengal,Bankura,2017,1,0.111909446,18.82875604,23.13919862,87.13627526,18.12380981,19.39529419
West Bengal,Bankura,2017,2,0.019553811,22.63882498,23.13919862,87.13627526,21.83999634,23.38491821
West Bengal,Bankura,2017,3,0.664395801,26.43563998,23.13919862,87.13627526,25.4992981,27.3352356
West Bengal,Bankura,2017,4,2.210293269,30.64924854,23.13919862,87.13627526,30.23690796,31.09042358
West Bengal,Bankura,2017,5,3.327594822,31.00536696,23.13919862,87.13627526,30.46090698,31.42184448
West Bengal,Bankura,2017,6,6.616710598,29.99414683,23.13919862,87.13627526,29.44641113,30.22766113
West Bengal,Bankura,2017,7,15.54065148,27.41206593,23.13919862,87.13627526,26.8052063,27.68606567
West Bengal,Bankura,2017,8,9.02363095,27.78722317,23.13919862,87.13627526,27.18380737,28.03536987
West Bengal,Bankura,2017,9,8.394825046,28.02874446,23.13919862,87.13627526,27.59402466,28.19949341
West Bengal,Bankura,2017,10,5.601300773,26.02645202,23.13919862,87.13627526,25.59255981,26.38162231
West Bengal,Bankura,2017,11,0.607754724,21.62341722,23.13919862,87.13627526,21.22921753,21.95968628
West Bengal,Bankura,2017,12,1.218766293,19.11600611,23.13919862,87.13627526,18.74441528,19.46707153
West Bengal,Bankura,2018,1,0.000817353,16.68227787,23.13919862,87.13627526,16.04092407,17.27920532
West Bengal,Bankura,2018,2,0.062000994,22.91227489,23.13919862,87.13627526,22.04376221,23.72735596
West Bengal,Bankura,2018,3,0.449895471,27.57459737,23.13919862,87.13627526,26.76779175,28.30099487
West Bengal,Bankura,2018,4,3.120909093,28.55851927,23.13919862,87.13627526,28.19424438,28.84268188
West Bengal,Bankura,2018,5,5.489132639,29.17991923,23.13919862,87.13627526,28.75,29.9140625
West Bengal,Bankura,2018,6,5.494050624,29.97550111,23.13919862,87.13627526,29.63986206,30.23751831
West Bengal,Bankura,2018,7,11.38214318,27.91792737,23.13919862,87.13627526,27.22470093,28.19540405
West Bengal,Bankura,2018,8,7.269829702,27.73187566,23.13919862,87.13627526,27.05917358,28.00839233
West Bengal,Bankura,2018,9,5.740681276,27.70757332,23.13919862,87.13627526,27.16079712,27.98696899
West Bengal,Bankura,2018,10,2.262035822,25.4791777,23.13919862,87.13627526,25.07772827,25.83358765
West Bengal,Bankura,2018,11,0.04737837,23.0768774,23.13919862,87.13627526,22.60494995,23.45846558
West Bengal,Bankura,2018,12,1.870557882,17.87276342,23.13919862,87.13627526,17.41702271,18.30960083
West Bengal,Bankura,2019,1,0.041581594,17.68044682,23.13919862,87.13627526,17.26290894,18.00314331
West Bengal,Bankura,2019,2,2.881255586,21.43694551,23.13919862,87.13627526,21.00616455,21.86358643
West Bengal,Bankura,2019,3,1.007054798,25.32259459,23.13919862,87.13627526,24.64376831,26.02853394
West Bengal,Bankura,2019,4,2.134702779,29.39247674,23.13919862,87.13627526,28.82424927,29.65432739
West Bengal,Bankura,2019,5,4.737018133,31.17818955,23.13919862,87.13627526,30.70321655,31.5821228
West Bengal,Bankura,2019,6,6.266102936,30.64980096,23.13919862,87.13627526,30.11633301,31.22180176
West Bengal,Bankura,2019,7,7.588103731,28.83409817,23.13919862,87.13627526,28.19747925,29.10958862
West Bengal,Bankura,2019,8,9.652193748,27.8769014,23.13919862,87.13627526,27.21154785,28.17834473
West Bengal,Bankura,2019,9,8.359177412,27.15971762,23.13919862,87.13627526,26.52938843,27.48446655
West Bengal,Bankura,2019,10,6.866928876,25.49184198,23.13919862,87.13627526,25.11813354,25.92672729
West Bengal,Bankura,2019,11,0.322559389,23.07720016,23.13919862,87.13627526,22.58004761,23.33590698
West Bengal,Bankura,2019,12,0.582223278,18.90360997,23.13919862,87.13627526,18.13192749,19.32528687
West Bengal,Bankura,2020,1,0.812961966,17.7576325,23.13919862,87.13627526,17.05993652,18.33337402
West Bengal,Bankura,2020,2,0.415973663,20.10216251,23.13919862,87.13627526,19.16714478,20.80581665
West Bengal,Bankura,2020,3,0.785594552,25.7747451,23.13919862,87.13627526,24.41308594,26.40527344
West Bengal,Bankura,2020,4,3.464452711,29.10298183,23.13919862,87.13627526,28.48052979,29.64263916
West Bengal,Bankura,2020,5,5.947107865,28.97766734,23.13919862,87.13627526,28.67251587,29.29946899
West Bengal,Bankura,2020,6,8.532777948,28.55866823,23.13919862,87.13627526,28.09405518,28.84210205
West Bengal,Bankura,2020,7,9.222304522,28.32951329,23.13919862,87.13627526,27.82620239,28.61331177
West Bengal,Bankura,2020,8,11.59147618,27.94754287,23.13919862,87.13627526,27.38345337,28.22329712
West Bengal,Bankura,2020,9,6.138670323,28.16300111,23.13919862,87.13627526,27.74612427,28.39456177
West Bengal,Bankura,2020,10,2.973427983,26.74755032,23.13919862,87.13627526,26.15859985,27.04727173
West Bengal,Bankura,2020,11,0.076668141,22.91908393,23.13919862,87.13627526,22.23294067,23.35598755
West Bengal,Bankura,2020,12,0.026477371,18.99466201,23.13919862,87.13627526,18.22821045,19.4899292
West Bengal,Bankura,2021,1,0.003310249,18.86225917,23.13919862,87.13627526,17.90228271,19.62298584
West Bengal,Bankura,2021,2,0.216809208,21.43539791,23.13919862,87.13627526,20.84823608,22.11581421
West Bengal,Bankura,2021,3,0.626638639,27.40135477,23.13919862,87.13627526,26.61752319,28.35189819
West Bengal,Bankura,2021,4,0.843768233,30.72219693,23.13919862,87.13627526,30.29605103,31.10855103
West Bengal,Bankura,2021,5,6.16860755,29.06673108,23.13919862,87.13627526,28.46530151,29.55319214
West Bengal,Bankura,2021,6,8.459248171,28.6462423,23.13919862,87.13627526,28.11380005,28.86380005
West Bengal,Bankura,2021,7,8.632531118,28.1292166,23.13919862,87.13627526,27.57446289,28.40844727
West Bengal,Bankura,2021,8,8.50547144,27.81216689,23.13919862,87.13627526,27.30197144,28.02853394
West Bengal,Bankura,2021,9,15.05529578,26.78848111,23.13919862,87.13627526,26.21585083,27.07131958
West Bengal,Bankura,2021,10,4.146149975,26.41059281,23.13919862,87.13627526,25.92727661,26.80032349
West Bengal,Bankura,2021,11,1.43275762,21.83076503,23.13919862,87.13627526,21.37979126,22.17666626
West Bengal,Bankura,2021,12,3.35096508,18.50748767,23.13919862,87.13627526,18.21633911,18.73001099
West Bengal,Bankura,2022,1,1.247733423,16.92304812,23.13919862,87.13627526,16.43850708,17.33108521
West Bengal,Bankura,2022,2,1.647548094,19.13240284,23.13919862,87.13627526,18.52279663,19.81967163
West Bengal,Bankura,2022,3,0.016263117,26.77988447,23.13919862,87.13627526,26.41455078,27.34228516
West Bengal,Bankura,2022,4,0.607035621,31.7228797,23.13919862,87.13627526,30.9039917,32.17938232
West Bengal,Bankura,2022,5,2.69680631,30.08699062,23.13919862,87.13627526,29.75280762,30.68444824
West Bengal,Bankura,2022,6,4.070202326,30.45526847,23.13919862,87.13627526,29.99972534,30.62277222
West Bengal,Bankura,2022,7,4.395532123,28.24978689,23.13919862,87.13627526,27.4236145,28.60916138
West Bengal,Bankura,2022,8,10.70691125,27.77342716,23.13919862,87.13627526,27.08956909,28.08761597
West Bengal,Bankura,2022,9,3.959197481,27.6369091,23.13919862,87.13627526,27.15322876,27.87783813
West Bengal,Bankura,2022,10,2.346174596,25.67308743,23.13919862,87.13627526,25.18490601,26.00131226
West Bengal,Bankura,2022,11,0.005858777,21.85073284,23.13919862,87.13627526,21.40939331,22.16329956
West Bengal,Bankura,2022,12,0.001254521,19.39036431,23.13919862,87.13627526,18.7800293,19.7644043
West Bengal,Bankura,2023,1,0.011116197,18.96003956,23.13919862,87.13627526,18.22543335,19.59457397
West Bengal,Bankura,2023,2,0.003764441,22.46237752,23.13919862,87.13627526,21.76034546,22.96737671
West Bengal,Bankura,2023,3,1.274540788,26.03566108,23.13919862,87.13627526,25.59481812,26.76473999
West Bengal,Bankura,2023,4,0.708241285,30.23166876,23.13919862,87.13627526,29.70263672,30.69091797
West Bengal,Bankura,2023,5,0.803525375,31.20907955,23.13919862,87.13627526,30.70159912,31.61175537
West Bengal,Bankura,2023,6,1.980426594,32.36543714,23.13919862,87.13627526,31.79214478,32.69448853
West Bengal,Bankura,2023,7,3.329696397,28.77512993,23.13919862,87.13627526,28.08822632,29.03158569
West Bengal,Bankura,2023,8,5.12540966,28.28897974,23.13919862,87.13627526,27.72598267,28.55410767
West Bengal,Bankura,2023,9,5.956575038,27.70778643,23.13919862,87.13627526,27.11764526,28.04342651
West Bengal,Bankura,2023,10,1.522427058,26.21294028,23.13919862,87.13627526,25.71817017,26.57363892
West Bengal,Bankura,2023,11,0.090106617,23.7980626,23.13919862,87.13627526,23.33911133,24.15942383
West Bengal,Bankura,2023,12,0.8720482,19.15988728,23.13919862,87.13627526,18.66098022,19.7215271
West Bengal,Bankura,2024,1,0.536388139,17.55941307,23.13919862,87.13627526,16.93096924,18.15948486
West Bengal,Bankura,2024,2,0.286348181,21.36288607,23.13919862,87.13627526,20.71365356,22.36404419
West Bengal,Bankura,2024,3,0.907527083,25.94289592,23.13919862,87.13627526,25.29727173,26.7953186
West Bengal,Bankura,2024,4,0.078649731,32.66206386,23.13919862,87.13627526,31.9442749,33.14154053
West Bengal,Bankura,2024,5,3.790973211,31.16772254,23.13919862,87.13627526,30.52478027,31.57946777
West Bengal,Bankura,2024,6,3.282403202,32.84433759,23.13919862,87.13627526,31.73605347,33.44308472
West Bengal,Bankura,2024,7,8.054619741,28.53472797,23.13919862,87.13627526,27.89880371,28.77770996
West Bengal,Bankura,2024,8,13.99355717,27.59635899,23.13919862,87.13627526,27.01998901,27.81881714
West Bengal,Bankura,2024,9,15.64595161,27.9606375,23.13919862,87.13627526,27.40939331,28.20626831
West Bengal,Bankura,2024,10,7.307375633,26.92817921,23.13919862,87.13627526,26.54592896,27.22952271
West Bengal,Bankura,2024,11,0.059732954,22.87786969,23.13919862,87.13627526,22.38723755,23.30325317
West Bengal,Bankura,2024,12,0.160018339,18.82309736,23.13919862,87.13627526,18.25033569,19.24838257
West Bengal,Bankura,2025,1,0.014289828,18.52299267,23.13919862,87.13627526,17.91696167,18.84860229
West Bengal,Bankura,2025,2,0.808599052,22.39322572,23.13919862,87.13627526,21.837677,23.09939575
West Bengal,Bankura,2025,3,0.753734007,26.83887753,23.13919862,87.13627526,26.37820435,27.14968872
West Bengal,Bankura,2025,4,1.512882944,29.90131753,23.13919862,87.13627526,29.23321533,30.11016846
West Bengal,Bankura,2025,5,4.065565465,30.12380412,23.13919862,87.13627526,29.7996521,30.36019897
West Bengal,Bankura,2025,6,14.62560414,28.78006447,23.13919862,87.13627526,28.18118286,29.02493286
West Bengal,Bankura,2025,7,16.69158522,27.42357778,23.13919862,87.13627526,26.90060425,27.709198
West Bengal,Bankura,2025,8,12.06315173,27.46742171,23.13919862,87.13627526,26.91567993,27.75357056
West Bengal,Bankura,2025,9,8.56986353,27.66112867,23.13919862,87.13627526,27.09048462,27.88735962
West Bengal,Bankura,2025,10,2.722660647,26.36516403,23.13919862,87.13627526,25.93325806,26.69107056
West Bengal,Birbhum,2013,1,0.067116815,17.08137264,23.95437346,87.6633034,16.32510376,17.82119751
West Bengal,Birbhum,2013,2,0.464704469,20.91396882,23.95437346,87.6633034,20.11282349,21.50930786
West Bengal,Birbhum,2013,3,0.127486251,26.49297102,23.95437346,87.6633034,25.9274292,27.22625732
West Bengal,Birbhum,2013,4,1.390505946,29.91631086,23.95437346,87.6633034,29.14764404,30.44451904
West Bengal,Birbhum,2013,5,4.566073395,29.62723133,23.95437346,87.6633034,28.74087524,30.29556274
West Bengal,Birbhum,2013,6,5.595323784,28.72200615,23.95437346,87.6633034,28.22668457,28.97277832
West Bengal,Birbhum,2013,7,5.393887897,28.29133074,23.95437346,87.6633034,27.81027222,28.50167847
West Bengal,Birbhum,2013,8,9.947502669,27.42736816,23.95437346,87.6633034,26.99368286,27.63626099
West Bengal,Birbhum,2013,9,6.873512445,27.74385674,23.95437346,87.6633034,27.21524048,28.04336548
West Bengal,Birbhum,2013,10,5.979465218,25.38464355,23.95437346,87.6633034,24.80075073,25.70309448
West Bengal,Birbhum,2013,11,0.027587214,21.30031142,23.95437346,87.6633034,20.49993896,22.22064209
West Bengal,Birbhum,2013,12,0.038808914,18.61636424,23.95437346,87.6633034,17.97769165,19.40737915
West Bengal,Birbhum,2014,1,0.238690265,17.15244311,23.95437346,87.6633034,16.54025269,17.90548706
West Bengal,Birbhum,2014,2,2.041932927,19.61882551,23.95437346,87.6633034,18.85983276,20.44381714
West Bengal,Birbhum,2014,3,0.315058997,24.75399993,23.95437346,87.6633034,24.16842651,25.32662964
West Bengal,Birbhum,2014,4,0.181866047,30.99667855,23.95437346,87.6633034,30.39175415,31.58120728
West Bengal,Birbhum,2014,5,3.520749824,31.45671898,23.95437346,87.6633034,31.08285522,31.94418335
West Bengal,Birbhum,2014,6,12.08588072,30.27547011,23.95437346,87.6633034,30.01397705,30.4163208
West Bengal,Birbhum,2014,7,9.783638888,28.11985885,23.95437346,87.6633034,27.59469604,28.37789917
West Bengal,Birbhum,2014,8,8.666832502,28.10286269,23.95437346,87.6633034,27.67572021,28.30267334
West Bengal,Birbhum,2014,9,5.006209263,27.64237941,23.95437346,87.6633034,27.11898804,27.96469116
West Bengal,Birbhum,2014,10,1.869461414,25.84184797,23.95437346,87.6633034,25.15689087,26.43228149
West Bengal,Birbhum,2014,11,0.001569049,22.10151992,23.95437346,87.6633034,21.30105591,23.09011841
West Bengal,Birbhum,2014,12,0.036874815,18.31958859,23.95437346,87.6633034,17.55319214,19.09811401
West Bengal,Birbhum,2015,1,0.642362728,17.9970476,23.95437346,87.6633034,17.31826782,18.6835022
West Bengal,Birbhum,2015,2,0.644030638,21.47884777,23.95437346,87.6633034,20.62301636,22.19723511
West Bengal,Birbhum,2015,3,2.052759392,25.53934922,23.95437346,87.6633034,24.6423645,26.19314575
West Bengal,Birbhum,2015,4,3.311281426,27.73984261,23.95437346,87.6633034,26.95922852,28.15063477
West Bengal,Birbhum,2015,5,2.499859122,30.73401731,23.95437346,87.6633034,30.0887146,31.1668396
West Bengal,Birbhum,2015,6,9.602925145,29.57972327,23.95437346,87.6633034,29.41915894,29.72970581
West Bengal,Birbhum,2015,7,22.65705481,27.64611816,23.95437346,87.6633034,27.28469849,27.84133911
West Bengal,Birbhum,2015,8,8.88701257,28.02280728,23.95437346,87.6633034,27.59634399,28.24868774
West Bengal,Birbhum,2015,9,5.59389833,28.50941077,23.95437346,87.6633034,27.97561646,28.82717896
West Bengal,Birbhum,2015,10,1.121010359,26.67854912,23.95437346,87.6633034,26.14230347,27.07199097
West Bengal,Birbhum,2015,11,0.042922389,23.96170115,23.95437346,87.6633034,23.35241699,24.58679199
West Bengal,Birbhum,2015,12,0.203224116,19.7613497,23.95437346,87.6633034,19.16928101,20.53060913
West Bengal,Birbhum,2016,1,0.444650295,18.11024369,23.95437346,87.6633034,17.5144043,18.88745117
West Bengal,Birbhum,2016,2,1.673734975,22.69008051,23.95437346,87.6633034,22.12771606,23.37380981
West Bengal,Birbhum,2016,3,1.033521785,27.06845022,23.95437346,87.6633034,26.64852905,27.54110718
West Bengal,Birbhum,2016,4,0.383052028,32.09186785,23.95437346,87.6633034,30.84890747,32.7414856
West Bengal,Birbhum,2016,5,5.058506456,29.69033033,23.95437346,87.6633034,28.95690918,30.21276855
West Bengal,Birbhum,2016,6,4.940359071,29.76858308,23.95437346,87.6633034,29.48297119,29.88726807
West Bengal,Birbhum,2016,7,10.78686878,27.94279444,23.95437346,87.6633034,27.59509277,28.12438965
West Bengal,Birbhum,2016,8,9.687248762,28.12048908,23.95437346,87.6633034,27.55862427,28.42385864
West Bengal,Birbhum,2016,9,9.547279535,27.62010299,23.95437346,87.6633034,27.13204956,27.85079956
West Bengal,Birbhum,2016,10,2.416068144,26.45591275,23.95437346,87.6633034,25.76373291,26.96099854
West Bengal,Birbhum,2016,11,0.053137192,23.02635867,23.95437346,87.6633034,22.29284668,23.69519043
West Bengal,Birbhum,2016,12,0.0130901,19.90266738,23.95437346,87.6633034,19.20199585,20.56918335
West Bengal,Birbhum,2017,1,0.311035578,18.48899948,23.95437346,87.6633034,17.81912231,19.28396606
West Bengal,Birbhum,2017,2,0.009616163,22.12083825,23.95437346,87.6633034,21.30484009,23.06655884
West Bengal,Birbhum,2017,3,0.778633473,25.18016726,23.95437346,87.6633034,24.25125122,25.84890747
West Bengal,Birbhum,2017,4,1.476448591,29.78868777,23.95437346,87.6633034,28.35604858,30.45370483
West Bengal,Birbhum,2017,5,6.260451206,30.10589174,23.95437346,87.6633034,29.25778198,30.60934448
West Bengal,Birbhum,2017,6,7.201533828,29.65289732,23.95437346,87.6633034,29.33898926,29.91320801
West Bengal,Birbhum,2017,7,15.18218001,27.67230367,23.95437346,87.6633034,27.22903442,27.88723755
West Bengal,Birbhum,2017,8,9.290261912,28.19375397,23.95437346,87.6633034,27.67990112,28.40060425
West Bengal,Birbhum,2017,9,9.023201166,28.1791907,23.95437346,87.6633034,27.85574341,28.34402466
West Bengal,Birbhum,2017,10,7.325286156,26.27915209,23.95437346,87.6633034,25.69607544,26.67263794
West Bengal,Birbhum,2017,11,0.330134059,22.10821391,23.95437346,87.6633034,21.33468628,22.84054565
West Bengal,Birbhum,2017,12,0.988815308,19.77880008,23.95437346,87.6633034,19.09793091,20.28543091
West Bengal,Birbhum,2018,1,0.001190228,16.45657703,23.95437346,87.6633034,15.8710022,17.09561157
West Bengal,Birbhum,2018,2,0.076209401,22.24479782,23.95437346,87.6633034,21.50274658,23.04766846
West Bengal,Birbhum,2018,3,0.768647305,26.90500942,23.95437346,87.6633034,26.18966675,27.67208862
West Bengal,Birbhum,2018,4,2.666159696,27.94692496,23.95437346,87.6633034,27.19424438,28.30752563
West Bengal,Birbhum,2018,5,4.879640091,28.33770894,23.95437346,87.6633034,27.55664063,28.77734375
West Bengal,Birbhum,2018,6,6.876991449,29.91511571,23.95437346,87.6633034,29.63204956,30.10470581
West Bengal,Birbhum,2018,7,10.02260359,28.35024528,23.95437346,87.6633034,27.94735718,28.5274353
West Bengal,Birbhum,2018,8,7.590180153,28.33438181,23.95437346,87.6633034,27.74472046,28.59237671
West Bengal,Birbhum,2018,9,4.766904964,28.22243482,23.95437346,87.6633034,27.60220337,28.57485962
West Bengal,Birbhum,2018,10,1.446247544,25.86679006,23.95437346,87.6633034,25.1187439,26.4156189
West Bengal,Birbhum,2018,11,0.031949659,23.31670433,23.95437346,87.6633034,22.64205933,23.99362183
West Bengal,Birbhum,2018,12,1.0655192,18.27558083,23.95437346,87.6633034,17.58499146,18.96585083
West Bengal,Birbhum,2019,1,0.013287744,18.15734863,23.95437346,87.6633034,17.44259644,18.71212769
West Bengal,Birbhum,2019,2,1.839436376,21.03555227,23.95437346,87.6633034,20.23272705,21.7053833
West Bengal,Birbhum,2019,3,0.700807616,25.5468381,23.95437346,87.6633034,25.18283081,25.84689331
West Bengal,Birbhum,2019,4,1.730140509,28.74866858,23.95437346,87.6633034,28.15237427,29.25393677
West Bengal,Birbhum,2019,5,5.319551335,31.11904978,23.95437346,87.6633034,30.62313843,31.38485718
West Bengal,Birbhum,2019,6,6.102164335,30.35502305,23.95437346,87.6633034,30.04602051,30.91320801
West Bengal,Birbhum,2019,7,7.892888978,29.07297817,23.95437346,87.6633034,28.662323,29.271698
West Bengal,Birbhum,2019,8,8.034133556,28.52313942,23.95437346,87.6633034,27.90881348,28.83459473
West Bengal,Birbhum,2019,9,8.605484364,27.54846475,23.95437346,87.6633034,27.03915405,27.81845093
West Bengal,Birbhum,2019,10,6.424759976,25.66618879,23.95437346,87.6633034,25.11618042,26.15524292
West Bengal,Birbhum,2019,11,0.19043776,23.34717081,23.95437346,87.6633034,22.57223511,24.13864136
West Bengal,Birbhum,2019,12,0.39874241,18.72217932,23.95437346,87.6633034,18.06552124,19.52645874
West Bengal,Birbhum,2020,1,1.205920109,17.46986567,23.95437346,87.6633034,16.89196777,18.06970215
West Bengal,Birbhum,2020,2,1.111215813,19.42513967,23.95437346,87.6633034,18.73550415,20.2706604
West Bengal,Birbhum,2020,3,1.263479721,24.40032249,23.95437346,87.6633034,23.54199219,25.38183594
West Bengal,Birbhum,2020,4,4.659105878,27.84481173,23.95437346,87.6633034,26.80865479,28.62310791
West Bengal,Birbhum,2020,5,6.31638283,28.42778547,23.95437346,87.6633034,27.82290649,28.88540649
West Bengal,Birbhum,2020,6,10.03278652,28.56557731,23.95437346,87.6633034,28.19561768,28.87335205
West Bengal,Birbhum,2020,7,11.27883272,28.46292185,23.95437346,87.6633034,28.09573364,28.68753052
West Bengal,Birbhum,2020,8,10.02349499,28.36346861,23.95437346,87.6633034,27.88150024,28.58071899
West Bengal,Birbhum,2020,9,8.221116177,28.30957883,23.95437346,87.6633034,27.93362427,28.56448364
West Bengal,Birbhum,2020,10,1.839761424,27.39724519,23.95437346,87.6633034,26.70742798,27.76016235
West Bengal,Birbhum,2020,11,0.072500462,22.99093557,23.95437346,87.6633034,22.30715942,23.67044067
West Bengal,Birbhum,2020,12,0.053275197,18.83626823,23.95437346,87.6633034,18.19500732,19.57391357
West Bengal,Birbhum,2021,1,0.005283428,18.15428126,23.95437346,87.6633034,17.32025146,19.04681396
West Bengal,Birbhum,2021,2,0.102702418,21.33074809,23.95437346,87.6633034,20.61972046,22.06112671
West Bengal,Birbhum,2021,3,0.262099244,27.2094102,23.95437346,87.6633034,26.45932007,28.02572632
West Bengal,Birbhum,2021,4,0.786665273,30.31889876,23.95437346,87.6633034,29.49136353,30.76480103
West Bengal,Birbhum,2021,5,7.538454987,28.63140727,23.95437346,87.6633034,28.15280151,29.01998901
West Bengal,Birbhum,2021,6,9.556459649,28.73503077,23.95437346,87.6633034,28.45950317,28.9302063
West Bengal,Birbhum,2021,7,8.600250954,28.50306027,23.95437346,87.6633034,28.09008789,28.69165039
West Bengal,Birbhum,2021,8,9.812945699,28.09357683,23.95437346,87.6633034,27.71408081,28.31564331
West Bengal,Birbhum,2021,9,7.981223883,27.37105685,23.95437346,87.6633034,26.82131958,27.71389771
West Bengal,Birbhum,2021,10,3.315375395,26.75244992,23.95437346,87.6633034,26.16751099,27.15774536
West Bengal,Birbhum,2021,11,0.481882938,21.92534975,23.95437346,87.6633034,21.34463501,22.57901001
West Bengal,Birbhum,2021,12,0.82657091,19.13308219,23.95437346,87.6633034,18.65579224,19.51907349
West Bengal,Birbhum,2022,1,1.308633494,17.0451575,23.95437346,87.6633034,16.44631958,17.62014771
West Bengal,Birbhum,2022,2,3.087534705,18.5546364,23.95437346,87.6633034,17.85287476,19.37045288
West Bengal,Birbhum,2022,3,0.043386265,26.39819904,23.95437346,87.6633034,25.76416016,27.05712891
West Bengal,Birbhum,2022,4,0.882437063,30.72035111,23.95437346,87.6633034,29.72821045,31.33758545
West Bengal,Birbhum,2022,5,3.975343216,29.39738429,23.95437346,87.6633034,28.93054199,29.74108887
West Bengal,Birbhum,2022,6,4.175389844,30.322717,23.95437346,87.6633034,30.08175659,30.48214722
West Bengal,Birbhum,2022,7,3.84250836,29.14554472,23.95437346,87.6633034,28.58181763,29.62478638
West Bengal,Birbhum,2022,8,6.142766908,28.46479549,23.95437346,87.6633034,27.85324097,28.77902222
West Bengal,Birbhum,2022,9,4.50323167,27.91953579,23.95437346,87.6633034,27.53994751,28.15322876
West Bengal,Birbhum,2022,10,1.597101966,26.04845908,23.95437346,87.6633034,25.52670288,26.43490601
West Bengal,Birbhum,2022,11,0.015364285,22.25514115,23.95437346,87.6633034,21.59884644,22.89181519
West Bengal,Birbhum,2022,12,0.007707026,19.3431652,23.95437346,87.6633034,18.6315918,20.07104492
West Bengal,Birbhum,2023,1,0.007882419,18.35270372,23.95437346,87.6633034,17.43832397,19.09262085
West Bengal,Birbhum,2023,2,0.005336973,21.92463436,23.95437346,87.6633034,21.21151733,22.74862671
West Bengal,Birbhum,2023,3,1.256969541,25.7069177,23.95437346,87.6633034,25.24325562,26.09677124
West Bengal,Birbhum,2023,4,0.535898253,29.91725336,23.95437346,87.6633034,29.39990234,30.32568359
West Bengal,Birbhum,2023,5,1.150612765,30.59372161,23.95437346,87.6633034,29.89105225,31.10003662
West Bengal,Birbhum,2023,6,2.60309246,32.19648778,23.95437346,87.6633034,31.61245728,32.57925415
West Bengal,Birbhum,2023,7,3.232828539,29.30325104,23.95437346,87.6633034,28.86752319,29.47885132
West Bengal,Birbhum,2023,8,5.748581997,28.65857785,23.95437346,87.6633034,28.18301392,28.87051392
West Bengal,Birbhum,2023,9,5.118595567,28.15729753,23.95437346,87.6633034,27.64303589,28.42623901
West Bengal,Birbhum,2023,10,1.913167022,26.3516647,23.95437346,87.6633034,25.69277954,26.93301392
West Bengal,Birbhum,2023,11,0.060255594,24.03369708,23.95437346,87.6633034,23.36645508,24.71801758
West Bengal,Birbhum,2023,12,1.031990761,19.64944245,23.95437346,87.6633034,18.84262085,20.2996521
West Bengal,Birbhum,2024,1,0.127849889,17.2520539,23.95437346,87.6633034,16.68878174,17.91925049
West Bengal,Birbhum,2024,2,0.22703947,20.93108705,23.95437346,87.6633034,20.25271606,21.69802856
West Bengal,Birbhum,2024,3,1.08860282,25.35418559,23.95437346,87.6633034,24.59024048,25.91445923
West Bengal,Birbhum,2024,4,0.065670485,32.52089957,23.95437346,87.6633034,31.9755249,33.03997803
West Bengal,Birbhum,2024,5,5.026235181,30.80230571,23.95437346,87.6633034,30.48571777,30.99743652
West Bengal,Birbhum,2024,6,3.678736487,32.41669411,23.95437346,87.6633034,31.76925659,33.13253784
West Bengal,Birbhum,2024,7,7.169655024,29.06259368,23.95437346,87.6633034,28.71911621,29.20935059
West Bengal,Birbhum,2024,8,11.54138255,27.99250829,23.95437346,87.6633034,27.58248901,28.16647339
West Bengal,Birbhum,2024,9,17.66316117,28.4159333,23.95437346,87.6633034,27.91915894,28.66525269
West Bengal,Birbhum,2024,10,3.925248257,27.04870038,23.95437346,87.6633034,26.59671021,27.41116333
West Bengal,Birbhum,2024,11,0.069189404,23.28363179,23.95437346,87.6633034,22.56106567,23.96731567
West Bengal,Birbhum,2024,12,0.152495806,18.67243709,23.95437346,87.6633034,18.00424194,19.42221069
West Bengal,Birbhum,2025,1,0.00996673,18.34583087,23.95437346,87.6633034,17.75094604,19.00485229
West Bengal,Birbhum,2025,2,0.672745017,21.83917662,23.95437346,87.6633034,21.197052,22.59939575
West Bengal,Birbhum,2025,3,0.59950039,26.43607206,23.95437346,87.6633034,25.86062622,27.06765747
West Bengal,Birbhum,2025,4,2.849191,29.38229015,23.95437346,87.6633034,28.92071533,29.80352783
West Bengal,Birbhum,2025,5,5.168645105,29.69386469,23.95437346,87.6633034,29.31137085,29.9793396
West Bengal,Birbhum,2025,6,7.088547108,29.09120356,23.95437346,87.6633034,28.81985474,29.24758911
West Bengal,Birbhum,2025,7,14.61539619,27.76393021,23.95437346,87.6633034,27.32833862,27.96896362
West Bengal,Birbhum,2025,8,8.963208576,27.7817326,23.95437346,87.6633034,27.40005493,27.97232056
West Bengal,Birbhum,2025,9,8.464114167,28.20417537,23.95437346,87.6633034,27.72525024,28.45571899
West Bengal,Birbhum,2025,10,3.007277378,26.76910542,23.95437346,87.6633034,26.15786743,27.26333618
West Bengal,Coochbehar,2013,1,0.014030545,16.37783813,26.29261261,89.34781594,15.93057251,16.90713501
West Bengal,Coochbehar,2013,2,0.553723165,20.51209804,26.29261261,89.34781594,20.03274536,20.91751099
West Bengal,Coochbehar,2013,3,0.173640966,25.48909215,26.29261261,89.34781594,24.7555542,25.8961792
West Bengal,Coochbehar,2013,4,4.989651816,26.76901681,26.29261261,89.34781594,26.12615967,27.07928467
West Bengal,Coochbehar,2013,5,10.15267072,25.97162301,26.29261261,89.34781594,25.56314087,26.25650024
West Bengal,Coochbehar,2013,6,20.7844805,27.88663156,26.29261261,89.34781594,27.66027832,28.18371582
West Bengal,Coochbehar,2013,7,18.00270952,27.69454956,26.29261261,89.34781594,27.37472534,28.06808472
West Bengal,Coochbehar,2013,8,17.34668514,27.21117728,26.29261261,89.34781594,26.99368286,27.49368286
West Bengal,Coochbehar,2013,9,9.068018232,27.47661046,26.29261261,89.34781594,27.21524048,27.64492798
West Bengal,Coochbehar,2013,10,4.171093804,25.02333723,26.29261261,89.34781594,24.81246948,25.21481323
West Bengal,Coochbehar,2013,11,0.2431877,20.48026821,26.29261261,89.34781594,19.96673584,21.03509521
West Bengal,Coochbehar,2013,12,0.139628444,18.32158116,26.29261261,89.34781594,17.8722229,18.71987915
West Bengal,Coochbehar,2014,1,0.188109398,17.56947981,26.29261261,89.34781594,17.31173706,17.85665894
West Bengal,Coochbehar,2014,2,0.571721009,18.64687238,26.29261261,89.34781594,18.44772339,18.96139526
West Bengal,Coochbehar,2014,3,0.291788714,24.22646223,26.29261261,89.34781594,23.69772339,24.55123901
West Bengal,Coochbehar,2014,4,1.414612634,28.25552368,26.29261261,89.34781594,27.6222229,28.8331604
West Bengal,Coochbehar,2014,5,14.80302429,26.70408848,26.29261261,89.34781594,26.20785522,27.12973022
West Bengal,Coochbehar,2014,6,24.1414359,27.12900216,26.29261261,89.34781594,26.8616333,27.38311768
West Bengal,Coochbehar,2014,7,17.42868587,27.95023455,26.29261261,89.34781594,27.70797729,28.20797729
West Bengal,Coochbehar,2014,8,26.2350769,27.13463484,26.29261261,89.34781594,26.83587646,27.39837646
West Bengal,Coochbehar,2014,9,18.09524536,26.6129194,26.29261261,89.34781594,26.36703491,26.88461304
West Bengal,Coochbehar,2014,10,1.727534839,25.44679042,26.29261261,89.34781594,24.95962524,25.75259399
West Bengal,Coochbehar,2014,11,0.19650633,22.48151071,26.29261261,89.34781594,21.97879028,22.84402466
West Bengal,Coochbehar,2014,12,0.186079127,18.75896781,26.29261261,89.34781594,18.43405151,18.99850464
West Bengal,Coochbehar,2015,1,0.832956178,17.33912441,26.29261261,89.34781594,17.0428772,17.67373657
West Bengal,Coochbehar,2015,2,0.772984777,20.08081491,26.29261261,89.34781594,19.75778198,20.46481323
West Bengal,Coochbehar,2015,3,1.897856849,24.17877633,26.29261261,89.34781594,23.86502075,24.52713013
West Bengal,Coochbehar,2015,4,8.066351754,24.12370954,26.29261261,89.34781594,23.73071289,24.42602539
West Bengal,Coochbehar,2015,5,20.73337664,25.59701538,26.29261261,89.34781594,25.30355835,26.00863647
West Bengal,Coochbehar,2015,6,26.01021467,26.69573539,26.29261261,89.34781594,26.39376831,26.97775269
West Bengal,Coochbehar,2015,7,15.20148359,27.80862427,26.29261261,89.34781594,27.59133911,27.95852661
West Bengal,Coochbehar,2015,8,29.67482431,27.08204433,26.29261261,89.34781594,26.82290649,27.38540649
West Bengal,Coochbehar,2015,9,17.45082855,27.15362985,26.29261261,89.34781594,26.86624146,27.40139771
West Bengal,Coochbehar,2015,10,1.510437012,25.74184309,26.29261261,89.34781594,25.33566284,26.02316284
West Bengal,Coochbehar,2015,11,0.324619838,22.27952358,26.29261261,89.34781594,21.76647949,22.80749512
West Bengal,Coochbehar,2015,12,0.326253584,18.11117554,26.29261261,89.34781594,17.58334351,18.42123413
West Bengal,Coochbehar,2016,1,0.839945929,16.87754604,26.29261261,89.34781594,16.29956055,17.3112793
West Bengal,Coochbehar,2016,2,0.30562755,20.70709664,26.29261261,89.34781594,20.23513794,21.11209106
West Bengal,Coochbehar,2016,3,2.7043596,24.78685216,26.29261261,89.34781594,24.5274353,25.1055603
West Bengal,Coochbehar,2016,4,2.488730294,25.74274118,26.29261261,89.34781594,25.10476685,26.51101685
West Bengal,Coochbehar,2016,5,18.19669887,25.94191197,26.29261261,89.34781594,25.66003418,26.1854248
West Bengal,Coochbehar,2016,6,19.04997907,27.60497175,26.29261261,89.34781594,27.30718994,27.99078369
West Bengal,Coochbehar,2016,7,23.75983974,27.09390695,26.29261261,89.34781594,26.78063965,27.38220215
West Bengal,Coochbehar,2016,8,11.66666521,28.63186646,26.29261261,89.34781594,28.39651489,28.87112427
West Bengal,Coochbehar,2016,9,19.43782479,26.9326913,26.29261261,89.34781594,26.69454956,27.18283081
West Bengal,Coochbehar,2016,10,7.767007555,25.70451137,26.29261261,89.34781594,25.16802979,26.04693604
West Bengal,Coochbehar,2016,11,0.076686331,22.71555873,26.29261261,89.34781594,22.13269043,23.37683105
West Bengal,Coochbehar,2016,12,0.174976179,19.79714094,26.29261261,89.34781594,19.4402771,20.02230835
West Bengal,Coochbehar,2017,1,0.226141691,18.13183158,26.29261261,89.34781594,17.70974731,18.65701294
West Bengal,Coochbehar,2017,2,0.332011155,20.70167324,26.29261261,89.34781594,20.26968384,21.04116821
West Bengal,Coochbehar,2017,3,2.857716152,22.10734776,26.29261261,89.34781594,21.78250122,22.3899231
West Bengal,Coochbehar,2017,4,7.01776886,24.49032593,26.29261261,89.34781594,24.11386108,24.89315796
West Bengal,Coochbehar,2017,5,9.522236415,26.19137573,26.29261261,89.34781594,25.83200073,26.41793823
West Bengal,Coochbehar,2017,6,14.36015865,27.58682687,26.29261261,89.34781594,27.28039551,27.83117676
West Bengal,Coochbehar,2017,7,23.26249041,27.44011143,26.29261261,89.34781594,27.27200317,27.65090942
West Bengal,Coochbehar,2017,8,28.81334359,27.70452445,26.29261261,89.34781594,27.42990112,27.9670105
West Bengal,Coochbehar,2017,9,20.37237985,27.22132656,26.29261261,89.34781594,26.90066528,27.45144653
West Bengal,Coochbehar,2017,10,9.44417572,25.5196664,26.29261261,89.34781594,25.16677856,25.75662231
West Bengal,Coochbehar,2017,11,0.037433015,21.64879063,26.29261261,89.34781594,21.05734253,22.08078003
West Bengal,Coochbehar,2017,12,0.018550915,19.67166138,26.29261261,89.34781594,19.05496216,20.13894653
West Bengal,Coochbehar,2018,1,0.137965253,16.77676392,26.29261261,89.34781594,16.52334595,17.09951782
West Bengal,Coochbehar,2018,2,0.397799628,20.20880127,26.29261261,89.34781594,19.81134033,20.51055908
West Bengal,Coochbehar,2018,3,2.769883292,23.76025827,26.29261261,89.34781594,23.22091675,24.1857605
West Bengal,Coochbehar,2018,4,7.418899536,24.73756191,26.29261261,89.34781594,24.35440063,25.09268188
West Bengal,Coochbehar,2018,5,10.47670201,25.38748605,26.29261261,89.34781594,25.15429688,25.59179688
West Bengal,Coochbehar,2018,6,17.69722966,27.72642735,26.29261261,89.34781594,27.38595581,28.03634644
West Bengal,Coochbehar,2018,7,19.36906869,28.07221767,26.29261261,89.34781594,27.79501343,28.4102478
West Bengal,Coochbehar,2018,8,16.44973646,28.15592303,26.29261261,89.34781594,27.87557983,28.48886108
West Bengal,Coochbehar,2018,9,10.86175755,27.38896397,26.29261261,89.34781594,27.08853149,27.75454712
West Bengal,Coochbehar,2018,10,2.511359624,24.63701957,26.29261261,89.34781594,24.31991577,25.0640564
West Bengal,Coochbehar,2018,11,0.363629988,21.76971,26.29261261,89.34781594,21.22213745,22.5463562
West Bengal,Coochbehar,2018,12,0.462107999,18.38381958,26.29261261,89.34781594,17.93655396,18.89749146
West Bengal,Coochbehar,2019,1,0.037783159,18.11147199,26.29261261,89.34781594,17.67111206,18.50509644
West Bengal,Coochbehar,2019,2,2.693002428,19.66834368,26.29261261,89.34781594,19.39678955,19.97296143
West Bengal,Coochbehar,2019,3,1.100428377,23.2107326,26.29261261,89.34781594,22.62814331,23.72775269
West Bengal,Coochbehar,2019,4,5.978630611,25.60968454,26.29261261,89.34781594,25.44924927,25.84768677
West Bengal,Coochbehar,2019,5,16.53931427,25.5758449,26.29261261,89.34781594,25.1836853,25.97470093
West Bengal,Coochbehar,2019,6,15.44215393,27.89207241,26.29261261,89.34781594,27.58117676,28.26477051
West Bengal,Coochbehar,2019,7,31.21808733,27.43980626,26.29261261,89.34781594,27.03927612,27.802948
West Bengal,Coochbehar,2019,8,17.95384652,28.61424037,26.29261261,89.34781594,28.40100098,28.84240723
West Bengal,Coochbehar,2019,9,26.86352539,26.75392805,26.29261261,89.34781594,26.56845093,27.03329468
West Bengal,Coochbehar,2019,10,4.658603668,24.94437517,26.29261261,89.34781594,24.56539917,25.19039917
West Bengal,Coochbehar,2019,11,0.344507967,23.53707886,26.29261261,89.34781594,23.04879761,23.90621948
West Bengal,Coochbehar,2019,12,0.161595396,18.08428519,26.29261261,89.34781594,17.68856812,18.41317749
West Bengal,Coochbehar,2020,1,0.621566023,17.05554199,26.29261261,89.34781594,16.76696777,17.36071777
West Bengal,Coochbehar,2020,2,0.926839965,19.31258283,26.29261261,89.34781594,18.8487854,19.63198853
West Bengal,Coochbehar,2020,3,1.621673175,23.28662109,26.29261261,89.34781594,22.88769531,23.79199219
West Bengal,Coochbehar,2020,4,5.826772417,25.52482387,26.29261261,89.34781594,25.33599854,25.84185791
West Bengal,Coochbehar,2020,5,18.76976231,25.67607335,26.29261261,89.34781594,25.51626587,25.95181274
West Bengal,Coochbehar,2020,6,23.59762573,27.16897147,26.29261261,89.34781594,26.8381958,27.5022583
West Bengal,Coochbehar,2020,7,26.78753662,27.16388375,26.29261261,89.34781594,26.84573364,27.47463989
West Bengal,Coochbehar,2020,8,13.61945561,28.2956325,26.29261261,89.34781594,28.03579712,28.56314087
West Bengal,Coochbehar,2020,9,22.63514927,26.96061925,26.29261261,89.34781594,26.69924927,27.24417114
West Bengal,Coochbehar,2020,10,5.405603136,26.57175555,26.29261261,89.34781594,26.21133423,26.88320923
West Bengal,Coochbehar,2020,11,0.138015585,21.49968175,26.29261261,89.34781594,21.09622192,22.02200317
West Bengal,Coochbehar,2020,12,0.11541072,18.31937953,26.29261261,89.34781594,17.7321167,18.77703857
West Bengal,Coochbehar,2021,1,0.232395138,17.64314488,26.29261261,89.34781594,17.23626709,17.93743896
West Bengal,Coochbehar,2021,2,0.140938291,20.22163173,26.29261261,89.34781594,19.62557983,20.61972046
West Bengal,Coochbehar,2021,3,1.539762088,24.16746739,26.29261261,89.34781594,23.69369507,24.55892944
West Bengal,Coochbehar,2021,4,2.975412096,26.31258283,26.29261261,89.34781594,25.5831604,26.9190979
West Bengal,Coochbehar,2021,5,11.57701983,26.07600185,26.29261261,89.34781594,25.83248901,26.33639526
West Bengal,Coochbehar,2021,6,17.71008083,27.30590384,26.29261261,89.34781594,27.00442505,27.61184692
West Bengal,Coochbehar,2021,7,17.4904698,27.76789202,26.29261261,89.34781594,27.49829102,28.06469727
West Bengal,Coochbehar,2021,8,18.51611764,27.23451887,26.29261261,89.34781594,26.93869019,27.51095581
West Bengal,Coochbehar,2021,9,8.794892447,28.00170462,26.29261261,89.34781594,27.82327271,28.20413208
West Bengal,Coochbehar,2021,10,17.09127917,26.07306344,26.29261261,89.34781594,25.74563599,26.36087036
West Bengal,Coochbehar,2021,11,0.039627918,21.19794137,26.29261261,89.34781594,20.46377563,21.61416626
West Bengal,Coochbehar,2021,12,0.139625924,18.9629909,26.29261261,89.34781594,18.41751099,19.27883911
West Bengal,Coochbehar,2022,1,0.578065327,17.11979893,26.29261261,89.34781594,16.77249146,17.33303833
West Bengal,Coochbehar,2022,2,2.102501052,17.27837699,26.29261261,89.34781594,16.83529663,17.53256226
West Bengal,Coochbehar,2022,3,1.20589447,25.63260324,26.29261261,89.34781594,25.25830078,25.87744141
West Bengal,Coochbehar,2022,4,12.91333662,24.63927351,26.29261261,89.34781594,24.12469482,24.9118042
West Bengal,Coochbehar,2022,5,18.35059902,25.97155762,26.29261261,89.34781594,25.54968262,26.21569824
West Bengal,Coochbehar,2022,6,36.05754307,26.24895804,26.29261261,89.34781594,25.90792847,26.57980347
West Bengal,Coochbehar,2022,7,13.31087385,28.5400347,26.29261261,89.34781594,28.27322388,28.82791138
West Bengal,Coochbehar,2022,8,9.734074184,28.50935146,26.29261261,89.34781594,28.23605347,28.77511597
West Bengal,Coochbehar,2022,9,5.815884181,27.19808088,26.29261261,89.34781594,27.03018188,27.42861938
West Bengal,Coochbehar,2022,10,3.494195666,24.96315656,26.29261261,89.34781594,24.51889038,25.23178101
West Bengal,Coochbehar,2022,11,0.02216314,21.57450213,26.29261261,89.34781594,20.58712769,22.18087769
West Bengal,Coochbehar,2022,12,0.03694605,19.31881278,26.29261261,89.34781594,18.5065918,19.8894043
West Bengal,Coochbehar,2023,1,0.016877634,17.41474697,26.29261261,89.34781594,17.03207397,17.61410522
West Bengal,Coochbehar,2023,2,0.140987379,20.77129691,26.29261261,89.34781594,20.18612671,21.11386108
West Bengal,Coochbehar,2023,3,1.851626669,23.51990182,26.29261261,89.34781594,23.10653687,23.80184937
West Bengal,Coochbehar,2023,4,1.090280397,26.40276228,26.29261261,89.34781594,25.50341797,27.06982422
West Bengal,Coochbehar,2023,5,4.666128431,26.8684518,26.29261261,89.34781594,26.22698975,27.3480835
West Bengal,Coochbehar,2023,6,13.04285976,27.59585571,26.29261261,89.34781594,27.21792603,27.91519165
West Bengal,Coochbehar,2023,7,10.27395412,28.33836583,26.29261261,89.34781594,28.09994507,28.70346069
West Bengal,Coochbehar,2023,8,11.61947632,28.05668858,26.29261261,89.34781594,27.82363892,28.27676392
West Bengal,Coochbehar,2023,9,6.623768943,28.40621948,26.29261261,89.34781594,28.23092651,28.56686401
West Bengal,Coochbehar,2023,10,4.631964547,25.51030186,26.29261261,89.34781594,25.08535767,25.84902954
West Bengal,Coochbehar,2023,11,0.04763917,23.30862863,26.29261261,89.34781594,22.4934082,23.7902832
West Bengal,Coochbehar,2023,12,0.256992579,19.79197911,26.29261261,89.34781594,19.26449585,20.09066772
West Bengal,Coochbehar,2024,1,0.151120424,17.22135707,26.29261261,89.34781594,16.64971924,17.52081299
West Bengal,Coochbehar,2024,2,0.10428868,19.50592477,26.29261261,89.34781594,19.15505981,19.80349731
West Bengal,Coochbehar,2024,3,3.274017334,23.5468532,26.29261261,89.34781594,23.2796936,23.79727173
West Bengal,Coochbehar,2024,4,0.587222644,28.2004133,26.29261261,89.34781594,27.89544678,28.55169678
West Bengal,Coochbehar,2024,5,11.04726628,28.42803083,26.29261261,89.34781594,27.96618652,28.98571777
West Bengal,Coochbehar,2024,6,34.11140878,27.20159476,26.29261261,89.34781594,26.97824097,27.46456909
West Bengal,Coochbehar,2024,7,26.44122314,28.50378418,26.29261261,89.34781594,28.30700684,28.84606934
West Bengal,Coochbehar,2024,8,16.86297825,27.9346793,26.29261261,89.34781594,27.75827026,28.08834839
West Bengal,Coochbehar,2024,9,15.34101105,28.69817679,26.29261261,89.34781594,28.55978394,28.81954956
West Bengal,Coochbehar,2024,10,8.250865391,25.44094849,26.29261261,89.34781594,25.00491333,25.68069458
West Bengal,Coochbehar,2024,11,0.14935032,22.59922137,26.29261261,89.34781594,21.94973755,22.98880005
West Bengal,Coochbehar,2024,12,0.052462829,18.63565935,26.29261261,89.34781594,18.01400757,19.34213257
West Bengal,Coochbehar,2025,1,0.070755865,18.18447004,26.29261261,89.34781594,17.97164917,18.44235229
West Bengal,Coochbehar,2025,2,0.350363152,20.10420881,26.29261261,89.34781594,19.66775513,20.61502075
West Bengal,Coochbehar,2025,3,0.998679161,24.09765189,26.29261261,89.34781594,23.5305481,24.74539185
West Bengal,Coochbehar,2025,4,5.717253549,26.24081857,26.29261261,89.34781594,25.89727783,26.67071533
West Bengal,Coochbehar,2025,5,22.98794556,26.30767386,26.29261261,89.34781594,26.00668335,26.52816772
West Bengal,Coochbehar,2025,6,11.85001482,28.32376099,26.29261261,89.34781594,28.16751099,28.50540161
West Bengal,Coochbehar,2025,7,14.3971514,28.57819911,26.29261261,89.34781594,28.42990112,28.70333862
West Bengal,Coochbehar,2025,8,16.69416918,27.58895002,26.29261261,89.34781594,27.37075806,27.76333618
West Bengal,Coochbehar,2025,9,11.27799225,28.0307748,26.29261261,89.34781594,27.85025024,28.22720337
West Bengal,Coochbehar,2025,10,8.697130476,26.10876029,26.29261261,89.34781594,25.70864868,26.31997681
West Bengal,Darjeeling,2013,1,0.250316821,12.17779702,26.85056758,88.26203893,5.049713135,15.50479126
West Bengal,Darjeeling,2013,2,0.95578023,16.12885967,26.85056758,88.26203893,8.231964111,19.71243286
West Bengal,Darjeeling,2013,3,1.586499064,19.76305831,26.85056758,88.26203893,10.28289795,24.65594482
West Bengal,Darjeeling,2013,4,4.076481869,21.82476164,26.85056758,88.26203893,12.41326904,26.72967529
West Bengal,Darjeeling,2013,5,14.80349892,22.49056686,26.85056758,88.26203893,14.84829712,26.51431274
West Bengal,Darjeeling,2013,6,19.21511359,24.00392552,26.85056758,88.26203893,17.2755127,27.33605957
West Bengal,Darjeeling,2013,7,27.56869346,23.60611926,26.85056758,88.26203893,17.13449097,26.97628784
West Bengal,Darjeeling,2013,8,20.0495734,23.4693202,26.85056758,88.26203893,16.96438599,26.72415161
West Bengal,Darjeeling,2013,9,8.176621286,23.45012946,26.85056758,88.26203893,16.30899048,27.02383423
West Bengal,Darjeeling,2013,10,6.900827508,20.71943905,26.85056758,88.26203893,13.27926636,24.25387573
West Bengal,Darjeeling,2013,11,0.736816657,16.38141512,26.85056758,88.26203893,9.73626709,19.34954834
West Bengal,Darjeeling,2013,12,0.946451288,13.68513408,26.85056758,88.26203893,6.6300354,17.0987854
West Bengal,Darjeeling,2014,1,0.450858166,13.57160548,26.85056758,88.26203893,6.860565186,16.70431519
West Bengal,Darjeeling,2014,2,1.584617012,14.33413375,26.85056758,88.26203893,7.203582764,17.74264526
West Bengal,Darjeeling,2014,3,2.003804659,18.52266171,26.85056758,88.26203893,9.209442139,23.53561401
West Bengal,Darjeeling,2014,4,1.621464579,22.76942685,26.85056758,88.26203893,12.64175415,28.59683228
West Bengal,Darjeeling,2014,5,17.76699187,22.93739881,26.85056758,88.26203893,14.88363647,27.30551147
West Bengal,Darjeeling,2014,6,13.43745744,23.91981587,26.85056758,88.26203893,17.48468018,27.1194458
West Bengal,Darjeeling,2014,7,15.62281237,24.15143947,26.85056758,88.26203893,17.50875854,27.51461792
West Bengal,Darjeeling,2014,8,15.16382478,23.59780081,26.85056758,88.26203893,17.14251709,26.88275146
West Bengal,Darjeeling,2014,9,21.74676032,22.76259412,26.85056758,88.26203893,15.97055054,26.14047241
West Bengal,Darjeeling,2014,10,1.426820153,20.8097486,26.85056758,88.26203893,12.83462524,24.62173462
West Bengal,Darjeeling,2014,11,0.510412417,17.72169736,26.85056758,88.26203893,10.21707153,21.40652466
West Bengal,Darjeeling,2014,12,0.727236547,14.7990803,26.85056758,88.26203893,8.174285889,17.95358276
West Bengal,Darjeeling,2015,1,0.82984583,13.46392983,26.85056758,88.26203893,5.966705322,16.80654907
West Bengal,Darjeeling,2015,2,1.679067411,15.47540123,26.85056758,88.26203893,7.267547607,19.48825073
West Bengal,Darjeeling,2015,3,2.599093387,19.12879542,26.85056758,88.26203893,9.995880127,23.6267395
West Bengal,Darjeeling,2015,4,6.786127994,20.14672852,26.85056758,88.26203893,11.73071289,24.62524414
West Bengal,Darjeeling,2015,5,8.128454108,22.61256328,26.85056758,88.26203893,15.12387085,26.5418396
West Bengal,Darjeeling,2015,6,15.60189819,23.60994841,26.85056758,88.26203893,17.10665894,26.85861206
West Bengal,Darjeeling,2015,7,13.74816252,24.25180375,26.85056758,88.26203893,17.46047974,27.53665161
West Bengal,Darjeeling,2015,8,26.57558722,23.48193199,26.85056758,88.26203893,17.12759399,26.62759399
West Bengal,Darjeeling,2015,9,16.40542763,23.29880724,26.85056758,88.26203893,16.45803833,26.59280396
West Bengal,Darjeeling,2015,10,1.483886618,21.10097945,26.85056758,88.26203893,13.19503784,24.99581909
West Bengal,Darjeeling,2015,11,0.90090842,17.79402883,26.85056758,88.26203893,10.31726074,21.62585449
West Bengal,Darjeeling,2015,12,0.881324367,13.36418232,26.85056758,88.26203893,5.975921631,16.97396851
West Bengal,Darjeeling,2016,1,1.683008395,12.48397667,26.85056758,88.26203893,4.756591797,16.23510742
West Bengal,Darjeeling,2016,2,1.022559919,15.75240768,26.85056758,88.26203893,8.223419189,19.77420044
West Bengal,Darjeeling,2016,3,3.706783495,19.18553563,26.85056758,88.26203893,10.3243103,24.04891968
West Bengal,Darjeeling,2016,4,2.636530424,22.11586882,26.85056758,88.26203893,13.93484497,26.95046997
West Bengal,Darjeeling,2016,5,11.65413947,22.284623,26.85056758,88.26203893,14.73425293,26.18737793
West Bengal,Darjeeling,2016,6,20.80300261,23.76237086,26.85056758,88.26203893,16.95953369,27.22125244
West Bengal,Darjeeling,2016,7,37.66156327,23.40019146,26.85056758,88.26203893,17.09118652,26.56970215
West Bengal,Darjeeling,2016,8,8.717677066,24.7166218,26.85056758,88.26203893,17.79690552,28.11526489
West Bengal,Darjeeling,2016,9,18.29985287,23.03285137,26.85056758,88.26203893,16.32345581,26.31954956
West Bengal,Darjeeling,2016,10,8.809202495,21.29930034,26.85056758,88.26203893,13.82427979,24.78131104
West Bengal,Darjeeling,2016,11,0.215327062,18.07080721,26.85056758,88.26203893,10.94909668,21.4119873
West Bengal,Darjeeling,2016,12,0.337143973,15.51511263,26.85056758,88.26203893,8.883636475,18.6121521
West Bengal,Darjeeling,2017,1,0.685308256,13.83289699,26.85056758,88.26203893,6.125762939,17.29763794
West Bengal,Darjeeling,2017,2,1.302153336,16.14920686,26.85056758,88.26203893,8.615386963,19.81069946
West Bengal,Darjeeling,2017,3,4.496397721,17.32711471,26.85056758,88.26203893,8.856719971,21.75906372
West Bengal,Darjeeling,2017,4,6.045955056,20.70648033,26.85056758,88.26203893,12.82675171,25.03964233
West Bengal,Darjeeling,2017,5,7.084509599,22.51364136,26.85056758,88.26203893,14.78121948,26.42965698
West Bengal,Darjeeling,2017,6,15.4758108,24.0124062,26.85056758,88.26203893,17.15539551,27.42492676
West Bengal,Darjeeling,2017,7,24.63333612,23.84272686,26.85056758,88.26203893,17.3755188,27.04348755
West Bengal,Darjeeling,2017,8,25.26098793,23.98273829,26.85056758,88.26203893,17.53536987,27.19552612
West Bengal,Darjeeling,2017,9,10.20847682,23.72611759,26.85056758,88.26203893,17.00222778,27.03347778
West Bengal,Darjeeling,2017,10,4.108052705,21.37072593,26.85056758,88.26203893,13.97341919,24.86013794
West Bengal,Darjeeling,2017,11,0.309759542,17.52228908,26.85056758,88.26203893,10.0866394,20.9382019
West Bengal,Darjeeling,2017,12,0.165642287,15.7100814,26.85056758,88.26203893,9.308868408,18.73269653
West Bengal,Darjeeling,2018,1,0.611798286,12.88621601,26.85056758,88.26203893,6.242095947,16.2850647
West Bengal,Darjeeling,2018,2,1.703944156,15.61839214,26.85056758,88.26203893,8.119934082,19.49688721
West Bengal,Darjeeling,2018,3,4.018649453,18.65821116,26.85056758,88.26203893,9.785369873,23.60177612
West Bengal,Darjeeling,2018,4,6.153566461,20.63780935,26.85056758,88.26203893,11.86416626,25.16885376
West Bengal,Darjeeling,2018,5,10.44974558,21.80150082,26.85056758,88.26203893,14.2890625,25.61328125
West Bengal,Darjeeling,2018,6,20.243511,24.04169183,26.85056758,88.26203893,17.22970581,27.42697144
West Bengal,Darjeeling,2018,7,27.24510113,24.04449945,26.85056758,88.26203893,17.57821655,27.3555603
West Bengal,Darjeeling,2018,8,17.86348042,24.18078131,26.85056758,88.26203893,17.48495483,27.50057983
West Bengal,Darjeeling,2018,9,9.200323808,23.45787771,26.85056758,88.26203893,16.65103149,26.85610962
West Bengal,Darjeeling,2018,10,2.668979444,19.9388508,26.85056758,88.26203893,12.11483765,23.76522827
West Bengal,Darjeeling,2018,11,0.81238586,17.40007742,26.85056758,88.26203893,9.774871826,21.0854187
West Bengal,Darjeeling,2018,12,0.440563503,13.91897583,26.85056758,88.26203893,6.288116455,17.52053833
West Bengal,Darjeeling,2019,1,0.470460089,13.15826255,26.85056758,88.26203893,4.686737061,16.98361206
West Bengal,Darjeeling,2019,2,3.006513696,15.13075337,26.85056758,88.26203893,6.892883301,19.00030518
West Bengal,Darjeeling,2019,3,2.05018937,18.45595992,26.85056758,88.26203893,8.934783936,23.42697144
West Bengal,Darjeeling,2019,4,6.384705393,21.13047871,26.85056758,88.26203893,12.31643677,25.84378052
West Bengal,Darjeeling,2019,5,9.034772371,22.4780932,26.85056758,88.26203893,15.04501343,26.29891968
West Bengal,Darjeeling,2019,6,17.0549477,24.18376722,26.85056758,88.26203893,17.34094238,27.62219238
West Bengal,Darjeeling,2019,7,40.48930279,23.88909109,26.85056758,88.26203893,17.56271362,27.11740112
West Bengal,Darjeeling,2019,8,13.05646957,24.76644094,26.85056758,88.26203893,17.98498535,28.08459473
West Bengal,Darjeeling,2019,9,21.09994346,22.93718037,26.85056758,88.26203893,16.2071228,26.2071228
West Bengal,Darjeeling,2019,10,2.95065669,20.73943289,26.85056758,88.26203893,13.44039917,24.28610229
West Bengal,Darjeeling,2019,11,0.823328319,18.99524086,26.85056758,88.26203893,11.66989136,22.78121948
West Bengal,Darjeeling,2019,12,0.660049087,13.4285969,26.85056758,88.26203893,6.254974365,16.82528687
West Bengal,Darjeeling,2020,1,1.787069823,12.70477616,26.85056758,88.26203893,5.487670898,16.43493652
West Bengal,Darjeeling,2020,2,1.873727297,14.46031912,26.85056758,88.26203893,6.499176025,18.70230103
West Bengal,Darjeeling,2020,3,3.861248619,18.33629729,26.85056758,88.26203893,9.606445313,23.01855469
West Bengal,Darjeeling,2020,4,6.952211079,20.70472798,26.85056758,88.26203893,11.68170166,25.63873291
West Bengal,Darjeeling,2020,5,8.649110493,22.07085057,26.85056758,88.26203893,14.58462524,26.00845337
West Bengal,Darjeeling,2020,6,23.81607056,23.59981175,26.85056758,88.26203893,17.26593018,26.96514893
West Bengal,Darjeeling,2020,7,39.39174933,23.75660946,26.85056758,88.26203893,17.84963989,26.91409302
West Bengal,Darjeeling,2020,8,13.23745888,24.55789827,26.85056758,88.26203893,18.24087524,27.94790649
West Bengal,Darjeeling,2020,9,23.90564929,23.52552394,26.85056758,88.26203893,17.30276489,26.76760864
West Bengal,Darjeeling,2020,10,3.064121046,22.29182354,26.85056758,88.26203893,15.48477173,25.73477173
West Bengal,Darjeeling,2020,11,0.514330914,17.59961419,26.85056758,88.26203893,10.68411255,21.13528442
West Bengal,Darjeeling,2020,12,0.356702353,14.30417673,26.85056758,88.26203893,8.103210449,17.63641357
West Bengal,Darjeeling,2021,1,1.20281089,13.56840114,26.85056758,88.26203893,7.43939209,16.85540771
West Bengal,Darjeeling,2021,2,0.997307627,15.37085122,26.85056758,88.26203893,7.635345459,19.45370483
West Bengal,Darjeeling,2021,3,3.373917831,19.24673783,26.85056758,88.26203893,10.49447632,23.99057007
West Bengal,Darjeeling,2021,4,3.425217478,21.98714889,26.85056758,88.26203893,12.8956604,27.11831665
West Bengal,Darjeeling,2021,5,12.54323698,22.29959428,26.85056758,88.26203893,15.00045776,26.16452026
West Bengal,Darjeeling,2021,6,13.95998985,23.73633294,26.85056758,88.26203893,17.34036255,27.14505005
West Bengal,Darjeeling,2021,7,22.58927998,24.18589381,26.85056758,88.26203893,17.94946289,27.50024414
West Bengal,Darjeeling,2021,8,21.96024041,23.78223459,26.85056758,88.26203893,17.73165894,26.98751831
West Bengal,Darjeeling,2021,9,5.636558934,24.09259836,26.85056758,88.26203893,17.20803833,27.66116333
West Bengal,Darjeeling,2021,10,12.68551154,21.87454224,26.85056758,88.26203893,14.99172974,25.39602661
West Bengal,Darjeeling,2021,11,0.231632634,16.54714323,26.85056758,88.26203893,9.99307251,19.97940063
West Bengal,Darjeeling,2021,12,0.723461804,14.31368697,26.85056758,88.26203893,7.226104736,17.96438599
West Bengal,Darjeeling,2022,1,0.877048794,12.67288208,26.85056758,88.26203893,4.99710083,16.55764771
West Bengal,Darjeeling,2022,2,3.48568324,12.6643468,26.85056758,88.26203893,4.559906006,16.87435913
West Bengal,Darjeeling,2022,3,1.278651187,20.51395456,26.85056758,88.26203893,12.01806641,24.95361328
West Bengal,Darjeeling,2022,4,7.294606259,21.35639713,26.85056758,88.26203893,14.22039795,25.17156982
West Bengal,Darjeeling,2022,5,10.26876189,22.71261436,26.85056758,88.26203893,15.58288574,26.38952637
West Bengal,Darjeeling,2022,6,23.39089484,23.27727468,26.85056758,88.26203893,17.31417847,26.36495972
West Bengal,Darjeeling,2022,7,10.49603191,24.78185875,26.85056758,88.26203893,18.2361145,28.26931763
West Bengal,Darjeeling,2022,8,9.883722406,24.70531745,26.85056758,88.26203893,18.17941284,28.21456909
West Bengal,Darjeeling,2022,9,6.139666106,23.54107827,26.85056758,88.26203893,16.82119751,27.01455688
West Bengal,Darjeeling,2022,10,3.120155535,21.15180568,26.85056758,88.26203893,14.08139038,24.68881226
West Bengal,Darjeeling,2022,11,0.14795863,17.5137313,26.85056758,88.26203893,10.68478394,21.02267456
West Bengal,Darjeeling,2022,12,0.044297846,14.975239,26.85056758,88.26203893,8.014404297,18.61206055
West Bengal,Darjeeling,2023,1,0.220556811,13.53526065,26.85056758,88.26203893,7.22543335,16.78598022
West Bengal,Darjeeling,2023,2,0.873913012,16.16505352,26.85056758,88.26203893,8.176361084,20.31112671
West Bengal,Darjeeling,2023,3,3.254246762,18.42623259,26.85056758,88.26203893,9.52255249,23.08114624
West Bengal,Darjeeling,2023,4,2.648109838,21.80872225,26.85056758,88.26203893,12.47998047,26.96240234
West Bengal,Darjeeling,2023,5,3.864208021,23.10651277,26.85056758,88.26203893,14.35003662,27.93011475
West Bengal,Darjeeling,2023,6,9.606300756,24.73468178,26.85056758,88.26203893,17.42300415,28.60855103
West Bengal,Darjeeling,2023,7,10.25975599,24.72515066,26.85056758,88.26203893,18.14486694,28.19174194
West Bengal,Darjeeling,2023,8,11.19800126,24.57908711,26.85056758,88.26203893,18.14004517,27.99356079
West Bengal,Darjeeling,2023,9,7.475866217,24.6609224,26.85056758,88.26203893,17.52975464,28.34030151
West Bengal,Darjeeling,2023,10,3.624695226,21.26597033,26.85056758,88.26203893,13.72207642,25.06387329
West Bengal,Darjeeling,2023,11,0.387652046,18.67916067,26.85056758,88.26203893,10.8605957,22.67895508
West Bengal,Darjeeling,2023,12,0.249783968,15.57206164,26.85056758,88.26203893,8.4090271,19.27426147
West Bengal,Darjeeling,2024,1,0.330459043,12.98904901,26.85056758,88.26203893,5.161437988,16.90753174
West Bengal,Darjeeling,2024,2,0.647723047,14.56470208,26.85056758,88.26203893,6.449981689,18.74490356
West Bengal,Darjeeling,2024,3,3.102135106,18.69344772,26.85056758,88.26203893,10.16445923,23.0687561
West Bengal,Darjeeling,2024,4,1.365613937,23.31516306,26.85056758,88.26203893,14.18255615,28.29388428
West Bengal,Darjeeling,2024,5,5.855537816,24.68514212,26.85056758,88.26203893,15.89001465,29.3939209
West Bengal,Darjeeling,2024,6,31.01597194,24.34512008,26.85056758,88.26203893,18.03878784,27.57980347
West Bengal,Darjeeling,2024,7,25.99508025,24.96459318,26.85056758,88.26203893,18.75427246,28.19763184
West Bengal,Darjeeling,2024,8,17.09206832,24.68230398,26.85056758,88.26203893,18.23873901,28.03366089
West Bengal,Darjeeling,2024,9,15.90795577,24.94896979,26.85056758,88.26203893,17.94259644,28.46603394
West Bengal,Darjeeling,2024,10,3.62046292,21.81453504,26.85056758,88.26203893,14.74319458,25.38186646
West Bengal,Darjeeling,2024,11,0.239512343,18.19819561,26.85056758,88.26203893,10.58450317,22.10598755
West Bengal,Darjeeling,2024,12,0.262638795,14.86371974,26.85056758,88.26203893,8.281585693,18.44564819
West Bengal,Darjeeling,2025,1,0.539575577,14.51472072,26.85056758,88.26203893,8.383758545,17.82321167
West Bengal,Darjeeling,2025,2,2.467947307,15.41970825,26.85056758,88.26203893,7.796661377,19.61502075
West Bengal,Darjeeling,2025,3,2.360826191,19.18453658,26.85056758,88.26203893,10.6477356,23.90359497
West Bengal,Darjeeling,2025,4,4.705270868,22.06380744,26.85056758,88.26203893,13.52423096,26.58477783
West Bengal,Darjeeling,2025,5,14.52999235,23.14432726,26.85056758,88.26203893,15.65707397,27.1668396
West Bengal,Darjeeling,2025,6,10.39746415,24.74697234,26.85056758,88.26203893,17.93313599,28.29055786
West Bengal,Darjeeling,2025,7,13.20554954,24.97328106,26.85056758,88.26203893,18.427948,28.44161987
West Bengal,Darjeeling,2025,8,28.77780633,24.07912566,26.85056758,88.26203893,17.77310181,27.38442993
West Bengal,Darjeeling,2025,9,11.56337778,24.29607672,26.85056758,88.26203893,17.50259399,27.80532837
West Bengal,Darjeeling,2025,10,12.0264475,21.85431069,26.85056758,88.26203893,14.56802368,25.49966431
West Bengal,Dinajpur Dakshin,2013,1,0.007722807,16.51908458,25.36722585,88.57548933,16.24111938,16.73526001
West Bengal,Dinajpur Dakshin,2013,2,0.443468311,20.68233698,25.36722585,88.57548933,20.39993286,20.92337036
West Bengal,Dinajpur Dakshin,2013,3,0.013210303,25.98131769,25.36722585,88.57548933,25.79266357,26.24578857
West Bengal,Dinajpur Dakshin,2013,4,2.637009707,27.76145796,25.36722585,88.57548933,27.41131592,27.98358154
West Bengal,Dinajpur Dakshin,2013,5,8.297075445,26.62004506,25.36722585,88.57548933,26.34439087,26.93423462
West Bengal,Dinajpur Dakshin,2013,6,9.303338484,28.57886852,25.36722585,88.57548933,28.44934082,28.6661377
West Bengal,Dinajpur Dakshin,2013,7,4.969910708,28.36602783,25.36722585,88.57548933,28.20089722,28.47824097
West Bengal,Dinajpur Dakshin,2013,8,9.771229831,27.50371205,25.36722585,88.57548933,27.35696411,27.59915161
West Bengal,Dinajpur Dakshin,2013,9,6.765929482,27.94153387,25.36722585,88.57548933,27.77774048,28.0531311
West Bengal,Dinajpur Dakshin,2013,10,7.113662026,25.35934726,25.36722585,88.57548933,25.19723511,25.47067261
West Bengal,Dinajpur Dakshin,2013,11,0.059854307,21.16977206,25.36722585,88.57548933,20.79290771,21.53704834
West Bengal,Dinajpur Dakshin,2013,12,0.03004986,18.57153043,25.36722585,88.57548933,18.18081665,18.86245728
West Bengal,Dinajpur Dakshin,2014,1,0.147344979,17.34218805,25.36722585,88.57548933,16.95040894,17.65353394
West Bengal,Dinajpur Dakshin,2014,2,1.24161859,18.7729187,25.36722585,88.57548933,18.51608276,18.98483276
West Bengal,Dinajpur Dakshin,2014,3,0.268401233,24.54822332,25.36722585,88.57548933,24.34616089,24.71725464
West Bengal,Dinajpur Dakshin,2014,4,0.201475599,29.63251842,25.36722585,88.57548933,29.29605103,29.8565979
West Bengal,Dinajpur Dakshin,2014,5,4.754739241,30.03305331,25.36722585,88.57548933,29.43637085,30.37582397
West Bengal,Dinajpur Dakshin,2014,6,11.40853466,28.26930376,25.36722585,88.57548933,27.8772583,28.57843018
West Bengal,Dinajpur Dakshin,2014,7,9.760652022,28.22875422,25.36722585,88.57548933,28.14352417,28.30758667
West Bengal,Dinajpur Dakshin,2014,8,14.50523793,27.76698442,25.36722585,88.57548933,27.62493896,27.84759521
West Bengal,Dinajpur Dakshin,2014,9,8.899701205,27.31501354,25.36722585,88.57548933,27.10531616,27.42172241
West Bengal,Dinajpur Dakshin,2014,10,1.884997108,25.85131281,25.36722585,88.57548933,25.68228149,26.03579712
West Bengal,Dinajpur Dakshin,2014,11,0.011160034,22.53365534,25.36722585,88.57548933,22.19754028,22.84988403
West Bengal,Dinajpur Dakshin,2014,12,0.072413959,18.73367864,25.36722585,88.57548933,18.48092651,19.00631714
West Bengal,Dinajpur Dakshin,2015,1,0.71987707,17.53515348,25.36722585,88.57548933,17.22842407,17.76358032
West Bengal,Dinajpur Dakshin,2015,2,0.978630413,20.46472445,25.36722585,88.57548933,20.22848511,20.67184448
West Bengal,Dinajpur Dakshin,2015,3,2.248426784,24.33261663,25.36722585,88.57548933,24.165802,24.540802
West Bengal,Dinajpur Dakshin,2015,4,4.245452187,25.3638805,25.36722585,88.57548933,25.00024414,25.53930664
West Bengal,Dinajpur Dakshin,2015,5,8.25862399,27.30604692,25.36722585,88.57548933,26.81723022,27.6512146
West Bengal,Dinajpur Dakshin,2015,6,8.47415716,28.17280162,25.36722585,88.57548933,27.83322144,28.37423706
West Bengal,Dinajpur Dakshin,2015,7,11.85964827,27.76605225,25.36722585,88.57548933,27.60110474,27.87258911
West Bengal,Dinajpur Dakshin,2015,8,15.47248147,27.63495983,25.36722585,88.57548933,27.48696899,27.71157837
West Bengal,Dinajpur Dakshin,2015,9,6.508766868,28.0425526,25.36722585,88.57548933,27.85256958,28.16311646
West Bengal,Dinajpur Dakshin,2015,10,1.126347195,26.48889715,25.36722585,88.57548933,26.21652222,26.66574097
West Bengal,Dinajpur Dakshin,2015,11,0.149879835,23.22963645,25.36722585,88.57548933,22.97351074,23.45593262
West Bengal,Dinajpur Dakshin,2015,12,0.1122466,18.77066595,25.36722585,88.57548933,18.46420288,18.98178101
West Bengal,Dinajpur Dakshin,2016,1,0.62245564,17.57628285,25.36722585,88.57548933,17.4206543,17.7644043
West Bengal,Dinajpur Dakshin,2016,2,0.135488597,21.43835172,25.36722585,88.57548933,21.18045044,21.65896606
West Bengal,Dinajpur Dakshin,2016,3,1.050768159,25.85733865,25.36722585,88.57548933,25.5196228,26.12704468
West Bengal,Dinajpur Dakshin,2016,4,0.842761907,29.06534646,25.36722585,88.57548933,28.3039856,29.6477356
West Bengal,Dinajpur Dakshin,2016,5,8.383320202,27.22581898,25.36722585,88.57548933,26.76745605,27.58190918
West Bengal,Dinajpur Dakshin,2016,6,9.090587269,28.54511608,25.36722585,88.57548933,28.28179932,28.67437744
West Bengal,Dinajpur Dakshin,2016,7,12.9371546,27.5534557,25.36722585,88.57548933,27.42126465,27.60876465
West Bengal,Dinajpur Dakshin,2016,8,5.631954193,28.77790416,25.36722585,88.57548933,28.57424927,28.91995239
West Bengal,Dinajpur Dakshin,2016,9,12.69790233,27.47287265,25.36722585,88.57548933,27.32345581,27.58908081
West Bengal,Dinajpur Dakshin,2016,10,3.177758304,26.40773149,25.36722585,88.57548933,26.19732666,26.57818604
West Bengal,Dinajpur Dakshin,2016,11,0.023516918,23.22226784,25.36722585,88.57548933,22.90612793,23.45690918
West Bengal,Dinajpur Dakshin,2016,12,0.077549696,19.9949646,25.36722585,88.57548933,19.67269897,20.27426147
West Bengal,Dinajpur Dakshin,2017,1,0.047083941,18.13845825,25.36722585,88.57548933,17.86404419,18.40310669
West Bengal,Dinajpur Dakshin,2017,2,0.028967779,21.32881026,25.36722585,88.57548933,20.98648071,21.61148071
West Bengal,Dinajpur Dakshin,2017,3,2.199126157,22.85192594,25.36722585,88.57548933,22.61257935,22.96218872
West Bengal,Dinajpur Dakshin,2017,4,7.543090127,25.9052346,25.36722585,88.57548933,25.47518921,26.18612671
West Bengal,Dinajpur Dakshin,2017,5,9.554988514,27.2744751,25.36722585,88.57548933,26.89254761,27.50778198
West Bengal,Dinajpur Dakshin,2017,6,7.948505748,28.3947421,25.36722585,88.57548933,28.12219238,28.53430176
West Bengal,Dinajpur Dakshin,2017,7,11.41887041,27.60190097,25.36722585,88.57548933,27.5005188,27.6723938
West Bengal,Dinajpur Dakshin,2017,8,12.04480813,28.3270985,25.36722585,88.57548933,28.16427612,28.44943237
West Bengal,Dinajpur Dakshin,2017,9,8.922022733,27.92214688,25.36722585,88.57548933,27.71902466,28.04129028
West Bengal,Dinajpur Dakshin,2017,10,6.340780778,26.1046309,25.36722585,88.57548933,25.91873169,26.24880981
West Bengal,Dinajpur Dakshin,2017,11,0.015712638,22.40144764,25.36722585,88.57548933,22.07687378,22.6803894
West Bengal,Dinajpur Dakshin,2017,12,0.126336921,20.02548773,25.36722585,88.57548933,19.83816528,20.26980591
West Bengal,Dinajpur Dakshin,2018,1,0.016905526,16.94806186,25.36722585,88.57548933,16.64834595,17.21279907
West Bengal,Dinajpur Dakshin,2018,2,0.08780927,21.00017201,25.36722585,88.57548933,20.79571533,21.19805908
West Bengal,Dinajpur Dakshin,2018,3,0.588150285,25.37122137,25.36722585,88.57548933,25.09786987,25.56271362
West Bengal,Dinajpur Dakshin,2018,4,6.352565419,26.00958252,25.36722585,88.57548933,25.59268188,26.43838501
West Bengal,Dinajpur Dakshin,2018,5,9.081712896,26.13414418,25.36722585,88.57548933,25.82226563,26.3046875
West Bengal,Dinajpur Dakshin,2018,6,8.099816756,28.87139893,25.36722585,88.57548933,28.59298706,29.04025269
West Bengal,Dinajpur Dakshin,2018,7,8.24251279,28.5203358,25.36722585,88.57548933,28.3633728,28.62704468
West Bengal,Dinajpur Dakshin,2018,8,6.0589017,28.62771329,25.36722585,88.57548933,28.51620483,28.73104858
West Bengal,Dinajpur Dakshin,2018,9,5.357831782,28.3887773,25.36722585,88.57548933,28.20181274,28.51431274
West Bengal,Dinajpur Dakshin,2018,10,1.412591934,25.6317971,25.36722585,88.57548933,25.36288452,25.86679077
West Bengal,Dinajpur Dakshin,2018,11,0.065265124,22.94949896,25.36722585,88.57548933,22.5932312,23.2338562
West Bengal,Dinajpur Dakshin,2018,12,0.411479516,18.63231035,25.36722585,88.57548933,18.34085083,18.86819458
West Bengal,Dinajpur Dakshin,2019,1,0.015527453,18.33233365,25.36722585,88.57548933,17.97579956,18.61447144
West Bengal,Dinajpur Dakshin,2019,2,2.511072159,20.11252108,25.36722585,88.57548933,19.84796143,20.3381958
West Bengal,Dinajpur Dakshin,2019,3,0.730236747,24.04087413,25.36722585,88.57548933,23.65158081,24.27658081
West Bengal,Dinajpur Dakshin,2019,4,3.981290297,26.14500289,25.36722585,88.57548933,25.84182739,26.50198364
West Bengal,Dinajpur Dakshin,2019,5,7.63224515,27.8217385,25.36722585,88.57548933,27.21884155,28.2383728
West Bengal,Dinajpur Dakshin,2019,6,11.39613412,29.04380105,25.36722585,88.57548933,28.71594238,29.35266113
West Bengal,Dinajpur Dakshin,2019,7,13.14341042,28.57088401,25.36722585,88.57548933,28.33224487,28.68380737
West Bengal,Dinajpur Dakshin,2019,8,5.37631503,28.98702725,25.36722585,88.57548933,28.81311035,29.13342285
West Bengal,Dinajpur Dakshin,2019,9,13.09409679,27.41744163,25.36722585,88.57548933,27.2774353,27.48446655
West Bengal,Dinajpur Dakshin,2019,10,5.005998438,25.57303689,25.36722585,88.57548933,25.40914917,25.70211792
West Bengal,Dinajpur Dakshin,2019,11,0.336219289,23.61538141,25.36722585,88.57548933,23.36520386,23.86520386
West Bengal,Dinajpur Dakshin,2019,12,0.04956227,18.11683516,25.36722585,88.57548933,17.75692749,18.33700562
West Bengal,Dinajpur Dakshin,2020,1,0.612820192,17.1673584,25.36722585,88.57548933,16.95837402,17.33532715
West Bengal,Dinajpur Dakshin,2020,2,1.606828516,19.31469449,25.36722585,88.57548933,19.12026978,19.54214478
West Bengal,Dinajpur Dakshin,2020,3,0.797938867,23.56081321,25.36722585,88.57548933,23.40527344,23.71777344
West Bengal,Dinajpur Dakshin,2020,4,3.510126981,25.99917325,25.36722585,88.57548933,25.76959229,26.14654541
West Bengal,Dinajpur Dakshin,2020,5,9.555974093,26.64898682,25.36722585,88.57548933,26.33267212,26.82485962
West Bengal,Dinajpur Dakshin,2020,6,15.86763278,27.89261697,25.36722585,88.57548933,27.70733643,27.99639893
West Bengal,Dinajpur Dakshin,2020,7,16.26810386,27.88967618,25.36722585,88.57548933,27.70901489,27.99612427
West Bengal,Dinajpur Dakshin,2020,8,7.819926869,28.64747758,25.36722585,88.57548933,28.53970337,28.72720337
West Bengal,Dinajpur Dakshin,2020,9,12.5932742,27.8270874,25.36722585,88.57548933,27.65432739,27.95315552
West Bengal,Dinajpur Dakshin,2020,10,2.350177765,27.39625688,25.36722585,88.57548933,27.21914673,27.53945923
West Bengal,Dinajpur Dakshin,2020,11,0.036880314,22.52253584,25.36722585,88.57548933,22.1723938,22.8755188
West Bengal,Dinajpur Dakshin,2020,12,0.061845823,18.67201372,25.36722585,88.57548933,18.39227295,18.93719482
West Bengal,Dinajpur Dakshin,2021,1,0.013201773,17.71939919,25.36722585,88.57548933,17.36907959,17.98626709
West Bengal,Dinajpur Dakshin,2021,2,0.023755843,20.70574674,25.36722585,88.57548933,20.41659546,20.96151733
West Bengal,Dinajpur Dakshin,2021,3,0.21935684,25.60234486,25.36722585,88.57548933,25.37728882,25.76986694
West Bengal,Dinajpur Dakshin,2021,4,0.994562756,28.4348089,25.36722585,88.57548933,28.12612915,28.57339478
West Bengal,Dinajpur Dakshin,2021,5,10.38404846,27.20509477,25.36722585,88.57548933,26.93795776,27.40866089
West Bengal,Dinajpur Dakshin,2021,6,8.51430997,28.2563754,25.36722585,88.57548933,28.0630188,28.39309692
West Bengal,Dinajpur Dakshin,2021,7,8.473072399,28.42123136,25.36722585,88.57548933,28.27758789,28.49829102
West Bengal,Dinajpur Dakshin,2021,8,11.29214061,27.92049339,25.36722585,88.57548933,27.79220581,27.97970581
West Bengal,Dinajpur Dakshin,2021,9,4.950349288,28.15840843,25.36722585,88.57548933,28.03421021,28.27249146
West Bengal,Dinajpur Dakshin,2021,10,4.519157756,26.61273193,25.36722585,88.57548933,26.39993286,26.77297974
West Bengal,Dinajpur Dakshin,2021,11,0.003286309,21.71492975,25.36722585,88.57548933,21.41690063,22.03604126
West Bengal,Dinajpur Dakshin,2021,12,0.137764064,19.15703513,25.36722585,88.57548933,18.83547974,19.44094849
West Bengal,Dinajpur Dakshin,2022,1,0.797873757,17.06528265,25.36722585,88.57548933,16.75881958,17.28225708
West Bengal,Dinajpur Dakshin,2022,2,2.973916487,17.8037803,25.36722585,88.57548933,17.56381226,17.98373413
West Bengal,Dinajpur Dakshin,2022,3,0.182051355,25.62761896,25.36722585,88.57548933,25.25048828,25.88720703
West Bengal,Dinajpur Dakshin,2022,4,3.689374404,27.01487593,25.36722585,88.57548933,26.41571045,27.43719482
West Bengal,Dinajpur Dakshin,2022,5,7.255998091,27.47422097,25.36722585,88.57548933,27.08288574,27.70202637
West Bengal,Dinajpur Dakshin,2022,6,11.01050845,28.07394687,25.36722585,88.57548933,27.63253784,28.40792847
West Bengal,Dinajpur Dakshin,2022,7,5.551837228,29.2086792,25.36722585,88.57548933,29.06619263,29.306427
West Bengal,Dinajpur Dakshin,2022,8,5.980370955,28.83016135,25.36722585,88.57548933,28.70870972,28.94503784
West Bengal,Dinajpur Dakshin,2022,9,5.959911,27.69069047,25.36722585,88.57548933,27.59854126,27.76065063
West Bengal,Dinajpur Dakshin,2022,10,2.287799488,25.78407426,25.36722585,88.57548933,25.51693726,25.94662476
West Bengal,Dinajpur Dakshin,2022,11,0.013856747,22.2210943,25.36722585,88.57548933,21.92892456,22.51486206
West Bengal,Dinajpur Dakshin,2022,12,0.012113734,19.42118697,25.36722585,88.57548933,19.21948242,19.65698242
West Bengal,Dinajpur Dakshin,2023,1,0.005863087,17.27967696,25.36722585,88.57548933,16.9480896,17.50863647
West Bengal,Dinajpur Dakshin,2023,2,0.015424401,21.14812955,25.36722585,88.57548933,20.93026733,21.35214233
West Bengal,Dinajpur Dakshin,2023,3,1.287691983,24.4759466,25.36722585,88.57548933,24.32138062,24.68466187
West Bengal,Dinajpur Dakshin,2023,4,0.597001423,28.39324396,25.36722585,88.57548933,27.93896484,28.62451172
West Bengal,Dinajpur Dakshin,2023,5,1.877710516,28.44609486,25.36722585,88.57548933,28.04534912,28.777771
West Bengal,Dinajpur Dakshin,2023,6,4.048606873,29.96357311,25.36722585,88.57548933,29.39175415,30.3956604
West Bengal,Dinajpur Dakshin,2023,7,5.05148038,29.17319003,25.36722585,88.57548933,29.00228882,29.26791382
West Bengal,Dinajpur Dakshin,2023,8,9.115622087,28.66019509,25.36722585,88.57548933,28.51504517,28.74551392
West Bengal,Dinajpur Dakshin,2023,9,4.390777935,28.72515869,25.36722585,88.57548933,28.58444214,28.84811401
West Bengal,Dinajpur Dakshin,2023,10,4.126364968,26.33757435,25.36722585,88.57548933,26.17910767,26.49160767
West Bengal,Dinajpur Dakshin,2023,11,0.056728916,23.88234641,25.36722585,88.57548933,23.67504883,24.12817383
West Bengal,Dinajpur Dakshin,2023,12,0.364701401,20.0627913,25.36722585,88.57548933,19.81723022,20.24691772
West Bengal,Dinajpur Dakshin,2024,1,0.025775983,17.1975708,25.36722585,88.57548933,16.93487549,17.41143799
West Bengal,Dinajpur Dakshin,2024,2,0.333240011,19.8812672,25.36722585,88.57548933,19.60818481,20.05740356
West Bengal,Dinajpur Dakshin,2024,3,1.429303516,24.18070568,25.36722585,88.57548933,24.04922485,24.34414673
West Bengal,Dinajpur Dakshin,2024,4,0.084201943,30.60167902,25.36722585,88.57548933,30.3192749,30.86810303
West Bengal,Dinajpur Dakshin,2024,5,4.440416856,29.63886053,25.36722585,88.57548933,29.21032715,29.88806152
West Bengal,Dinajpur Dakshin,2024,6,9.332271229,29.24617698,25.36722585,88.57548933,28.73800659,29.66574097
West Bengal,Dinajpur Dakshin,2024,7,11.3412108,29.22257857,25.36722585,88.57548933,29.05700684,29.32653809
West Bengal,Dinajpur Dakshin,2024,8,12.20341353,28.13256281,25.36722585,88.57548933,27.94577026,28.23483276
West Bengal,Dinajpur Dakshin,2024,9,10.3929915,28.83064964,25.36722585,88.57548933,28.73556519,28.94454956
West Bengal,Dinajpur Dakshin,2024,10,3.748064561,26.4636286,25.36722585,88.57548933,26.22952271,26.58499146
West Bengal,Dinajpur Dakshin,2024,11,0.102971565,23.17354792,25.36722585,88.57548933,22.93997192,23.37747192
West Bengal,Dinajpur Dakshin,2024,12,0.00543375,18.57375544,25.36722585,88.57548933,18.34017944,18.85580444
West Bengal,Dinajpur Dakshin,2025,1,0.003930806,18.21694391,25.36722585,88.57548933,17.91891479,18.47555542
West Bengal,Dinajpur Dakshin,2025,2,0.055229854,20.75351507,25.36722585,88.57548933,20.50369263,20.94314575
West Bengal,Dinajpur Dakshin,2025,3,0.445417448,25.46502686,25.36722585,88.57548933,25.32546997,25.62820435
West Bengal,Dinajpur Dakshin,2025,4,4.451891119,27.29101008,25.36722585,88.57548933,26.96954346,27.50274658
West Bengal,Dinajpur Dakshin,2025,5,11.93411255,27.66320246,25.36722585,88.57548933,27.34066772,27.88949585
West Bengal,Dinajpur Dakshin,2025,6,6.083491932,28.81274969,25.36722585,88.57548933,28.65579224,28.93118286
West Bengal,Dinajpur Dakshin,2025,7,7.793357156,28.31981867,25.36722585,88.57548933,28.13497925,28.4201355
West Bengal,Dinajpur Dakshin,2025,8,9.150960749,27.94817006,25.36722585,88.57548933,27.81802368,28.04653931
West Bengal,Dinajpur Dakshin,2025,9,8.317837108,28.45917858,25.36722585,88.57548933,28.31509399,28.56704712
West Bengal,Dinajpur Dakshin,2025,10,5.755092274,26.54804577,25.36722585,88.57548933,26.33950806,26.70669556
West Bengal,Dinajpur Uttar,2013,1,0.046604441,16.1626939,25.89016151,88.15726413,15.74307251,16.32705688
West Bengal,Dinajpur Uttar,2013,2,0.494671088,20.45108971,25.89016151,88.15726413,20.05227661,20.74563599
West Bengal,Dinajpur Uttar,2013,3,0.07160123,26.01501934,25.89016151,88.15726413,25.29071045,26.50360107
West Bengal,Dinajpur Uttar,2013,4,3.081753657,27.6701801,25.89016151,88.15726413,26.81756592,28.07537842
West Bengal,Dinajpur Uttar,2013,5,8.08149954,26.85032536,25.89016151,88.15726413,26.26040649,27.24868774
West Bengal,Dinajpur Uttar,2013,6,13.34093182,28.1661377,25.89016151,88.15726413,27.56066895,28.59973145
West Bengal,Dinajpur Uttar,2013,7,9.536750207,28.01617666,25.89016151,88.15726413,27.27511597,28.50753784
West Bengal,Dinajpur Uttar,2013,8,12.22496385,27.37093647,25.89016151,88.15726413,26.91751099,27.65579224
West Bengal,Dinajpur Uttar,2013,9,6.351361788,27.75242497,25.89016151,88.15726413,27.33047485,28.03164673
West Bengal,Dinajpur Uttar,2013,10,6.409047053,24.9747291,25.89016151,88.15726413,24.62496948,25.28707886
West Bengal,Dinajpur Uttar,2013,11,0.158810157,20.58692815,25.89016151,88.15726413,19.97064209,20.86907959
West Bengal,Dinajpur Uttar,2013,12,0.026459332,18.00278179,25.89016151,88.15726413,17.6222229,18.27456665
West Bengal,Dinajpur Uttar,2014,1,0.350781661,16.96978995,25.89016151,88.15726413,16.75900269,17.14962769
West Bengal,Dinajpur Uttar,2014,2,0.94361606,18.32385019,25.89016151,88.15726413,18.05709839,18.61569214
West Bengal,Dinajpur Uttar,2014,3,0.263128794,24.57933397,25.89016151,88.15726413,24.06881714,24.83834839
West Bengal,Dinajpur Uttar,2014,4,0.250962367,29.73032086,25.89016151,88.15726413,28.7628479,30.08120728
West Bengal,Dinajpur Uttar,2014,5,8.607383141,29.27193275,25.89016151,88.15726413,27.2137146,30.52230835
West Bengal,Dinajpur Uttar,2014,6,13.53490976,27.83023306,25.89016151,88.15726413,27.09405518,28.6819458
West Bengal,Dinajpur Uttar,2014,7,11.80814186,28.04789617,25.89016151,88.15726413,27.64547729,28.32711792
West Bengal,Dinajpur Uttar,2014,8,15.35895714,27.5450862,25.89016151,88.15726413,27.00775146,27.89447021
West Bengal,Dinajpur Uttar,2014,9,13.66616352,26.93862446,25.89016151,88.15726413,26.43930054,27.33383179
West Bengal,Dinajpur Uttar,2014,10,1.646096743,25.54714027,25.89016151,88.15726413,25.22915649,25.75454712
West Bengal,Dinajpur Uttar,2014,11,0.032393669,22.22217971,25.89016151,88.15726413,21.94949341,22.46707153
West Bengal,Dinajpur Uttar,2014,12,0.147863718,18.42759118,25.89016151,88.15726413,18.23873901,18.58834839
West Bengal,Dinajpur Uttar,2015,1,0.769529049,17.20558753,25.89016151,88.15726413,16.9803772,17.44717407
West Bengal,Dinajpur Uttar,2015,2,0.808456641,20.06690157,25.89016151,88.15726413,19.72067261,20.29293823
West Bengal,Dinajpur Uttar,2015,3,2.725221194,24.11502075,25.89016151,88.15726413,23.884552,24.37478638
West Bengal,Dinajpur Uttar,2015,4,3.596905928,25.09827599,25.89016151,88.15726413,24.30883789,25.62329102
West Bengal,Dinajpur Uttar,2015,5,8.123720609,26.87003972,25.89016151,88.15726413,26.13754272,27.68637085
West Bengal,Dinajpur Uttar,2015,6,10.69631254,27.61439632,25.89016151,88.15726413,26.78829956,28.45040894
West Bengal,Dinajpur Uttar,2015,7,13.55705379,27.83578022,25.89016151,88.15726413,27.64016724,28.03079224
West Bengal,Dinajpur Uttar,2015,8,20.66225492,27.36677669,25.89016151,88.15726413,26.82290649,27.73696899
West Bengal,Dinajpur Uttar,2015,9,6.980237521,27.5713947,25.89016151,88.15726413,26.95803833,28.04202271
West Bengal,Dinajpur Uttar,2015,10,1.064846772,26.10955106,25.89016151,88.15726413,25.55441284,26.55831909
West Bengal,Dinajpur Uttar,2015,11,0.228481036,22.84963755,25.89016151,88.15726413,22.25280762,23.30944824
West Bengal,Dinajpur Uttar,2015,12,0.231087465,18.22464459,25.89016151,88.15726413,17.55599976,18.70248413
West Bengal,Dinajpur Uttar,2016,1,0.605680759,17.17426007,25.89016151,88.15726413,16.7097168,17.53588867
West Bengal,Dinajpur Uttar,2016,2,0.121742964,20.81927255,25.89016151,88.15726413,20.32302856,21.24880981
West Bengal,Dinajpur Uttar,2016,3,1.706822909,25.38733614,25.89016151,88.15726413,24.54110718,26.04696655
West Bengal,Dinajpur Uttar,2016,4,0.573042576,28.4855511,25.89016151,88.15726413,26.84695435,29.7414856
West Bengal,Dinajpur Uttar,2016,5,8.752542349,26.98245005,25.89016151,88.15726413,26.13659668,27.6854248
West Bengal,Dinajpur Uttar,2016,6,12.68925946,28.17024583,25.89016151,88.15726413,27.37359619,28.72515869
West Bengal,Dinajpur Uttar,2016,7,14.09844736,27.33562763,25.89016151,88.15726413,26.8392334,27.66345215
West Bengal,Dinajpur Uttar,2016,8,7.849875817,28.70969097,25.89016151,88.15726413,28.35159302,28.87893677
West Bengal,Dinajpur Uttar,2016,9,15.66871174,27.07924007,25.89016151,88.15726413,26.64962769,27.45431519
West Bengal,Dinajpur Uttar,2016,10,4.057971074,25.9924739,25.89016151,88.15726413,25.37115479,26.31060791
West Bengal,Dinajpur Uttar,2016,11,0.036093081,22.57259428,25.89016151,88.15726413,22.1229248,22.94128418
West Bengal,Dinajpur Uttar,2016,12,0.10437429,19.45830595,25.89016151,88.15726413,19.12191772,19.69613647
West Bengal,Dinajpur Uttar,2017,1,0.164931554,17.76743962,25.89016151,88.15726413,17.57888794,17.94607544
West Bengal,Dinajpur Uttar,2017,2,0.03830285,20.66075956,25.89016151,88.15726413,20.22671509,21.02554321
West Bengal,Dinajpur Uttar,2017,3,2.00228295,22.62091769,25.89016151,88.15726413,22.04812622,23.03250122
West Bengal,Dinajpur Uttar,2017,4,3.589495439,25.80045964,25.89016151,88.15726413,25.09628296,26.31893921
West Bengal,Dinajpur Uttar,2017,5,7.060854398,27.07614136,25.89016151,88.15726413,26.35348511,27.57028198
West Bengal,Dinajpur Uttar,2017,6,8.763619056,28.16245681,25.89016151,88.15726413,27.54016113,28.58508301
West Bengal,Dinajpur Uttar,2017,7,13.49728159,27.5232051,25.89016151,88.15726413,27.1645813,27.7270813
West Bengal,Dinajpur Uttar,2017,8,16.6526771,28.08923105,25.89016151,88.15726413,27.51779175,28.4357605
West Bengal,Dinajpur Uttar,2017,9,9.991443341,27.77085759,25.89016151,88.15726413,27.28543091,28.10183716
West Bengal,Dinajpur Uttar,2017,10,6.142532349,25.76901715,25.89016151,88.15726413,25.24490356,26.06326294
West Bengal,Dinajpur Uttar,2017,11,0.017641531,21.90184373,25.89016151,88.15726413,21.26242065,22.22531128
West Bengal,Dinajpur Uttar,2017,12,0.015708847,19.68890146,25.89016151,88.15726413,19.19363403,19.91043091
West Bengal,Dinajpur Uttar,2018,1,0.036883322,16.5581266,25.89016151,88.15726413,16.21865845,16.71279907
West Bengal,Dinajpur Uttar,2018,2,0.115068307,20.44189923,25.89016151,88.15726413,19.81915283,20.87188721
West Bengal,Dinajpur Uttar,2018,3,0.604288468,24.88355196,25.89016151,88.15726413,23.896698,25.4826355
West Bengal,Dinajpur Uttar,2018,4,5.389481765,25.88332191,25.89016151,88.15726413,25.08486938,26.56729126
West Bengal,Dinajpur Uttar,2018,5,7.285937383,25.94478666,25.89016151,88.15726413,25.45507813,26.36328125
West Bengal,Dinajpur Uttar,2018,6,10.07589487,28.39136446,25.89016151,88.15726413,27.63595581,29.00119019
West Bengal,Dinajpur Uttar,2018,7,13.48069059,28.2677448,25.89016151,88.15726413,27.63485718,28.65438843
West Bengal,Dinajpur Uttar,2018,8,10.27784494,28.26913452,25.89016151,88.15726413,27.71151733,28.67440796
West Bengal,Dinajpur Uttar,2018,9,7.05427786,27.86241972,25.89016151,88.15726413,27.21157837,28.36196899
West Bengal,Dinajpur Uttar,2018,10,3.207918607,24.97398729,25.89016151,88.15726413,24.22616577,25.62265015
West Bengal,Dinajpur Uttar,2018,11,0.090994147,22.25917171,25.89016151,88.15726413,21.72409058,22.8666687
West Bengal,Dinajpur Uttar,2018,12,0.384973159,18.09310444,25.89016151,88.15726413,17.74319458,18.39749146
West Bengal,Dinajpur Uttar,2019,1,0.029667144,17.81451651,25.89016151,88.15726413,17.46212769,18.04025269
West Bengal,Dinajpur Uttar,2019,2,2.339248217,19.59766095,25.89016151,88.15726413,19.28155518,19.96710205
West Bengal,Dinajpur Uttar,2019,3,0.500656788,24.04986807,25.89016151,88.15726413,23.58517456,24.40158081
West Bengal,Dinajpur Uttar,2019,4,3.378297953,26.25671621,25.89016151,88.15726413,25.56057739,26.72073364
West Bengal,Dinajpur Uttar,2019,5,5.922179002,27.42406992,25.89016151,88.15726413,26.1993103,28.42977905
West Bengal,Dinajpur Uttar,2019,6,12.01924251,28.58515813,25.89016151,88.15726413,27.65930176,29.39758301
West Bengal,Dinajpur Uttar,2019,7,19.68009831,28.14316735,25.89016151,88.15726413,27.3576355,28.72091675
West Bengal,Dinajpur Uttar,2019,8,10.95909001,28.74212177,25.89016151,88.15726413,28.32092285,29.0670166
West Bengal,Dinajpur Uttar,2019,9,20.80892944,26.93774179,25.89016151,88.15726413,26.4258728,27.43563843
West Bengal,Dinajpur Uttar,2019,10,3.13473364,25.17875554,25.89016151,88.15726413,24.72555542,25.45993042
West Bengal,Dinajpur Uttar,2019,11,0.073249143,23.57681744,25.89016151,88.15726413,23.31637573,23.83786011
West Bengal,Dinajpur Uttar,2019,12,0.144897938,17.70058735,25.89016151,88.15726413,17.22958374,17.90145874
West Bengal,Dinajpur Uttar,2020,1,0.677891805,16.80107234,25.89016151,88.15726413,16.43688965,17.00915527
West Bengal,Dinajpur Uttar,2020,2,1.910918016,19.01532687,25.89016151,88.15726413,18.65542603,19.23550415
West Bengal,Dinajpur Uttar,2020,3,1.161466599,23.29852764,25.89016151,88.15726413,22.85839844,23.59277344
West Bengal,Dinajpur Uttar,2020,4,4.486835773,25.77394926,25.89016151,88.15726413,25.35943604,26.17584229
West Bengal,Dinajpur Uttar,2020,5,8.398978013,26.17214027,25.89016151,88.15726413,25.52798462,26.84048462
West Bengal,Dinajpur Uttar,2020,6,16.60601807,27.56911527,25.89016151,88.15726413,26.9866333,28.00421143
West Bengal,Dinajpur Uttar,2020,7,17.19833609,27.64809242,25.89016151,88.15726413,27.05276489,28.06838989
West Bengal,Dinajpur Uttar,2020,8,9.882542537,28.45293955,25.89016151,88.15726413,27.95376587,28.78775024
West Bengal,Dinajpur Uttar,2020,9,15.30782142,27.36819458,25.89016151,88.15726413,26.78909302,27.88479614
West Bengal,Dinajpur Uttar,2020,10,2.82862854,26.7621906,25.89016151,88.15726413,26.04922485,27.2640686
West Bengal,Dinajpur Uttar,2020,11,0.057935573,21.79912156,25.89016151,88.15726413,20.85794067,22.21340942
West Bengal,Dinajpur Uttar,2020,12,0.076402742,18.02440937,25.89016151,88.15726413,17.40594482,18.4352417
West Bengal,Dinajpur Uttar,2021,1,0.051982774,17.25730074,25.89016151,88.15726413,16.97650146,17.43743896
West Bengal,Dinajpur Uttar,2021,2,0.038685556,20.11739173,25.89016151,88.15726413,19.49472046,20.42050171
West Bengal,Dinajpur Uttar,2021,3,0.278493533,25.09423593,25.89016151,88.15726413,24.22494507,25.62728882
West Bengal,Dinajpur Uttar,2021,4,0.863013047,28.22979502,25.89016151,88.15726413,27.1378479,28.71206665
West Bengal,Dinajpur Uttar,2021,5,10.3238408,26.71297279,25.89016151,88.15726413,26.02780151,27.31491089
West Bengal,Dinajpur Uttar,2021,6,11.10014109,27.9317087,25.89016151,88.15726413,27.17044067,28.46731567
West Bengal,Dinajpur Uttar,2021,7,10.74987793,28.20261794,25.89016151,88.15726413,27.56079102,28.59985352
West Bengal,Dinajpur Uttar,2021,8,13.18059598,27.62791795,25.89016151,88.15726413,27.07540894,28.02462769
West Bengal,Dinajpur Uttar,2021,9,5.686234694,27.97441453,25.89016151,88.15726413,27.66506958,28.17678833
West Bengal,Dinajpur Uttar,2021,10,7.165767376,26.09254103,25.89016151,88.15726413,25.53665161,26.47024536
West Bengal,Dinajpur Uttar,2021,11,0.007055209,21.10665424,25.89016151,88.15726413,20.38955688,21.47549438
West Bengal,Dinajpur Uttar,2021,12,0.248421999,18.53575017,25.89016151,88.15726413,18.16360474,18.86087036
West Bengal,Dinajpur Uttar,2022,1,0.515069228,16.65650588,25.89016151,88.15726413,16.46389771,16.79983521
West Bengal,Dinajpur Uttar,2022,2,2.517578125,17.38562716,25.89016151,88.15726413,16.88021851,17.73568726
West Bengal,Dinajpur Uttar,2022,3,0.258690321,25.55307242,25.89016151,88.15726413,25.03564453,25.95361328
West Bengal,Dinajpur Uttar,2022,4,3.096271515,26.33585768,25.89016151,88.15726413,25.05828857,27.58953857
West Bengal,Dinajpur Uttar,2022,5,8.01667903,26.97381122,25.89016151,88.15726413,26.12390137,27.75280762
West Bengal,Dinajpur Uttar,2022,6,12.65994497,27.23327402,25.89016151,88.15726413,26.28292847,28.43136597
West Bengal,Dinajpur Uttar,2022,7,7.329721891,28.92684467,25.89016151,88.15726413,28.28103638,29.38064575
West Bengal,Dinajpur Uttar,2022,8,7.848730234,28.65574998,25.89016151,88.15726413,28.24581909,28.94699097
West Bengal,Dinajpur Uttar,2022,9,5.813376207,27.37611037,25.89016151,88.15726413,26.97940063,27.70986938
West Bengal,Dinajpur Uttar,2022,10,2.509439028,25.30104182,25.89016151,88.15726413,24.71615601,25.74349976
West Bengal,Dinajpur Uttar,2022,11,0.018306125,21.85515653,25.89016151,88.15726413,21.35665894,22.13790894
West Bengal,Dinajpur Uttar,2022,12,0.017942041,19.05684721,25.89016151,88.15726413,18.64526367,19.29174805
West Bengal,Dinajpur Uttar,2023,1,0.005960466,16.72656015,25.89016151,88.15726413,16.56332397,17.0027771
West Bengal,Dinajpur Uttar,2023,2,0.048290867,20.73007202,25.89016151,88.15726413,20.38925171,20.97128296
West Bengal,Dinajpur Uttar,2023,3,1.823495131,23.9411222,25.89016151,88.15726413,23.18856812,24.45223999
West Bengal,Dinajpur Uttar,2023,4,0.556708483,27.89321665,25.89016151,88.15726413,26.73388672,28.78662109
West Bengal,Dinajpur Uttar,2023,5,1.572485117,28.41719407,25.89016151,88.15726413,27.496521,28.96331787
West Bengal,Dinajpur Uttar,2023,6,4.87065682,29.43449754,25.89016151,88.15726413,28.06948853,30.6222229
West Bengal,Dinajpur Uttar,2023,7,6.981083797,28.83447031,25.89016151,88.15726413,28.11361694,29.30892944
West Bengal,Dinajpur Uttar,2023,8,7.772515517,28.45757822,25.89016151,88.15726413,27.93692017,28.79043579
West Bengal,Dinajpur Uttar,2023,9,6.148079505,28.5236699,25.89016151,88.15726413,28.19772339,28.77389526
West Bengal,Dinajpur Uttar,2023,10,3.594727736,25.96486488,25.89016151,88.15726413,25.27676392,26.31777954
West Bengal,Dinajpur Uttar,2023,11,0.022136555,23.59174053,25.89016151,88.15726413,23.0012207,23.85473633
West Bengal,Dinajpur Uttar,2023,12,0.274903958,19.62537325,25.89016151,88.15726413,19.18051147,19.90707397
West Bengal,Dinajpur Uttar,2024,1,0.052981065,16.84105037,25.89016151,88.15726413,16.59307861,16.99737549
West Bengal,Dinajpur Uttar,2024,2,0.267519639,19.24790837,25.89016151,88.15726413,18.74099731,19.70974731
West Bengal,Dinajpur Uttar,2024,3,1.604604868,23.81515033,25.89016151,88.15726413,23.0687561,24.12149048
West Bengal,Dinajpur Uttar,2024,4,0.129616352,29.98814509,25.89016151,88.15726413,28.4677124,30.7177124
West Bengal,Dinajpur Uttar,2024,5,4.883852739,29.55520395,25.89016151,88.15726413,28.8861084,30.01306152
West Bengal,Dinajpur Uttar,2024,6,13.67515916,28.26302162,25.89016151,88.15726413,27.28292847,29.64620972
West Bengal,Dinajpur Uttar,2024,7,15.21593534,28.88002366,25.89016151,88.15726413,28.14685059,29.40075684
West Bengal,Dinajpur Uttar,2024,8,11.63902635,28.18991089,25.89016151,88.15726413,27.88522339,28.35202026
West Bengal,Dinajpur Uttar,2024,9,11.74634728,28.64211567,25.89016151,88.15726413,28.42111206,28.80587769
West Bengal,Dinajpur Uttar,2024,10,3.467947153,26.05960083,25.89016151,88.15726413,25.46585083,26.53030396
West Bengal,Dinajpur Uttar,2024,11,0.144037889,22.74683791,25.89016151,88.15726413,22.25637817,23.08840942
West Bengal,Dinajpur Uttar,2024,12,0.017633087,18.3697768,25.89016151,88.15726413,18.20346069,18.57650757
West Bengal,Dinajpur Uttar,2025,1,0.020304604,17.83725915,25.89016151,88.15726413,17.65914917,17.95602417
West Bengal,Dinajpur Uttar,2025,2,0.176116136,20.16046847,25.89016151,88.15726413,19.74783325,20.63650513
West Bengal,Dinajpur Uttar,2025,3,0.50464344,24.93499521,25.89016151,88.15726413,24.0071106,25.4289856
West Bengal,Dinajpur Uttar,2025,4,4.217532525,26.883005,25.89016151,88.15726413,26.28009033,27.52618408
West Bengal,Dinajpur Uttar,2025,5,11.68854464,27.26186664,25.89016151,88.15726413,26.5887146,27.95394897
West Bengal,Dinajpur Uttar,2025,6,7.872187688,28.59945209,25.89016151,88.15726413,28.14016724,28.91360474
West Bengal,Dinajpur Uttar,2025,7,9.592298068,28.41780677,25.89016151,88.15726413,28.20529175,28.55490112
West Bengal,Dinajpur Uttar,2025,8,11.9006465,27.81839928,25.89016151,88.15726413,27.38442993,28.13638306
West Bengal,Dinajpur Uttar,2025,9,10.17622258,28.14321899,25.89016151,88.15726413,27.78384399,28.48892212
West Bengal,Dinajpur Uttar,2025,10,10.45482459,26.0342196,25.89016151,88.15726413,25.76528931,26.36685181
West Bengal,Hooghly,2013,1,0.077084351,17.81273397,22.88492111,88.07619183,17.50088501,18.13565063
West Bengal,Hooghly,2013,2,0.475397873,21.22480265,22.88492111,88.07619183,21.00540161,21.61672974
West Bengal,Hooghly,2013,3,0.135304737,26.89904378,22.88492111,88.07619183,26.6383667,27.21063232
West Bengal,Hooghly,2013,4,1.37375768,30.01281331,22.88492111,88.07619183,29.59295654,30.39569092
West Bengal,Hooghly,2013,5,3.85613505,29.96502889,22.88492111,88.07619183,29.48892212,30.39517212
West Bengal,Hooghly,2013,6,7.84980011,28.58677572,22.88492111,88.07619183,28.49230957,28.67980957
West Bengal,Hooghly,2013,7,6.462368774,28.14939982,22.88492111,88.07619183,28.06417847,28.22238159
West Bengal,Hooghly,2013,8,11.40602417,27.51705526,22.88492111,88.07619183,27.39212036,27.61477661
West Bengal,Hooghly,2013,9,8.112107849,27.41374308,22.88492111,88.07619183,27.37149048,27.48867798
West Bengal,Hooghly,2013,10,12.34380086,25.4017924,22.88492111,88.07619183,25.31246948,25.53512573
West Bengal,Hooghly,2013,11,0.005465994,21.91335042,22.88492111,88.07619183,21.54876709,22.29290771
West Bengal,Hooghly,2013,12,0.026067909,19.48843384,22.88492111,88.07619183,19.05581665,19.89761353
West Bengal,Hooghly,2014,1,0.03058126,17.92234904,22.88492111,88.07619183,17.68087769,18.26876831
West Bengal,Hooghly,2014,2,1.849581146,20.52884318,22.88492111,88.07619183,20.23483276,20.96139526
West Bengal,Hooghly,2014,3,0.777645874,25.54772339,22.88492111,88.07619183,25.07662964,26.19772339
West Bengal,Hooghly,2014,4,0.514149666,31.08315837,22.88492111,88.07619183,30.64175415,31.55581665
West Bengal,Hooghly,2014,5,3.720144653,31.59958903,22.88492111,88.07619183,31.5262146,31.80355835
West Bengal,Hooghly,2014,6,10.13331299,29.81430257,22.88492111,88.07619183,29.5725708,30.11553955
West Bengal,Hooghly,2014,7,9.189274089,28.10927938,22.88492111,88.07619183,27.98141479,28.21188354
West Bengal,Hooghly,2014,8,10.26512248,28.04407959,22.88492111,88.07619183,27.95306396,28.10540771
West Bengal,Hooghly,2014,9,5.843241882,27.59594116,22.88492111,88.07619183,27.50765991,27.69125366
West Bengal,Hooghly,2014,10,2.07117513,26.03215129,22.88492111,88.07619183,25.90689087,26.20962524
West Bengal,Hooghly,2014,11,0.001675783,23.14988403,22.88492111,88.07619183,22.69949341,23.54129028
West Bengal,Hooghly,2014,12,0.111318207,19.20605672,22.88492111,88.07619183,18.72897339,19.58444214
West Bengal,Hooghly,2015,1,0.926643944,18.57907511,22.88492111,88.07619183,18.3163147,18.85342407
West Bengal,Hooghly,2015,2,0.663299115,22.54775594,22.88492111,88.07619183,22.24020386,22.84176636
West Bengal,Hooghly,2015,3,1.730369822,26.23637492,22.88492111,88.07619183,25.76931763,26.65213013
West Bengal,Hooghly,2015,4,6.278575643,27.91508789,22.88492111,88.07619183,27.50024414,28.37133789
West Bengal,Hooghly,2015,5,1.505067952,30.95447184,22.88492111,88.07619183,30.58480835,31.22543335
West Bengal,Hooghly,2015,6,9.961224365,29.55555216,22.88492111,88.07619183,29.41525269,29.69259644
West Bengal,Hooghly,2015,7,25.64917806,27.51165161,22.88492111,88.07619183,27.37454224,27.69094849
West Bengal,Hooghly,2015,8,8.064251709,28.16125285,22.88492111,88.07619183,28.09634399,28.24478149
West Bengal,Hooghly,2015,9,5.422226969,28.27743937,22.88492111,88.07619183,28.20803833,28.33694458
West Bengal,Hooghly,2015,10,1.281511943,26.58761597,22.88492111,88.07619183,26.46261597,26.74386597
West Bengal,Hooghly,2015,11,0.046994285,24.3276123,22.88492111,88.07619183,24.19030762,24.52233887
West Bengal,Hooghly,2015,12,0.566012955,20.54473674,22.88492111,88.07619183,20.27865601,20.84115601
West Bengal,Hooghly,2016,1,0.246626186,19.17039388,22.88492111,88.07619183,18.86401367,19.5300293
West Bengal,Hooghly,2016,2,3.176187134,24.10089315,22.88492111,88.07619183,23.81326294,24.39724731
West Bengal,Hooghly,2016,3,0.936963781,27.34156291,22.88492111,88.07619183,27.20321655,27.54110718
West Bengal,Hooghly,2016,4,0.573796844,32.48972575,22.88492111,88.07619183,32.00515747,33.07351685
West Bengal,Hooghly,2016,5,6.537785848,30.03939616,22.88492111,88.07619183,29.7166748,30.44128418
West Bengal,Hooghly,2016,6,5.265003459,29.38596598,22.88492111,88.07619183,29.23101807,29.57086182
West Bengal,Hooghly,2016,7,9.306107585,28.01416829,22.88492111,88.07619183,27.93884277,28.11071777
West Bengal,Hooghly,2016,8,11.83712972,27.82184041,22.88492111,88.07619183,27.77542114,27.85745239
West Bengal,Hooghly,2016,9,7.497039795,27.56492716,22.88492111,88.07619183,27.46603394,27.69064331
West Bengal,Hooghly,2016,10,2.537430827,26.35012614,22.88492111,88.07619183,26.27154541,26.53326416
West Bengal,Hooghly,2016,11,0.832716242,22.79545085,22.88492111,88.07619183,22.54870605,23.0291748
West Bengal,Hooghly,2016,12,0.002532396,20.47862345,22.88492111,88.07619183,20.11801147,20.82113647
West Bengal,Hooghly,2017,1,0.035554755,19.16964315,22.88492111,88.07619183,18.96755981,19.46560669
West Bengal,Hooghly,2017,2,0.025765757,22.9471578,22.88492111,88.07619183,22.63101196,23.25601196
West Bengal,Hooghly,2017,3,1.598741913,26.01576945,22.88492111,88.07619183,25.57156372,26.57351685
West Bengal,Hooghly,2017,4,1.759029134,30.17799072,22.88492111,88.07619183,29.79550171,30.57089233
West Bengal,Hooghly,2017,5,3.058726501,31.03551839,22.88492111,88.07619183,30.61715698,31.33981323
West Bengal,Hooghly,2017,6,9.533043416,29.69302572,22.88492111,88.07619183,29.34484863,30.00109863
West Bengal,Hooghly,2017,7,16.99993286,27.78541463,22.88492111,88.07619183,27.67630005,27.8442688
West Bengal,Hooghly,2017,8,9.61669515,28.090448,22.88492111,88.07619183,28.02365112,28.146698
West Bengal,Hooghly,2017,9,9.823967489,28.19688924,22.88492111,88.07619183,28.11550903,28.27175903
West Bengal,Hooghly,2017,10,7.545389303,26.41117961,22.88492111,88.07619183,26.33865356,26.54568481
West Bengal,Hooghly,2017,11,1.37072347,22.15630086,22.88492111,88.07619183,21.90109253,22.43624878
West Bengal,Hooghly,2017,12,1.891497676,19.71752726,22.88492111,88.07619183,19.42605591,19.99636841
West Bengal,Hooghly,2018,1,0.000817353,17.04463501,22.88492111,88.07619183,16.70498657,17.5350647
West Bengal,Hooghly,2018,2,0.1231294,23.23699137,22.88492111,88.07619183,22.81915283,23.61798096
West Bengal,Hooghly,2018,3,0.708126068,27.35418498,22.88492111,88.07619183,26.95333862,27.740448
West Bengal,Hooghly,2018,4,4.028375753,28.41729126,22.88492111,88.07619183,28.02627563,28.77041626
West Bengal,Hooghly,2018,5,6.382200114,28.78678385,22.88492111,88.07619183,28.33984375,29.24804688
West Bengal,Hooghly,2018,6,8.57926534,29.58257039,22.88492111,88.07619183,29.41134644,29.81173706
West Bengal,Hooghly,2018,7,12.2693512,28.24950562,22.88492111,88.07619183,28.1758728,28.33407593
West Bengal,Hooghly,2018,8,8.043433634,28.087559,22.88492111,88.07619183,28.00253296,28.16073608
West Bengal,Hooghly,2018,9,6.40351766,28.04471639,22.88492111,88.07619183,27.96548462,28.17251587
West Bengal,Hooghly,2018,10,3.298465983,25.95253296,22.88492111,88.07619183,25.7828064,26.20077515
West Bengal,Hooghly,2018,11,0.120221384,23.64394735,22.88492111,88.07619183,23.39596558,23.90182495
West Bengal,Hooghly,2018,12,1.248056666,18.72750448,22.88492111,88.07619183,18.24710083,19.14358521
West Bengal,Hooghly,2019,1,0.049137632,18.41531779,22.88492111,88.07619183,17.97775269,18.93673706
West Bengal,Hooghly,2019,2,2.539290365,22.15440674,22.88492111,88.07619183,21.77764893,22.5491333
West Bengal,Hooghly,2019,3,2.035621389,25.17221883,22.88492111,88.07619183,24.96798706,25.36642456
West Bengal,Hooghly,2019,4,2.09095726,29.03362427,22.88492111,88.07619183,28.86721802,29.27542114
West Bengal,Hooghly,2019,5,4.834327189,30.86689046,22.88492111,88.07619183,30.76571655,31.02548218
West Bengal,Hooghly,2019,6,6.480317688,30.26021322,22.88492111,88.07619183,29.85461426,30.68273926
West Bengal,Hooghly,2019,7,6.269412231,29.17612508,22.88492111,88.07619183,29.06661987,29.28536987
West Bengal,Hooghly,2019,8,10.98028564,28.30712077,22.88492111,88.07619183,28.1842041,28.39123535
West Bengal,Hooghly,2019,9,8.517893473,27.57821655,22.88492111,88.07619183,27.47860718,27.65634155
West Bengal,Hooghly,2019,10,6.383629354,26.05016479,22.88492111,88.07619183,25.89547729,26.23532104
West Bengal,Hooghly,2019,11,2.526048533,23.43864136,22.88492111,88.07619183,23.29684448,23.61129761
West Bengal,Hooghly,2019,12,0.483489641,19.37561239,22.88492111,88.07619183,19.17684937,19.62216187
West Bengal,Hooghly,2020,1,0.708452479,18.09522298,22.88492111,88.07619183,17.93884277,18.30212402
West Bengal,Hooghly,2020,2,0.205916341,20.5659729,22.88492111,88.07619183,20.32339478,20.85073853
West Bengal,Hooghly,2020,3,0.773841921,26.1235026,22.88492111,88.07619183,25.65136719,26.49121094
West Bengal,Hooghly,2020,4,7.600418091,28.49706624,22.88492111,88.07619183,28.06451416,28.81451416
West Bengal,Hooghly,2020,5,6.906055705,28.70513306,22.88492111,88.07619183,28.52407837,28.89517212
West Bengal,Hooghly,2020,6,7.557177226,28.82908122,22.88492111,88.07619183,28.71124268,28.9631958
West Bengal,Hooghly,2020,7,8.666364543,28.69950968,22.88492111,88.07619183,28.59573364,28.78518677
West Bengal,Hooghly,2020,8,12.44833984,28.29771118,22.88492111,88.07619183,28.21548462,28.33462524
West Bengal,Hooghly,2020,9,6.243375651,28.39228312,22.88492111,88.07619183,28.34768677,28.46487427
West Bengal,Hooghly,2020,10,4.121658834,27.1373759,22.88492111,88.07619183,27.02774048,27.29727173
West Bengal,Hooghly,2020,11,0.136202876,23.22857869,22.88492111,88.07619183,22.9614563,23.61965942
West Bengal,Hooghly,2020,12,0.002767049,19.5711141,22.88492111,88.07619183,19.30047607,19.82391357
West Bengal,Hooghly,2021,1,0.006551159,19.38431396,22.88492111,88.07619183,19.07025146,19.74993896
West Bengal,Hooghly,2021,2,0.210329247,21.73840535,22.88492111,88.07619183,21.54940796,22.03573608
West Bengal,Hooghly,2021,3,0.364865685,27.76635132,22.88492111,88.07619183,27.44174194,28.01205444
West Bengal,Hooghly,2021,4,0.797451973,30.01063436,22.88492111,88.07619183,29.69448853,30.40542603
West Bengal,Hooghly,2021,5,5.527895101,29.42819214,22.88492111,88.07619183,29.04342651,29.74655151
West Bengal,Hooghly,2021,6,10.44683634,28.75768026,22.88492111,88.07619183,28.52786255,28.98684692
West Bengal,Hooghly,2021,7,9.591505941,28.4074056,22.88492111,88.07619183,28.32250977,28.50415039
West Bengal,Hooghly,2021,8,8.89143575,28.05236206,22.88492111,88.07619183,28.00314331,28.11056519
West Bengal,Hooghly,2021,9,12.1783315,27.18056437,22.88492111,88.07619183,27.07717896,27.30569458
West Bengal,Hooghly,2021,10,5.260509237,26.85846151,22.88492111,88.07619183,26.75344849,26.99172974
West Bengal,Hooghly,2021,11,1.374371592,22.27822876,22.88492111,88.07619183,22.12588501,22.53213501
West Bengal,Hooghly,2021,12,5.724845378,18.91008911,22.88492111,88.07619183,18.69680786,19.10305786
West Bengal,Hooghly,2022,1,0.92359581,17.59651489,22.88492111,88.07619183,17.30374146,17.94827271
West Bengal,Hooghly,2022,2,1.711984634,19.62943726,22.88492111,88.07619183,19.35287476,20.00717163
West Bengal,Hooghly,2022,3,0.05855724,26.79397786,22.88492111,88.07619183,26.68017578,26.97900391
West Bengal,Hooghly,2022,4,0.591051801,30.57664795,22.88492111,88.07619183,30.3493042,30.93914795
West Bengal,Hooghly,2022,5,3.184028117,29.75541178,22.88492111,88.07619183,29.33288574,30.05358887
West Bengal,Hooghly,2022,6,4.198423767,30.14517008,22.88492111,88.07619183,29.84933472,30.35714722
West Bengal,Hooghly,2022,7,4.810550944,28.56742961,22.88492111,88.07619183,28.4079895,28.69900513
West Bengal,Hooghly,2022,8,8.123771159,28.17960815,22.88492111,88.07619183,28.07199097,28.25558472
West Bengal,Hooghly,2022,9,4.534510803,27.94085897,22.88492111,88.07619183,27.85049438,28.00674438
West Bengal,Hooghly,2022,10,3.038842265,25.99343465,22.88492111,88.07619183,25.92318726,26.12240601
West Bengal,Hooghly,2022,11,0.001009372,22.22983602,22.88492111,88.07619183,22.07345581,22.47775269
West Bengal,Hooghly,2022,12,0.001539904,19.9175944,22.88492111,88.07619183,19.64526367,20.20385742
West Bengal,Hooghly,2023,1,0.006130845,19.35394897,22.88492111,88.07619183,19.08285522,19.66488647
West Bengal,Hooghly,2023,2,0.025732438,22.71112671,22.88492111,88.07619183,22.45761108,22.99862671
West Bengal,Hooghly,2023,3,1.957752355,25.98335978,22.88492111,88.07619183,25.69638062,26.21591187
West Bengal,Hooghly,2023,4,0.889142418,29.83942057,22.88492111,88.07619183,29.40771484,30.39013672
West Bengal,Hooghly,2023,5,1.054571915,30.60667725,22.88492111,88.07619183,30.22503662,31.074646
West Bengal,Hooghly,2023,6,2.385879771,31.52332764,22.88492111,88.07619183,31.00308228,31.97964478
West Bengal,Hooghly,2023,7,3.161788177,29.04747111,22.88492111,88.07619183,28.96127319,29.10189819
West Bengal,Hooghly,2023,8,6.381066386,28.56022746,22.88492111,88.07619183,28.49551392,28.61856079
West Bengal,Hooghly,2023,9,5.5221639,28.13593953,22.88492111,88.07619183,28.03561401,28.20748901
West Bengal,Hooghly,2023,10,2.127246857,26.62253215,22.88492111,88.07619183,26.52481079,26.79043579
West Bengal,Hooghly,2023,11,0.106875118,24.41280924,22.88492111,88.07619183,24.1184082,24.6027832
West Bengal,Hooghly,2023,12,0.750144577,20.202712,22.88492111,88.07619183,19.69418335,20.48910522
West Bengal,Hooghly,2024,1,0.399544779,18.10746663,22.88492111,88.07619183,17.82940674,18.41143799
West Bengal,Hooghly,2024,2,0.307537142,21.99522909,22.88492111,88.07619183,21.64334106,22.34841919
West Bengal,Hooghly,2024,3,1.666240056,26.07090454,22.88492111,88.07619183,25.7718811,26.3421936
West Bengal,Hooghly,2024,4,0.355284055,31.75006917,22.88492111,88.07619183,31.54388428,32.08880615
West Bengal,Hooghly,2024,5,10.33206991,30.35869954,22.88492111,88.07619183,30.12438965,30.7298584
West Bengal,Hooghly,2024,6,3.902030945,31.362618,22.88492111,88.07619183,31.06808472,31.81613159
West Bengal,Hooghly,2024,7,8.299644979,28.79209798,22.88492111,88.07619183,28.69177246,28.84802246
West Bengal,Hooghly,2024,8,14.1700236,27.84980672,22.88492111,88.07619183,27.80514526,27.90280151
West Bengal,Hooghly,2024,9,13.73138631,28.29233602,22.88492111,88.07619183,28.20431519,28.40158081
West Bengal,Hooghly,2024,10,5.99167277,27.2528951,22.88492111,88.07619183,27.17483521,27.39358521
West Bengal,Hooghly,2024,11,0.193345149,23.49518026,22.88492111,88.07619183,23.28762817,23.69387817
West Bengal,Hooghly,2024,12,0.096787326,19.49955444,22.88492111,88.07619183,19.16439819,19.79916382
West Bengal,Hooghly,2025,1,0.0166785,19.04319865,22.88492111,88.07619183,18.78610229,19.33493042
West Bengal,Hooghly,2025,2,0.957881482,22.81866659,22.88492111,88.07619183,22.49783325,23.22439575
West Bengal,Hooghly,2025,3,0.312045352,27.16251424,22.88492111,88.07619183,26.86062622,27.44070435
West Bengal,Hooghly,2025,4,2.994438171,29.29929606,22.88492111,88.07619183,29.12969971,29.60626221
West Bengal,Hooghly,2025,5,4.258279928,29.84743856,22.88492111,88.07619183,29.70199585,29.94613647
West Bengal,Hooghly,2025,6,13.56779887,28.80963338,22.88492111,88.07619183,28.73391724,28.87454224
West Bengal,Hooghly,2025,7,18.32200928,27.81974487,22.88492111,88.07619183,27.7013855,27.87521362
West Bengal,Hooghly,2025,8,8.881021118,27.86333618,22.88492111,88.07619183,27.75552368,27.92935181
West Bengal,Hooghly,2025,9,9.062567139,28.00982056,22.88492111,88.07619183,27.88150024,28.16860962
West Bengal,Hooghly,2025,10,3.796464793,26.73215129,22.88492111,88.07619183,26.65396118,26.84732056
West Bengal,Howrah,2013,1,0.09218903,18.50124012,22.52149191,88.06339684,18.26065063,18.95205688
West Bengal,Howrah,2013,2,0.268975735,21.84844138,22.52149191,88.06339684,21.54446411,22.25930786
West Bengal,Howrah,2013,3,0.205882658,27.42849454,22.52149191,88.06339684,27.23406982,27.65594482
West Bengal,Howrah,2013,4,1.345619722,30.08372359,22.52149191,88.06339684,29.86444092,30.25311279
West Bengal,Howrah,2013,5,2.665901184,30.34971757,22.52149191,88.06339684,30.10025024,30.53189087
West Bengal,Howrah,2013,6,7.961536754,28.7105269,22.52149191,88.06339684,28.67785645,28.73059082
West Bengal,Howrah,2013,7,6.445300016,28.14106057,22.52149191,88.06339684,28.09152222,28.17745972
West Bengal,Howrah,2013,8,10.68064326,27.66058627,22.52149191,88.06339684,27.61087036,27.71829224
West Bengal,Howrah,2013,9,9.391836687,27.49347201,22.52149191,88.06339684,27.44961548,27.56484985
West Bengal,Howrah,2013,10,13.51990995,25.59105613,22.52149191,88.06339684,25.45895386,25.73434448
West Bengal,Howrah,2013,11,0.002747638,22.4006847,22.52149191,88.06339684,22.12689209,22.66204834
West Bengal,Howrah,2013,12,0.01031564,20.09683228,22.52149191,88.06339684,19.75112915,20.53237915
West Bengal,Howrah,2014,1,0.004028317,18.54788763,22.52149191,88.06339684,18.24533081,19.03244019
West Bengal,Howrah,2014,2,1.440474944,21.22435691,22.52149191,88.06339684,20.93795776,21.66452026
West Bengal,Howrah,2014,3,0.942271319,26.55035123,22.52149191,88.06339684,26.26022339,26.92037964
West Bengal,Howrah,2014,4,0.496694738,31.55812489,22.52149191,88.06339684,31.4503479,31.6612854
West Bengal,Howrah,2014,5,3.015086087,31.44791204,22.52149191,88.06339684,31.09262085,31.6746521
West Bengal,Howrah,2014,6,10.98744202,29.88666881,22.52149191,88.06339684,29.69952393,30.05108643
West Bengal,Howrah,2014,7,9.040840843,28.13446877,22.52149191,88.06339684,28.09274292,28.18844604
West Bengal,Howrah,2014,8,11.47563726,28.11091198,22.52149191,88.06339684,28.08392334,28.12884521
West Bengal,Howrah,2014,9,5.961220481,27.73795111,22.52149191,88.06339684,27.66000366,27.83187866
West Bengal,Howrah,2014,10,1.901563818,26.24957553,22.52149191,88.06339684,26.08071899,26.41470337
West Bengal,Howrah,2014,11,0.002136364,23.60183716,22.52149191,88.06339684,23.25222778,23.91238403
West Bengal,Howrah,2014,12,0.085127365,19.68405151,22.52149191,88.06339684,19.39498901,20.00436401
West Bengal,Howrah,2015,1,1.092097196,18.99209595,22.52149191,88.06339684,18.75576782,19.2850647
West Bengal,Howrah,2015,2,0.645343824,23.0825334,22.52149191,88.06339684,22.88864136,23.31442261
West Bengal,Howrah,2015,3,1.316039866,26.76008467,22.52149191,88.06339684,26.48025513,27.03689575
West Bengal,Howrah,2015,4,5.670342879,28.26054244,22.52149191,88.06339684,28.00024414,28.41040039
West Bengal,Howrah,2015,5,1.013995517,31.04272738,22.52149191,88.06339684,30.90316772,31.15316772
West Bengal,Howrah,2015,6,7.998008728,29.59156661,22.52149191,88.06339684,29.49923706,29.69064331
West Bengal,Howrah,2015,7,25.48741566,27.69627519,22.52149191,88.06339684,27.51907349,27.86282349
West Bengal,Howrah,2015,8,8.426473444,28.2488653,22.52149191,88.06339684,28.18228149,28.28775024
West Bengal,Howrah,2015,9,5.93883445,28.40459373,22.52149191,88.06339684,28.34085083,28.50881958
West Bengal,Howrah,2015,10,1.375794411,26.89390148,22.52149191,88.06339684,26.72433472,27.12863159
West Bengal,Howrah,2015,11,0.046402444,24.70859597,22.52149191,88.06339684,24.56140137,24.93835449
West Bengal,Howrah,2015,12,0.72287178,21.03842163,22.52149191,88.06339684,20.78842163,21.37240601
West Bengal,Howrah,2016,1,0.462969173,19.85051935,22.52149191,88.06339684,19.5769043,20.2956543
West Bengal,Howrah,2016,2,4.793479919,24.61581976,22.52149191,88.06339684,24.48904419,24.82302856
West Bengal,Howrah,2016,3,0.755713029,27.52725775,22.52149191,88.06339684,27.3633728,27.64852905
West Bengal,Howrah,2016,4,0.455435753,32.0227356,22.52149191,88.06339684,31.7336731,32.36062622
West Bengal,Howrah,2016,5,5.702321486,30.31788219,22.52149191,88.06339684,30.0916748,30.49401855
West Bengal,Howrah,2016,6,5.605881431,29.42970415,22.52149191,88.06339684,29.31695557,29.53570557
West Bengal,Howrah,2016,7,8.62748857,28.06881436,22.52149191,88.06339684,27.97790527,28.12243652
West Bengal,Howrah,2016,8,13.14737771,27.85851773,22.52149191,88.06339684,27.78323364,27.91409302
West Bengal,Howrah,2016,9,7.265174866,27.61163053,22.52149191,88.06339684,27.57345581,27.63595581
West Bengal,Howrah,2016,10,2.694133412,26.50929399,22.52149191,88.06339684,26.36138916,26.64459229
West Bengal,Howrah,2016,11,1.015718287,22.94092907,22.52149191,88.06339684,22.73620605,23.08776855
West Bengal,Howrah,2016,12,0.002474598,20.85398449,22.52149191,88.06339684,20.59457397,21.0652771
West Bengal,Howrah,2017,1,0.021946361,19.743128,22.52149191,88.06339684,19.47927856,20.15701294
West Bengal,Howrah,2017,2,0.015290883,23.55075628,22.52149191,88.06339684,23.33804321,23.91812134
West Bengal,Howrah,2017,3,2.448766188,26.01190463,22.52149191,88.06339684,25.72781372,26.24734497
West Bengal,Howrah,2017,4,1.603695609,29.89084972,22.52149191,88.06339684,29.66073608,30.22128296
West Bengal,Howrah,2017,5,1.813029723,31.29045244,22.52149191,88.06339684,31.20895386,31.42184448
West Bengal,Howrah,2017,6,7.200281317,29.82158869,22.52149191,88.06339684,29.69641113,29.92687988
West Bengal,Howrah,2017,7,18.88063465,27.88404153,22.52149191,88.06339684,27.8364563,27.9614563
West Bengal,Howrah,2017,8,9.730997953,28.17936845,22.52149191,88.06339684,28.1232605,28.22677612
West Bengal,Howrah,2017,9,8.012337425,28.3426042,22.52149191,88.06339684,28.27371216,28.44363403
West Bengal,Howrah,2017,10,7.5500627,26.62238936,22.52149191,88.06339684,26.49490356,26.78396606
West Bengal,Howrah,2017,11,1.840601314,22.43305276,22.52149191,88.06339684,22.18429565,22.66281128
West Bengal,Howrah,2017,12,2.129653064,19.94132579,22.52149191,88.06339684,19.72488403,20.08230591
West Bengal,Howrah,2018,1,0.000817353,17.74298373,22.52149191,88.06339684,17.4413147,18.11514282
West Bengal,Howrah,2018,2,0.192310095,23.89567982,22.52149191,88.06339684,23.70977783,24.17657471
West Bengal,Howrah,2018,3,0.372282548,27.81875055,22.52149191,88.06339684,27.72286987,27.90841675
West Bengal,Howrah,2018,4,3.225606398,28.88458529,22.52149191,88.06339684,28.83291626,28.91104126
West Bengal,Howrah,2018,5,5.566492601,29.21182528,22.52149191,88.06339684,28.9765625,29.3828125
West Bengal,Howrah,2018,6,8.563371138,29.70680098,22.52149191,88.06339684,29.54415894,29.81564331
West Bengal,Howrah,2018,7,12.86414684,28.33425348,22.52149191,88.06339684,28.24032593,28.39266968
West Bengal,Howrah,2018,8,9.036371404,28.13570057,22.52149191,88.06339684,28.10604858,28.16659546
West Bengal,Howrah,2018,9,7.316548434,28.13363093,22.52149191,88.06339684,28.06118774,28.19985962
West Bengal,Howrah,2018,10,3.730821783,26.33483054,22.52149191,88.06339684,26.11483765,26.5796814
West Bengal,Howrah,2018,11,0.191543666,24.05558916,22.52149191,88.06339684,23.87643433,24.2651062
West Bengal,Howrah,2018,12,0.879805131,19.21478549,22.52149191,88.06339684,18.90921021,19.51467896
West Bengal,Howrah,2019,1,0.06017472,19.09937911,22.52149191,88.06339684,18.70236206,19.51876831
West Bengal,Howrah,2019,2,3.429672241,22.79629239,22.52149191,88.06339684,22.59210205,23.02178955
West Bengal,Howrah,2019,3,2.216322119,25.46106234,22.52149191,88.06339684,25.37228394,25.59689331
West Bengal,Howrah,2019,4,1.762738488,29.24470381,22.52149191,88.06339684,29.09378052,29.33010864
West Bengal,Howrah,2019,5,3.157152003,30.94558161,22.52149191,88.06339684,30.81845093,31.04891968
West Bengal,Howrah,2019,6,5.267163017,30.48707164,22.52149191,88.06339684,30.21398926,30.69055176
West Bengal,Howrah,2019,7,6.420450384,29.25127896,22.52149191,88.06339684,29.14474487,29.32247925
West Bengal,Howrah,2019,8,13.71617543,28.34276234,22.52149191,88.06339684,28.29162598,28.37365723
West Bengal,Howrah,2019,9,9.860416759,27.66220093,22.52149191,88.06339684,27.61532593,27.70126343
West Bengal,Howrah,2019,10,5.848985845,26.33120173,22.52149191,88.06339684,26.15133667,26.54782104
West Bengal,Howrah,2019,11,3.939089688,23.78494818,22.52149191,88.06339684,23.58981323,24.08786011
West Bengal,Howrah,2019,12,0.483565677,19.73952692,22.52149191,88.06339684,19.49130249,20.05770874
West Bengal,Howrah,2020,1,0.976569783,18.52335982,22.52149191,88.06339684,18.31188965,18.8236084
West Bengal,Howrah,2020,2,0.294071826,21.07197432,22.52149191,88.06339684,20.83706665,21.38589478
West Bengal,Howrah,2020,3,0.815861268,26.48322088,22.52149191,88.06339684,26.25683594,26.64355469
West Bengal,Howrah,2020,4,8.622531544,28.79764626,22.52149191,88.06339684,28.55084229,28.97662354
West Bengal,Howrah,2020,5,6.186767578,28.89588235,22.52149191,88.06339684,28.78384399,28.96548462
West Bengal,Howrah,2020,6,7.207755349,28.96816739,22.52149191,88.06339684,28.86358643,29.05303955
West Bengal,Howrah,2020,7,8.022761952,28.82851063,22.52149191,88.06339684,28.75784302,28.89456177
West Bengal,Howrah,2020,8,13.42568137,28.33569059,22.52149191,88.06339684,28.31118774,28.35025024
West Bengal,Howrah,2020,9,6.487095226,28.51281461,22.52149191,88.06339684,28.45120239,28.57424927
West Bengal,Howrah,2020,10,4.459004489,27.25199474,22.52149191,88.06339684,27.1546936,27.30899048
West Bengal,Howrah,2020,11,0.133757505,23.66298329,22.52149191,88.06339684,23.42434692,23.88137817
West Bengal,Howrah,2020,12,0.00079102,20.11208829,22.52149191,88.06339684,19.86297607,20.4977417
West Bengal,Howrah,2021,1,0.020126072,20.12920033,22.52149191,88.06339684,19.83587646,20.61907959
West Bengal,Howrah,2021,2,0.109259551,22.37344915,22.52149191,88.06339684,22.06112671,22.89120483
West Bengal,Howrah,2021,3,0.309647712,28.27501609,22.52149191,88.06339684,28.06283569,28.59408569
West Bengal,Howrah,2021,4,0.656406706,30.11920443,22.52149191,88.06339684,29.97964478,30.2394104
West Bengal,Howrah,2021,5,4.970113581,29.77726884,22.52149191,88.06339684,29.72702026,29.82077026
West Bengal,Howrah,2021,6,11.39033231,28.93269209,22.52149191,88.06339684,28.77005005,29.0239563
West Bengal,Howrah,2021,7,10.42948081,28.48284357,22.52149191,88.06339684,28.40258789,28.52954102
West Bengal,Howrah,2021,8,8.05268305,28.12139615,22.52149191,88.06339684,28.06173706,28.15744019
West Bengal,Howrah,2021,9,14.05702348,27.22899003,22.52149191,88.06339684,27.16702271,27.26467896
West Bengal,Howrah,2021,10,5.478003762,27.06612604,22.52149191,88.06339684,26.95657349,27.17532349
West Bengal,Howrah,2021,11,1.797621294,22.73579268,22.52149191,88.06339684,22.48721313,23.05361938
West Bengal,Howrah,2021,12,5.084032232,19.1419428,22.52149191,88.06339684,18.92922974,19.32180786
West Bengal,Howrah,2022,1,0.932938142,18.07220736,22.52149191,88.06339684,17.76858521,18.38186646
West Bengal,Howrah,2022,2,1.861962058,20.26746993,22.52149191,88.06339684,19.94271851,20.69662476
West Bengal,Howrah,2022,3,0.073867912,26.9214755,22.52149191,88.06339684,26.73095703,27.08056641
West Bengal,Howrah,2022,4,0.159452731,30.40558971,22.52149191,88.06339684,30.2399292,30.58563232
West Bengal,Howrah,2022,5,2.766392448,29.97546387,22.52149191,88.06339684,29.82702637,30.07312012
West Bengal,Howrah,2022,6,4.07665114,30.10093273,22.52149191,88.06339684,29.99386597,30.21261597
West Bengal,Howrah,2022,7,6.106433522,28.47031195,22.52149191,88.06339684,28.39822388,28.52127075
West Bengal,Howrah,2022,8,9.155856046,28.15224665,22.52149191,88.06339684,28.11691284,28.19113159
West Bengal,Howrah,2022,9,4.986211257,28.04811512,22.52149191,88.06339684,27.98135376,28.11026001
West Bengal,Howrah,2022,10,2.973762859,26.19680231,22.52149191,88.06339684,26.07943726,26.33334351
West Bengal,Howrah,2022,11,0.000564572,22.663122,22.52149191,88.06339684,22.39767456,23.00704956
West Bengal,Howrah,2022,12,0.000609191,20.49806907,22.52149191,88.06339684,20.2253418,20.93041992
West Bengal,Howrah,2023,1,0.009666778,20.019645,22.52149191,88.06339684,19.7293396,20.49301147
West Bengal,Howrah,2023,2,0.038801107,23.34628296,22.52149191,88.06339684,23.05917358,23.78964233
West Bengal,Howrah,2023,3,1.704695615,26.46182806,22.52149191,88.06339684,26.29208374,26.76083374
West Bengal,Howrah,2023,4,0.801233725,30.13729581,22.52149191,88.06339684,29.93310547,30.41357422
West Bengal,Howrah,2023,5,1.027923237,30.87045566,22.52149191,88.06339684,30.70355225,31.027771
West Bengal,Howrah,2023,6,2.35738997,31.56416182,22.52149191,88.06339684,31.39956665,31.7550354
West Bengal,Howrah,2023,7,3.177108418,29.04152888,22.52149191,88.06339684,29.00814819,29.06674194
West Bengal,Howrah,2023,8,5.86274858,28.6514088,22.52149191,88.06339684,28.61270142,28.68887329
West Bengal,Howrah,2023,9,6.262689764,28.20766657,22.52149191,88.06339684,28.15866089,28.25436401
West Bengal,Howrah,2023,10,1.99654111,26.96888039,22.52149191,88.06339684,26.78652954,27.19863892
West Bengal,Howrah,2023,11,0.167006633,24.74482866,22.52149191,88.06339684,24.55786133,24.9230957
West Bengal,Howrah,2023,12,0.761593732,20.53828846,22.52149191,88.06339684,20.32894897,20.69613647
West Bengal,Howrah,2024,1,0.408091372,18.69535134,22.52149191,88.06339684,18.42901611,19.08721924
West Bengal,Howrah,2024,2,0.218993274,22.79195612,22.52149191,88.06339684,22.51052856,23.29568481
West Bengal,Howrah,2024,3,1.767899253,26.56591519,22.52149191,88.06339684,26.3734436,26.86172485
West Bengal,Howrah,2024,4,0.276431669,32.06998513,22.52149191,88.06339684,31.7411499,32.24700928
West Bengal,Howrah,2024,5,9.490454934,30.54129306,22.52149191,88.06339684,30.24743652,30.74938965
West Bengal,Howrah,2024,6,2.837737864,31.25203358,22.52149191,88.06339684,31.01339722,31.51730347
West Bengal,Howrah,2024,7,9.504013062,28.81286621,22.52149191,88.06339684,28.77575684,28.83825684
West Bengal,Howrah,2024,8,14.81291615,27.92979015,22.52149191,88.06339684,27.85397339,27.99655151
West Bengal,Howrah,2024,9,13.72960316,28.32381092,22.52149191,88.06339684,28.28048706,28.35079956
West Bengal,Howrah,2024,10,6.772716175,27.48005538,22.52149191,88.06339684,27.35256958,27.61819458
West Bengal,Howrah,2024,11,0.336615346,23.72637107,22.52149191,88.06339684,23.5239563,23.88919067
West Bengal,Howrah,2024,12,0.174782731,19.95932007,22.52149191,88.06339684,19.71127319,20.22494507
West Bengal,Howrah,2025,1,0.024320673,19.5089361,22.52149191,88.06339684,19.23336792,19.84664917
West Bengal,Howrah,2025,2,1.035836653,23.51629916,22.52149191,88.06339684,23.165802,23.99197388
West Bengal,Howrah,2025,3,0.359214913,27.39365179,22.52149191,88.06339684,27.26882935,27.48953247
West Bengal,Howrah,2025,4,3.434185028,29.29553778,22.52149191,88.06339684,29.13360596,29.44024658
West Bengal,Howrah,2025,5,4.888483914,29.71868619,22.52149191,88.06339684,29.62582397,29.83676147
West Bengal,Howrah,2025,6,16.07968417,28.83263883,22.52149191,88.06339684,28.78469849,28.88626099
West Bengal,Howrah,2025,7,16.56882546,27.9188926,22.52149191,88.06339684,27.8576355,27.9982605
West Bengal,Howrah,2025,8,9.059734691,27.94266857,22.52149191,88.06339684,27.89810181,27.98013306
West Bengal,Howrah,2025,9,8.83197507,28.06314087,22.52149191,88.06339684,27.98501587,28.10610962
West Bengal,Howrah,2025,10,3.880010085,26.90662453,22.52149191,88.06339684,26.78482056,27.03286743
West Bengal,Jalpaiguri,2013,1,0.08356632,15.71364094,26.68262558,88.76384538,13.77627563,16.83486938
West Bengal,Jalpaiguri,2013,2,0.437960756,19.80086123,26.68262558,88.76384538,17.48391724,20.96243286
West Bengal,Jalpaiguri,2013,3,0.273470648,24.25932575,26.68262558,88.76384538,21.15008545,25.80438232
West Bengal,Jalpaiguri,2013,4,2.986741691,25.76308047,26.68262558,88.76384538,22.79998779,27.01678467
West Bengal,Jalpaiguri,2013,5,9.248840332,25.73434133,26.68262558,88.76384538,23.64907837,26.40884399
West Bengal,Jalpaiguri,2013,6,19.49387965,27.04463985,26.68262558,88.76384538,25.22277832,27.86340332
West Bengal,Jalpaiguri,2013,7,22.54233946,26.5732043,26.68262558,88.76384538,24.59738159,27.53292847
West Bengal,Jalpaiguri,2013,8,22.73376044,26.37575347,26.68262558,88.76384538,24.56204224,27.19485474
West Bengal,Jalpaiguri,2013,9,7.840162606,26.6388655,26.68262558,88.76384538,24.64492798,27.54922485
West Bengal,Jalpaiguri,2013,10,4.708843889,24.15393066,26.68262558,88.76384538,22.19137573,25.12106323
West Bengal,Jalpaiguri,2013,11,0.448704128,19.74529187,26.68262558,88.76384538,17.79486084,21.08392334
West Bengal,Jalpaiguri,2013,12,0.585657186,17.26345404,26.68262558,88.76384538,15.3175354,18.4972229
West Bengal,Jalpaiguri,2014,1,0.318289527,16.82123329,26.68262558,88.76384538,15.04025269,17.80392456
West Bengal,Jalpaiguri,2014,2,1.033612876,17.79639093,26.68262558,88.76384538,15.82662964,18.79537964
West Bengal,Jalpaiguri,2014,3,0.334052579,22.82434082,26.68262558,88.76384538,19.53170776,24.41256714
West Bengal,Jalpaiguri,2014,4,0.620738523,27.11548693,26.68262558,88.76384538,23.41714478,28.91323853
West Bengal,Jalpaiguri,2014,5,14.55784765,26.20839507,26.68262558,88.76384538,23.73519897,27.22348022
West Bengal,Jalpaiguri,2014,6,18.60650003,26.58509774,26.68262558,88.76384538,24.82843018,27.24249268
West Bengal,Jalpaiguri,2014,7,16.26320254,27.17686305,26.68262558,88.76384538,25.46578979,27.97555542
West Bengal,Jalpaiguri,2014,8,22.46880472,26.40504403,26.68262558,88.76384538,24.54876709,27.20501709
West Bengal,Jalpaiguri,2014,9,22.40574909,25.84258823,26.68262558,88.76384538,24.00180054,26.64828491
West Bengal,Jalpaiguri,2014,10,1.165103518,24.42352505,26.68262558,88.76384538,21.96353149,25.67837524
West Bengal,Jalpaiguri,2014,11,0.234572443,21.56849828,26.68262558,88.76384538,19.49636841,22.78933716
West Bengal,Jalpaiguri,2014,12,0.472890591,17.98402563,26.68262558,88.76384538,16.19772339,18.95944214
West Bengal,Jalpaiguri,2015,1,0.642087739,16.6168939,26.68262558,88.76384538,14.65029907,17.49209595
West Bengal,Jalpaiguri,2015,2,0.45445554,19.35503519,26.68262558,88.76384538,17.08590698,20.49215698
West Bengal,Jalpaiguri,2015,3,1.504365724,23.47075785,26.68262558,88.76384538,20.70681763,24.54470825
West Bengal,Jalpaiguri,2015,4,4.108606536,23.62167464,26.68262558,88.76384538,21.18383789,24.51782227
West Bengal,Jalpaiguri,2015,5,5.781126351,25.75776199,26.68262558,88.76384538,23.79769897,26.29574585
West Bengal,Jalpaiguri,2015,6,17.84492019,26.34682701,26.68262558,88.76384538,24.59884644,26.90353394
West Bengal,Jalpaiguri,2015,7,15.87421917,27.1740428,26.68262558,88.76384538,25.35305786,27.91165161
West Bengal,Jalpaiguri,2015,8,37.23501903,26.27050781,26.68262558,88.76384538,24.48501587,27.04751587
West Bengal,Jalpaiguri,2015,9,15.87245336,26.37270592,26.68262558,88.76384538,24.49124146,27.23342896
West Bengal,Jalpaiguri,2015,10,0.912528663,24.82495538,26.68262558,88.76384538,22.41378784,26.02120972
West Bengal,Jalpaiguri,2015,11,0.522458701,21.67461527,26.68262558,88.76384538,19.52233887,22.92077637
West Bengal,Jalpaiguri,2015,12,0.587101772,17.07243295,26.68262558,88.76384538,14.97787476,18.44271851
West Bengal,Jalpaiguri,2016,1,0.831203329,16.16587251,26.68262558,88.76384538,13.86010742,17.36401367
West Bengal,Jalpaiguri,2016,2,0.766021531,19.43671286,26.68262558,88.76384538,17.13552856,20.84646606
West Bengal,Jalpaiguri,2016,3,2.309218308,23.37751717,26.68262558,88.76384538,20.13095093,25.0039978
West Bengal,Jalpaiguri,2016,4,1.331020224,25.31597269,26.68262558,88.76384538,22.34890747,26.78640747
West Bengal,Jalpaiguri,2016,5,10.22896392,25.55416133,26.68262558,88.76384538,23.51940918,26.30456543
West Bengal,Jalpaiguri,2016,6,28.52508334,26.70259673,26.68262558,88.76384538,24.85015869,27.51422119
West Bengal,Jalpaiguri,2016,7,30.36723801,26.24575279,26.68262558,88.76384538,24.44274902,27.08532715
West Bengal,Jalpaiguri,2016,8,10.21091119,27.79346966,26.68262558,88.76384538,25.94143677,28.68167114
West Bengal,Jalpaiguri,2016,9,17.1682613,26.10868046,26.68262558,88.76384538,24.39181519,26.94454956
West Bengal,Jalpaiguri,2016,10,10.66205992,24.71274961,26.68262558,88.76384538,22.40631104,25.97467041
West Bengal,Jalpaiguri,2016,11,0.05729129,22.05867373,26.68262558,88.76384538,20.1619873,23.3026123
West Bengal,Jalpaiguri,2016,12,0.125614364,19.03766501,26.68262558,88.76384538,17.25863647,19.96176147
West Bengal,Jalpaiguri,2017,1,0.239901822,17.51207759,26.68262558,88.76384538,15.24685669,18.65310669
West Bengal,Jalpaiguri,2017,2,0.474184464,19.88848666,26.68262558,88.76384538,17.74038696,20.99819946
West Bengal,Jalpaiguri,2017,3,1.998560807,21.31758907,26.68262558,88.76384538,18.82546997,22.36843872
West Bengal,Jalpaiguri,2017,4,3.709949099,24.07264446,26.68262558,88.76384538,21.68612671,25.12362671
West Bengal,Jalpaiguri,2017,5,5.347556279,25.86540696,26.68262558,88.76384538,23.95700073,26.58004761
West Bengal,Jalpaiguri,2017,6,15.84144645,26.95099087,26.68262558,88.76384538,25.06164551,27.70031738
West Bengal,Jalpaiguri,2017,7,26.79594684,26.69596494,26.68262558,88.76384538,24.97317505,27.48294067
West Bengal,Jalpaiguri,2017,8,27.24255582,26.85494258,26.68262558,88.76384538,24.96505737,27.68966675
West Bengal,Jalpaiguri,2017,9,13.82697375,26.53502576,26.68262558,88.76384538,24.56472778,27.35183716
West Bengal,Jalpaiguri,2017,10,6.084501069,24.56656199,26.68262558,88.76384538,22.45193481,25.61013794
West Bengal,Jalpaiguri,2017,11,0.122731061,20.80269649,26.68262558,88.76384538,18.77609253,22.0788269
West Bengal,Jalpaiguri,2017,12,0.130062333,19.03953815,26.68262558,88.76384538,17.28933716,20.08230591
West Bengal,Jalpaiguri,2018,1,0.26769227,16.08355608,26.68262558,88.76384538,14.43740845,16.97842407
West Bengal,Jalpaiguri,2018,2,0.627470148,19.25544055,26.68262558,88.76384538,17.05938721,20.42071533
West Bengal,Jalpaiguri,2018,3,1.261091824,22.69458429,26.68262558,88.76384538,19.50021362,24.11935425
West Bengal,Jalpaiguri,2018,4,3.764580562,24.58648471,26.68262558,88.76384538,22.10830688,25.40713501
West Bengal,Jalpaiguri,2018,5,8.739787135,25.00969828,26.68262558,88.76384538,23.1015625,25.67773438
West Bengal,Jalpaiguri,2018,6,20.2706846,27.00907109,26.68262558,88.76384538,25.12228394,27.79415894
West Bengal,Jalpaiguri,2018,7,26.66707006,27.00931944,26.68262558,88.76384538,25.15829468,27.94345093
West Bengal,Jalpaiguri,2018,8,18.65657201,27.16127593,26.68262558,88.76384538,25.30722046,28.04354858
West Bengal,Jalpaiguri,2018,9,10.79575216,26.50508486,26.68262558,88.76384538,24.46548462,27.40493774
West Bengal,Jalpaiguri,2018,10,2.045778735,23.53987911,26.68262558,88.76384538,21.30038452,24.64413452
West Bengal,Jalpaiguri,2018,11,0.226538724,21.40768538,26.68262558,88.76384538,19.12643433,22.70065308
West Bengal,Jalpaiguri,2018,12,0.372742554,17.6326073,26.68262558,88.76384538,15.49710083,18.99905396
West Bengal,Jalpaiguri,2019,1,0.050118512,17.11379794,26.68262558,88.76384538,14.65548706,18.51681519
West Bengal,Jalpaiguri,2019,2,1.70780274,19.02394472,26.68262558,88.76384538,16.67218018,19.88702393
West Bengal,Jalpaiguri,2019,3,0.882502326,22.84049619,26.68262558,88.76384538,19.59298706,24.08712769
West Bengal,Jalpaiguri,2019,4,3.640561334,24.88122559,26.68262558,88.76384538,22.52932739,25.69924927
West Bengal,Jalpaiguri,2019,5,7.238968422,25.49423323,26.68262558,88.76384538,23.4961853,26.17001343
West Bengal,Jalpaiguri,2019,6,16.63620311,27.08198495,26.68262558,88.76384538,25.32141113,27.84680176
West Bengal,Jalpaiguri,2019,7,37.83099155,26.70078041,26.68262558,88.76384538,24.82443237,27.49240112
West Bengal,Jalpaiguri,2019,8,15.21976129,27.84671757,26.68262558,88.76384538,26.0670166,28.68029785
West Bengal,Jalpaiguri,2019,9,24.47423895,25.92688409,26.68262558,88.76384538,24.20907593,26.71102905
West Bengal,Jalpaiguri,2019,10,2.146641172,24.15827468,26.68262558,88.76384538,22.20211792,25.15524292
West Bengal,Jalpaiguri,2019,11,0.290089048,22.74209069,26.68262558,88.76384538,20.64254761,23.93942261
West Bengal,Jalpaiguri,2019,12,0.346513222,16.91304279,26.68262558,88.76384538,14.78622437,18.30575562
West Bengal,Jalpaiguri,2020,1,0.944162303,15.99454051,26.68262558,88.76384538,13.79431152,17.04040527
West Bengal,Jalpaiguri,2020,2,0.886829968,18.20223262,26.68262558,88.76384538,15.69058228,19.4894104
West Bengal,Jalpaiguri,2020,3,1.301235331,22.26835264,26.68262558,88.76384538,19.65136719,23.44042969
West Bengal,Jalpaiguri,2020,4,5.320460352,24.45130026,26.68262558,88.76384538,21.94342041,25.60357666
West Bengal,Jalpaiguri,2020,5,7.743491337,24.98851697,26.68262558,88.76384538,23.12173462,25.65103149
West Bengal,Jalpaiguri,2020,6,26.60130152,26.27246304,26.68262558,88.76384538,24.4475708,27.11749268
West Bengal,Jalpaiguri,2020,7,34.01311835,26.25198259,26.68262558,88.76384538,24.47463989,27.13479614
West Bengal,Jalpaiguri,2020,8,13.02636087,27.25427667,26.68262558,88.76384538,25.31509399,28.22134399
West Bengal,Jalpaiguri,2020,9,25.26488837,26.12395188,26.68262558,88.76384538,24.33206177,26.94143677
West Bengal,Jalpaiguri,2020,10,3.978528779,25.14856378,26.68262558,88.76384538,22.8656311,26.48672485
West Bengal,Jalpaiguri,2020,11,0.133552699,20.72283725,26.68262558,88.76384538,18.65481567,21.8833313
West Bengal,Jalpaiguri,2020,12,0.389362598,17.40176918,26.68262558,88.76384538,15.30633545,18.54656982
West Bengal,Jalpaiguri,2021,1,0.992151458,16.66036461,26.68262558,88.76384538,14.50775146,17.81048584
West Bengal,Jalpaiguri,2021,2,0.172441318,18.96077755,26.68262558,88.76384538,16.37948608,20.51034546
West Bengal,Jalpaiguri,2021,3,1.073581301,23.11920797,26.68262558,88.76384538,20.45736694,24.66830444
West Bengal,Jalpaiguri,2021,4,1.366322879,25.67455213,26.68262558,88.76384538,22.8644104,27.16323853
West Bengal,Jalpaiguri,2021,5,8.34993665,25.41425192,26.68262558,88.76384538,23.48873901,26.16256714
West Bengal,Jalpaiguri,2021,6,17.89114275,26.40939436,26.68262558,88.76384538,24.55715942,27.28372192
West Bengal,Jalpaiguri,2021,7,26.1889901,26.80991548,26.68262558,88.76384538,24.93383789,27.69750977
West Bengal,Jalpaiguri,2021,8,23.71092908,26.33975535,26.68262558,88.76384538,24.52658081,27.20040894
West Bengal,Jalpaiguri,2021,9,7.690057163,26.99090366,26.68262558,88.76384538,24.92483521,27.95608521
West Bengal,Jalpaiguri,2021,10,15.73147373,24.92794905,26.68262558,88.76384538,22.78860474,26.01321411
West Bengal,Jalpaiguri,2021,11,0.146228461,20.01623956,26.68262558,88.76384538,17.71768188,21.43447876
West Bengal,Jalpaiguri,2021,12,0.189131523,17.89474593,26.68262558,88.76384538,15.53469849,19.15774536
West Bengal,Jalpaiguri,2022,1,0.380416278,16.06364178,26.68262558,88.76384538,13.76858521,17.15139771
West Bengal,Jalpaiguri,2022,2,2.093760786,16.16739523,26.68262558,88.76384538,13.80990601,17.41732788
West Bengal,Jalpaiguri,2022,3,0.433818423,24.37239022,26.68262558,88.76384538,21.82666016,25.80517578
West Bengal,Jalpaiguri,2022,4,4.997235002,24.18564579,26.68262558,88.76384538,22.22625732,25.0211792
West Bengal,Jalpaiguri,2022,5,10.19929978,25.50469339,26.68262558,88.76384538,23.69812012,26.18054199
West Bengal,Jalpaiguri,2022,6,26.98375202,25.58653943,26.68262558,88.76384538,23.94308472,26.29464722
West Bengal,Jalpaiguri,2022,7,12.93857759,27.54901754,26.68262558,88.76384538,25.56228638,28.49197388
West Bengal,Jalpaiguri,2022,8,10.932895,27.50444083,26.68262558,88.76384538,25.48995972,28.51339722
West Bengal,Jalpaiguri,2022,9,6.180429919,26.35446693,26.68262558,88.76384538,24.63369751,27.12393188
West Bengal,Jalpaiguri,2022,10,2.830838697,24.11587419,26.68262558,88.76384538,22.27084351,25.10873413
West Bengal,Jalpaiguri,2022,11,0.007769669,20.77806354,26.68262558,88.76384538,18.56954956,22.07736206
West Bengal,Jalpaiguri,2022,12,0.01763678,18.6272141,26.68262558,88.76384538,16.46948242,19.75463867
West Bengal,Jalpaiguri,2023,1,0.251166623,16.4949646,26.68262558,88.76384538,14.76644897,17.35043335
West Bengal,Jalpaiguri,2023,2,0.226334144,19.7063325,26.68262558,88.76384538,17.48886108,20.89511108
West Bengal,Jalpaiguri,2023,3,1.356220772,22.37209557,26.68262558,88.76384538,19.97958374,23.65145874
West Bengal,Jalpaiguri,2023,4,1.027132758,25.61541959,26.68262558,88.76384538,22.95263672,26.93701172
West Bengal,Jalpaiguri,2023,5,2.113264413,26.57073975,26.68262558,88.76384538,24.3480835,27.49261475
West Bengal,Jalpaiguri,2023,6,12.22976685,27.33982691,26.68262558,88.76384538,25.59487915,28.01480103
West Bengal,Jalpaiguri,2023,7,11.6294724,27.46039871,26.68262558,88.76384538,25.80307007,28.21713257
West Bengal,Jalpaiguri,2023,8,11.17986324,27.27595467,26.68262558,88.76384538,25.59512329,28.06777954
West Bengal,Jalpaiguri,2023,9,7.604189116,27.65226377,26.68262558,88.76384538,25.86959839,28.45358276
West Bengal,Jalpaiguri,2023,10,4.082614241,24.54979627,26.68262558,88.76384538,22.54434204,25.67129517
West Bengal,Jalpaiguri,2023,11,0.024135216,22.38551488,26.68262558,88.76384538,20.10083008,23.75317383
West Bengal,Jalpaiguri,2023,12,0.225191412,18.98237136,26.68262558,88.76384538,16.9168396,19.97348022
West Bengal,Jalpaiguri,2024,1,0.081817068,16.44693098,26.68262558,88.76384538,14.36260986,17.43292236
West Bengal,Jalpaiguri,2024,2,0.210095438,18.36054098,26.68262558,88.76384538,16.11209106,19.52224731
West Bengal,Jalpaiguri,2024,3,1.938504712,22.55966292,26.68262558,88.76384538,20.35586548,23.6000061
West Bengal,Jalpaiguri,2024,4,0.283417373,27.31004807,26.68262558,88.76384538,24.79974365,28.6317749
West Bengal,Jalpaiguri,2024,5,5.014068604,28.38146131,26.68262558,88.76384538,26.34899902,29.15563965
West Bengal,Jalpaiguri,2024,6,34.93601832,26.74312618,26.68262558,88.76384538,25.35324097,27.26925659
West Bengal,Jalpaiguri,2024,7,38.65729812,27.60846158,26.68262558,88.76384538,26.04528809,28.34997559
West Bengal,Jalpaiguri,2024,8,15.92532033,27.32326323,26.68262558,88.76384538,25.73873901,28.01022339
West Bengal,Jalpaiguri,2024,9,15.30821807,27.92609695,26.68262558,88.76384538,26.10665894,28.72384644
West Bengal,Jalpaiguri,2024,10,3.054839299,24.87539989,26.68262558,88.76384538,23.16897583,25.62014771
West Bengal,Jalpaiguri,2024,11,0.231279061,21.6177726,26.68262558,88.76384538,19.39309692,22.87747192
West Bengal,Jalpaiguri,2024,12,0.125090706,18.30563039,26.68262558,88.76384538,16.29525757,19.22494507
West Bengal,Jalpaiguri,2025,1,0.59950697,17.61981727,26.68262558,88.76384538,15.70407104,18.45407104
West Bengal,Jalpaiguri,2025,2,0.849920273,18.84717218,26.68262558,88.76384538,16.65213013,20.12283325
West Bengal,Jalpaiguri,2025,3,1.060345617,22.79401687,26.68262558,88.76384538,20.24734497,24.14968872
West Bengal,Jalpaiguri,2025,4,2.868714168,25.50826921,26.68262558,88.76384538,23.20782471,26.50665283
West Bengal,Jalpaiguri,2025,5,14.67686199,25.97873451,26.68262558,88.76384538,24.28598022,26.64926147
West Bengal,Jalpaiguri,2025,6,12.02965256,27.60453849,26.68262558,88.76384538,25.94290161,28.34719849
West Bengal,Jalpaiguri,2025,7,15.46729357,27.7446247,26.68262558,88.76384538,26.0763855,28.56661987
West Bengal,Jalpaiguri,2025,8,25.41260397,26.78576239,26.68262558,88.76384538,25.12075806,27.59927368
West Bengal,Jalpaiguri,2025,9,14.42059642,27.22066945,26.68262558,88.76384538,25.46353149,28.02407837
West Bengal,Jalpaiguri,2025,10,11.12454434,25.11099138,26.68262558,88.76384538,23.14810181,26.07192993
West Bengal,Jhargram,2013,1,0.07095431,18.44668579,22.36324341,86.95534298,17.78604126,18.79385376
West Bengal,Jhargram,2013,2,0.470731667,21.67922974,22.36324341,86.95534298,21.04446411,22.11477661
West Bengal,Jhargram,2013,3,0.164526497,27.49571882,22.36324341,86.95534298,26.45477295,28.10906982
West Bengal,Jhargram,2013,4,1.536538669,30.55507987,22.36324341,86.95534298,29.68670654,30.87811279
West Bengal,Jhargram,2013,5,5.255823408,30.86301531,22.36324341,86.95534298,30.10610962,31.21548462
West Bengal,Jhargram,2013,6,8.437648228,28.28213937,22.36324341,86.95534298,27.65441895,28.51184082
West Bengal,Jhargram,2013,7,8.495886121,27.55992344,22.36324341,86.95534298,26.99972534,27.85324097
West Bengal,Jhargram,2013,8,9.281579154,27.22756958,22.36324341,86.95534298,26.65383911,27.49954224
West Bengal,Jhargram,2013,9,8.110374996,27.16452898,22.36324341,86.95534298,26.66641235,27.30508423
West Bengal,Jhargram,2013,10,13.28045545,24.99215698,22.36324341,86.95534298,24.42770386,25.22067261
West Bengal,Jhargram,2013,11,0.010629797,21.55399867,22.36324341,86.95534298,20.78509521,21.97064209
West Bengal,Jhargram,2013,12,0.005867645,19.0949489,22.36324341,86.95534298,18.2628479,19.54995728
West Bengal,Jhargram,2014,1,0.007728715,18.47203282,22.36324341,86.95534298,17.81173706,18.91329956
West Bengal,Jhargram,2014,2,1.182243075,21.30047171,22.36324341,86.95534298,20.50241089,21.68014526
West Bengal,Jhargram,2014,3,0.563572577,26.46013968,22.36324341,86.95534298,25.28756714,27.12741089
West Bengal,Jhargram,2014,4,0.340569462,31.76389422,22.36324341,86.95534298,31.1144104,31.98355103
West Bengal,Jhargram,2014,5,2.520015172,31.88893781,22.36324341,86.95534298,31.36410522,32.24691772
West Bengal,Jhargram,2014,6,8.205309187,30.54738944,22.36324341,86.95534298,29.98077393,30.7835083
West Bengal,Jhargram,2014,7,11.50039237,27.57704817,22.36324341,86.95534298,26.89547729,27.95407104
West Bengal,Jhargram,2014,8,11.41378021,27.63198417,22.36324341,86.95534298,27.02532959,27.87493896
West Bengal,Jhargram,2014,9,4.092678888,27.32134574,22.36324341,86.95534298,26.75375366,27.55062866
West Bengal,Jhargram,2014,10,2.244884763,25.71625192,22.36324341,86.95534298,25.15103149,25.90884399
West Bengal,Jhargram,2014,11,0.007833422,22.71902466,22.36324341,86.95534298,22.00418091,22.97879028
West Bengal,Jhargram,2014,12,0.043986704,18.8495091,22.36324341,86.95534298,17.85397339,19.41061401
West Bengal,Jhargram,2015,1,1.525142125,18.46419416,22.36324341,86.95534298,18.02334595,18.69717407
West Bengal,Jhargram,2015,2,0.3185512,23.08025687,22.36324341,86.95534298,22.58395386,23.26754761
West Bengal,Jhargram,2015,3,0.553552389,27.26680647,22.36324341,86.95534298,26.62283325,27.45877075
West Bengal,Jhargram,2015,4,2.468447277,29.22938756,22.36324341,86.95534298,28.48657227,29.47094727
West Bengal,Jhargram,2015,5,2.018651009,31.81653268,22.36324341,86.95534298,31.11410522,32.2215271
West Bengal,Jhargram,2015,6,6.524684361,29.81801496,22.36324341,86.95534298,29.23947144,30.06954956
West Bengal,Jhargram,2015,7,22.08922904,27.64784023,22.36324341,86.95534298,26.97805786,27.95266724
West Bengal,Jhargram,2015,8,9.400284903,27.87347848,22.36324341,86.95534298,27.26235962,28.11196899
West Bengal,Jhargram,2015,9,4.247280121,28.14986311,22.36324341,86.95534298,27.62210083,28.30374146
West Bengal,Jhargram,2015,10,1.039964948,26.79262434,22.36324341,86.95534298,26.36300659,26.93527222
West Bengal,Jhargram,2015,11,0.017792694,24.64454869,22.36324341,86.95534298,23.95788574,24.89538574
West Bengal,Jhargram,2015,12,0.748457023,20.59931728,22.36324341,86.95534298,19.75131226,21.06967163
West Bengal,Jhargram,2016,1,0.237182787,19.61178153,22.36324341,86.95534298,18.84057617,19.9050293
West Bengal,Jhargram,2016,2,2.263681548,24.56765747,22.36324341,86.95534298,23.74880981,24.82888794
West Bengal,Jhargram,2016,3,0.413487741,28.34488787,22.36324341,86.95534298,27.79110718,28.70321655
West Bengal,Jhargram,2016,4,0.478676864,33.81089129,22.36324341,86.95534298,32.79812622,34.57156372
West Bengal,Jhargram,2016,5,2.76622745,31.29689244,22.36324341,86.95534298,30.83972168,31.80651855
West Bengal,Jhargram,2016,6,5.741463797,29.65889195,22.36324341,86.95534298,29.29156494,29.94000244
West Bengal,Jhargram,2016,7,8.162003653,27.68137905,22.36324341,86.95534298,27.08728027,27.93884277
West Bengal,Jhargram,2016,8,12.46801976,27.51335362,22.36324341,86.95534298,26.89456177,27.75588989
West Bengal,Jhargram,2016,9,8.963348389,27.06487601,22.36324341,86.95534298,26.53048706,27.27462769
West Bengal,Jhargram,2016,10,2.356982095,25.99413191,22.36324341,86.95534298,25.34967041,26.21099854
West Bengal,Jhargram,2016,11,0.764568669,22.22190639,22.36324341,86.95534298,21.72644043,22.48620605
West Bengal,Jhargram,2016,12,0.00220599,20.05955723,22.36324341,86.95534298,19.16488647,20.4559021
West Bengal,Jhargram,2017,1,0.061635264,19.51290022,22.36324341,86.95534298,18.70779419,19.99880981
West Bengal,Jhargram,2017,2,0.003286583,23.62431553,22.36324341,86.95534298,22.75796509,24.03335571
West Bengal,Jhargram,2017,3,0.882325854,27.1869376,22.36324341,86.95534298,26.6164856,27.5227356
West Bengal,Jhargram,2017,4,1.973755564,30.78343419,22.36324341,86.95534298,30.24667358,31.16854858
West Bengal,Jhargram,2017,5,2.586474282,31.51964024,22.36324341,86.95534298,30.54489136,31.86911011
West Bengal,Jhargram,2017,6,6.2617242,30.01037598,22.36324341,86.95534298,29.34680176,30.27648926
West Bengal,Jhargram,2017,7,18.01283918,27.38647025,22.36324341,86.95534298,26.7192688,27.67630005
West Bengal,Jhargram,2017,8,8.461657388,27.75035313,22.36324341,86.95534298,27.13693237,28.03927612
West Bengal,Jhargram,2017,9,8.050726754,27.99371774,22.36324341,86.95534298,27.52566528,28.19558716
West Bengal,Jhargram,2017,10,5.175680978,26.15429252,22.36324341,86.95534298,25.50857544,26.44412231
West Bengal,Jhargram,2017,11,1.156292779,21.79673985,22.36324341,86.95534298,21.19406128,22.02999878
West Bengal,Jhargram,2017,12,1.462302617,18.98318481,22.36324341,86.95534298,18.53347778,19.21121216
West Bengal,Jhargram,2018,1,0.000817353,17.38795253,22.36324341,86.95534298,16.74209595,17.75967407
West Bengal,Jhargram,2018,2,0.034676171,23.985866,22.36324341,86.95534298,23.10821533,24.36212158
West Bengal,Jhargram,2018,3,0.703752926,28.18848092,22.36324341,86.95534298,27.64083862,28.41622925
West Bengal,Jhargram,2018,4,3.612449101,28.68775722,22.36324341,86.95534298,28.18447876,28.87783813
West Bengal,Jhargram,2018,5,3.623239245,30.03885324,22.36324341,86.95534298,29.47851563,30.47851563
West Bengal,Jhargram,2018,6,6.597117833,30.00112043,22.36324341,86.95534298,29.59103394,30.17501831
West Bengal,Jhargram,2018,7,11.62344142,27.82298497,22.36324341,86.95534298,27.16415405,28.10946655
West Bengal,Jhargram,2018,8,7.66847447,27.62160383,22.36324341,86.95534298,27.00839233,27.86972046
West Bengal,Jhargram,2018,9,6.904689244,27.62285069,22.36324341,86.95534298,27.05337524,27.80532837
West Bengal,Jhargram,2018,10,4.025085449,25.7679487,22.36324341,86.95534298,24.9781189,26.15585327
West Bengal,Jhargram,2018,11,0.085111031,23.2713841,22.36324341,86.95534298,22.47213745,23.65768433
West Bengal,Jhargram,2018,12,1.426048415,18.23621913,22.36324341,86.95534298,17.47171021,18.74319458
West Bengal,Jhargram,2019,1,0.133089917,18.11530849,22.36324341,86.95534298,17.40744019,18.66329956
West Bengal,Jhargram,2019,2,2.927981785,22.08770752,22.36324341,86.95534298,21.05499268,22.69366455
West Bengal,Jhargram,2019,3,1.21874782,25.2857884,22.36324341,86.95534298,24.55783081,25.59884644
West Bengal,Jhargram,2019,4,2.062796865,29.41625541,22.36324341,86.95534298,28.85745239,29.68362427
West Bengal,Jhargram,2019,5,4.797398703,31.13297381,22.36324341,86.95534298,30.64071655,31.3789978
West Bengal,Jhargram,2019,6,6.237133571,30.655256,22.36324341,86.95534298,30.10852051,30.82336426
West Bengal,Jhargram,2019,7,7.356437683,28.79108974,22.36324341,86.95534298,28.15255737,29.0295105
West Bengal,Jhargram,2019,8,12.42863682,27.78681292,22.36324341,86.95534298,27.15100098,28.09240723
West Bengal,Jhargram,2019,9,9.148903983,27.10102626,22.36324341,86.95534298,26.47860718,27.35360718
West Bengal,Jhargram,2019,10,6.609919412,25.75415475,22.36324341,86.95534298,25.08688354,26.06344604
West Bengal,Jhargram,2019,11,1.319675854,23.23915754,22.36324341,86.95534298,22.75582886,23.42965698
West Bengal,Jhargram,2019,12,0.471554654,19.33867972,22.36324341,86.95534298,18.76278687,19.59481812
West Bengal,Jhargram,2020,1,0.62774522,18.37564523,22.36324341,86.95534298,17.92712402,18.55407715
West Bengal,Jhargram,2020,2,0.471219676,20.84620449,22.36324341,86.95534298,20.07730103,21.17886353
West Bengal,Jhargram,2020,3,1.122342655,26.35979353,22.36324341,86.95534298,25.24707031,26.70996094
West Bengal,Jhargram,2020,4,4.119200843,29.4823434,22.36324341,86.95534298,28.96881104,29.75787354
West Bengal,Jhargram,2020,5,4.474493844,29.21660069,22.36324341,86.95534298,29.05728149,29.33267212
West Bengal,Jhargram,2020,6,6.930885315,28.7303554,22.36324341,86.95534298,28.0960083,29.0022583
West Bengal,Jhargram,2020,7,7.781478882,28.37286813,22.36324341,86.95534298,27.79885864,28.66604614
West Bengal,Jhargram,2020,8,12.3654698,27.90228707,22.36324341,86.95534298,27.33657837,28.19009399
West Bengal,Jhargram,2020,9,4.798671177,28.20350429,22.36324341,86.95534298,27.69338989,28.38479614
West Bengal,Jhargram,2020,10,3.291970662,26.62455967,22.36324341,86.95534298,26.03359985,26.8812561
West Bengal,Jhargram,2020,11,0.042855965,23.33199201,22.36324341,86.95534298,22.53567505,23.69192505
West Bengal,Jhargram,2020,12,0.000826918,19.74446324,22.36324341,86.95534298,18.8336792,20.17352295
West Bengal,Jhargram,2021,1,0.02037823,19.93234689,22.36324341,86.95534298,19.10345459,20.48626709
West Bengal,Jhargram,2021,2,0.047812824,22.3500497,22.36324341,86.95534298,21.44393921,22.86972046
West Bengal,Jhargram,2021,3,0.280170866,28.54846627,22.36324341,86.95534298,27.56674194,28.90853882
West Bengal,Jhargram,2021,4,0.752827644,30.65556553,22.36324341,86.95534298,30.17886353,31.22573853
West Bengal,Jhargram,2021,5,5.178639003,29.65105765,22.36324341,86.95534298,28.72116089,29.96334839
West Bengal,Jhargram,2021,6,9.389009748,28.70203945,22.36324341,86.95534298,28.0708313,29.01809692
West Bengal,Jhargram,2021,7,7.319533757,28.09392439,22.36324341,86.95534298,27.53149414,28.38891602
West Bengal,Jhargram,2021,8,8.187867846,27.82987322,22.36324341,86.95534298,27.28439331,28.07540894
West Bengal,Jhargram,2021,9,12.71184867,26.67246355,22.36324341,86.95534298,26.18069458,26.91116333
West Bengal,Jhargram,2021,10,5.464861734,26.48817226,22.36324341,86.95534298,25.84719849,26.74758911
West Bengal,Jhargram,2021,11,1.763814517,22.26644026,22.36324341,86.95534298,21.58682251,22.63955688
West Bengal,Jhargram,2021,12,4.044837134,18.5748073,22.36324341,86.95534298,18.06008911,18.81985474
West Bengal,Jhargram,2022,1,1.174460956,17.34922137,22.36324341,86.95534298,16.72952271,17.78421021
West Bengal,Jhargram,2022,2,0.84567724,20.06137085,22.36324341,86.95534298,19.28256226,20.52279663
West Bengal,Jhargram,2022,3,0.042532316,27.24267578,22.36324341,86.95534298,26.61181641,27.43798828
West Bengal,Jhargram,2022,4,0.319746767,31.54803467,22.36324341,86.95534298,30.84539795,31.9430542
West Bengal,Jhargram,2022,5,2.230260032,30.55233329,22.36324341,86.95534298,30.22155762,30.80358887
West Bengal,Jhargram,2022,6,3.775857925,30.46666173,22.36324341,86.95534298,30.01144409,30.61495972
West Bengal,Jhargram,2022,7,6.664340428,27.80775234,22.36324341,86.95534298,27.353302,28.025177
West Bengal,Jhargram,2022,8,11.6352975,27.56452724,22.36324341,86.95534298,27.01535034,27.81808472
West Bengal,Jhargram,2022,9,3.714633397,27.58647374,22.36324341,86.95534298,27.09463501,27.82315063
West Bengal,Jhargram,2022,10,1.873673575,25.76770455,22.36324341,86.95534298,25.06381226,26.06576538
West Bengal,Jhargram,2022,11,0.004341351,22.03313773,22.36324341,86.95534298,21.18087769,22.52267456
West Bengal,Jhargram,2022,12,0.002586896,19.86080497,22.36324341,86.95534298,19.01245117,20.49682617
West Bengal,Jhargram,2023,1,0.024146472,19.86152431,22.36324341,86.95534298,19.04574585,20.40512085
West Bengal,Jhargram,2023,2,0.02263516,23.11595372,22.36324341,86.95534298,22.24276733,23.65487671
West Bengal,Jhargram,2023,3,0.948495729,26.60960606,22.36324341,86.95534298,26.01278687,26.85653687
West Bengal,Jhargram,2023,4,0.624254499,30.3054548,22.36324341,86.95534298,29.79052734,30.68896484
West Bengal,Jhargram,2023,5,0.714342117,31.30427769,22.36324341,86.95534298,31.06878662,31.58636475
West Bengal,Jhargram,2023,6,2.274720056,32.06530326,22.36324341,86.95534298,31.7940979,32.3878479
West Bengal,Jhargram,2023,7,4.00972993,28.57797241,22.36324341,86.95534298,28.02572632,28.79721069
West Bengal,Jhargram,2023,8,4.924348559,28.25011771,22.36324341,86.95534298,27.66934204,28.50332642
West Bengal,Jhargram,2023,9,6.477406093,27.65789359,22.36324341,86.95534298,27.06295776,27.93014526
West Bengal,Jhargram,2023,10,1.646143505,26.52390398,22.36324341,86.95534298,25.86660767,26.78067017
West Bengal,Jhargram,2023,11,0.138311122,24.01524135,22.36324341,86.95534298,23.2434082,24.37231445
West Bengal,Jhargram,2023,12,0.730196408,19.42897688,22.36324341,86.95534298,18.60824585,19.97738647
West Bengal,Jhargram,2024,1,0.384718895,18.4599871,22.36324341,86.95534298,17.71417236,18.99542236
West Bengal,Jhargram,2024,2,0.139081563,22.77768816,22.36324341,86.95534298,21.57302856,23.29959106
West Bengal,Jhargram,2024,3,1.014202527,26.77794974,22.36324341,86.95534298,26.10391235,27.06680298
West Bengal,Jhargram,2024,4,0.103207401,32.63868059,22.36324341,86.95534298,31.93060303,33.07904053
West Bengal,Jhargram,2024,5,7.271093641,31.25908552,22.36324341,86.95534298,31.01501465,31.55212402
West Bengal,Jhargram,2024,6,2.954589299,32.01486206,22.36324341,86.95534298,31.47238159,32.63449097
West Bengal,Jhargram,2024,7,11.4995248,28.29947335,22.36324341,86.95534298,27.83630371,28.55700684
West Bengal,Jhargram,2024,8,13.88163866,27.60774013,22.36324341,86.95534298,26.97506714,27.88327026
West Bengal,Jhargram,2024,9,15.648383,27.8873509,22.36324341,86.95534298,27.34884644,28.11642456
West Bengal,Jhargram,2024,10,6.376965114,27.07982962,22.36324341,86.95534298,26.46975708,27.36233521
West Bengal,Jhargram,2024,11,0.17509314,22.85501099,22.36324341,86.95534298,22.21340942,23.13919067
West Bengal,Jhargram,2024,12,0.327684607,19.3426906,22.36324341,86.95534298,18.77182007,19.73275757
West Bengal,Jhargram,2025,1,0.010555969,18.96871948,22.36324341,86.95534298,18.25289917,19.36032104
West Bengal,Jhargram,2025,2,0.88185433,23.36174229,22.36324341,86.95534298,22.58377075,23.94119263
West Bengal,Jhargram,2025,3,1.083168098,27.18107823,22.36324341,86.95534298,26.33718872,27.5852356
West Bengal,Jhargram,2025,4,1.543399402,29.86763218,22.36324341,86.95534298,29.19219971,30.05743408
West Bengal,Jhargram,2025,5,4.13539941,30.2020656,22.36324341,86.95534298,29.8465271,30.46176147
West Bengal,Jhargram,2025,6,18.82421875,28.56036813,22.36324341,86.95534298,28.18118286,28.78665161
West Bengal,Jhargram,2025,7,18.04119001,27.42292568,22.36324341,86.95534298,26.85372925,27.68380737
West Bengal,Jhargram,2025,8,12.74065835,27.44316319,22.36324341,86.95534298,26.87466431,27.73794556
West Bengal,Jhargram,2025,9,8.381940569,27.46785627,22.36324341,86.95534298,26.98696899,27.69400024
West Bengal,Jhargram,2025,10,2.643487113,26.43179321,22.36324341,86.95534298,25.83169556,26.64224243
West Bengal,Kalimpong,2013,1,0.616191483,10.8881897,27.03454436,88.63088827,7.99697876,14.32510376
West Bengal,Kalimpong,2013,2,0.951593018,14.52825317,27.03454436,88.63088827,11.36282349,18.31594849
West Bengal,Kalimpong,2013,3,0.750268936,17.58328857,27.03454436,88.63088827,13.99188232,22.10125732
West Bengal,Kalimpong,2013,4,1.934323502,19.72576904,27.03454436,88.63088827,16.20623779,24.05975342
West Bengal,Kalimpong,2013,5,9.536112976,21.05708618,27.03454436,88.63088827,18.17642212,24.46157837
West Bengal,Kalimpong,2013,6,16.80243378,22.51340332,27.03454436,88.63088827,19.82629395,25.6895752
West Bengal,Kalimpong,2013,7,32.97427979,22.00050659,27.03454436,88.63088827,19.41964722,25.07199097
West Bengal,Kalimpong,2013,8,22.20963135,21.93762817,27.03454436,88.63088827,19.27883911,25.11087036
West Bengal,Kalimpong,2013,9,8.881691742,21.7531311,27.03454436,88.63088827,18.88320923,25.2015686
West Bengal,Kalimpong,2013,10,5.908953857,19.05661011,27.03454436,88.63088827,16.11520386,22.58004761
West Bengal,Kalimpong,2013,11,1.250139523,15.18509521,27.03454436,88.63088827,12.59954834,18.20111084
West Bengal,Kalimpong,2013,12,2.125394058,12.19038696,27.03454436,88.63088827,9.315582275,15.59292603
West Bengal,Kalimpong,2014,1,1.186129379,12.165448,27.03454436,88.63088827,9.354705811,15.43283081
West Bengal,Kalimpong,2014,2,3.042921448,12.81744995,27.03454436,88.63088827,9.869598389,16.23092651
West Bengal,Kalimpong,2014,3,0.992996502,16.29284058,27.03454436,88.63088827,12.92428589,20.40280151
West Bengal,Kalimpong,2014,4,0.567758083,20.31245728,27.03454436,88.63088827,16.71011353,24.82339478
West Bengal,Kalimpong,2014,5,10.60114441,21.38168335,27.03454436,88.63088827,18.55355835,24.67660522
West Bengal,Kalimpong,2014,6,14.97086182,22.43428955,27.03454436,88.63088827,19.85772705,25.50421143
West Bengal,Kalimpong,2014,7,17.04622192,22.60934448,27.03454436,88.63088827,19.90328979,25.85446167
West Bengal,Kalimpong,2014,8,20.4311676,21.98685303,27.03454436,88.63088827,19.39251709,25.11322021
West Bengal,Kalimpong,2014,9,19.34840088,21.18890991,27.03454436,88.63088827,18.42562866,24.45687866
West Bengal,Kalimpong,2014,10,1.260109711,19.07642212,27.03454436,88.63088827,16.02993774,22.78970337
West Bengal,Kalimpong,2014,11,1.097975731,16.06433716,27.03454436,88.63088827,13.08425903,19.60574341
West Bengal,Kalimpong,2014,12,1.562015057,13.22623901,27.03454436,88.63088827,10.47506714,16.51608276
West Bengal,Kalimpong,2015,1,1.459662247,11.83135376,27.03454436,88.63088827,8.845611572,15.50186157
West Bengal,Kalimpong,2015,2,1.814670944,13.56559448,27.03454436,88.63088827,10.37301636,17.43942261
West Bengal,Kalimpong,2015,3,2.208754349,17.1298645,27.03454436,88.63088827,13.65213013,21.44900513
West Bengal,Kalimpong,2015,4,4.549720764,18.20922852,27.03454436,88.63088827,15.12133789,21.86547852
West Bengal,Kalimpong,2015,5,4.378763199,21.13578491,27.03454436,88.63088827,18.29769897,24.44418335
West Bengal,Kalimpong,2015,6,13.32111816,22.19962769,27.03454436,88.63088827,19.62033081,25.27267456
West Bengal,Kalimpong,2015,7,18.24790344,22.63215942,27.03454436,88.63088827,19.87454224,25.98001099
West Bengal,Kalimpong,2015,8,29.35556641,21.98071899,27.03454436,88.63088827,19.42251587,25.03384399
West Bengal,Kalimpong,2015,9,16.62793121,21.76936646,27.03454436,88.63088827,19.05374146,24.99514771
West Bengal,Kalimpong,2015,10,1.730703735,19.39933472,27.03454436,88.63088827,16.34347534,23.02902222
West Bengal,Kalimpong,2015,11,1.173172665,16.33894043,27.03454436,88.63088827,13.48132324,19.75866699
West Bengal,Kalimpong,2015,12,1.637684631,11.90150757,27.03454436,88.63088827,9.014984131,15.39193726
West Bengal,Kalimpong,2016,1,2.242708015,10.73100586,27.03454436,88.63088827,7.612060547,14.46166992
West Bengal,Kalimpong,2016,2,2.427360916,13.91072388,27.03454436,88.63088827,10.95974731,17.40115356
West Bengal,Kalimpong,2016,3,2.673313141,16.97977905,27.03454436,88.63088827,13.71298218,20.98251343
West Bengal,Kalimpong,2016,4,1.435959244,19.9836731,27.03454436,88.63088827,17.00125122,23.6008606
West Bengal,Kalimpong,2016,5,6.852887726,20.73757324,27.03454436,88.63088827,17.89050293,24.0994873
West Bengal,Kalimpong,2016,6,24.17616882,22.13765869,27.03454436,88.63088827,19.48492432,25.29351807
West Bengal,Kalimpong,2016,7,44.92562256,21.92145996,27.03454436,88.63088827,19.41540527,24.91149902
West Bengal,Kalimpong,2016,8,13.4060257,22.97405396,27.03454436,88.63088827,20.12503052,26.42190552
West Bengal,Kalimpong,2016,9,19.39780579,21.50529175,27.03454436,88.63088827,18.82931519,24.68478394
West Bengal,Kalimpong,2016,10,10.18165588,19.6807251,27.03454436,88.63088827,16.78131104,23.16802979
West Bengal,Kalimpong,2016,11,0.397794104,16.85788574,27.03454436,88.63088827,14.00378418,20.2088623
West Bengal,Kalimpong,2016,12,0.553671455,14.28851929,27.03454436,88.63088827,11.66879272,17.52230835
West Bengal,Kalimpong,2017,1,0.908483124,12.43552856,27.03454436,88.63088827,9.301544189,16.23513794
West Bengal,Kalimpong,2017,2,1.19804306,14.57515259,27.03454436,88.63088827,11.59194946,18.16421509
West Bengal,Kalimpong,2017,3,3.572729492,15.40066528,27.03454436,88.63088827,12.1867981,19.24539185
West Bengal,Kalimpong,2017,4,4.01645546,18.8953064,27.03454436,88.63088827,15.93807983,22.38339233
West Bengal,Kalimpong,2017,5,4.205171967,20.98258667,27.03454436,88.63088827,18.06832886,24.36911011
West Bengal,Kalimpong,2017,6,15.61494751,22.47102051,27.03454436,88.63088827,19.78039551,25.67102051
West Bengal,Kalimpong,2017,7,29.15047607,22.29348755,27.03454436,88.63088827,19.68215942,25.4302063
West Bengal,Kalimpong,2017,8,27.08862305,22.35861206,27.03454436,88.63088827,19.70333862,25.55685425
West Bengal,Kalimpong,2017,9,14.26366272,22.08855591,27.03454436,88.63088827,19.38308716,25.34011841
West Bengal,Kalimpong,2017,10,3.801403809,19.709552,27.03454436,88.63088827,16.85037231,23.16873169
West Bengal,Kalimpong,2017,11,0.614969873,15.9288269,27.03454436,88.63088827,13.07687378,19.38937378
West Bengal,Kalimpong,2017,12,0.625924683,14.50847778,27.03454436,88.63088827,12.01199341,17.42800903
West Bengal,Kalimpong,2018,1,1.319225979,11.3460022,27.03454436,88.63088827,8.638580322,14.70303345
West Bengal,Kalimpong,2018,2,2.440184402,13.85216064,27.03454436,88.63088827,10.91290283,17.33868408
West Bengal,Kalimpong,2018,3,2.137535477,16.45040894,27.03454436,88.63088827,13.10177612,20.537323
West Bengal,Kalimpong,2018,4,3.941270447,18.8022522,27.03454436,88.63088827,15.45205688,22.82901001
West Bengal,Kalimpong,2018,5,8.626806641,20.22617188,27.03454436,88.63088827,17.2890625,23.71484375
West Bengal,Kalimpong,2018,6,22.81715088,22.41837769,27.03454436,88.63088827,19.68869019,25.69259644
West Bengal,Kalimpong,2018,7,27.59674072,22.45360718,27.03454436,88.63088827,19.85360718,25.5586853
West Bengal,Kalimpong,2018,8,19.70394592,22.59804077,27.03454436,88.63088827,19.95565796,25.82675171
West Bengal,Kalimpong,2018,9,11.40670624,21.80025024,27.03454436,88.63088827,19.03970337,25.12954712
West Bengal,Kalimpong,2018,10,2.092726517,18.35956421,27.03454436,88.63088827,15.40194702,21.84921265
West Bengal,Kalimpong,2018,11,1.112066746,15.92994995,27.03454436,88.63088827,12.9369812,19.42721558
West Bengal,Kalimpong,2018,12,0.787910843,12.49514771,27.03454436,88.63088827,9.54006958,16.11428833
West Bengal,Kalimpong,2019,1,0.158494282,11.75021362,27.03454436,88.63088827,8.553924561,15.70040894
West Bengal,Kalimpong,2019,2,3.332219696,13.46925049,27.03454436,88.63088827,10.2835083,17.34014893
West Bengal,Kalimpong,2019,3,1.411519909,16.24337769,27.03454436,88.63088827,12.62619019,20.64376831
West Bengal,Kalimpong,2019,4,4.904240417,19.03421021,27.03454436,88.63088827,15.72268677,23.06448364
West Bengal,Kalimpong,2019,5,5.268028259,21.02098999,27.03454436,88.63088827,18.24813843,24.23641968
West Bengal,Kalimpong,2019,6,12.80541687,22.57746582,27.03454436,88.63088827,19.86047363,25.79016113
West Bengal,Kalimpong,2019,7,46.59612427,22.312323,27.03454436,88.63088827,19.72677612,25.3888855
West Bengal,Kalimpong,2019,8,16.73225098,23.10529785,27.03454436,88.63088827,20.2857666,26.49279785
West Bengal,Kalimpong,2019,9,18.13829803,21.45204468,27.03454436,88.63088827,18.78720093,24.62313843
West Bengal,Kalimpong,2019,10,2.761404419,19.27926636,27.03454436,88.63088827,16.45797729,22.62789917
West Bengal,Kalimpong,2019,11,1.493820381,17.38356323,27.03454436,88.63088827,14.53121948,20.69528198
West Bengal,Kalimpong,2019,12,1.350069618,11.75790405,27.03454436,88.63088827,8.872161865,15.35653687
West Bengal,Kalimpong,2020,1,2.223880196,10.42087402,27.03454436,88.63088827,7.575561523,14.14196777
West Bengal,Kalimpong,2020,2,1.715488052,11.91187134,27.03454436,88.63088827,8.8487854,15.93081665
West Bengal,Kalimpong,2020,3,2.349518394,15.50820313,27.03454436,88.63088827,12.20410156,19.81738281
West Bengal,Kalimpong,2020,4,4.807472992,17.81021729,27.03454436,88.63088827,14.41802979,22.27349854
West Bengal,Kalimpong,2020,5,5.389225769,19.72017212,27.03454436,88.63088827,16.89517212,23.36001587
West Bengal,Kalimpong,2020,6,22.13578186,21.42843018,27.03454436,88.63088827,18.93389893,24.6116333
West Bengal,Kalimpong,2020,7,40.12953796,21.65354614,27.03454436,88.63088827,19.30471802,24.65628052
West Bengal,Kalimpong,2020,8,21.22257233,22.29888306,27.03454436,88.63088827,19.79556274,25.53775024
West Bengal,Kalimpong,2020,9,30.33707886,21.39690552,27.03454436,88.63088827,18.88284302,24.63088989
West Bengal,Kalimpong,2020,10,2.32435894,19.97754517,27.03454436,88.63088827,17.31484985,23.46524048
West Bengal,Kalimpong,2020,11,0.643849897,15.66399536,27.03454436,88.63088827,12.95169067,19.18606567
West Bengal,Kalimpong,2020,12,1.078542995,12.31395264,27.03454436,88.63088827,9.724304199,15.67352295
West Bengal,Kalimpong,2021,1,2.761032867,11.51790771,27.03454436,88.63088827,9.011657715,14.72650146
West Bengal,Kalimpong,2021,2,0.959496689,12.96268921,27.03454436,88.63088827,10.01620483,16.78378296
West Bengal,Kalimpong,2021,3,2.006774902,16.37045288,27.03454436,88.63088827,13.07064819,20.68978882
West Bengal,Kalimpong,2021,4,1.242605305,19.11890259,27.03454436,88.63088827,15.77651978,23.46206665
West Bengal,Kalimpong,2021,5,8.630206299,20.04088745,27.03454436,88.63088827,17.29342651,23.54733276
West Bengal,Kalimpong,2021,6,18.25624542,21.5395813,27.03454436,88.63088827,19.04544067,24.7817688
West Bengal,Kalimpong,2021,7,29.22801514,21.95317383,27.03454436,88.63088827,19.44750977,25.17797852
West Bengal,Kalimpong,2021,8,30.01391296,21.62697144,27.03454436,88.63088827,19.18869019,24.76095581
West Bengal,Kalimpong,2021,9,10.10898895,21.63987427,27.03454436,88.63088827,18.86428833,25.32327271
West Bengal,Kalimpong,2021,10,13.09902039,19.65598755,27.03454436,88.63088827,16.95852661,23.13626099
West Bengal,Kalimpong,2021,11,0.518690252,14.6522522,27.03454436,88.63088827,12.10049438,17.88369751
West Bengal,Kalimpong,2021,12,0.765380669,12.30090942,27.03454436,88.63088827,9.548370361,15.86282349
West Bengal,Kalimpong,2022,1,1.283692741,10.35881958,27.03454436,88.63088827,7.377960205,14.30569458
West Bengal,Kalimpong,2022,2,3.337546539,10.14974976,27.03454436,88.63088827,7.059906006,14.18490601
West Bengal,Kalimpong,2022,3,0.92743721,17.91455078,27.03454436,88.63088827,14.73095703,22.08056641
West Bengal,Kalimpong,2022,4,5.398991776,18.96199951,27.03454436,88.63088827,16.19696045,22.44891357
West Bengal,Kalimpong,2022,5,6.840327454,20.3557373,27.03454436,88.63088827,17.54577637,23.99694824
West Bengal,Kalimpong,2022,6,24.39378357,21.17433472,27.03454436,88.63088827,18.80831909,24.21456909
West Bengal,Kalimpong,2022,7,15.36469116,22.35916138,27.03454436,88.63088827,19.697052,25.85525513
West Bengal,Kalimpong,2022,8,20.66038666,22.30636597,27.03454436,88.63088827,19.67355347,25.74777222
West Bengal,Kalimpong,2022,9,6.784866333,21.36026001,27.03454436,88.63088827,18.84854126,24.75479126
West Bengal,Kalimpong,2022,10,2.991866112,19.03842163,27.03454436,88.63088827,16.48764038,22.49545288
West Bengal,Kalimpong,2022,11,0.078160876,15.47677612,27.03454436,88.63088827,12.94650269,18.83712769
West Bengal,Kalimpong,2022,12,0.149481988,13.02924805,27.03454436,88.63088827,10.41870117,16.56713867
West Bengal,Kalimpong,2023,1,0.715315628,11.63226929,27.03454436,88.63088827,9.145355225,14.96176147
West Bengal,Kalimpong,2023,2,0.735645247,13.72792358,27.03454436,88.63088827,10.89901733,17.58847046
West Bengal,Kalimpong,2023,3,1.84778347,15.80653687,27.03454436,88.63088827,12.68075562,20.04013062
West Bengal,Kalimpong,2023,4,1.184920979,19.07900391,27.03454436,88.63088827,15.94091797,23.32763672
West Bengal,Kalimpong,2023,5,2.092554283,20.49007568,27.03454436,88.63088827,17.46917725,24.54534912
West Bengal,Kalimpong,2023,6,9.256088257,22.40425415,27.03454436,88.63088827,19.76675415,25.9581604
West Bengal,Kalimpong,2023,7,11.47995148,22.50189819,27.03454436,88.63088827,20.02767944,25.84213257
West Bengal,Kalimpong,2023,8,13.5029129,22.4328186,27.03454436,88.63088827,20.02481079,25.70059204
West Bengal,Kalimpong,2023,9,7.903015137,22.31647339,27.03454436,88.63088827,19.60006714,25.99459839
West Bengal,Kalimpong,2023,10,3.157920074,19.1437561,27.03454436,88.63088827,16.48770142,22.74942017
West Bengal,Kalimpong,2023,11,0.184983027,16.57192383,27.03454436,88.63088827,13.81176758,20.40356445
West Bengal,Kalimpong,2023,12,0.222001886,13.57953491,27.03454436,88.63088827,10.93637085,17.26254272
West Bengal,Kalimpong,2024,1,0.167900658,10.94991455,27.03454436,88.63088827,8.179016113,14.82940674
West Bengal,Kalimpong,2024,2,0.788346291,12.30369263,27.03454436,88.63088827,9.465606689,16.21170044
West Bengal,Kalimpong,2024,3,2.467078018,16.26445923,27.03454436,88.63088827,13.23867798,20.38711548
West Bengal,Kalimpong,2024,4,0.5250247,20.60032959,27.03454436,88.63088827,17.3270874,25.07904053
West Bengal,Kalimpong,2024,5,4.663012695,22.13435059,27.03454436,88.63088827,18.92907715,26.5579834
West Bengal,Kalimpong,2024,6,27.41941528,22.32785034,27.03454436,88.63088827,19.95480347,25.53878784
West Bengal,Kalimpong,2024,7,39.23668213,22.92653809,27.03454436,88.63088827,20.58435059,26.07849121
West Bengal,Kalimpong,2024,8,21.33709717,22.53522339,27.03454436,88.63088827,20.07858276,25.86569214
West Bengal,Kalimpong,2024,9,18.30437927,22.71779175,27.03454436,88.63088827,20.09689331,26.27267456
West Bengal,Kalimpong,2024,10,3.150306702,19.70647583,27.03454436,88.63088827,17.12991333,23.12014771
West Bengal,Kalimpong,2024,11,0.888951492,15.85227661,27.03454436,88.63088827,13.15481567,19.5083313
West Bengal,Kalimpong,2024,12,0.862354374,12.91576538,27.03454436,88.63088827,10.37728882,16.25424194
West Bengal,Kalimpong,2025,1,1.341565514,12.53336792,27.03454436,88.63088827,10.10055542,15.72946167
West Bengal,Kalimpong,2025,2,2.505461693,12.900177,27.03454436,88.63088827,10.11697388,16.63650513
West Bengal,Kalimpong,2025,3,1.592876625,16.41941528,27.03454436,88.63088827,13.47781372,20.42703247
West Bengal,Kalimpong,2025,4,2.912415695,19.49649658,27.03454436,88.63088827,16.48321533,23.59063721
West Bengal,Kalimpong,2025,5,13.48584747,20.7215271,27.03454436,88.63088827,18.03207397,24.41488647
West Bengal,Kalimpong,2025,6,11.00753937,22.55149536,27.03454436,88.63088827,20.00149536,25.98587036
West Bengal,Kalimpong,2025,7,19.20857544,22.78966675,27.03454436,88.63088827,20.30099487,26.15646362
West Bengal,Kalimpong,2025,8,33.90295105,21.97837524,27.03454436,88.63088827,19.59146118,25.20083618
West Bengal,Kalimpong,2025,9,21.29423676,22.06821899,27.03454436,88.63088827,19.49673462,25.56900024
West Bengal,Kalimpong,2025,10,10.00810699,19.72720337,27.03454436,88.63088827,17.09146118,23.30435181
West Bengal,Kolkata,2013,1,0.099861771,18.47354126,22.52674311,88.35600519,18.47354126,18.47354126
West Bengal,Kolkata,2013,2,0.227442816,21.98782349,22.52674311,88.35600519,21.98782349,21.98782349
West Bengal,Kolkata,2013,3,0.325383216,27.4899292,22.52674311,88.35600519,27.4899292,27.4899292
West Bengal,Kolkata,2013,4,1.434797764,29.92303467,22.52674311,88.35600519,29.92303467,29.92303467
West Bengal,Kolkata,2013,5,2.334753275,30.07290649,22.52674311,88.35600519,30.07290649,30.07290649
West Bengal,Kolkata,2013,6,7.456852436,28.6505127,22.52674311,88.35600519,28.6505127,28.6505127
West Bengal,Kolkata,2013,7,7.127512455,28.05831909,22.52674311,88.35600519,28.05831909,28.05831909
West Bengal,Kolkata,2013,8,11.44886971,27.65383911,22.52674311,88.35600519,27.65383911,27.65383911
West Bengal,Kolkata,2013,9,10.25218201,27.47109985,22.52674311,88.35600519,27.47109985,27.47109985
West Bengal,Kolkata,2013,10,12.18135166,25.68161011,22.52674311,88.35600519,25.68161011,25.68161011
West Bengal,Kolkata,2013,11,0.002813339,22.59564209,22.52674311,88.35600519,22.59564209,22.59564209
West Bengal,Kolkata,2013,12,0.011366173,20.23355103,22.52674311,88.35600519,20.23355103,20.23355103
West Bengal,Kolkata,2014,1,0.005286787,18.59884644,22.52674311,88.35600519,18.59884644,18.59884644
West Bengal,Kolkata,2014,2,1.403661609,21.31295776,22.52674311,88.35600519,21.31295776,21.31295776
West Bengal,Kolkata,2014,3,0.67168051,26.72897339,22.52674311,88.35600519,26.72897339,26.72897339
West Bengal,Kolkata,2014,4,0.514996052,31.45230103,22.52674311,88.35600519,31.45230103,31.45230103
West Bengal,Kolkata,2014,5,3.091423273,31.2840271,22.52674311,88.35600519,31.2840271,31.2840271
West Bengal,Kolkata,2014,6,12.01635551,29.62335205,22.52674311,88.35600519,29.62335205,29.62335205
West Bengal,Kolkata,2014,7,9.365569115,28.12008667,22.52674311,88.35600519,28.12008667,28.12008667
West Bengal,Kolkata,2014,8,11.73922062,28.06829834,22.52674311,88.35600519,28.06829834,28.06829834
West Bengal,Kolkata,2014,9,5.828424931,27.74984741,22.52674311,88.35600519,27.74984741,27.74984741
West Bengal,Kolkata,2014,10,1.931277394,26.33657837,22.52674311,88.35600519,26.33657837,26.33657837
West Bengal,Kolkata,2014,11,0.002078115,23.81472778,22.52674311,88.35600519,23.81472778,23.81472778
West Bengal,Kolkata,2014,12,0.163842067,19.81881714,22.52674311,88.35600519,19.81881714,19.81881714
West Bengal,Kolkata,2015,1,1.026626229,19.04092407,22.52674311,88.35600519,19.04092407,19.04092407
West Bengal,Kolkata,2015,2,0.691245496,22.91989136,22.52674311,88.35600519,22.91989136,22.91989136
West Bengal,Kolkata,2015,3,1.59239614,26.54666138,22.52674311,88.35600519,26.54666138,26.54666138
West Bengal,Kolkata,2015,4,5.866230965,28.03735352,22.52674311,88.35600519,28.03735352,28.03735352
West Bengal,Kolkata,2015,5,0.657910585,30.89730835,22.52674311,88.35600519,30.89730835,30.89730835
West Bengal,Kolkata,2015,6,8.573372841,29.40158081,22.52674311,88.35600519,29.40158081,29.40158081
West Bengal,Kolkata,2015,7,26.00312233,27.53665161,22.52674311,88.35600519,27.53665161,27.53665161
West Bengal,Kolkata,2015,8,8.968505859,28.19985962,22.52674311,88.35600519,28.19985962,28.19985962
West Bengal,Kolkata,2015,9,6.02143383,28.38186646,22.52674311,88.35600519,28.38186646,28.38186646
West Bengal,Kolkata,2015,10,1.495038152,26.97042847,22.52674311,88.35600519,26.97042847,26.97042847
West Bengal,Kolkata,2015,11,0.063163534,24.68054199,22.52674311,88.35600519,24.68054199,24.68054199
West Bengal,Kolkata,2015,12,0.760423422,21.10287476,22.52674311,88.35600519,21.10287476,21.10287476
West Bengal,Kolkata,2016,1,0.664634049,19.86401367,22.52674311,88.35600519,19.86401367,19.86401367
West Bengal,Kolkata,2016,2,3.205080032,24.53396606,22.52674311,88.35600519,24.53396606,24.53396606
West Bengal,Kolkata,2016,3,0.939837217,27.6680603,22.52674311,88.35600519,27.6680603,27.6680603
West Bengal,Kolkata,2016,4,0.668579936,31.6086731,22.52674311,88.35600519,31.6086731,31.6086731
West Bengal,Kolkata,2016,5,6.957331181,30.18151855,22.52674311,88.35600519,30.18151855,30.18151855
West Bengal,Kolkata,2016,6,5.472656727,29.30718994,22.52674311,88.35600519,29.30718994,29.30718994
West Bengal,Kolkata,2016,7,10.5045681,27.96813965,22.52674311,88.35600519,27.96813965,27.96813965
West Bengal,Kolkata,2016,8,14.85474205,27.79690552,22.52674311,88.35600519,27.79690552,27.79690552
West Bengal,Kolkata,2016,9,8.21889782,27.64181519,22.52674311,88.35600519,27.64181519,27.64181519
West Bengal,Kolkata,2016,10,3.630178928,26.64459229,22.52674311,88.35600519,26.64459229,26.64459229
West Bengal,Kolkata,2016,11,1.204244971,23.09362793,22.52674311,88.35600519,23.09362793,23.09362793
West Bengal,Kolkata,2016,12,0.005716277,20.97543335,22.52674311,88.35600519,20.97543335,20.97543335
West Bengal,Kolkata,2017,1,0.014879146,19.72927856,22.52674311,88.35600519,19.72927856,19.72927856
West Bengal,Kolkata,2017,2,0.031778004,23.53726196,22.52674311,88.35600519,23.53726196,23.53726196
West Bengal,Kolkata,2017,3,3.026482105,25.63406372,22.52674311,88.35600519,25.63406372,25.63406372
West Bengal,Kolkata,2017,4,1.422775269,29.54940796,22.52674311,88.35600519,29.54940796,29.54940796
West Bengal,Kolkata,2017,5,1.602805495,31.10739136,22.52674311,88.35600519,31.10739136,31.10739136
West Bengal,Kolkata,2017,6,8.881410599,29.61437988,22.52674311,88.35600519,29.61437988,29.61437988
West Bengal,Kolkata,2017,7,17.68688774,27.87161255,22.52674311,88.35600519,27.87161255,27.87161255
West Bengal,Kolkata,2017,8,10.88844395,28.12521362,22.52674311,88.35600519,28.12521362,28.12521362
West Bengal,Kolkata,2017,9,8.029415131,28.29519653,22.52674311,88.35600519,28.29519653,28.29519653
West Bengal,Kolkata,2017,10,7.389400005,26.69412231,22.52674311,88.35600519,26.69412231,26.69412231
West Bengal,Kolkata,2017,11,1.895323038,22.61984253,22.52674311,88.35600519,22.61984253,22.61984253
West Bengal,Kolkata,2017,12,2.145009279,20.12332153,22.52674311,88.35600519,20.12332153,20.12332153
West Bengal,Kolkata,2018,1,0.000817353,17.91201782,22.52674311,88.35600519,17.91201782,17.91201782
West Bengal,Kolkata,2018,2,0.182774022,23.87969971,22.52674311,88.35600519,23.87969971,23.87969971
West Bengal,Kolkata,2018,3,0.45751515,27.77365112,22.52674311,88.35600519,27.77365112,27.77365112
West Bengal,Kolkata,2018,4,3.113652468,28.80166626,22.52674311,88.35600519,28.80166626,28.80166626
West Bengal,Kolkata,2018,5,6.448155403,29.00195313,22.52674311,88.35600519,29.00195313,29.00195313
West Bengal,Kolkata,2018,6,10.30508804,29.50509644,22.52674311,88.35600519,29.50509644,29.50509644
West Bengal,Kolkata,2018,7,12.77570534,28.25985718,22.52674311,88.35600519,28.25985718,28.25985718
West Bengal,Kolkata,2018,8,8.769148827,28.13925171,22.52674311,88.35600519,28.13925171,28.13925171
West Bengal,Kolkata,2018,9,7.502689362,28.18618774,22.52674311,88.35600519,28.18618774,28.18618774
West Bengal,Kolkata,2018,10,3.842692137,26.42538452,22.52674311,88.35600519,26.42538452,26.42538452
West Bengal,Kolkata,2018,11,0.302995563,24.06002808,22.52674311,88.35600519,24.06002808,24.06002808
West Bengal,Kolkata,2018,12,0.616802275,19.34866333,22.52674311,88.35600519,19.34866333,19.34866333
West Bengal,Kolkata,2019,1,0.058771975,19.29415894,22.52674311,88.35600519,19.29415894,19.29415894
West Bengal,Kolkata,2019,2,3.199693918,22.7835083,22.52674311,88.35600519,22.7835083,22.7835083
West Bengal,Kolkata,2019,3,2.399108648,25.38400269,22.52674311,88.35600519,25.38400269,25.38400269
West Bengal,Kolkata,2019,4,1.831378579,29.05276489,22.52674311,88.35600519,29.05276489,29.05276489
West Bengal,Kolkata,2019,5,2.328884363,30.84579468,22.52674311,88.35600519,30.84579468,30.84579468
West Bengal,Kolkata,2019,6,6.717616081,30.10461426,22.52674311,88.35600519,30.10461426,30.10461426
West Bengal,Kolkata,2019,7,6.90295887,29.10372925,22.52674311,88.35600519,29.10372925,29.10372925
West Bengal,Kolkata,2019,8,16.01625633,28.30529785,22.52674311,88.35600519,28.30529785,28.30529785
West Bengal,Kolkata,2019,9,8.85569191,27.65634155,22.52674311,88.35600519,27.65634155,27.65634155
West Bengal,Kolkata,2019,10,5.45663166,26.43453979,22.52674311,88.35600519,26.43453979,26.43453979
West Bengal,Kolkata,2019,11,4.807775497,23.84567261,22.52674311,88.35600519,23.84567261,23.84567261
West Bengal,Kolkata,2019,12,0.452400595,19.87606812,22.52674311,88.35600519,19.87606812,19.87606812
West Bengal,Kolkata,2020,1,1.037018418,18.52282715,22.52674311,88.35600519,18.52282715,18.52282715
West Bengal,Kolkata,2020,2,0.291950434,21.09487915,22.52674311,88.35600519,21.09487915,21.09487915
West Bengal,Kolkata,2020,3,1.00077796,26.28808594,22.52674311,88.35600519,26.28808594,26.28808594
West Bengal,Kolkata,2020,4,9.301472664,28.53717041,22.52674311,88.35600519,28.53717041,28.53717041
West Bengal,Kolkata,2020,5,4.948451996,28.76821899,22.52674311,88.35600519,28.76821899,28.76821899
West Bengal,Kolkata,2020,6,8.169887543,28.84210205,22.52674311,88.35600519,28.84210205,28.84210205
West Bengal,Kolkata,2020,7,8.284557343,28.76565552,22.52674311,88.35600519,28.76565552,28.76565552
West Bengal,Kolkata,2020,8,12.87140656,28.30728149,22.52674311,88.35600519,28.30728149,28.30728149
West Bengal,Kolkata,2020,9,7.006877899,28.46096802,22.52674311,88.35600519,28.46096802,28.46096802
West Bengal,Kolkata,2020,10,5.57109499,27.33047485,22.52674311,88.35600519,27.33047485,27.33047485
West Bengal,Kolkata,2020,11,0.254162937,23.4380188,22.52674311,88.35600519,23.4380188,23.4380188
West Bengal,Kolkata,2020,12,0.000879072,20.00164795,22.52674311,88.35600519,20.00164795,20.00164795
West Bengal,Kolkata,2021,1,0.018339964,20.07220459,22.52674311,88.35600519,20.07220459,20.07220459
West Bengal,Kolkata,2021,2,0.109468505,22.33847046,22.52674311,88.35600519,22.33847046,22.33847046
West Bengal,Kolkata,2021,3,0.289667964,28.16635132,22.52674311,88.35600519,28.16635132,28.16635132
West Bengal,Kolkata,2021,4,0.429786444,29.9425354,22.52674311,88.35600519,29.9425354,29.9425354
West Bengal,Kolkata,2021,5,5.172929764,29.74069214,22.52674311,88.35600519,29.74069214,29.74069214
West Bengal,Kolkata,2021,6,12.8173542,28.76419067,22.52674311,88.35600519,28.76419067,28.76419067
West Bengal,Kolkata,2021,7,10.8149004,28.39282227,22.52674311,88.35600519,28.39282227,28.39282227
West Bengal,Kolkata,2021,8,8.956171989,28.06564331,22.52674311,88.35600519,28.06564331,28.06564331
West Bengal,Kolkata,2021,9,13.65205002,27.24514771,22.52674311,88.35600519,27.24514771,27.24514771
West Bengal,Kolkata,2021,10,6.184967518,27.09524536,22.52674311,88.35600519,27.09524536,27.09524536
West Bengal,Kolkata,2021,11,1.567405701,22.83096313,22.52674311,88.35600519,22.83096313,22.83096313
West Bengal,Kolkata,2021,12,4.405591965,19.24563599,22.52674311,88.35600519,19.24563599,19.24563599
West Bengal,Kolkata,2022,1,0.899861932,18.21585083,22.52674311,88.35600519,18.21585083,18.21585083
West Bengal,Kolkata,2022,2,1.547681689,20.46615601,22.52674311,88.35600519,20.46615601,20.46615601
West Bengal,Kolkata,2022,3,0.108048469,27.12744141,22.52674311,88.35600519,27.12744141,27.12744141
West Bengal,Kolkata,2022,4,0.119107164,30.20477295,22.52674311,88.35600519,30.20477295,30.20477295
West Bengal,Kolkata,2022,5,3.222225666,29.75476074,22.52674311,88.35600519,29.75476074,29.75476074
West Bengal,Kolkata,2022,6,4.559267998,29.85128784,22.52674311,88.35600519,29.85128784,29.85128784
West Bengal,Kolkata,2022,7,5.718966484,28.47634888,22.52674311,88.35600519,28.47634888,28.47634888
West Bengal,Kolkata,2022,8,9.103826523,28.14230347,22.52674311,88.35600519,28.14230347,28.14230347
West Bengal,Kolkata,2022,9,5.131093502,28.02627563,22.52674311,88.35600519,28.02627563,28.02627563
West Bengal,Kolkata,2022,10,4.193801403,26.25912476,22.52674311,88.35600519,26.25912476,26.25912476
West Bengal,Kolkata,2022,11,0.000963178,22.77072144,22.52674311,88.35600519,22.77072144,22.77072144
West Bengal,Kolkata,2022,12,0.001304465,20.4831543,22.52674311,88.35600519,20.4831543,20.4831543
West Bengal,Kolkata,2023,1,0.008464864,19.99887085,22.52674311,88.35600519,19.99887085,19.99887085
West Bengal,Kolkata,2023,2,0.044479463,23.27011108,22.52674311,88.35600519,23.27011108,23.27011108
West Bengal,Kolkata,2023,3,1.869376302,26.38973999,22.52674311,88.35600519,26.38973999,26.38973999
West Bengal,Kolkata,2023,4,0.848553002,29.82763672,22.52674311,88.35600519,29.82763672,29.82763672
West Bengal,Kolkata,2023,5,1.127600431,30.6605835,22.52674311,88.35600519,30.6605835,30.6605835
West Bengal,Kolkata,2023,6,2.361321449,31.2394104,22.52674311,88.35600519,31.2394104,31.2394104
West Bengal,Kolkata,2023,7,3.093419313,29.01205444,22.52674311,88.35600519,29.01205444,29.01205444
West Bengal,Kolkata,2023,8,6.626976967,28.63418579,22.52674311,88.35600519,28.63418579,28.63418579
West Bengal,Kolkata,2023,9,5.774197578,28.19577026,22.52674311,88.35600519,28.19577026,28.19577026
West Bengal,Kolkata,2023,10,2.411149025,27.03067017,22.52674311,88.35600519,27.03067017,27.03067017
West Bengal,Kolkata,2023,11,0.413091868,24.66723633,22.52674311,88.35600519,24.66723633,24.66723633
West Bengal,Kolkata,2023,12,0.824513912,20.54574585,22.52674311,88.35600519,20.54574585,20.54574585
West Bengal,Kolkata,2024,1,0.447564512,18.62432861,22.52674311,88.35600519,18.62432861,18.62432861
West Bengal,Kolkata,2024,2,0.273764521,22.67654419,22.52674311,88.35600519,22.67654419,22.67654419
West Bengal,Kolkata,2024,3,1.671049118,26.53945923,22.52674311,88.35600519,26.53945923,26.53945923
West Bengal,Kolkata,2024,4,0.275061429,31.8661499,22.52674311,88.35600519,31.8661499,31.8661499
West Bengal,Kolkata,2024,5,11.15617752,30.25720215,22.52674311,88.35600519,30.25720215,30.25720215
West Bengal,Kolkata,2024,6,3.613785505,30.91378784,22.52674311,88.35600519,30.91378784,30.91378784
West Bengal,Kolkata,2024,7,9.281599045,28.76208496,22.52674311,88.35600519,28.76208496,28.76208496
West Bengal,Kolkata,2024,8,16.35201645,27.84616089,22.52674311,88.35600519,27.84616089,27.84616089
West Bengal,Kolkata,2024,9,14.05815983,28.33712769,22.52674311,88.35600519,28.33712769,28.33712769
West Bengal,Kolkata,2024,10,5.626930714,27.53225708,22.52674311,88.35600519,27.53225708,27.53225708
West Bengal,Kolkata,2024,11,0.487117082,23.8286438,22.52674311,88.35600519,23.8286438,23.8286438
West Bengal,Kolkata,2024,12,0.172875389,19.98471069,22.52674311,88.35600519,19.98471069,19.98471069
West Bengal,Kolkata,2025,1,0.035197169,19.54782104,22.52674311,88.35600519,19.54782104,19.54782104
West Bengal,Kolkata,2025,2,0.579747379,23.556427,22.52674311,88.35600519,23.556427,23.556427
West Bengal,Kolkata,2025,3,0.298062593,27.52664185,22.52674311,88.35600519,27.52664185,27.52664185
West Bengal,Kolkata,2025,4,3.974796772,29.10430908,22.52674311,88.35600519,29.10430908,29.10430908
West Bengal,Kolkata,2025,5,4.616223335,29.54574585,22.52674311,88.35600519,29.54574585,29.54574585
West Bengal,Kolkata,2025,6,15.07758904,28.76516724,22.52674311,88.35600519,28.76516724,28.76516724
West Bengal,Kolkata,2025,7,17.3298912,27.912323,22.52674311,88.35600519,27.912323,27.912323
West Bengal,Kolkata,2025,8,9.241555214,27.92935181,22.52674311,88.35600519,27.92935181,27.92935181
West Bengal,Kolkata,2025,9,9.295327187,28.08267212,22.52674311,88.35600519,28.08267212,28.08267212
West Bengal,Kolkata,2025,10,4.184941292,26.98208618,22.52674311,88.35600519,26.98208618,26.98208618
West Bengal,Maldah,2013,1,0.027175257,16.41506496,25.13748554,88.08888332,16.19229126,16.62197876
West Bengal,Maldah,2013,2,0.486867962,20.43994141,25.13748554,88.08888332,20.22805786,20.61868286
West Bengal,Maldah,2013,3,0.020295017,25.98833119,25.13748554,88.08888332,25.70281982,26.18914795
West Bengal,Maldah,2013,4,2.351722948,28.25713741,25.13748554,88.08888332,27.92108154,28.74725342
West Bengal,Maldah,2013,5,6.157068426,27.35557787,25.13748554,88.08888332,26.93032837,28.12368774
West Bengal,Maldah,2013,6,8.564517859,28.672293,25.13748554,88.08888332,28.53527832,28.85949707
West Bengal,Maldah,2013,7,4.964150169,28.43817139,25.13748554,88.08888332,28.27511597,28.51730347
West Bengal,Maldah,2013,8,9.085832076,27.59927091,25.13748554,88.08888332,27.49172974,27.71047974
West Bengal,Maldah,2013,9,6.787009037,28.01667369,25.13748554,88.08888332,27.91055298,28.15859985
West Bengal,Maldah,2013,10,5.466051044,25.42841501,25.13748554,88.08888332,25.20700073,25.61520386
West Bengal,Maldah,2013,11,0.051699985,20.97579124,25.13748554,88.08888332,20.75775146,21.25775146
West Bengal,Maldah,2013,12,0.024246646,18.36973618,25.13748554,88.08888332,18.07730103,18.76870728
West Bengal,Maldah,2014,1,0.177416209,17.02616744,25.13748554,88.08888332,16.79025269,17.27267456
West Bengal,Maldah,2014,2,1.281689153,18.73080907,25.13748554,88.08888332,18.45162964,18.96139526
West Bengal,Maldah,2014,3,0.299809832,24.63617128,25.13748554,88.08888332,24.41256714,24.82858276
West Bengal,Maldah,2014,4,0.096953233,30.19401597,25.13748554,88.08888332,29.77261353,30.4581604
West Bengal,Maldah,2014,5,3.40768502,30.9874471,25.13748554,88.08888332,30.61801147,31.39926147
West Bengal,Maldah,2014,6,8.14288515,29.13252582,25.13748554,88.08888332,28.6038208,29.76397705
West Bengal,Maldah,2014,7,8.826308742,28.26739872,25.13748554,88.08888332,28.09860229,28.39352417
West Bengal,Maldah,2014,8,14.39494555,27.96164588,25.13748554,88.08888332,27.84173584,28.07611084
West Bengal,Maldah,2014,9,8.076781302,27.50345681,25.13748554,88.08888332,27.29672241,27.67758179
West Bengal,Maldah,2014,10,1.84548326,25.79047186,25.13748554,88.08888332,25.65884399,25.93228149
West Bengal,Maldah,2014,11,0.009823331,22.14072118,25.13748554,88.08888332,21.73269653,22.37136841
West Bengal,Maldah,2014,12,0.086734208,18.41315992,25.13748554,88.08888332,18.05709839,18.62350464
West Bengal,Maldah,2015,1,0.820478671,17.41059644,25.13748554,88.08888332,17.1991272,17.69522095
West Bengal,Maldah,2015,2,0.937137951,20.44989938,25.13748554,88.08888332,20.21481323,20.68356323
West Bengal,Maldah,2015,3,2.356503573,24.31488962,25.13748554,88.08888332,24.05056763,24.48806763
West Bengal,Maldah,2015,4,3.610777884,25.96692264,25.13748554,88.08888332,25.63891602,26.56079102
West Bengal,Maldah,2015,5,4.018262459,28.2942061,25.13748554,88.08888332,27.6043396,29.48129272
West Bengal,Maldah,2015,6,8.138004187,28.87050744,25.13748554,88.08888332,28.36251831,29.52658081
West Bengal,Maldah,2015,7,13.91781524,27.81304932,25.13748554,88.08888332,27.70852661,27.91751099
West Bengal,Maldah,2015,8,15.1944728,27.83249549,25.13748554,88.08888332,27.72329712,27.94985962
West Bengal,Maldah,2015,9,4.856602987,28.27456388,25.13748554,88.08888332,28.02639771,28.49319458
West Bengal,Maldah,2015,10,0.871984944,26.74818744,25.13748554,88.08888332,26.52316284,26.99777222
West Bengal,Maldah,2015,11,0.092945084,23.54435591,25.13748554,88.08888332,23.16101074,23.85046387
West Bengal,Maldah,2015,12,0.078687155,19.01178903,25.13748554,88.08888332,18.70443726,19.33334351
West Bengal,Maldah,2016,1,0.836253657,17.53014767,25.13748554,88.08888332,17.3190918,17.67260742
West Bengal,Maldah,2016,2,0.313133182,21.51253995,25.13748554,88.08888332,21.17849731,22.14920044
West Bengal,Maldah,2016,3,1.256500938,26.2479618,25.13748554,88.08888332,25.87509155,26.7774353
West Bengal,Maldah,2016,4,0.723057256,29.90128766,25.13748554,88.08888332,29.50906372,30.38015747
West Bengal,Maldah,2016,5,5.786108768,28.11274488,25.13748554,88.08888332,27.68347168,28.69714355
West Bengal,Maldah,2016,6,8.884027654,28.93799013,25.13748554,88.08888332,28.71539307,29.26617432
West Bengal,Maldah,2016,7,12.47261556,27.71032715,25.13748554,88.08888332,27.6126709,27.8392334
West Bengal,Maldah,2016,8,6.331452341,28.6946929,25.13748554,88.08888332,28.46878052,28.85745239
West Bengal,Maldah,2016,9,12.52654937,27.62145441,25.13748554,88.08888332,27.37814331,27.81759644
West Bengal,Maldah,2016,10,2.683424054,26.47200706,25.13748554,88.08888332,26.29693604,26.63677979
West Bengal,Maldah,2016,11,0.02304753,23.056341,25.13748554,88.08888332,22.80651855,23.36315918
West Bengal,Maldah,2016,12,0.066187447,19.78521174,25.13748554,88.08888332,19.53988647,20.08285522
West Bengal,Maldah,2017,1,0.065218651,18.01703806,25.13748554,88.08888332,17.78982544,18.23513794
West Bengal,Maldah,2017,2,0.004100789,21.22671416,25.13748554,88.08888332,20.88296509,21.56655884
West Bengal,Maldah,2017,3,1.321786823,23.38246478,25.13748554,88.08888332,23.01296997,23.98562622
West Bengal,Maldah,2017,4,4.105924664,26.84527773,25.13748554,88.08888332,26.33456421,27.75253296
West Bengal,Maldah,2017,5,5.984949285,28.09401449,25.13748554,88.08888332,27.57809448,28.87887573
West Bengal,Maldah,2017,6,6.81747714,28.85857969,25.13748554,88.08888332,28.60266113,29.19055176
West Bengal,Maldah,2017,7,12.43491063,27.66671291,25.13748554,88.08888332,27.52200317,27.78567505
West Bengal,Maldah,2017,8,11.01289691,28.39403372,25.13748554,88.08888332,28.29318237,28.50021362
West Bengal,Maldah,2017,9,8.595473781,28.1913859,25.13748554,88.08888332,28.01394653,28.36160278
West Bengal,Maldah,2017,10,5.626484264,26.21779563,25.13748554,88.08888332,26.02615356,26.38943481
West Bengal,Maldah,2017,11,0.015483137,22.15760387,25.13748554,88.08888332,21.96749878,22.31515503
West Bengal,Maldah,2017,12,0.166653373,19.88385565,25.13748554,88.08888332,19.65066528,20.03347778
West Bengal,Maldah,2018,1,0.013547459,16.62526264,25.13748554,88.08888332,16.3397522,16.78115845
West Bengal,Maldah,2018,2,0.079256101,21.07655103,25.13748554,88.08888332,20.76641846,21.51055908
West Bengal,Maldah,2018,3,1.543071978,25.73825906,25.13748554,88.08888332,25.37911987,26.1388855
West Bengal,Maldah,2018,4,5.388420799,26.62422689,25.13748554,88.08888332,26.33877563,26.96768188
West Bengal,Maldah,2018,5,7.093725031,26.67258523,25.13748554,88.08888332,26.37304688,27.20898438
West Bengal,Maldah,2018,6,7.107613766,29.26290801,25.13748554,88.08888332,28.99337769,29.54025269
West Bengal,Maldah,2018,7,9.931014552,28.53696326,25.13748554,88.08888332,28.41220093,28.6446228
West Bengal,Maldah,2018,8,7.098744248,28.62131755,25.13748554,88.08888332,28.49081421,28.71151733
West Bengal,Maldah,2018,9,4.821515632,28.43423554,25.13748554,88.08888332,28.32290649,28.56118774
West Bengal,Maldah,2018,10,1.311707699,25.83950713,25.13748554,88.08888332,25.4468689,26.16366577
West Bengal,Maldah,2018,11,0.032243703,23.09092389,25.13748554,88.08888332,22.7026062,23.55026245
West Bengal,Maldah,2018,12,0.422669497,18.40980114,25.13748554,88.08888332,18.10842896,18.70999146
West Bengal,Maldah,2019,1,0.013210098,18.08180191,25.13748554,88.08888332,17.77267456,18.43673706
West Bengal,Maldah,2019,2,2.741793083,20.11234353,25.13748554,88.08888332,19.81085205,20.37530518
West Bengal,Maldah,2019,3,0.40404129,24.26717122,25.13748554,88.08888332,23.97384644,24.80978394
West Bengal,Maldah,2019,4,2.372940063,26.91279186,25.13748554,88.08888332,26.41604614,27.67190552
West Bengal,Maldah,2019,5,4.167670048,29.11496989,25.13748554,88.08888332,28.4805603,30.03915405
West Bengal,Maldah,2019,6,6.283693718,29.71777714,25.13748554,88.08888332,29.33508301,30.03234863
West Bengal,Maldah,2019,7,11.33808575,28.86503277,25.13748554,88.08888332,28.740448,28.990448
West Bengal,Maldah,2019,8,6.238954486,28.96829501,25.13748554,88.08888332,28.8092041,29.08068848
West Bengal,Maldah,2019,9,14.30566961,27.56720711,25.13748554,88.08888332,27.38095093,27.73446655
West Bengal,Maldah,2019,10,5.497601133,25.58262311,25.13748554,88.08888332,25.40719604,25.74899292
West Bengal,Maldah,2019,11,0.317945509,23.40639796,25.13748554,88.08888332,23.23629761,23.66012573
West Bengal,Maldah,2019,12,0.129297141,17.9465591,25.13748554,88.08888332,17.71395874,18.24911499
West Bengal,Maldah,2020,1,0.828619292,16.97281531,25.13748554,88.08888332,16.7376709,17.18103027
West Bengal,Maldah,2020,2,1.688912132,19.10902359,25.13748554,88.08888332,18.88589478,19.3175354
West Bengal,Maldah,2020,3,0.83936541,23.66456558,25.13748554,88.08888332,23.42285156,23.90332031
West Bengal,Maldah,2020,4,3.324954409,26.41737874,25.13748554,88.08888332,26.19537354,26.67193604
West Bengal,Maldah,2020,5,7.373987371,27.18494577,25.13748554,88.08888332,26.85220337,27.60610962
West Bengal,Maldah,2020,6,14.24870994,28.16247374,25.13748554,88.08888332,27.99639893,28.3303833
West Bengal,Maldah,2020,7,15.13044877,28.17581269,25.13748554,88.08888332,28.02737427,28.31643677
West Bengal,Maldah,2020,8,9.175380822,28.70163611,25.13748554,88.08888332,28.56509399,28.82681274
West Bengal,Maldah,2020,9,11.02978608,28.07140928,25.13748554,88.08888332,27.87893677,28.24807739
West Bengal,Maldah,2020,10,2.320397348,27.46121678,25.13748554,88.08888332,27.19766235,27.68008423
West Bengal,Maldah,2020,11,0.025940599,22.27981475,25.13748554,88.08888332,21.90481567,22.71731567
West Bengal,Maldah,2020,12,0.035139777,18.47436338,25.13748554,88.08888332,18.22039795,18.76922607
West Bengal,Maldah,2021,1,0.004840641,17.38239635,25.13748554,88.08888332,17.04486084,17.70501709
West Bengal,Maldah,2021,2,0.033033114,20.56994629,25.13748554,88.08888332,20.31698608,20.86581421
West Bengal,Maldah,2021,3,0.17447567,25.92055442,25.13748554,88.08888332,25.60189819,26.30892944
West Bengal,Maldah,2021,4,0.941378044,28.88944684,25.13748554,88.08888332,28.5909729,29.20230103
West Bengal,Maldah,2021,5,8.365916859,27.59900087,25.13748554,88.08888332,27.28561401,27.94381714
West Bengal,Maldah,2021,6,8.054798473,28.50673421,25.13748554,88.08888332,28.36575317,28.6255188
West Bengal,Maldah,2021,7,8.701710094,28.57108931,25.13748554,88.08888332,28.47094727,28.67602539
West Bengal,Maldah,2021,8,10.8489084,28.07102828,25.13748554,88.08888332,27.97775269,28.18283081
West Bengal,Maldah,2021,9,5.38649218,28.01527174,25.13748554,88.08888332,27.81155396,28.12796021
West Bengal,Maldah,2021,10,4.350802335,26.55399207,25.13748554,88.08888332,26.38235474,26.80422974
West Bengal,Maldah,2021,11,0.010486505,21.59818522,25.13748554,88.08888332,21.41104126,21.87002563
West Bengal,Maldah,2021,12,0.233868194,18.95242957,25.13748554,88.08888332,18.63040161,19.33547974
West Bengal,Maldah,2022,1,0.780157725,16.82327178,25.13748554,88.08888332,16.53421021,17.13381958
West Bengal,Maldah,2022,2,2.984434648,17.91259396,25.13748554,88.08888332,17.66928101,18.19857788
West Bengal,Maldah,2022,3,0.139286041,25.79842862,25.13748554,88.08888332,25.50048828,26.03759766
West Bengal,Maldah,2022,4,1.946219242,28.22246945,25.13748554,88.08888332,27.5680542,29.22039795
West Bengal,Maldah,2022,5,5.69512662,28.12372381,25.13748554,88.08888332,27.70593262,28.66687012
West Bengal,Maldah,2022,6,5.966992003,28.94663493,25.13748554,88.08888332,28.20285034,29.81417847
West Bengal,Maldah,2022,7,4.592714252,29.38396107,25.13748554,88.08888332,29.24783325,29.52322388
West Bengal,Maldah,2022,8,6.276506366,28.80044648,25.13748554,88.08888332,28.63253784,28.96261597
West Bengal,Maldah,2022,9,6.588614262,27.79361794,25.13748554,88.08888332,27.66299438,27.93252563
West Bengal,Maldah,2022,10,1.897573991,25.87063136,25.13748554,88.08888332,25.67318726,26.06576538
West Bengal,Maldah,2022,11,0.026088906,22.09665749,25.13748554,88.08888332,21.83126831,22.30587769
West Bengal,Maldah,2022,12,0.016289613,19.0995132,25.13748554,88.08888332,18.72143555,19.32885742
West Bengal,Maldah,2023,1,0.006603348,17.09605454,25.13748554,88.08888332,16.73519897,17.46176147
West Bengal,Maldah,2023,2,0.010141546,21.12327252,25.13748554,88.08888332,20.89706421,21.35018921
West Bengal,Maldah,2023,3,1.261921969,24.65631288,25.13748554,88.08888332,24.34091187,25.04403687
West Bengal,Maldah,2023,4,0.596397631,28.93866892,25.13748554,88.08888332,28.60302734,29.29248047
West Bengal,Maldah,2023,5,1.098991394,29.37945187,25.13748554,88.08888332,28.85980225,29.72894287
West Bengal,Maldah,2023,6,3.628979076,31.22331469,25.13748554,88.08888332,30.65737915,31.7315979
West Bengal,Maldah,2023,7,5.111580589,29.33059045,25.13748554,88.08888332,29.22494507,29.44564819
West Bengal,Maldah,2023,8,7.489752105,28.79801247,25.13748554,88.08888332,28.68887329,28.91348267
West Bengal,Maldah,2023,9,5.032509544,28.65416186,25.13748554,88.08888332,28.47116089,28.77194214
West Bengal,Maldah,2023,10,2.288439202,26.39495665,25.13748554,88.08888332,26.25723267,26.57754517
West Bengal,Maldah,2023,11,0.080410697,23.85023822,25.13748554,88.08888332,23.61450195,24.0480957
West Bengal,Maldah,2023,12,0.382988467,19.84942812,25.13748554,88.08888332,19.50082397,20.11019897
West Bengal,Maldah,2024,1,0.022163581,16.91481157,25.13748554,88.08888332,16.62432861,17.14190674
West Bengal,Maldah,2024,2,0.512863159,19.91618578,25.13748554,88.08888332,19.50857544,20.25857544
West Bengal,Maldah,2024,3,1.958327322,24.21802128,25.13748554,88.08888332,24.00234985,24.44961548
West Bengal,Maldah,2024,4,0.089355931,30.81406657,25.13748554,88.08888332,30.46575928,31.4442749
West Bengal,Maldah,2024,5,4.399320198,30.12989391,25.13748554,88.08888332,29.9017334,30.4251709
West Bengal,Maldah,2024,6,5.823793816,30.27292517,25.13748554,88.08888332,29.31613159,31.50558472
West Bengal,Maldah,2024,7,11.50418738,29.3055272,25.13748554,88.08888332,29.15466309,29.42614746
West Bengal,Maldah,2024,8,13.20500784,28.2086718,25.13748554,88.08888332,28.09030151,28.39889526
West Bengal,Maldah,2024,9,13.55315237,28.72366795,25.13748554,88.08888332,28.55587769,28.81369019
West Bengal,Maldah,2024,10,2.729790659,26.72099905,25.13748554,88.08888332,26.51663208,26.90335083
West Bengal,Maldah,2024,11,0.090309533,23.19665897,25.13748554,88.08888332,23.02200317,23.39505005
West Bengal,Maldah,2024,12,0.011716396,18.43469978,25.13748554,88.08888332,18.20150757,18.64486694
West Bengal,Maldah,2025,1,0.004406627,17.94566761,25.13748554,88.08888332,17.63961792,18.21188354
West Bengal,Maldah,2025,2,0.121473876,20.84193744,25.13748554,88.08888332,20.45877075,21.16775513
West Bengal,Maldah,2025,3,0.471419508,25.61565607,25.13748554,88.08888332,25.33132935,25.9055481
West Bengal,Maldah,2025,4,3.37356683,27.92006429,25.13748554,88.08888332,27.41485596,28.62774658
West Bengal,Maldah,2025,5,9.799264619,28.40873025,25.13748554,88.08888332,27.84457397,29.0652771
West Bengal,Maldah,2025,6,7.526208126,28.91265869,25.13748554,88.08888332,28.80227661,29.02102661
West Bengal,Maldah,2025,7,8.753075802,28.25133722,25.13748554,88.08888332,28.00411987,28.51193237
West Bengal,Maldah,2025,8,8.870059851,28.06524288,25.13748554,88.08888332,27.92153931,28.21060181
West Bengal,Maldah,2025,9,8.812852339,28.53053052,25.13748554,88.08888332,28.40298462,28.65493774
West Bengal,Maldah,2025,10,5.174434777,26.48303223,25.13748554,88.08888332,26.19497681,26.77114868
West Bengal,Medinipur East,2013,1,0.087419748,19.2911303,22.03155861,87.77288815,18.43057251,20.01260376
West Bengal,Medinipur East,2013,2,0.179571036,22.41484671,22.03155861,87.77288815,21.67532349,22.83938599
West Bengal,Medinipur East,2013,3,0.200353883,27.51271566,22.03155861,87.77288815,27.03875732,27.79852295
West Bengal,Medinipur East,2013,4,1.226956801,30.02678704,22.03155861,87.77288815,29.36639404,30.47967529
West Bengal,Medinipur East,2013,5,3.623700229,30.36575595,22.03155861,87.77288815,29.73110962,30.89126587
West Bengal,Medinipur East,2013,6,8.985518022,28.65495162,22.03155861,87.77288815,28.5333252,28.76184082
West Bengal,Medinipur East,2013,7,10.51138398,28.08382901,22.03155861,87.77288815,28.00363159,28.18917847
West Bengal,Medinipur East,2013,8,9.479285963,27.72835286,22.03155861,87.77288815,27.60110474,27.89797974
West Bengal,Medinipur East,2013,9,10.09830359,27.52773955,22.03155861,87.77288815,27.37930298,27.70352173
West Bengal,Medinipur East,2013,10,14.03354344,25.67119437,22.03155861,87.77288815,25.35348511,26.00778198
West Bengal,Medinipur East,2013,11,0.001728489,22.74259995,22.03155861,87.77288815,22.11126709,23.41400146
West Bengal,Medinipur East,2013,12,0.008750568,20.55285645,22.03155861,87.77288815,19.79214478,21.23745728
West Bengal,Medinipur East,2014,1,0.002930597,19.32623846,22.03155861,87.77288815,18.43478394,19.98361206
West Bengal,Medinipur East,2014,2,1.240190217,21.84338009,22.03155861,87.77288815,21.09225464,22.31881714
West Bengal,Medinipur East,2014,3,1.107030233,26.9617513,22.03155861,87.77288815,26.34616089,27.13717651
West Bengal,Medinipur East,2014,4,0.336169041,31.26207756,22.03155861,87.77288815,30.4503479,31.8097229
West Bengal,Medinipur East,2014,5,2.941337817,30.95128655,22.03155861,87.77288815,30.2762146,31.89535522
West Bengal,Medinipur East,2014,6,10.28893026,30.08766313,22.03155861,87.77288815,29.76397705,30.32843018
West Bengal,Medinipur East,2014,7,9.334669633,28.2014678,22.03155861,87.77288815,28.09274292,28.39743042
West Bengal,Medinipur East,2014,8,13.26201468,28.09428082,22.03155861,87.77288815,28.04486084,28.18743896
West Bengal,Medinipur East,2014,9,6.082513058,27.83187959,22.03155861,87.77288815,27.64633179,28.04281616
West Bengal,Medinipur East,2014,10,2.204856641,26.29017593,22.03155861,87.77288815,25.93032837,26.63540649
West Bengal,Medinipur East,2014,11,0.006252923,23.83573775,22.03155861,87.77288815,23.18191528,24.38894653
West Bengal,Medinipur East,2014,12,0.16943316,20.15398615,22.03155861,87.77288815,19.40084839,20.79342651
West Bengal,Medinipur East,2015,1,1.543638634,19.25446481,22.03155861,87.77288815,18.78115845,19.70303345
West Bengal,Medinipur East,2015,2,0.618081064,23.14278527,22.03155861,87.77288815,23.00387573,23.30856323
West Bengal,Medinipur East,2015,3,0.81159794,27.00570401,22.03155861,87.77288815,26.68728638,27.17752075
West Bengal,Medinipur East,2015,4,4.188674002,28.5460538,22.03155861,87.77288815,28.26586914,28.85180664
West Bengal,Medinipur East,2015,5,0.702658798,30.89571126,22.03155861,87.77288815,30.2918396,31.41488647
West Bengal,Medinipur East,2015,6,7.326148293,29.66057795,22.03155861,87.77288815,29.38986206,29.90158081
West Bengal,Medinipur East,2015,7,23.31381873,27.98367957,22.03155861,87.77288815,27.81790161,28.27297974
West Bengal,Medinipur East,2015,8,9.261258212,28.28188994,22.03155861,87.77288815,28.22525024,28.36782837
West Bengal,Medinipur East,2015,9,6.154457323,28.51000237,22.03155861,87.77288815,28.35452271,28.66897583
West Bengal,Medinipur East,2015,10,1.691456997,27.0896292,22.03155861,87.77288815,26.70675659,27.37081909
West Bengal,Medinipur East,2015,11,0.050299998,24.93024606,22.03155861,87.77288815,24.55163574,25.23913574
West Bengal,Medinipur East,2015,12,0.724078323,21.66590835,22.03155861,87.77288815,20.84310913,22.22982788
West Bengal,Medinipur East,2016,1,0.560503179,20.45882901,22.03155861,87.77288815,19.70581055,20.9675293
West Bengal,Medinipur East,2016,2,4.117504235,24.85836145,22.03155861,87.77288815,24.56521606,25.00271606
West Bengal,Medinipur East,2016,3,0.660408829,27.87899873,22.03155861,87.77288815,27.3555603,28.36141968
West Bengal,Medinipur East,2016,4,0.251326648,31.83020389,22.03155861,87.77288815,30.89578247,32.6789856
West Bengal,Medinipur East,2016,5,4.600308505,30.65985662,22.03155861,87.77288815,30.23620605,31.0526123
West Bengal,Medinipur East,2016,6,5.611998587,29.52434193,22.03155861,87.77288815,29.26031494,29.71148682
West Bengal,Medinipur East,2016,7,8.776614102,28.16333378,22.03155861,87.77288815,28.05603027,28.2923584
West Bengal,Medinipur East,2016,8,15.37103087,27.96724077,22.03155861,87.77288815,27.87112427,28.16409302
West Bengal,Medinipur East,2016,9,8.940854159,27.59529622,22.03155861,87.77288815,27.43673706,27.79415894
West Bengal,Medinipur East,2016,10,2.998650753,26.6116259,22.03155861,87.77288815,26.26763916,26.98834229
West Bengal,Medinipur East,2016,11,1.472167275,22.91648541,22.03155861,87.77288815,22.33190918,23.40222168
West Bengal,Medinipur East,2016,12,0.004239257,21.04278749,22.03155861,87.77288815,20.5652771,21.50668335
West Bengal,Medinipur East,2017,1,0.01486447,20.31237423,22.03155861,87.77288815,19.62380981,20.75076294
West Bengal,Medinipur East,2017,2,0.009439355,23.87917628,22.03155861,87.77288815,23.47671509,23.98257446
West Bengal,Medinipur East,2017,3,2.543570316,26.1693966,22.03155861,87.77288815,25.8430481,26.5383606
West Bengal,Medinipur East,2017,4,0.846476179,29.6813336,22.03155861,87.77288815,28.96542358,30.61972046
West Bengal,Medinipur East,2017,5,0.953964002,31.24772135,22.03155861,87.77288815,30.60543823,31.78317261
West Bengal,Medinipur East,2017,6,6.981464733,29.82987467,22.03155861,87.77288815,29.60852051,30.07336426
West Bengal,Medinipur East,2017,7,18.7026996,27.96654534,22.03155861,87.77288815,27.84036255,28.13919067
West Bengal,Medinipur East,2017,8,9.854464444,28.2351814,22.03155861,87.77288815,28.17404175,28.3732605
West Bengal,Medinipur East,2017,9,8.349862763,28.46138879,22.03155861,87.77288815,28.28543091,28.66824341
West Bengal,Medinipur East,2017,10,7.330071652,26.78011808,22.03155861,87.77288815,26.47732544,27.08474731
West Bengal,Medinipur East,2017,11,2.946996053,22.67837802,22.03155861,87.77288815,22.13546753,23.3444519
West Bengal,Medinipur East,2017,12,2.512017684,19.96198065,22.03155861,87.77288815,19.43191528,20.52371216
West Bengal,Medinipur East,2018,1,0.0017121,18.21605336,22.03155861,87.77288815,17.58584595,18.80654907
West Bengal,Medinipur East,2018,2,0.037972891,24.03665993,22.03155861,87.77288815,23.79376221,24.18243408
West Bengal,Medinipur East,2018,3,0.413251703,27.61586322,22.03155861,87.77288815,27.18771362,27.86935425
West Bengal,Medinipur East,2018,4,2.614315149,28.76798873,22.03155861,87.77288815,28.48135376,28.95205688
West Bengal,Medinipur East,2018,5,3.833171266,29.63677794,22.03155861,87.77288815,29.24609375,30.08398438
West Bengal,Medinipur East,2018,6,6.457538952,29.91543117,22.03155861,87.77288815,29.63204956,30.18087769
West Bengal,Medinipur East,2018,7,10.95885121,28.40249541,22.03155861,87.77288815,28.33602905,28.5196228
West Bengal,Medinipur East,2018,8,8.665401574,28.14493445,22.03155861,87.77288815,28.06112671,28.28182983
West Bengal,Medinipur East,2018,9,8.017296993,28.12191125,22.03155861,87.77288815,27.94985962,28.27407837
West Bengal,Medinipur East,2018,10,5.541017937,26.5937685,22.03155861,87.77288815,26.06796265,27.03475952
West Bengal,Medinipur East,2018,11,0.346525712,24.0995058,22.03155861,87.77288815,23.69869995,24.40768433
West Bengal,Medinipur East,2018,12,0.675022703,19.5698982,22.03155861,87.77288815,18.89163208,20.13967896
West Bengal,Medinipur East,2019,1,0.054980083,19.45650598,22.03155861,87.77288815,18.67111206,19.82736206
West Bengal,Medinipur East,2019,2,3.217194528,22.9150779,22.03155861,87.77288815,22.6506958,23.04718018
West Bengal,Medinipur East,2019,3,1.878823829,25.65974935,22.03155861,87.77288815,25.37423706,25.81954956
West Bengal,Medinipur East,2019,4,1.327957847,29.19179096,22.03155861,87.77288815,28.75198364,29.48831177
West Bengal,Medinipur East,2019,5,2.775218386,30.75837846,22.03155861,87.77288815,30.15634155,31.27548218
West Bengal,Medinipur East,2019,6,4.891218706,30.5917118,22.03155861,87.77288815,30.16711426,30.94445801
West Bengal,Medinipur East,2019,7,6.476902817,29.21973396,22.03155861,87.77288815,29.0763855,29.365448
West Bengal,Medinipur East,2019,8,16.3895874,28.35377086,22.03155861,87.77288815,28.30334473,28.43029785
West Bengal,Medinipur East,2019,9,11.8075543,27.68344949,22.03155861,87.77288815,27.53915405,27.85360718
West Bengal,Medinipur East,2019,10,5.501692338,26.50106534,22.03155861,87.77288815,26.10641479,26.86422729
West Bengal,Medinipur East,2019,11,5.715146151,23.93989702,22.03155861,87.77288815,23.50973511,24.36129761
West Bengal,Medinipur East,2019,12,0.326053851,20.18685266,22.03155861,87.77288815,19.50106812,20.82138062
West Bengal,Medinipur East,2020,1,1.152368488,18.90990101,22.03155861,87.77288815,18.42126465,19.33337402
West Bengal,Medinipur East,2020,2,0.412200321,21.35245398,22.03155861,87.77288815,20.94644165,21.54605103
West Bengal,Medinipur East,2020,3,0.9715145,26.63532789,22.03155861,87.77288815,26.43261719,26.77441406
West Bengal,Medinipur East,2020,4,6.707318855,28.9619455,22.03155861,87.77288815,28.57818604,29.28912354
West Bengal,Medinipur East,2020,5,7.594745983,28.94388095,22.03155861,87.77288815,28.80532837,29.08462524
West Bengal,Medinipur East,2020,6,6.656049324,29.10103908,22.03155861,87.77288815,28.98077393,29.2210083
West Bengal,Medinipur East,2020,7,7.055734808,28.89136482,22.03155861,87.77288815,28.82424927,28.98440552
West Bengal,Medinipur East,2020,8,13.43084347,28.39079146,22.03155861,87.77288815,28.31704712,28.55142212
West Bengal,Medinipur East,2020,9,6.560747551,28.56560724,22.03155861,87.77288815,28.49612427,28.66604614
West Bengal,Medinipur East,2020,10,4.174006607,27.2191458,22.03155861,87.77288815,26.9125061,27.5062561
West Bengal,Medinipur East,2020,11,0.08756548,24.08325935,22.03155861,87.77288815,23.66848755,24.6645813
West Bengal,Medinipur East,2020,12,0.000801406,20.66955751,22.03155861,87.77288815,19.99578857,21.23602295
West Bengal,Medinipur East,2021,1,0.038302779,20.81551662,22.03155861,87.77288815,20.02337646,21.21282959
West Bengal,Medinipur East,2021,2,0.023160642,22.90712669,22.03155861,87.77288815,22.25839233,23.08651733
West Bengal,Medinipur East,2021,3,0.205825676,28.27537213,22.03155861,87.77288815,27.62924194,28.61361694
West Bengal,Medinipur East,2021,4,0.402667017,29.85884603,22.03155861,87.77288815,29.04214478,30.43276978
West Bengal,Medinipur East,2021,5,4.515190356,29.81094638,22.03155861,87.77288815,29.55905151,30.06100464
West Bengal,Medinipur East,2021,6,8.912800182,29.09207801,22.03155861,87.77288815,28.92044067,29.22903442
West Bengal,Medinipur East,2021,7,9.016590465,28.55534594,22.03155861,87.77288815,28.45727539,28.72290039
West Bengal,Medinipur East,2021,8,8.161872633,28.23000266,22.03155861,87.77288815,28.13204956,28.43283081
West Bengal,Medinipur East,2021,9,16.83383826,27.26544744,22.03155861,87.77288815,27.06546021,27.52444458
West Bengal,Medinipur East,2021,10,6.619210908,27.11128374,22.03155861,87.77288815,26.83547974,27.38235474
West Bengal,Medinipur East,2021,11,1.175425212,23.11375104,22.03155861,87.77288815,22.54580688,23.82315063
West Bengal,Medinipur East,2021,12,3.392698808,19.38631925,22.03155861,87.77288815,18.93313599,20.07376099
West Bengal,Medinipur East,2022,1,1.042800325,18.45667614,22.03155861,87.77288815,17.78421021,19.08303833
West Bengal,Medinipur East,2022,2,1.19002348,20.99243534,22.03155861,87.77288815,20.05795288,21.60482788
West Bengal,Medinipur East,2022,3,0.066313931,27.10915305,22.03155861,87.77288815,26.81494141,27.29541016
West Bengal,Medinipur East,2022,4,0.079981905,30.02644672,22.03155861,87.77288815,29.16375732,30.86297607
West Bengal,Medinipur East,2022,5,2.233302723,30.14727968,22.03155861,87.77288815,29.87390137,30.41882324
West Bengal,Medinipur East,2022,6,3.541662968,30.07808801,22.03155861,87.77288815,29.73605347,30.40988159
West Bengal,Medinipur East,2022,7,7.682430383,28.33637399,22.03155861,87.77288815,28.23416138,28.44314575
West Bengal,Medinipur East,2022,8,13.1024022,28.09412731,22.03155861,87.77288815,27.98214722,28.24191284
West Bengal,Medinipur East,2022,9,4.705913197,28.12197783,22.03155861,87.77288815,27.98135376,28.31533813
West Bengal,Medinipur East,2022,10,2.254098141,26.3955485,22.03155861,87.77288815,26.08334351,26.86459351
West Bengal,Medinipur East,2022,11,0.001326563,23.25349935,22.03155861,87.77288815,22.52462769,23.96603394
West Bengal,Medinipur East,2022,12,0.002322147,21.16307854,22.03155861,87.77288815,20.41088867,21.71362305
West Bengal,Medinipur East,2023,1,0.050828981,20.67258153,22.03155861,87.77288815,19.96176147,21.06918335
West Bengal,Medinipur East,2023,2,0.055235733,23.76241788,22.03155861,87.77288815,23.24276733,23.94003296
West Bengal,Medinipur East,2023,3,1.250746987,26.85316421,22.03155861,87.77288815,26.40731812,27.07528687
West Bengal,Medinipur East,2023,4,0.757334565,30.18973426,22.03155861,87.77288815,29.84912109,30.48583984
West Bengal,Medinipur East,2023,5,0.731947928,31.00362327,22.03155861,87.77288815,30.66448975,31.29144287
West Bengal,Medinipur East,2023,6,2.455934467,31.54161118,22.03155861,87.77288815,31.11050415,31.97183228
West Bengal,Medinipur East,2023,7,5.035367099,28.95772298,22.03155861,87.77288815,28.87533569,29.06674194
West Bengal,Medinipur East,2023,8,6.48448736,28.73042066,22.03155861,87.77288815,28.62246704,28.93301392
West Bengal,Medinipur East,2023,9,6.449869792,28.24010121,22.03155861,87.77288815,28.10592651,28.41452026
West Bengal,Medinipur East,2023,10,2.222425287,27.19538278,22.03155861,87.77288815,26.77676392,27.64981079
West Bengal,Medinipur East,2023,11,0.308493412,24.78614021,22.03155861,87.77288815,24.31762695,25.20043945
West Bengal,Medinipur East,2023,12,0.768490705,20.66944469,22.03155861,87.77288815,20.2605896,21.15512085
West Bengal,Medinipur East,2024,1,0.365791003,19.31046734,22.03155861,87.77288815,18.56573486,19.85870361
West Bengal,Medinipur East,2024,2,0.183339524,23.37801107,22.03155861,87.77288815,22.75076294,23.50662231
West Bengal,Medinipur East,2024,3,1.71492513,26.88717374,22.03155861,87.77288815,26.4203186,27.09024048
West Bengal,Medinipur East,2024,4,0.20286011,32.08744673,22.03155861,87.77288815,31.25091553,32.51263428
West Bengal,Medinipur East,2024,5,6.829926462,30.77951512,22.03155861,87.77288815,30.4251709,31.1282959
West Bengal,Medinipur East,2024,6,2.911470587,31.11229729,22.03155861,87.77288815,30.63058472,31.75167847
West Bengal,Medinipur East,2024,7,10.4322778,28.80375163,22.03155861,87.77288815,28.73083496,28.91247559
West Bengal,Medinipur East,2024,8,14.75077496,28.05704013,22.03155861,87.77288815,27.94381714,28.24850464
West Bengal,Medinipur East,2024,9,15.45579205,28.36607037,22.03155861,87.77288815,28.26095581,28.55587769
West Bengal,Medinipur East,2024,10,7.964523778,27.64897017,22.03155861,87.77288815,27.32913208,28.03616333
West Bengal,Medinipur East,2024,11,0.401024732,23.85823568,22.03155861,87.77288815,23.27786255,24.51223755
West Bengal,Medinipur East,2024,12,0.315151215,20.49282005,22.03155861,87.77288815,19.75033569,21.24447632
West Bengal,Medinipur East,2025,1,0.055671363,19.93282434,22.03155861,87.77288815,19.30758667,20.34664917
West Bengal,Medinipur East,2025,2,1.180149656,24.10643791,22.03155861,87.77288815,23.2986145,24.46853638
West Bengal,Medinipur East,2025,3,0.375997717,27.29836204,22.03155861,87.77288815,27.13601685,27.41726685
West Bengal,Medinipur East,2025,4,2.30380434,29.45794308,22.03155861,87.77288815,29.12969971,29.79180908
West Bengal,Medinipur East,2025,5,4.34696868,29.7755053,22.03155861,87.77288815,29.55160522,30.0184021
West Bengal,Medinipur East,2025,6,13.86200321,28.97261186,22.03155861,87.77288815,28.82962036,29.17337036
West Bengal,Medinipur East,2025,7,20.15598551,28.01181493,22.03155861,87.77288815,27.85958862,28.22872925
West Bengal,Medinipur East,2025,8,9.832242099,28.03156442,22.03155861,87.77288815,27.90396118,28.25552368
West Bengal,Medinipur East,2025,9,9.681604559,28.05947044,22.03155861,87.77288815,27.86587524,28.27017212
West Bengal,Medinipur East,2025,10,4.009294452,26.99001613,22.03155861,87.77288815,26.68716431,27.31216431
West Bengal,Medinipur West,2013,1,0.075710297,18.35110813,22.43919141,87.41730415,17.75479126,19.20010376
West Bengal,Medinipur West,2013,2,0.393512231,21.65372947,22.43919141,87.41730415,21.12649536,22.41555786
West Bengal,Medinipur West,2013,3,0.150935314,27.38981346,22.43919141,87.41730415,26.78875732,28.06219482
West Bengal,Medinipur West,2013,4,1.36244569,30.45732286,22.43919141,87.41730415,30.14764404,30.64373779
West Bengal,Medinipur West,2013,5,4.57480141,30.71490479,22.43919141,87.41730415,30.30728149,31.01040649
West Bengal,Medinipur West,2013,6,8.127260561,28.56660066,22.43919141,87.41730415,28.29504395,28.7520752
West Bengal,Medinipur West,2013,7,7.601880109,27.97748255,22.43919141,87.41730415,27.61886597,28.18331909
West Bengal,Medinipur West,2013,8,8.792528506,27.48091408,22.43919141,87.41730415,27.16360474,27.75540161
West Bengal,Medinipur West,2013,9,8.801765724,27.3633875,22.43919141,87.41730415,27.19766235,27.47109985
West Bengal,Medinipur West,2013,10,12.71778135,25.256047,22.43919141,87.41730415,24.96871948,25.47067261
West Bengal,Medinipur West,2013,11,0.005815371,21.8849216,22.43919141,87.41730415,21.50189209,22.38470459
West Bengal,Medinipur West,2013,12,0.01265954,19.4763161,22.43919141,87.41730415,19.04214478,20.1847229
West Bengal,Medinipur West,2014,1,0.007981828,18.42397054,22.43919141,87.41730415,17.86056519,19.21994019
West Bengal,Medinipur West,2014,2,1.367313244,21.16003644,22.43919141,87.41730415,20.53170776,21.89498901
West Bengal,Medinipur West,2014,3,0.943894634,26.41434055,22.43919141,87.41730415,25.44381714,27.05123901
West Bengal,Medinipur West,2014,4,0.397009744,31.76465522,22.43919141,87.41730415,31.28042603,31.9815979
West Bengal,Medinipur West,2014,5,2.789061935,31.85481093,22.43919141,87.41730415,30.9949646,32.2137146
West Bengal,Medinipur West,2014,6,9.430318197,30.39194291,22.43919141,87.41730415,30.14874268,30.6116333
West Bengal,Medinipur West,2014,7,9.785200331,27.91934995,22.43919141,87.41730415,27.49118042,28.30563354
West Bengal,Medinipur West,2014,8,11.57778026,27.94091119,22.43919141,87.41730415,27.64642334,28.11126709
West Bengal,Medinipur West,2014,9,5.045525445,27.55956353,22.43919141,87.41730415,27.32211304,27.79476929
West Bengal,Medinipur West,2014,10,2.120291533,25.90511746,22.43919141,87.41730415,25.68814087,26.13345337
West Bengal,Medinipur West,2014,11,0.008222222,22.98023591,22.43919141,87.41730415,22.73074341,23.62136841
West Bengal,Medinipur West,2014,12,0.064150678,19.1870185,22.43919141,87.41730415,18.68600464,19.82077026
West Bengal,Medinipur West,2015,1,1.570838363,18.5799131,22.43919141,87.41730415,18.28311157,19.14639282
West Bengal,Medinipur West,2015,2,0.563916312,22.96416332,22.43919141,87.41730415,22.62106323,23.21871948
West Bengal,Medinipur West,2015,3,0.940523077,27.07592095,22.43919141,87.41730415,26.650177,27.44900513
West Bengal,Medinipur West,2015,4,3.907733493,28.82254593,22.43919141,87.41730415,28.44360352,29.29711914
West Bengal,Medinipur West,2015,5,1.878215366,31.43398483,22.43919141,87.41730415,31.10824585,31.7996521
West Bengal,Medinipur West,2015,6,7.647783633,29.80833831,22.43919141,87.41730415,29.66525269,29.94064331
West Bengal,Medinipur West,2015,7,23.35945638,27.80350523,22.43919141,87.41730415,27.54641724,28.20657349
West Bengal,Medinipur West,2015,8,8.825362594,28.17164668,22.43919141,87.41730415,27.90689087,28.34243774
West Bengal,Medinipur West,2015,9,4.921556261,28.31885896,22.43919141,87.41730415,28.13772583,28.47756958
West Bengal,Medinipur West,2015,10,1.271550779,26.76361536,22.43919141,87.41730415,26.69308472,26.93917847
West Bengal,Medinipur West,2015,11,0.028184992,24.52461751,22.43919141,87.41730415,24.34460449,24.79772949
West Bengal,Medinipur West,2015,12,0.665048529,20.7265738,22.43919141,87.41730415,20.21224976,21.61264038
West Bengal,Medinipur West,2016,1,0.356069777,19.58026801,22.43919141,87.41730415,18.9753418,20.4284668
West Bengal,Medinipur West,2016,2,3.256997568,24.49291314,22.43919141,87.41730415,23.92263794,25.00271606
West Bengal,Medinipur West,2016,3,0.71997805,27.73414216,22.43919141,87.41730415,27.27938843,28.43954468
West Bengal,Medinipur West,2016,4,0.470129861,33.06465431,22.43919141,87.41730415,32.32351685,34.05984497
West Bengal,Medinipur West,2016,5,4.042666965,30.82369882,22.43919141,87.41730415,30.49401855,31.11120605
West Bengal,Medinipur West,2016,6,5.801089251,29.64385082,22.43919141,87.41730415,29.51812744,29.76031494
West Bengal,Medinipur West,2016,7,7.619669596,27.99345794,22.43919141,87.41730415,27.66149902,28.22595215
West Bengal,Medinipur West,2016,8,12.06655206,27.7669203,22.43919141,87.41730415,27.49026489,28.01760864
West Bengal,Medinipur West,2016,9,8.124321832,27.38129114,22.43919141,87.41730415,27.14376831,27.57150269
West Bengal,Medinipur West,2016,10,2.604549267,26.21374738,22.43919141,87.41730415,25.93365479,26.39263916
West Bengal,Medinipur West,2016,11,0.863601402,22.51022226,22.43919141,87.41730415,22.21472168,22.8026123
West Bengal,Medinipur West,2016,12,0.003711381,20.35014513,22.43919141,87.41730415,20.00863647,20.81723022
West Bengal,Medinipur West,2017,1,0.043803127,19.57161684,22.43919141,87.41730415,19.09646606,20.18045044
West Bengal,Medinipur West,2017,2,0.008085707,23.50257478,22.43919141,87.41730415,22.94937134,23.99429321
West Bengal,Medinipur West,2017,3,1.259743726,26.81696913,22.43919141,87.41730415,26.25906372,27.35476685
West Bengal,Medinipur West,2017,4,1.559537676,30.60033502,22.43919141,87.41730415,29.74276733,30.91073608
West Bengal,Medinipur West,2017,5,2.456923873,31.58757189,22.43919141,87.41730415,31.08200073,31.90231323
West Bengal,Medinipur West,2017,6,6.415195606,30.09502948,22.43919141,87.41730415,29.96398926,30.23742676
West Bengal,Medinipur West,2017,7,19.29906548,27.706283,22.43919141,87.41730415,27.3989563,27.99856567
West Bengal,Medinipur West,2017,8,8.585630064,28.0462217,22.43919141,87.41730415,27.7482605,28.27755737
West Bengal,Medinipur West,2017,9,8.350923891,28.20918556,22.43919141,87.41730415,27.99441528,28.44558716
West Bengal,Medinipur West,2017,10,6.691079599,26.38469555,22.43919141,87.41730415,26.07498169,26.67654419
West Bengal,Medinipur West,2017,11,1.546660247,22.02269378,22.43919141,87.41730415,21.7272644,22.34640503
West Bengal,Medinipur West,2017,12,1.784155386,19.36793122,22.43919141,87.41730415,19.01980591,19.74636841
West Bengal,Medinipur West,2018,1,0.000817904,17.39964803,22.43919141,87.41730415,16.89834595,17.98428345
West Bengal,Medinipur West,2018,2,0.04839287,23.90313721,22.43919141,87.41730415,23.34063721,24.31915283
West Bengal,Medinipur West,2018,3,0.626884672,28.0207949,22.43919141,87.41730415,27.50997925,28.39279175
West Bengal,Medinipur West,2018,4,3.961133604,28.7115682,22.43919141,87.41730415,28.47549438,28.95010376
West Bengal,Medinipur West,2018,5,4.315819634,29.69401042,22.43919141,87.41730415,29.19921875,30.17382813
West Bengal,Medinipur West,2018,6,6.464977688,29.96943495,22.43919141,87.41730415,29.78244019,30.28048706
West Bengal,Medinipur West,2018,7,12.55043086,28.20524315,22.43919141,87.41730415,27.8477478,28.45516968
West Bengal,Medinipur West,2018,8,8.041281241,27.95048692,22.43919141,87.41730415,27.64901733,28.15292358
West Bengal,Medinipur West,2018,9,7.058841281,27.90399622,22.43919141,87.41730415,27.65884399,28.06900024
West Bengal,Medinipur West,2018,10,3.938028124,26.00003843,22.43919141,87.41730415,25.59921265,26.4234314
West Bengal,Medinipur West,2018,11,0.124741925,23.60777226,22.43919141,87.41730415,23.21627808,24.05026245
West Bengal,Medinipur West,2018,12,1.261825279,18.60672788,22.43919141,87.41730415,18.09671021,19.24905396
West Bengal,Medinipur West,2019,1,0.075746192,18.41981111,22.43919141,87.41730415,17.90158081,19.23165894
West Bengal,Medinipur West,2019,2,3.383592394,22.42080575,22.43919141,87.41730415,21.80499268,22.9710083
West Bengal,Medinipur West,2019,3,1.677215011,25.3895015,22.43919141,87.41730415,25.04025269,25.78829956
West Bengal,Medinipur West,2019,4,2.030079312,29.33564137,22.43919141,87.41730415,29.06643677,29.49417114
West Bengal,Medinipur West,2019,5,4.60232883,31.13261583,22.43919141,87.41730415,30.8868103,31.31259155
West Bengal,Medinipur West,2019,6,5.255369963,30.80180754,22.43919141,87.41730415,30.55578613,30.95617676
West Bengal,Medinipur West,2019,7,6.975563332,29.14181632,22.43919141,87.41730415,28.79708862,29.35958862
West Bengal,Medinipur West,2019,8,12.45540025,28.15071162,22.43919141,87.41730415,27.80334473,28.36584473
West Bengal,Medinipur West,2019,9,9.707465278,27.43929263,22.43919141,87.41730415,27.13485718,27.62509155
West Bengal,Medinipur West,2019,10,6.475163213,25.99081986,22.43919141,87.41730415,25.63180542,26.36032104
West Bengal,Medinipur West,2019,11,2.55877516,23.42032652,22.43919141,87.41730415,23.12301636,23.67184448
West Bengal,Medinipur West,2019,12,0.47170088,19.408766,22.43919141,87.41730415,19.15731812,19.98153687
West Bengal,Medinipur West,2020,1,0.787566291,18.35189254,22.43919141,87.41730415,18.0423584,18.84509277
West Bengal,Medinipur West,2020,2,0.33919126,20.89193387,22.43919141,87.41730415,20.4737854,21.2706604
West Bengal,Medinipur West,2020,3,0.799948728,26.59082031,22.43919141,87.41730415,26.35839844,26.74707031
West Bengal,Medinipur West,2020,4,5.524952076,29.22278962,22.43919141,87.41730415,28.86138916,29.55474854
West Bengal,Medinipur West,2020,5,6.911723949,29.04501908,22.43919141,87.41730415,28.85610962,29.22525024
West Bengal,Medinipur West,2020,6,6.786497893,28.94952393,22.43919141,87.41730415,28.65655518,29.2444458
West Bengal,Medinipur West,2020,7,8.196645666,28.678885,22.43919141,87.41730415,28.34963989,28.95120239
West Bengal,Medinipur West,2020,8,12.9865587,28.2026435,22.43919141,87.41730415,27.91079712,28.45767212
West Bengal,Medinipur West,2020,9,5.376325819,28.42306179,22.43919141,87.41730415,28.22659302,28.55081177
West Bengal,Medinipur West,2020,10,3.413319906,26.94910798,22.43919141,87.41730415,26.71133423,27.15859985
West Bengal,Medinipur West,2020,11,0.075153086,23.61307554,22.43919141,87.41730415,23.3052063,23.93606567
West Bengal,Medinipur West,2020,12,0.000868586,19.88688377,22.43919141,87.41730415,19.38641357,20.40985107
West Bengal,Medinipur West,2021,1,0.022433093,19.98152895,22.43919141,87.41730415,19.30853271,20.87103271
West Bengal,Medinipur West,2021,2,0.136118324,22.31847014,22.43919141,87.41730415,21.60409546,23.05331421
West Bengal,Medinipur West,2021,3,0.422444096,28.3557694,22.43919141,87.41730415,27.83822632,28.85971069
West Bengal,Medinipur West,2021,4,0.755395042,30.58315927,22.43919141,87.41730415,29.92105103,30.9659729
West Bengal,Medinipur West,2021,5,4.488423948,29.81129512,22.43919141,87.41730415,29.40280151,30.16256714
West Bengal,Medinipur West,2021,6,9.854354293,28.96966553,22.43919141,87.41730415,28.62942505,29.27590942
West Bengal,Medinipur West,2021,7,8.216906512,28.39477539,22.43919141,87.41730415,28.08813477,28.66625977
West Bengal,Medinipur West,2021,8,8.21697885,28.04604085,22.43919141,87.41730415,27.79806519,28.31564331
West Bengal,Medinipur West,2021,9,14.33724637,26.97850884,22.43919141,87.41730415,26.69827271,27.17678833
West Bengal,Medinipur West,2021,10,5.157205652,26.77485939,22.43919141,87.41730415,26.47805786,26.98391724
West Bengal,Medinipur West,2021,11,1.64058431,22.42525454,22.43919141,87.41730415,22.02236938,22.85830688
West Bengal,Medinipur West,2021,12,4.5479239,18.80950928,22.43919141,87.41730415,18.58352661,19.21243286
West Bengal,Medinipur West,2022,1,1.063605838,17.6007973,22.43919141,87.41730415,17.17678833,18.30569458
West Bengal,Medinipur West,2022,2,1.443777438,20.08551478,22.43919141,87.41730415,19.55599976,21.07943726
West Bengal,Medinipur West,2022,3,0.051090987,27.05532046,22.43919141,87.41730415,26.71337891,27.43994141
West Bengal,Medinipur West,2022,4,0.249886089,31.08885136,22.43919141,87.41730415,30.17352295,31.79071045
West Bengal,Medinipur West,2022,5,2.606629831,30.29045953,22.43919141,87.41730415,30.01452637,30.51062012
West Bengal,Medinipur West,2022,6,4.206971628,30.43266918,22.43919141,87.41730415,30.25167847,30.54464722
West Bengal,Medinipur West,2022,7,6.340157968,28.22551586,22.43919141,87.41730415,27.96072388,28.478302
West Bengal,Medinipur West,2022,8,11.47420813,27.93234366,22.43919141,87.41730415,27.64816284,28.15206909
West Bengal,Medinipur West,2022,9,4.344210024,27.87024152,22.43919141,87.41730415,27.62979126,28.07705688
West Bengal,Medinipur West,2022,10,2.040062657,26.02684869,22.43919141,87.41730415,25.76303101,26.24740601
West Bengal,Medinipur West,2022,11,0.001683263,22.41004548,22.43919141,87.41730415,22.02267456,22.95822144
West Bengal,Medinipur West,2022,12,0.001062253,20.25536205,22.43919141,87.41730415,19.76049805,20.98901367
West Bengal,Medinipur West,2023,1,0.02370558,19.93347846,22.43919141,87.41730415,19.27426147,20.81723022
West Bengal,Medinipur West,2023,2,0.037268268,23.24135787,22.43919141,87.41730415,22.75448608,23.86776733
West Bengal,Medinipur West,2023,3,1.307534112,26.55792688,22.43919141,87.41730415,26.15927124,27.10263062
West Bengal,Medinipur West,2023,4,0.901643965,30.36565032,22.43919141,87.41730415,30.12841797,30.69873047
West Bengal,Medinipur West,2023,5,0.808031859,31.19494403,22.43919141,87.41730415,30.98675537,31.33831787
West Bengal,Medinipur West,2023,6,2.033631219,32.03935863,22.43919141,87.41730415,31.8019104,32.31167603
West Bengal,Medinipur West,2023,7,4.003219604,28.90948034,22.43919141,87.41730415,28.65463257,29.07846069
West Bengal,Medinipur West,2023,8,5.482241595,28.51399514,22.43919141,87.41730415,28.24356079,28.76895142
West Bengal,Medinipur West,2023,9,6.757015652,27.9828446,22.43919141,87.41730415,27.67428589,28.19186401
West Bengal,Medinipur West,2023,10,1.951450772,26.67794913,22.43919141,87.41730415,26.36856079,26.96817017
West Bengal,Medinipur West,2023,11,0.145518956,24.27968569,22.43919141,87.41730415,23.95825195,24.7199707
West Bengal,Medinipur West,2023,12,0.741052557,19.93767406,22.43919141,87.41730415,19.45004272,20.46566772
West Bengal,Medinipur West,2024,1,0.382552959,18.48272705,22.43919141,87.41730415,17.89971924,19.38800049
West Bengal,Medinipur West,2024,2,0.17301065,22.75105116,22.43919141,87.41730415,21.84060669,23.43630981
West Bengal,Medinipur West,2024,3,1.689890826,26.5723357,22.43919141,87.41730415,26.09805298,27.11953735
West Bengal,Medinipur West,2024,4,0.183275523,32.47469302,22.43919141,87.41730415,32.06341553,32.97943115
West Bengal,Medinipur West,2024,5,6.014950222,31.12746401,22.43919141,87.41730415,30.79626465,31.41149902
West Bengal,Medinipur West,2024,6,3.452583596,31.86966281,22.43919141,87.41730415,31.35714722,32.57589722
West Bengal,Medinipur West,2024,7,10.62509494,28.63419144,22.43919141,87.41730415,28.34216309,28.85778809
West Bengal,Medinipur West,2024,8,13.46226897,27.8516597,22.43919141,87.41730415,27.57662964,28.11373901
West Bengal,Medinipur West,2024,9,16.87374313,28.16510914,22.43919141,87.41730415,27.93869019,28.33517456
West Bengal,Medinipur West,2024,10,8.133374249,27.27039252,22.43919141,87.41730415,27.02835083,27.58889771
West Bengal,Medinipur West,2024,11,0.205252365,23.23655644,22.43919141,87.41730415,22.93215942,23.59622192
West Bengal,Medinipur West,2024,12,0.239846159,19.5880466,22.43919141,87.41730415,19.19760132,20.37924194
West Bengal,Medinipur West,2025,1,0.019960454,19.18262397,22.43919141,87.41730415,18.81149292,19.76461792
West Bengal,Medinipur West,2025,2,0.954122755,23.33666314,22.43919141,87.41730415,22.62088013,24.34744263
West Bengal,Medinipur West,2025,3,0.62625998,27.27580883,22.43919141,87.41730415,26.98757935,27.55984497
West Bengal,Medinipur West,2025,4,2.103894552,29.78500931,22.43919141,87.41730415,29.52227783,29.96759033
West Bengal,Medinipur West,2025,5,4.442146019,30.06632713,22.43919141,87.41730415,29.85629272,30.23519897
West Bengal,Medinipur West,2025,6,16.00783963,28.77420835,22.43919141,87.41730415,28.56204224,29.11477661
West Bengal,Medinipur West,2025,7,17.04981373,27.71777118,22.43919141,87.41730415,27.43185425,27.99630737
West Bengal,Medinipur West,2025,8,11.49326466,27.76369674,22.43919141,87.41730415,27.45083618,28.04653931
West Bengal,Medinipur West,2025,9,9.007909139,27.79129367,22.43919141,87.41730415,27.54751587,27.99673462
West Bengal,Medinipur West,2025,10,3.15727799,26.66050664,22.43919141,87.41730415,26.41958618,26.84536743
West Bengal,Murshidabad,2013,1,0.050093288,16.90160116,24.16277914,88.23065187,16.49111938,17.31533813
West Bengal,Murshidabad,2013,2,0.521742423,20.71772257,24.16277914,88.23065187,20.26321411,21.12063599
West Bengal,Murshidabad,2013,3,0.092349211,26.3332723,24.16277914,88.23065187,25.99383545,26.8258667
West Bengal,Murshidabad,2013,4,2.065347354,29.26153564,24.16277914,88.23065187,28.65936279,30.11053467
West Bengal,Murshidabad,2013,5,5.122399012,28.61538696,24.16277914,88.23065187,27.80142212,29.53579712
West Bengal,Murshidabad,2013,6,5.050616582,28.76184082,24.16277914,88.23065187,28.59777832,28.99621582
West Bengal,Murshidabad,2013,7,4.006752014,28.35035197,24.16277914,88.23065187,28.18136597,28.50363159
West Bengal,Murshidabad,2013,8,9.340557098,27.56749471,24.16277914,88.23065187,27.49954224,27.65579224
West Bengal,Murshidabad,2013,9,6.213309606,27.90957642,24.16277914,88.23065187,27.8031311,28.02774048
West Bengal,Murshidabad,2013,10,5.929337819,25.67172241,24.16277914,88.23065187,25.49020386,25.76559448
West Bengal,Murshidabad,2013,11,0.024500584,21.43019613,24.16277914,88.23065187,21.02337646,21.88079834
West Bengal,Murshidabad,2013,12,0.05688038,18.86506144,24.16277914,88.23065187,18.4034729,19.24331665
West Bengal,Murshidabad,2014,1,0.168492675,17.26754761,24.16277914,88.23065187,16.95626831,17.56954956
West Bengal,Murshidabad,2014,2,2.213289579,19.48434448,24.16277914,88.23065187,18.87936401,19.93405151
West Bengal,Murshidabad,2014,3,0.31642286,24.67241414,24.16277914,88.23065187,24.45553589,25.05905151
West Bengal,Murshidabad,2014,4,0.271675766,30.48607127,24.16277914,88.23065187,29.97964478,31.39956665
West Bengal,Murshidabad,2014,5,3.737605413,31.19878387,24.16277914,88.23065187,30.58676147,31.78598022
West Bengal,Murshidabad,2014,6,12.96431096,29.8439738,24.16277914,88.23065187,29.34405518,30.41241455
West Bengal,Murshidabad,2014,7,7.980556488,28.28760783,24.16277914,88.23065187,28.20016479,28.38961792
West Bengal,Murshidabad,2014,8,9.310407003,28.09535726,24.16277914,88.23065187,27.95306396,28.32025146
West Bengal,Murshidabad,2014,9,4.888453166,27.78508504,24.16277914,88.23065187,27.58187866,27.96273804
West Bengal,Murshidabad,2014,10,1.952953974,26.0313619,24.16277914,88.23065187,25.79556274,26.26235962
West Bengal,Murshidabad,2014,11,0.002568301,22.40619914,24.16277914,88.23065187,21.88699341,22.76785278
West Bengal,Murshidabad,2014,12,0.054879496,18.68787638,24.16277914,88.23065187,18.20162964,19.00436401
West Bengal,Murshidabad,2015,1,0.394963741,18.09740194,24.16277914,88.23065187,17.52529907,18.3866272
West Bengal,Murshidabad,2015,2,0.79019467,21.31580607,24.16277914,88.23065187,20.59371948,21.77340698
West Bengal,Murshidabad,2015,3,2.279785315,25.25324504,24.16277914,88.23065187,24.384552,25.83572388
West Bengal,Murshidabad,2015,4,3.993961016,27.06217448,24.16277914,88.23065187,26.42407227,27.67407227
West Bengal,Murshidabad,2015,5,2.811839422,30.02938843,24.16277914,88.23065187,29.2996521,30.80160522
West Bengal,Murshidabad,2015,6,12.69010417,29.35206095,24.16277914,88.23065187,28.98556519,29.61251831
West Bengal,Murshidabad,2015,7,19.54668172,27.65424601,24.16277914,88.23065187,27.46829224,27.84524536
West Bengal,Murshidabad,2015,8,8.721131643,28.0523173,24.16277914,88.23065187,27.90103149,28.26821899
West Bengal,Murshidabad,2015,9,6.531478882,28.50283813,24.16277914,88.23065187,28.34085083,28.87600708
West Bengal,Murshidabad,2015,10,1.42091163,26.64527384,24.16277914,88.23065187,26.43136597,26.96261597
West Bengal,Murshidabad,2015,11,0.039728358,23.91536458,24.16277914,88.23065187,23.72155762,24.19421387
West Bengal,Murshidabad,2015,12,0.179334621,19.72799683,24.16277914,88.23065187,19.27474976,20.09115601
West Bengal,Murshidabad,2016,1,0.467252811,18.07324219,24.16277914,88.23065187,17.60424805,18.3737793
West Bengal,Murshidabad,2016,2,0.946519534,22.62494914,24.16277914,88.23065187,21.96755981,22.95779419
West Bengal,Murshidabad,2016,3,1.65488402,27.00330607,24.16277914,88.23065187,26.75204468,27.25009155
West Bengal,Murshidabad,2016,4,1.397625764,31.00202433,24.16277914,88.23065187,30.02859497,32.1399231
West Bengal,Murshidabad,2016,5,7.312624613,28.92964681,24.16277914,88.23065187,28.32019043,29.7166748
West Bengal,Murshidabad,2016,6,5.178338369,29.30950928,24.16277914,88.23065187,28.93414307,29.88726807
West Bengal,Murshidabad,2016,7,11.15128708,27.93204753,24.16277914,88.23065187,27.7689209,28.13806152
West Bengal,Murshidabad,2016,8,7.900002797,28.27993774,24.16277914,88.23065187,28.16213989,28.46682739
West Bengal,Murshidabad,2016,9,8.647488912,27.84290568,24.16277914,88.23065187,27.72189331,27.92501831
West Bengal,Murshidabad,2016,10,2.619309107,26.6601766,24.16277914,88.23065187,26.52349854,26.90826416
West Bengal,Murshidabad,2016,11,0.085641801,23.15474447,24.16277914,88.23065187,22.9119873,23.4588623
West Bengal,Murshidabad,2016,12,0.029099767,20.15634155,24.16277914,88.23065187,19.78207397,20.4168396
West Bengal,Murshidabad,2017,1,0.187526484,18.45083618,24.16277914,88.23065187,18.03396606,18.75076294
West Bengal,Murshidabad,2017,2,0.006976494,22.06940715,24.16277914,88.23065187,21.40835571,22.46499634
West Bengal,Murshidabad,2017,3,1.054580132,24.73497518,24.16277914,88.23065187,23.89968872,25.34109497
West Bengal,Murshidabad,2017,4,3.087122599,28.69695028,24.16277914,88.23065187,27.59042358,30.05136108
West Bengal,Murshidabad,2017,5,5.941681544,29.28467814,24.16277914,88.23065187,28.74020386,30.17575073
West Bengal,Murshidabad,2017,6,8.218910217,29.13163249,24.16277914,88.23065187,28.76477051,29.73156738
West Bengal,Murshidabad,2017,7,12.91342163,27.76964315,24.16277914,88.23065187,27.65090942,27.89505005
West Bengal,Murshidabad,2017,8,10.36981837,28.26006063,24.16277914,88.23065187,28.16036987,28.42208862
West Bengal,Murshidabad,2017,9,9.271511714,28.2513326,24.16277914,88.23065187,28.16629028,28.37527466
West Bengal,Murshidabad,2017,10,6.964119593,26.4515686,24.16277914,88.23065187,26.35037231,26.62771606
West Bengal,Murshidabad,2017,11,0.364252528,22.2737325,24.16277914,88.23065187,21.98898315,22.64328003
West Bengal,Murshidabad,2017,12,1.052138249,19.94473267,24.16277914,88.23065187,19.65847778,20.23269653
West Bengal,Murshidabad,2018,1,0.002810538,16.6806132,24.16277914,88.23065187,16.37490845,16.9725647
West Bengal,Murshidabad,2018,2,0.121371925,22.06451416,24.16277914,88.23065187,21.40704346,22.53985596
West Bengal,Murshidabad,2018,3,1.442732811,26.67078654,24.16277914,88.23065187,26.08029175,27.33615112
West Bengal,Murshidabad,2018,4,4.225999832,27.36782837,24.16277914,88.23065187,26.82315063,27.91494751
West Bengal,Murshidabad,2018,5,7.9873511,27.57478841,24.16277914,88.23065187,27.06445313,28.31835938
West Bengal,Murshidabad,2018,6,6.893494924,29.51974487,24.16277914,88.23065187,29.27462769,30.02267456
West Bengal,Murshidabad,2018,7,10.33703613,28.36353556,24.16277914,88.23065187,28.2305603,28.54696655
West Bengal,Murshidabad,2018,8,5.925359726,28.48951213,24.16277914,88.23065187,28.38534546,28.60604858
West Bengal,Murshidabad,2018,9,4.64803791,28.43399048,24.16277914,88.23065187,28.37759399,28.60220337
West Bengal,Murshidabad,2018,10,1.412843386,25.9978536,24.16277914,88.23065187,25.88632202,26.34921265
West Bengal,Murshidabad,2018,11,0.025698746,23.52942912,24.16277914,88.23065187,22.99752808,23.82369995
West Bengal,Murshidabad,2018,12,0.856590112,18.65774536,24.16277914,88.23065187,18.13381958,19.07522583
West Bengal,Murshidabad,2019,1,0.00670639,18.4538269,24.16277914,88.23065187,18.02267456,18.80978394
West Bengal,Murshidabad,2019,2,1.851146698,21.05466715,24.16277914,88.23065187,20.33624268,21.38116455
West Bengal,Murshidabad,2019,3,0.722109477,25.24585978,24.16277914,88.23065187,24.67697144,25.55001831
West Bengal,Murshidabad,2019,4,2.454671383,27.95828247,24.16277914,88.23065187,27.37503052,28.74221802
West Bengal,Murshidabad,2019,5,7.553149541,30.39344533,24.16277914,88.23065187,29.92782593,31.23251343
West Bengal,Murshidabad,2019,6,7.437880198,29.68200684,24.16277914,88.23065187,29.23352051,30.27062988
West Bengal,Murshidabad,2019,7,7.520531336,28.95264689,24.16277914,88.23065187,28.75216675,29.28146362
West Bengal,Murshidabad,2019,8,7.052265167,28.7047526,24.16277914,88.23065187,28.60021973,28.83459473
West Bengal,Murshidabad,2019,9,8.255066554,27.7679952,24.16277914,88.23065187,27.62704468,27.84579468
West Bengal,Murshidabad,2019,10,6.438046773,25.88632202,24.16277914,88.23065187,25.63571167,26.04196167
West Bengal,Murshidabad,2019,11,0.314804673,23.53207397,24.16277914,88.23065187,23.25582886,23.90621948
West Bengal,Murshidabad,2019,12,0.299160461,18.85242716,24.16277914,88.23065187,18.17489624,19.16317749
West Bengal,Murshidabad,2020,1,0.891167959,17.56856283,24.16277914,88.23065187,17.0032959,17.8079834
West Bengal,Murshidabad,2020,2,0.985724688,19.59561157,24.16277914,88.23065187,19.00308228,19.89761353
West Bengal,Murshidabad,2020,3,1.312103828,24.3815918,24.16277914,88.23065187,23.58300781,25.00097656
West Bengal,Murshidabad,2020,4,5.483484268,27.46380615,24.16277914,88.23065187,26.54693604,28.10552979
West Bengal,Murshidabad,2020,5,6.739706675,27.99425252,24.16277914,88.23065187,27.48501587,28.53970337
West Bengal,Murshidabad,2020,6,11.30380376,28.54156494,24.16277914,88.23065187,28.2131958,28.78936768
West Bengal,Murshidabad,2020,7,11.99661382,28.46784465,24.16277914,88.23065187,28.24221802,28.63674927
West Bengal,Murshidabad,2020,8,8.944393794,28.56017049,24.16277914,88.23065187,28.50259399,28.64126587
West Bengal,Murshidabad,2020,9,9.399421692,28.39830526,24.16277914,88.23065187,28.15042114,28.52932739
West Bengal,Murshidabad,2020,10,1.878058116,27.6752828,24.16277914,88.23065187,27.49258423,27.83633423
West Bengal,Murshidabad,2020,11,0.06451416,23.00942993,24.16277914,88.23065187,22.33059692,23.3598938
West Bengal,Murshidabad,2020,12,0.039504903,18.97271729,24.16277914,88.23065187,18.44891357,19.22235107
West Bengal,Murshidabad,2021,1,0.006542436,18.17787679,24.16277914,88.23065187,17.37103271,18.51947021
West Bengal,Murshidabad,2021,2,0.049820478,21.24203491,24.16277914,88.23065187,20.66854858,21.72518921
West Bengal,Murshidabad,2021,3,0.16840589,27.05099487,24.16277914,88.23065187,26.18588257,27.72689819
West Bengal,Murshidabad,2021,4,1.331415176,29.76976522,24.16277914,88.23065187,29.11636353,30.58901978
West Bengal,Murshidabad,2021,5,8.411684672,28.40056356,24.16277914,88.23065187,27.83444214,28.82272339
West Bengal,Murshidabad,2021,6,9.694972992,28.52057902,24.16277914,88.23065187,28.24661255,28.86184692
West Bengal,Murshidabad,2021,7,9.46020635,28.52722168,24.16277914,88.23065187,28.38891602,28.70727539
West Bengal,Murshidabad,2021,8,10.93625132,28.15963745,24.16277914,88.23065187,28.04220581,28.30001831
West Bengal,Murshidabad,2021,9,5.996894201,27.74498494,24.16277914,88.23065187,27.53811646,27.95217896
West Bengal,Murshidabad,2021,10,3.190961838,26.91051229,24.16277914,88.23065187,26.57571411,27.10891724
West Bengal,Murshidabad,2021,11,0.303556681,21.9745992,24.16277914,88.23065187,21.52627563,22.33682251
West Bengal,Murshidabad,2021,12,0.638749282,19.30003866,24.16277914,88.23065187,18.94485474,19.59133911
West Bengal,Murshidabad,2022,1,1.024706999,17.34060669,24.16277914,88.23065187,16.83694458,17.63577271
West Bengal,Murshidabad,2022,2,2.500684579,18.66069539,24.16277914,88.23065187,18.00521851,18.95639038
West Bengal,Murshidabad,2022,3,0.092020253,26.48905436,24.16277914,88.23065187,25.85986328,26.75439453
West Bengal,Murshidabad,2022,4,1.637949308,29.96836344,24.16277914,88.23065187,29.09344482,30.7477417
West Bengal,Murshidabad,2022,5,5.121147156,28.90409342,24.16277914,88.23065187,28.56335449,29.36608887
West Bengal,Murshidabad,2022,6,4.873456319,29.85051473,24.16277914,88.23065187,29.36691284,30.29074097
West Bengal,Murshidabad,2022,7,3.494314194,29.32408651,24.16277914,88.23065187,29.01541138,29.56619263
West Bengal,Murshidabad,2022,8,5.443376541,28.70683797,24.16277914,88.23065187,28.57589722,28.77706909
West Bengal,Murshidabad,2022,9,4.99432532,28.05394491,24.16277914,88.23065187,27.79971313,28.15518188
West Bengal,Murshidabad,2022,10,2.087646166,26.15333049,24.16277914,88.23065187,25.89584351,26.39193726
West Bengal,Murshidabad,2022,11,0.006719294,22.24561564,24.16277914,88.23065187,21.84494019,22.67892456
West Bengal,Murshidabad,2022,12,0.013770373,19.42838542,24.16277914,88.23065187,18.78979492,19.7565918
West Bengal,Murshidabad,2023,1,0.006121035,18.14657593,24.16277914,88.23065187,17.2996521,18.60629272
West Bengal,Murshidabad,2023,2,0.004341557,21.75192261,24.16277914,88.23065187,21.15487671,22.25448608
West Bengal,Murshidabad,2023,3,1.56664149,25.3757019,24.16277914,88.23065187,24.99911499,25.95028687
West Bengal,Murshidabad,2023,4,0.798134963,29.34940592,24.16277914,88.23065187,28.82568359,30.06005859
West Bengal,Murshidabad,2023,5,1.692895253,29.77545166,24.16277914,88.23065187,29.36956787,30.40667725
West Bengal,Murshidabad,2023,6,2.973957062,31.52065786,24.16277914,88.23065187,30.96011353,31.9815979
West Bengal,Murshidabad,2023,7,3.184146245,29.32573446,24.16277914,88.23065187,29.18197632,29.49057007
West Bengal,Murshidabad,2023,8,6.239212036,28.78290812,24.16277914,88.23065187,28.68106079,28.89785767
West Bengal,Murshidabad,2023,9,4.628481547,28.459198,24.16277914,88.23065187,28.34616089,28.57662964
West Bengal,Murshidabad,2023,10,1.648770968,26.62877401,24.16277914,88.23065187,26.33926392,26.78652954
West Bengal,Murshidabad,2023,11,0.06268323,24.22513835,24.16277914,88.23065187,23.84887695,24.41918945
West Bengal,Murshidabad,2023,12,1.009187937,20.00757853,24.16277914,88.23065187,19.60824585,20.38168335
West Bengal,Murshidabad,2024,1,0.079406818,17.34031169,24.16277914,88.23065187,16.87432861,17.58526611
West Bengal,Murshidabad,2024,2,0.179460963,20.95954386,24.16277914,88.23065187,20.19412231,21.33279419
West Bengal,Murshidabad,2024,3,2.005575975,25.07595825,24.16277914,88.23065187,24.42227173,25.4984436
West Bengal,Murshidabad,2024,4,0.063467115,31.68670654,24.16277914,88.23065187,31.35443115,32.61029053
West Bengal,Murshidabad,2024,5,6.745771408,30.31111654,24.16277914,88.23065187,29.89196777,30.85681152
West Bengal,Murshidabad,2024,6,5.285972595,31.52426147,24.16277914,88.23065187,30.89230347,32.25558472
West Bengal,Murshidabad,2024,7,7.147909164,29.081014,24.16277914,88.23065187,28.94958496,29.22692871
West Bengal,Murshidabad,2024,8,12.00660451,28.07361857,24.16277914,88.23065187,27.96139526,28.20358276
West Bengal,Murshidabad,2024,9,15.10981115,28.6643575,24.16277914,88.23065187,28.57540894,28.76681519
West Bengal,Murshidabad,2024,10,4.318324407,27.09902954,24.16277914,88.23065187,26.81936646,27.29983521
West Bengal,Murshidabad,2024,11,0.15262109,23.39635213,24.16277914,88.23065187,23.1020813,23.70169067
West Bengal,Murshidabad,2024,12,0.07794491,18.82341512,24.16277914,88.23065187,18.39682007,19.11947632
West Bengal,Murshidabad,2025,1,0.013853271,18.44015503,24.16277914,88.23065187,17.96969604,18.68649292
West Bengal,Murshidabad,2025,2,0.446248055,21.76939901,24.16277914,88.23065187,21.09744263,22.20681763
West Bengal,Murshidabad,2025,3,0.373484532,26.35749308,24.16277914,88.23065187,25.94070435,26.7492981
West Bengal,Murshidabad,2025,4,3.917868932,29.02577718,24.16277914,88.23065187,28.49493408,29.45977783
West Bengal,Murshidabad,2025,5,6.554150899,29.37350464,24.16277914,88.23065187,28.94223022,29.7371521
West Bengal,Murshidabad,2025,6,7.01025327,28.98021444,24.16277914,88.23065187,28.80422974,29.23587036
West Bengal,Murshidabad,2025,7,12.14862696,27.9801534,24.16277914,88.23065187,27.92404175,28.05880737
West Bengal,Murshidabad,2025,8,8.664243698,27.93663534,24.16277914,88.23065187,27.89028931,27.99380493
West Bengal,Murshidabad,2025,9,8.607897441,28.46088664,24.16277914,88.23065187,28.36392212,28.56314087
West Bengal,Murshidabad,2025,10,2.934676488,26.97069295,24.16277914,88.23065187,26.55630493,27.12466431
West Bengal,Nadia,2013,1,0.109933023,17.2166118,23.47981972,88.51669478,16.81533813,17.66885376
West Bengal,Nadia,2013,2,0.513149969,20.90774635,23.47981972,88.51669478,20.54837036,21.27297974
West Bengal,Nadia,2013,3,0.076422522,26.54039543,23.47981972,88.51669478,26.26531982,26.74969482
West Bengal,Nadia,2013,4,1.984627385,29.44048678,23.47981972,88.51669478,29.00506592,29.65350342
West Bengal,Nadia,2013,5,4.93765751,29.10106831,23.47981972,88.51669478,28.18618774,29.54556274
West Bengal,Nadia,2013,6,5.947734217,28.53162409,23.47981972,88.51669478,28.4317627,28.69152832
West Bengal,Nadia,2013,7,5.665504702,28.19428278,23.47981972,88.51669478,28.06027222,28.38253784
West Bengal,Nadia,2013,8,10.89507269,27.47301655,23.47981972,88.51669478,27.41555786,27.54055786
West Bengal,Nadia,2013,9,6.73067056,27.62804191,23.47981972,88.51669478,27.43399048,27.8500061
West Bengal,Nadia,2013,10,7.824675037,25.56278549,23.47981972,88.51669478,25.45700073,25.70895386
West Bengal,Nadia,2013,11,0.016946129,21.69493644,23.47981972,88.51669478,21.48431396,22.04486084
West Bengal,Nadia,2013,12,0.048670753,19.24501874,23.47981972,88.51669478,19.01480103,19.61245728
West Bengal,Nadia,2014,1,0.079875992,17.56268114,23.47981972,88.51669478,17.32345581,17.93869019
West Bengal,Nadia,2014,2,2.115251849,20.03239982,23.47981972,88.51669478,19.47702026,20.51412964
West Bengal,Nadia,2014,3,0.449294859,24.92611399,23.47981972,88.51669478,24.48678589,25.48483276
West Bengal,Nadia,2014,4,0.513750599,30.55424057,23.47981972,88.51669478,30.14761353,30.96401978
West Bengal,Nadia,2014,5,3.576889038,31.39901044,23.47981972,88.51669478,30.80355835,31.66293335
West Bengal,Nadia,2014,6,11.21693273,29.58693572,23.47981972,88.51669478,29.39483643,29.8772583
West Bengal,Nadia,2014,7,6.859792402,28.23059673,23.47981972,88.51669478,28.17282104,28.30368042
West Bengal,Nadia,2014,8,9.596929735,28.00434925,23.47981972,88.51669478,27.93157959,28.11322021
West Bengal,Nadia,2014,9,4.984533987,27.71853539,23.47981972,88.51669478,27.65219116,27.84750366
West Bengal,Nadia,2014,10,1.717755472,26.15298363,23.47981972,88.51669478,26.07095337,26.23501587
West Bengal,Nadia,2014,11,0.001263838,22.89568895,23.47981972,88.51669478,22.64480591,23.29519653
West Bengal,Nadia,2014,12,0.1559942,18.96404045,23.47981972,88.51669478,18.77194214,19.33444214
West Bengal,Nadia,2015,1,0.354519506,18.48264633,23.47981972,88.51669478,18.20498657,18.79873657
West Bengal,Nadia,2015,2,0.77712016,21.88668725,23.47981972,88.51669478,21.38082886,22.37301636
West Bengal,Nadia,2015,3,2.015218673,25.54023398,23.47981972,88.51669478,25.27908325,25.85916138
West Bengal,Nadia,2015,4,6.693800403,27.31116904,23.47981972,88.51669478,26.97094727,27.59399414
West Bengal,Nadia,2015,5,2.69418015,30.24307546,23.47981972,88.51669478,29.74301147,30.67074585
West Bengal,Nadia,2015,6,13.20218092,29.28250417,23.47981972,88.51669478,29.05197144,29.44845581
West Bengal,Nadia,2015,7,22.53339804,27.39054428,23.47981972,88.51669478,27.29251099,27.55618286
West Bengal,Nadia,2015,8,7.918919717,28.08323817,23.47981972,88.51669478,28.00845337,28.14712524
West Bengal,Nadia,2015,9,5.41409351,28.36485438,23.47981972,88.51669478,28.27249146,28.50881958
West Bengal,Nadia,2015,10,1.52101529,26.49531604,23.47981972,88.51669478,26.35519409,26.66183472
West Bengal,Nadia,2015,11,0.075619698,23.99190792,23.47981972,88.51669478,23.77819824,24.20593262
West Bengal,Nadia,2015,12,0.217794018,20.21350885,23.47981972,88.51669478,19.84896851,20.51107788
West Bengal,Nadia,2016,1,0.195475794,18.62976468,23.47981972,88.51669478,18.2175293,19.1550293
West Bengal,Nadia,2016,2,1.896790043,23.26960213,23.47981972,88.51669478,22.71951294,24.03396606
West Bengal,Nadia,2016,3,1.356301585,27.13895342,23.47981972,88.51669478,26.92196655,27.43954468
West Bengal,Nadia,2016,4,0.774440273,31.86075124,23.47981972,88.51669478,30.8039856,32.25515747
West Bengal,Nadia,2016,5,7.661916425,29.38155636,23.47981972,88.51669478,28.69714355,29.73815918
West Bengal,Nadia,2016,6,4.289933235,29.2284349,23.47981972,88.51669478,29.00836182,29.40289307
West Bengal,Nadia,2016,7,10.22411912,27.90475759,23.47981972,88.51669478,27.82165527,27.98571777
West Bengal,Nadia,2016,8,10.0708756,27.99939949,23.47981972,88.51669478,27.80862427,28.22073364
West Bengal,Nadia,2016,9,7.555472589,27.76089379,23.47981972,88.51669478,27.64962769,27.87814331
West Bengal,Nadia,2016,10,2.862341358,26.60502575,23.47981972,88.51669478,26.46685791,26.70123291
West Bengal,Nadia,2016,11,0.503302513,23.05929073,23.47981972,88.51669478,22.91003418,23.19128418
West Bengal,Nadia,2016,12,0.009547078,20.36164708,23.47981972,88.51669478,20.23910522,20.56137085
West Bengal,Nadia,2017,1,0.045446957,18.81074376,23.47981972,88.51669478,18.49685669,19.12576294
West Bengal,Nadia,2017,2,0.020826972,22.52025186,23.47981972,88.51669478,22.10562134,22.92788696
West Bengal,Nadia,2017,3,1.640694157,25.28470538,23.47981972,88.51669478,24.72781372,25.56765747
West Bengal,Nadia,2017,4,2.804946407,29.39322195,23.47981972,88.51669478,28.34237671,29.80722046
West Bengal,Nadia,2017,5,4.996918709,30.00463277,23.47981972,88.51669478,29.14645386,30.75778198
West Bengal,Nadia,2017,6,12.57879934,29.16724027,23.47981972,88.51669478,28.83508301,29.37414551
West Bengal,Nadia,2017,7,13.58092573,27.76198455,23.47981972,88.51669478,27.71536255,27.81692505
West Bengal,Nadia,2017,8,10.27661723,28.08804223,23.47981972,88.51669478,28.0295105,28.193573
West Bengal,Nadia,2017,9,10.70234336,28.1850015,23.47981972,88.51669478,28.12722778,28.27175903
West Bengal,Nadia,2017,10,7.458573372,26.50397516,23.47981972,88.51669478,26.44412231,26.56716919
West Bengal,Nadia,2017,11,1.00756073,22.28655021,23.47981972,88.51669478,22.19796753,22.3913269
West Bengal,Nadia,2017,12,2.240345124,19.83255891,23.47981972,88.51669478,19.73074341,19.93777466
West Bengal,Nadia,2018,1,0.001568419,16.81738675,23.47981972,88.51669478,16.6210022,17.20303345
West Bengal,Nadia,2018,2,0.130773052,22.54905455,23.47981972,88.51669478,22.04766846,23.08282471
West Bengal,Nadia,2018,3,1.070763373,26.84598074,23.47981972,88.51669478,26.57833862,27.05490112
West Bengal,Nadia,2018,4,4.546351279,27.69827566,23.47981972,88.51669478,27.35049438,28.12783813
West Bengal,Nadia,2018,5,8.535136561,27.93617692,23.47981972,88.51669478,27.38671875,28.43945313
West Bengal,Nadia,2018,6,7.701952534,29.37858532,23.47981972,88.51669478,29.28244019,29.53634644
West Bengal,Nadia,2018,7,10.59765625,28.2369877,23.47981972,88.51669478,28.18954468,28.33602905
West Bengal,Nadia,2018,8,6.432651643,28.26267759,23.47981972,88.51669478,28.13925171,28.43807983
West Bengal,Nadia,2018,9,4.857175765,28.29083646,23.47981972,88.51669478,28.13345337,28.42642212
West Bengal,Nadia,2018,10,2.559112057,25.98208913,23.47981972,88.51669478,25.87069702,26.04452515
West Bengal,Nadia,2018,11,0.054933025,23.59203314,23.47981972,88.51669478,23.34713745,23.7572937
West Bengal,Nadia,2018,12,1.397795277,18.73916331,23.47981972,88.51669478,18.50686646,18.89358521
West Bengal,Nadia,2019,1,0.008977586,18.43541299,23.47981972,88.51669478,18.23165894,18.65548706
West Bengal,Nadia,2019,2,1.850146509,21.66650981,23.47981972,88.51669478,21.21514893,22.14483643
West Bengal,Nadia,2019,3,1.221610531,25.2406695,23.47981972,88.51669478,25.11642456,25.39376831
West Bengal,Nadia,2019,4,2.577507757,28.34661471,23.47981972,88.51669478,27.61721802,28.97268677
West Bengal,Nadia,2019,5,8.154973184,30.53581582,23.47981972,88.51669478,30.18563843,30.82821655
West Bengal,Nadia,2019,6,10.81696344,29.58672111,23.47981972,88.51669478,29.29211426,29.90539551
West Bengal,Nadia,2019,7,6.504182877,28.94193588,23.47981972,88.51669478,28.7795105,29.0763855
West Bengal,Nadia,2019,8,8.283923734,28.48895461,23.47981972,88.51669478,28.34240723,28.63928223
West Bengal,Nadia,2019,9,6.89834201,27.71865353,23.47981972,88.51669478,27.6133728,27.81454468
West Bengal,Nadia,2019,10,6.800335792,26.06741628,23.47981972,88.51669478,25.99118042,26.14352417
West Bengal,Nadia,2019,11,1.487910486,23.49417213,23.47981972,88.51669478,23.41207886,23.58590698
West Bengal,Nadia,2019,12,0.298820342,19.1975137,23.47981972,88.51669478,18.99130249,19.37802124
West Bengal,Nadia,2020,1,0.72676634,17.86197785,23.47981972,88.51669478,17.6282959,18.0736084
West Bengal,Nadia,2020,2,0.396621243,20.09664425,23.47981972,88.51669478,19.73550415,20.57144165
West Bengal,Nadia,2020,3,0.909376821,25.28833795,23.47981972,88.51669478,24.73144531,25.71582031
West Bengal,Nadia,2020,4,7.042606477,27.94997283,23.47981972,88.51669478,27.50592041,28.15435791
West Bengal,Nadia,2020,5,7.335831181,28.32403958,23.47981972,88.51669478,27.88735962,28.54751587
West Bengal,Nadia,2020,6,9.222565682,28.65044378,23.47981972,88.51669478,28.5022583,28.72686768
West Bengal,Nadia,2020,7,10.92145464,28.53997409,23.47981972,88.51669478,28.42581177,28.64456177
West Bengal,Nadia,2020,8,10.04203944,28.41073313,23.47981972,88.51669478,28.29946899,28.55728149
West Bengal,Nadia,2020,9,7.515628446,28.42902399,23.47981972,88.51669478,28.35159302,28.52151489
West Bengal,Nadia,2020,10,3.525014816,27.4403529,23.47981972,88.51669478,27.2406311,27.6625061
West Bengal,Nadia,2020,11,0.120887933,22.88427734,23.47981972,88.51669478,22.7348938,23.06692505
West Bengal,Nadia,2020,12,0.015640115,19.27067517,23.47981972,88.51669478,19.10906982,19.51727295
West Bengal,Nadia,2021,1,0.009319715,18.75031699,23.47981972,88.51669478,18.34759521,19.32025146
West Bengal,Nadia,2021,2,0.046265352,21.52861564,23.47981972,88.51669478,21.25839233,21.78768921
West Bengal,Nadia,2021,3,0.304258377,27.32398839,23.47981972,88.51669478,27.01986694,27.57260132
West Bengal,Nadia,2021,4,1.090459147,29.70696234,23.47981972,88.51669478,29.44448853,29.8565979
West Bengal,Nadia,2021,5,8.102827503,28.75260089,23.47981972,88.51669478,28.36373901,29.14498901
West Bengal,Nadia,2021,6,12.3270244,28.42724412,23.47981972,88.51669478,28.21536255,28.55130005
West Bengal,Nadia,2021,7,10.32114435,28.34386813,23.47981972,88.51669478,28.28149414,28.47875977
West Bengal,Nadia,2021,8,10.123039,28.07156667,23.47981972,88.51669478,27.98751831,28.21798706
West Bengal,Nadia,2021,9,7.020964592,27.50321124,23.47981972,88.51669478,27.25491333,27.79592896
West Bengal,Nadia,2021,10,3.857776273,26.94371968,23.47981972,88.51669478,26.87454224,27.04055786
West Bengal,Nadia,2021,11,0.739600212,22.09816422,23.47981972,88.51669478,21.96963501,22.28799438
West Bengal,Nadia,2021,12,3.286337576,19.0444651,23.47981972,88.51669478,18.94290161,19.27688599
West Bengal,Nadia,2022,1,1.109939575,17.57043851,23.47981972,88.51669478,17.43069458,17.76467896
West Bengal,Nadia,2022,2,1.897117123,19.08201944,23.47981972,88.51669478,18.77865601,19.62240601
West Bengal,Nadia,2022,3,0.058075978,26.62006993,23.47981972,88.51669478,26.46533203,26.84619141
West Bengal,Nadia,2022,4,1.61882019,30.2508289,23.47981972,88.51669478,29.82000732,30.4274292
West Bengal,Nadia,2022,5,4.784169351,29.11130056,23.47981972,88.51669478,28.71765137,29.38366699
West Bengal,Nadia,2022,6,4.03583502,29.77933822,23.47981972,88.51669478,29.46847534,30.00753784
West Bengal,Nadia,2022,7,3.99184147,28.85525414,23.47981972,88.51669478,28.61306763,29.14822388
West Bengal,Nadia,2022,8,6.005462154,28.44176262,23.47981972,88.51669478,28.21847534,28.67550659
West Bengal,Nadia,2022,9,4.552159955,28.05765066,23.47981972,88.51669478,27.97158813,28.16299438
West Bengal,Nadia,2022,10,3.179470678,26.11988683,23.47981972,88.51669478,26.01693726,26.22006226
West Bengal,Nadia,2022,11,0.000662511,22.27292559,23.47981972,88.51669478,22.19845581,22.34298706
West Bengal,Nadia,2022,12,0.001706917,19.67292244,23.47981972,88.51669478,19.5456543,19.89331055
West Bengal,Nadia,2023,1,0.010337123,18.75649335,23.47981972,88.51669478,18.2449646,19.23129272
West Bengal,Nadia,2023,2,0.009659296,22.21895083,23.47981972,88.51669478,21.83261108,22.64315796
West Bengal,Nadia,2023,3,1.827799151,25.51114974,23.47981972,88.51669478,25.26473999,25.75497437
West Bengal,Nadia,2023,4,0.710838441,29.42617503,23.47981972,88.51669478,29.05224609,29.60693359
West Bengal,Nadia,2023,5,1.882497111,30.06790456,23.47981972,88.51669478,29.61175537,30.27581787
West Bengal,Nadia,2023,6,2.782731825,31.16399359,23.47981972,88.51669478,30.80776978,31.50308228
West Bengal,Nadia,2023,7,3.115536105,29.17372377,23.47981972,88.51669478,29.04135132,29.33432007
West Bengal,Nadia,2023,8,7.779562673,28.58069438,23.47981972,88.51669478,28.45254517,28.79043579
West Bengal,Nadia,2023,9,4.5466599,28.31522689,23.47981972,88.51669478,28.17233276,28.47311401
West Bengal,Nadia,2023,10,2.07595333,26.63494085,23.47981972,88.51669478,26.56582642,26.75527954
West Bengal,Nadia,2023,11,0.126770027,24.29444147,23.47981972,88.51669478,24.19848633,24.38793945
West Bengal,Nadia,2023,12,1.074377737,20.12116069,23.47981972,88.51669478,19.9480896,20.32894897
West Bengal,Nadia,2024,1,0.164702631,17.73540472,23.47981972,88.51669478,17.41925049,18.08331299
West Bengal,Nadia,2024,2,0.159771227,21.55601846,23.47981972,88.51669478,21.11990356,21.98904419
West Bengal,Nadia,2024,3,2.080415787,25.4950404,23.47981972,88.51669478,25.18984985,25.93008423
West Bengal,Nadia,2024,4,0.209786877,31.52888932,23.47981972,88.51669478,31.30755615,31.85443115
West Bengal,Nadia,2024,5,9.268371582,30.23326062,23.47981972,88.51669478,30.06384277,30.49157715
West Bengal,Nadia,2024,6,4.597584878,31.31525052,23.47981972,88.51669478,31.03097534,31.70285034
West Bengal,Nadia,2024,7,7.380666917,28.87240502,23.47981972,88.51669478,28.77966309,29.03356934
West Bengal,Nadia,2024,8,13.92911259,27.88056207,23.47981972,88.51669478,27.79147339,28.03756714
West Bengal,Nadia,2024,9,13.64596853,28.54964127,23.47981972,88.51669478,28.35275269,28.72384644
West Bengal,Nadia,2024,10,5.197092364,27.20778533,23.47981972,88.51669478,27.07522583,27.26663208
West Bengal,Nadia,2024,11,0.124679735,23.53951928,23.47981972,88.51669478,23.47122192,23.59622192
West Bengal,Nadia,2024,12,0.060059178,19.19949045,23.47981972,88.51669478,18.99642944,19.49252319
West Bengal,Nadia,2025,1,0.018227148,18.81892641,23.47981972,88.51669478,18.61227417,19.10836792
West Bengal,Nadia,2025,2,0.381428257,22.38562405,23.47981972,88.51669478,21.8611145,22.91189575
West Bengal,Nadia,2025,3,0.326495694,26.86182231,23.47981972,88.51669478,26.49343872,27.25515747
West Bengal,Nadia,2025,4,3.468050557,29.15042803,23.47981972,88.51669478,28.96954346,29.38360596
West Bengal,Nadia,2025,5,4.941836942,29.57277556,23.47981972,88.51669478,29.29574585,29.74105835
West Bengal,Nadia,2025,6,8.616726783,28.86893389,23.47981972,88.51669478,28.79055786,29.01712036
West Bengal,Nadia,2025,7,15.62499606,27.89613195,23.47981972,88.51669478,27.84786987,27.97091675
West Bengal,Nadia,2025,8,10.50372511,27.86426766,23.47981972,88.51669478,27.81607056,27.95474243
West Bengal,Nadia,2025,9,8.426787346,28.30545339,23.47981972,88.51669478,28.10806274,28.47329712
West Bengal,Nadia,2025,10,3.408033063,26.95045717,23.47981972,88.51669478,26.78286743,27.12661743
West Bengal,Paschim Bardhaman,2013,1,0.052743368,17.13980103,23.63644923,87.19915586,16.72940063,17.52627563
West Bengal,Paschim Bardhaman,2013,2,0.513348579,20.83511353,23.63644923,87.19915586,20.50930786,21.09329224
West Bengal,Paschim Bardhaman,2013,3,0.17047213,26.24468994,23.63644923,87.19915586,25.8961792,26.59539795
West Bengal,Paschim Bardhaman,2013,4,0.983295321,30.14154053,23.63644923,87.19915586,29.84490967,30.35272217
West Bengal,Paschim Bardhaman,2013,5,4.312065125,30.49490356,23.63644923,87.19915586,30.23892212,30.72720337
West Bengal,Paschim Bardhaman,2013,6,5.656301498,28.42907715,23.63644923,87.19915586,28.16418457,28.6036377
West Bengal,Paschim Bardhaman,2013,7,6.372128487,28.00314331,23.63644923,87.19915586,27.71456909,28.22238159
West Bengal,Paschim Bardhaman,2013,8,9.649736404,27.16165161,23.63644923,87.19915586,26.94485474,27.32571411
West Bengal,Paschim Bardhaman,2013,9,7.296723843,27.37026978,23.63644923,87.19915586,27.16445923,27.55117798
West Bengal,Paschim Bardhaman,2013,10,7.151711941,25.02218628,23.63644923,87.19915586,24.74606323,25.24996948
West Bengal,Paschim Bardhaman,2013,11,0.007575657,20.78741455,23.63644923,87.19915586,20.44525146,21.23431396
West Bengal,Paschim Bardhaman,2013,12,0.01388121,18.30984497,23.63644923,87.19915586,17.92886353,18.79995728
West Bengal,Paschim Bardhaman,2014,1,0.187271416,17.01083374,23.63644923,87.19915586,16.61447144,17.42892456
West Bengal,Paschim Bardhaman,2014,2,1.692109942,19.57382202,23.63644923,87.19915586,19.14889526,20.03952026
West Bengal,Paschim Bardhaman,2014,3,0.337447464,24.59896851,23.63644923,87.19915586,24.14889526,25.00827026
West Bengal,Paschim Bardhaman,2014,4,0.182647526,30.78579712,23.63644923,87.19915586,30.37026978,31.1847229
West Bengal,Paschim Bardhaman,2014,5,3.641393185,31.59628296,23.63644923,87.19915586,31.3074646,31.82699585
West Bengal,Paschim Bardhaman,2014,6,9.637229919,30.25897217,23.63644923,87.19915586,30.16827393,30.3616333
West Bengal,Paschim Bardhaman,2014,7,9.522634506,27.7741394,23.63644923,87.19915586,27.51852417,27.99703979
West Bengal,Paschim Bardhaman,2014,8,8.573225021,27.84356689,23.63644923,87.19915586,27.62493896,28.01361084
West Bengal,Paschim Bardhaman,2014,9,4.961485863,27.32321167,23.63644923,87.19915586,27.05062866,27.54086304
West Bengal,Paschim Bardhaman,2014,10,1.952366233,25.46975708,23.63644923,87.19915586,25.09048462,25.78384399
West Bengal,Paschim Bardhaman,2014,11,0.001097432,21.72634888,23.63644923,87.19915586,21.21707153,22.26004028
West Bengal,Paschim Bardhaman,2014,12,0.017633269,17.90304565,23.63644923,87.19915586,17.38327026,18.40866089
West Bengal,Paschim Bardhaman,2015,1,0.62487191,17.82803345,23.63644923,87.19915586,17.44717407,18.2147522
West Bengal,Paschim Bardhaman,2015,2,0.683547616,21.66732788,23.63644923,87.19915586,21.28707886,22.04684448
West Bengal,Paschim Bardhaman,2015,3,1.544729233,25.70266724,23.63644923,87.19915586,25.21072388,26.06814575
West Bengal,Paschim Bardhaman,2015,4,3.356160164,28.22912598,23.63644923,87.19915586,28.04321289,28.43383789
West Bengal,Paschim Bardhaman,2015,5,2.149642467,31.22921753,23.63644923,87.19915586,30.90316772,31.5730896
West Bengal,Paschim Bardhaman,2015,6,8.350921631,29.75485229,23.63644923,87.19915586,29.56564331,29.90939331
West Bengal,Paschim Bardhaman,2015,7,21.17038727,27.45730591,23.63644923,87.19915586,27.25149536,27.56790161
West Bengal,Paschim Bardhaman,2015,8,8.361554146,27.82046509,23.63644923,87.19915586,27.57290649,27.98501587
West Bengal,Paschim Bardhaman,2015,9,5.611413479,28.14859009,23.63644923,87.19915586,27.92678833,28.35256958
West Bengal,Paschim Bardhaman,2015,10,0.976210952,26.4147644,23.63644923,87.19915586,26.10714722,26.64620972
West Bengal,Paschim Bardhaman,2015,11,0.034733985,23.74377441,23.63644923,87.19915586,23.30358887,24.12780762
West Bengal,Paschim Bardhaman,2015,12,0.250810683,19.63607788,23.63644923,87.19915586,19.19857788,20.09701538
West Bengal,Paschim Bardhaman,2016,1,0.446065664,18.09082031,23.63644923,87.19915586,17.69799805,18.4987793
West Bengal,Paschim Bardhaman,2016,2,2.070422649,22.75112915,23.63644923,87.19915586,22.30740356,23.25466919
West Bengal,Paschim Bardhaman,2016,3,0.468325347,27.01852417,23.63644923,87.19915586,26.69735718,27.25985718
West Bengal,Paschim Bardhaman,2016,4,0.118606478,32.91690063,23.63644923,87.19915586,32.68875122,33.20632935
West Bengal,Paschim Bardhaman,2016,5,3.839781284,30.33459473,23.63644923,87.19915586,30.13659668,30.5213623
West Bengal,Paschim Bardhaman,2016,6,4.431330681,29.87591553,23.63644923,87.19915586,29.66070557,30.05328369
West Bengal,Paschim Bardhaman,2016,7,9.128229141,27.78125,23.63644923,87.19915586,27.60290527,27.8939209
West Bengal,Paschim Bardhaman,2016,8,9.932642937,27.71450806,23.63644923,87.19915586,27.47854614,27.92190552
West Bengal,Paschim Bardhaman,2016,9,9.304141998,27.30697632,23.63644923,87.19915586,27.07345581,27.50900269
West Bengal,Paschim Bardhaman,2016,10,2.38126421,25.96990967,23.63644923,87.19915586,25.69146729,26.29498291
West Bengal,Paschim Bardhaman,2016,11,0.053574506,22.46118164,23.63644923,87.19915586,22.17175293,22.8104248
West Bengal,Paschim Bardhaman,2016,12,0.004861789,19.50924683,23.63644923,87.19915586,19.0496521,19.9949646
West Bengal,Paschim Bardhaman,2017,1,0.216078356,18.40371704,23.63644923,87.19915586,18.00076294,18.82693481
West Bengal,Paschim Bardhaman,2017,2,0.015812805,22.03164673,23.63644923,87.19915586,21.60562134,22.50601196
West Bengal,Paschim Bardhaman,2017,3,0.842160046,25.5843811,23.63644923,87.19915586,25.2180481,26.0305481
West Bengal,Paschim Bardhaman,2017,4,1.641511202,30.21102905,23.63644923,87.19915586,29.92245483,30.37362671
West Bengal,Paschim Bardhaman,2017,5,4.229361057,30.62081909,23.63644923,87.19915586,30.45895386,30.76950073
West Bengal,Paschim Bardhaman,2017,6,7.011744022,29.87121582,23.63644923,87.19915586,29.74523926,30.02844238
West Bengal,Paschim Bardhaman,2017,7,13.58152771,27.4359436,23.63644923,87.19915586,27.1723938,27.62356567
West Bengal,Paschim Bardhaman,2017,8,8.381209373,27.88265991,23.63644923,87.19915586,27.59786987,28.10177612
West Bengal,Paschim Bardhaman,2017,9,8.619891167,28.01113892,23.63644923,87.19915586,27.84597778,28.11746216
West Bengal,Paschim Bardhaman,2017,10,6.282406807,25.93911743,23.63644923,87.19915586,25.66287231,26.17459106
West Bengal,Paschim Bardhaman,2017,11,0.377614677,21.5632019,23.63644923,87.19915586,21.2428894,21.9538269
West Bengal,Paschim Bardhaman,2017,12,1.015202045,19.21817017,23.63644923,87.19915586,18.92996216,19.52566528
West Bengal,Paschim Bardhaman,2018,1,0.000817353,16.25686646,23.63644923,87.19915586,15.90420532,16.5897522
West Bengal,Paschim Bardhaman,2018,2,0.061003596,22.20916748,23.63644923,87.19915586,21.68634033,22.73516846
West Bengal,Paschim Bardhaman,2018,3,0.468362302,26.80148315,23.63644923,87.19915586,26.30880737,27.17404175
West Bengal,Paschim Bardhaman,2018,4,2.973710537,28.16116333,23.63644923,87.19915586,27.95791626,28.30947876
West Bengal,Paschim Bardhaman,2018,5,4.879303932,28.73156738,23.63644923,87.19915586,28.62109375,28.8515625
West Bengal,Paschim Bardhaman,2018,6,5.854332447,29.94638062,23.63644923,87.19915586,29.81759644,30.08126831
West Bengal,Paschim Bardhaman,2018,7,9.603307724,28.07980347,23.63644923,87.19915586,27.8868103,28.22665405
West Bengal,Paschim Bardhaman,2018,8,7.278887749,27.90512085,23.63644923,87.19915586,27.67050171,28.13339233
West Bengal,Paschim Bardhaman,2018,9,5.214519978,27.78274536,23.63644923,87.19915586,27.53970337,28.02407837
West Bengal,Paschim Bardhaman,2018,10,1.722583652,25.38095093,23.63644923,87.19915586,25.12069702,25.69100952
West Bengal,Paschim Bardhaman,2018,11,0.039261289,22.9135437,23.63644923,87.19915586,22.64401245,23.23776245
West Bengal,Paschim Bardhaman,2018,12,1.483116269,17.72671509,23.63644923,87.19915586,17.53225708,18.02444458
West Bengal,Paschim Bardhaman,2019,1,0.029205278,17.55099487,23.63644923,87.19915586,17.35079956,17.83908081
West Bengal,Paschim Bardhaman,2019,2,1.953317881,21.08953857,23.63644923,87.19915586,20.8460083,21.38897705
West Bengal,Paschim Bardhaman,2019,3,0.656082928,25.80062866,23.63644923,87.19915586,25.42306519,26.10861206
West Bengal,Paschim Bardhaman,2019,4,2.061269045,29.41970825,23.63644923,87.19915586,29.06448364,29.67190552
West Bengal,Paschim Bardhaman,2019,5,4.274501801,31.34884644,23.63644923,87.19915586,30.97860718,31.57626343
West Bengal,Paschim Bardhaman,2019,6,5.215929985,30.78955078,23.63644923,87.19915586,30.27453613,31.29211426
West Bengal,Paschim Bardhaman,2019,7,7.612888336,28.87887573,23.63644923,87.19915586,28.66036987,28.99630737
West Bengal,Paschim Bardhaman,2019,8,8.158723831,28.06201172,23.63644923,87.19915586,27.8170166,28.2857666
West Bengal,Paschim Bardhaman,2019,9,8.781799316,27.22824097,23.63644923,87.19915586,26.9727478,27.43173218
West Bengal,Paschim Bardhaman,2019,10,6.302377701,25.37167358,23.63644923,87.19915586,25.05563354,25.66110229
West Bengal,Paschim Bardhaman,2019,11,0.126382738,22.87338257,23.63644923,87.19915586,22.51364136,23.26754761
West Bengal,Paschim Bardhaman,2019,12,0.513813853,18.49215698,23.63644923,87.19915586,17.99520874,19.04013062
West Bengal,Paschim Bardhaman,2020,1,1.146146536,17.33166504,23.63644923,87.19915586,16.9407959,17.71228027
West Bengal,Paschim Bardhaman,2020,2,0.57795769,19.40286255,23.63644923,87.19915586,18.9737854,19.93276978
West Bengal,Paschim Bardhaman,2020,3,1.093174934,24.83312988,23.63644923,87.19915586,24.01660156,25.68652344
West Bengal,Paschim Bardhaman,2020,4,3.67346406,28.48712158,23.63644923,87.19915586,28.00006104,28.81646729
West Bengal,Paschim Bardhaman,2020,5,6.049049854,28.68643188,23.63644923,87.19915586,28.45376587,28.81314087
West Bengal,Paschim Bardhaman,2020,6,9.082660675,28.48101807,23.63644923,87.19915586,28.20733643,28.69561768
West Bengal,Paschim Bardhaman,2020,7,9.591835022,28.31192017,23.63644923,87.19915586,28.08596802,28.47854614
West Bengal,Paschim Bardhaman,2020,8,10.66733742,28.03640747,23.63644923,87.19915586,27.80728149,28.24673462
West Bengal,Paschim Bardhaman,2020,9,7.239637375,28.11001587,23.63644923,87.19915586,27.89651489,28.28323364
West Bengal,Paschim Bardhaman,2020,10,2.271904945,26.89041138,23.63644923,87.19915586,26.57852173,27.19961548
West Bengal,Paschim Bardhaman,2020,11,0.093758464,22.64016724,23.63644923,87.19915586,22.16653442,23.0161438
West Bengal,Paschim Bardhaman,2020,12,0.098742448,18.56048584,23.63644923,87.19915586,18.1774292,19.01141357
West Bengal,Paschim Bardhaman,2021,1,0.000898621,18.12945557,23.63644923,87.19915586,17.67767334,18.63079834
West Bengal,Paschim Bardhaman,2021,2,0.133850753,21.08309937,23.63644923,87.19915586,20.76815796,21.41854858
West Bengal,Paschim Bardhaman,2021,3,0.603813291,26.89486694,23.63644923,87.19915586,26.48666382,27.30697632
West Bengal,Paschim Bardhaman,2021,4,0.663164258,30.587677,23.63644923,87.19915586,30.40933228,30.71792603
West Bengal,Paschim Bardhaman,2021,5,7.281358242,28.70724487,23.63644923,87.19915586,28.33444214,29.02194214
West Bengal,Paschim Bardhaman,2021,6,9.124623299,28.68252563,23.63644923,87.19915586,28.4692688,28.7817688
West Bengal,Paschim Bardhaman,2021,7,9.860801697,28.22241211,23.63644923,87.19915586,28.03344727,28.39477539
West Bengal,Paschim Bardhaman,2021,8,8.923932076,27.87374878,23.63644923,87.19915586,27.68673706,28.04220581
West Bengal,Paschim Bardhaman,2021,9,12.34732151,26.93862915,23.63644923,87.19915586,26.73342896,27.14553833
West Bengal,Paschim Bardhaman,2021,10,3.30324173,26.39663696,23.63644923,87.19915586,26.02297974,26.70071411
West Bengal,Paschim Bardhaman,2021,11,1.065136433,21.60232544,23.63644923,87.19915586,21.29776001,21.90713501
West Bengal,Paschim Bardhaman,2021,12,1.510852098,18.63943481,23.63644923,87.19915586,18.55422974,18.82766724
West Bengal,Paschim Bardhaman,2022,1,1.432598948,16.74783325,23.63644923,87.19915586,16.38577271,17.09475708
West Bengal,Paschim Bardhaman,2022,2,2.513863564,18.5821228,23.63644923,87.19915586,18.28256226,18.92318726
West Bengal,Paschim Bardhaman,2022,3,0.017043345,26.39404297,23.63644923,87.19915586,26.19580078,26.51416016
West Bengal,Paschim Bardhaman,2022,4,0.680058599,31.47003174,23.63644923,87.19915586,31.22235107,31.79071045
West Bengal,Paschim Bardhaman,2022,5,3.015600681,29.84020996,23.63644923,87.19915586,29.66882324,30.04968262
West Bengal,Paschim Bardhaman,2022,6,4.259726524,30.47799683,23.63644923,87.19915586,30.28488159,30.63058472
West Bengal,Paschim Bardhaman,2022,7,4.239377975,28.63735962,23.63644923,87.19915586,28.46658325,28.79275513
West Bengal,Paschim Bardhaman,2022,8,8.241786003,27.98300171,23.63644923,87.19915586,27.73995972,28.21456909
West Bengal,Paschim Bardhaman,2022,9,4.394616604,27.69412231,23.63644923,87.19915586,27.46768188,27.87393188
West Bengal,Paschim Bardhaman,2022,10,1.755858898,25.68563843,23.63644923,87.19915586,25.44467163,25.93881226
West Bengal,Paschim Bardhaman,2022,11,0.014336505,21.84640503,23.63644923,87.19915586,21.49728394,22.19845581
West Bengal,Paschim Bardhaman,2022,12,0.003635798,19.10375977,23.63644923,87.19915586,18.7722168,19.4362793
West Bengal,Paschim Bardhaman,2023,1,0.00779012,18.46066284,23.63644923,87.19915586,18.07894897,18.82894897
West Bengal,Paschim Bardhaman,2023,2,0.003536429,21.94467163,23.63644923,87.19915586,21.56893921,22.30722046
West Bengal,Paschim Bardhaman,2023,3,1.647999048,25.61141968,23.63644923,87.19915586,25.52645874,25.68270874
West Bengal,Paschim Bardhaman,2023,4,0.507215142,29.73742676,23.63644923,87.19915586,29.58154297,29.82568359
West Bengal,Paschim Bardhaman,2023,5,0.868613601,31.08599854,23.63644923,87.19915586,30.87542725,31.22113037
West Bengal,Paschim Bardhaman,2023,6,2.321033955,32.58865356,23.63644923,87.19915586,32.32339478,32.7394104
West Bengal,Paschim Bardhaman,2023,7,3.097991228,28.99728394,23.63644923,87.19915586,28.77963257,29.18197632
West Bengal,Paschim Bardhaman,2023,8,5.498764992,28.3598938,23.63644923,87.19915586,28.10684204,28.57754517
West Bengal,Paschim Bardhaman,2023,9,5.553070068,27.80258179,23.63644923,87.19915586,27.56686401,28.01412964
West Bengal,Paschim Bardhaman,2023,10,1.781504154,25.99832153,23.63644923,87.19915586,25.64395142,26.38418579
West Bengal,Paschim Bardhaman,2023,11,0.041086949,23.65844727,23.63644923,87.19915586,23.2512207,24.02661133
West Bengal,Paschim Bardhaman,2023,12,1.040428758,18.9916687,23.63644923,87.19915586,18.75082397,19.37191772
West Bengal,Paschim Bardhaman,2024,1,0.280271053,17.14447021,23.63644923,87.19915586,16.82550049,17.48370361
West Bengal,Paschim Bardhaman,2024,2,0.286161363,20.89627075,23.63644923,87.19915586,20.56716919,21.24880981
West Bengal,Paschim Bardhaman,2024,3,0.843607724,25.45010376,23.63644923,87.19915586,25.2250061,25.59609985
West Bengal,Paschim Bardhaman,2024,4,0.051767528,32.48699951,23.63644923,87.19915586,32.26849365,32.65130615
West Bengal,Paschim Bardhaman,2024,5,4.189061642,30.97106934,23.63644923,87.19915586,30.73571777,31.17907715
West Bengal,Paschim Bardhaman,2024,6,2.989302158,33.04135132,23.63644923,87.19915586,32.47042847,33.40792847
West Bengal,Paschim Bardhaman,2024,7,6.811859131,28.79943848,23.63644923,87.19915586,28.65075684,28.93200684
West Bengal,Paschim Bardhaman,2024,8,13.26879406,27.71566772,23.63644923,87.19915586,27.50631714,27.89108276
West Bengal,Paschim Bardhaman,2024,9,17.38092613,28.06637573,23.63644923,87.19915586,27.84884644,28.28244019
West Bengal,Paschim Bardhaman,2024,10,4.718379021,26.87356567,23.63644923,87.19915586,26.59280396,27.09085083
West Bengal,Paschim Bardhaman,2024,11,0.055601329,22.83303833,23.63644923,87.19915586,22.43215942,23.22317505
West Bengal,Paschim Bardhaman,2024,12,0.143576443,18.47872925,23.63644923,87.19915586,18.12924194,18.83041382
West Bengal,Paschim Bardhaman,2025,1,0.009294292,18.2116394,23.63644923,87.19915586,17.76461792,18.58297729
West Bengal,Paschim Bardhaman,2025,2,0.648932099,21.89505005,23.63644923,87.19915586,21.6111145,22.17947388
West Bengal,Paschim Bardhaman,2025,3,0.574467897,26.59194946,23.63644923,87.19915586,26.35281372,26.70632935
West Bengal,Paschim Bardhaman,2025,4,1.721982121,29.8895874,23.63644923,87.19915586,29.65899658,29.99298096
West Bengal,Paschim Bardhaman,2025,5,3.891595602,30.10092163,23.63644923,87.19915586,29.9715271,30.19613647
West Bengal,Paschim Bardhaman,2025,6,9.459032059,29.03860474,23.63644923,87.19915586,28.89602661,29.12844849
West Bengal,Paschim Bardhaman,2025,7,16.74059296,27.47055054,23.63644923,87.19915586,27.26779175,27.65060425
West Bengal,Paschim Bardhaman,2025,8,9.95737648,27.55130005,23.63644923,87.19915586,27.37075806,27.71060181
West Bengal,Paschim Bardhaman,2025,9,9.046587944,27.83901978,23.63644923,87.19915586,27.64907837,28.02993774
West Bengal,Paschim Bardhaman,2025,10,2.799465418,26.37588501,23.63644923,87.19915586,26.04067993,26.70669556
West Bengal,Purba Bardhaman,2013,1,0.081658576,17.5587314,23.35616554,87.96371245,17.25869751,17.97549438
West Bengal,Purba Bardhaman,2013,2,0.550622981,21.11049701,23.35616554,87.96371245,20.91946411,21.45266724
West Bengal,Purba Bardhaman,2013,3,0.071076804,26.75937604,23.35616554,87.96371245,26.4977417,27.14227295
West Bengal,Purba Bardhaman,2013,4,1.370623974,30.05692632,23.35616554,87.96371245,29.65740967,30.36053467
West Bengal,Purba Bardhaman,2013,5,4.187901598,29.89592077,23.35616554,87.96371245,29.31900024,30.32681274
West Bengal,Purba Bardhaman,2013,6,6.105370055,28.59245917,23.35616554,87.96371245,28.43371582,28.79699707
West Bengal,Purba Bardhaman,2013,7,5.990725903,28.25795275,23.35616554,87.96371245,28.06222534,28.40988159
West Bengal,Purba Bardhaman,2013,8,12.31930997,27.41917387,23.35616554,87.96371245,27.30227661,27.56790161
West Bengal,Purba Bardhaman,2013,9,7.173907341,27.55778601,23.35616554,87.96371245,27.37539673,27.91836548
West Bengal,Purba Bardhaman,2013,10,9.609434087,25.41781292,23.35616554,87.96371245,25.25778198,25.70504761
West Bengal,Purba Bardhaman,2013,11,0.008673459,21.66711815,23.35616554,87.96371245,21.22650146,22.18743896
West Bengal,Purba Bardhaman,2013,12,0.033223165,19.16577408,23.35616554,87.96371245,18.7628479,19.61245728
West Bengal,Purba Bardhaman,2014,1,0.083773577,17.63753428,23.35616554,87.96371245,17.35665894,18.02658081
West Bengal,Purba Bardhaman,2014,2,1.885598041,20.20291722,23.35616554,87.96371245,19.94772339,20.53170776
West Bengal,Purba Bardhaman,2014,3,0.530468231,25.0340758,23.35616554,87.96371245,24.72116089,25.34225464
West Bengal,Purba Bardhaman,2014,4,0.36861233,30.99053306,23.35616554,87.96371245,30.5987854,31.3644104
West Bengal,Purba Bardhaman,2014,5,4.335855362,31.64211322,23.35616554,87.96371245,31.52230835,31.78988647
West Bengal,Purba Bardhaman,2014,6,10.07064105,29.93377556,23.35616554,87.96371245,29.63311768,30.2444458
West Bengal,Purba Bardhaman,2014,7,9.24905915,28.14485331,23.35616554,87.96371245,27.92086792,28.34469604
West Bengal,Purba Bardhaman,2014,8,8.9471481,28.03355635,23.35616554,87.96371245,27.89251709,28.24017334
West Bengal,Purba Bardhaman,2014,9,5.659640698,27.64321445,23.35616554,87.96371245,27.49008179,27.91781616
West Bengal,Purba Bardhaman,2014,10,1.706456935,26.07993008,23.35616554,87.96371245,25.85220337,26.39517212
West Bengal,Purba Bardhaman,2014,11,0.001138232,22.81364798,23.35616554,87.96371245,22.24636841,23.35769653
West Bengal,Purba Bardhaman,2014,12,0.117864223,18.87516622,23.35616554,87.96371245,18.38717651,19.25045776
West Bengal,Purba Bardhaman,2015,1,0.708246272,18.4342093,23.35616554,87.96371245,18.17764282,18.66397095
West Bengal,Purba Bardhaman,2015,2,0.711599391,22.13756026,23.35616554,87.96371245,21.82028198,22.56051636
West Bengal,Purba Bardhaman,2015,3,1.756801199,25.86664208,23.35616554,87.96371245,25.525177,26.24002075
West Bengal,Purba Bardhaman,2015,4,5.266622016,27.76312645,23.35616554,87.96371245,27.40063477,28.26391602
West Bengal,Purba Bardhaman,2015,5,2.330076177,30.75248556,23.35616554,87.96371245,30.41293335,31.02426147
West Bengal,Purba Bardhaman,2015,6,11.40108279,29.49175636,23.35616554,87.96371245,29.31564331,29.63204956
West Bengal,Purba Bardhaman,2015,7,25.19160364,27.50220246,23.35616554,87.96371245,27.38626099,27.69680786
West Bengal,Purba Bardhaman,2015,8,8.39214049,28.08691147,23.35616554,87.96371245,27.99868774,28.20376587
West Bengal,Purba Bardhaman,2015,9,5.379370507,28.36254363,23.35616554,87.96371245,28.22756958,28.76272583
West Bengal,Purba Bardhaman,2015,10,1.184333477,26.66507542,23.35616554,87.96371245,26.52706909,26.98800659
West Bengal,Purba Bardhaman,2015,11,0.039463081,24.26032923,23.35616554,87.96371245,24.05358887,24.65515137
West Bengal,Purba Bardhaman,2015,12,0.26941685,20.338288,23.35616554,87.96371245,20.07553101,20.57748413
West Bengal,Purba Bardhaman,2016,1,0.271734339,18.75850337,23.35616554,87.96371245,18.41870117,19.14526367
West Bengal,Purba Bardhaman,2016,2,2.381752501,23.48912795,23.35616554,87.96371245,22.99880981,23.98513794
West Bengal,Purba Bardhaman,2016,3,0.892894826,27.20039011,23.35616554,87.96371245,26.9649353,27.40438843
West Bengal,Purba Bardhaman,2016,4,0.417306697,32.69623192,23.35616554,87.96371245,32.03250122,33.2414856
West Bengal,Purba Bardhaman,2016,5,6.38113728,29.83157673,23.35616554,87.96371245,29.3416748,30.28112793
West Bengal,Purba Bardhaman,2016,6,4.664568313,29.4862554,23.35616554,87.96371245,29.30914307,29.71734619
West Bengal,Purba Bardhaman,2016,7,9.848552298,27.98077263,23.35616554,87.96371245,27.8704834,28.07165527
West Bengal,Purba Bardhaman,2016,8,11.86541099,27.94006607,23.35616554,87.96371245,27.76565552,28.27346802
West Bengal,Purba Bardhaman,2016,9,7.786992499,27.62427797,23.35616554,87.96371245,27.46017456,27.83517456
West Bengal,Purba Bardhaman,2016,10,2.535701833,26.484936,23.35616554,87.96371245,26.21295166,26.93365479
West Bengal,Purba Bardhaman,2016,11,0.315893214,23.0376522,23.35616554,87.96371245,22.6307373,23.62683105
West Bengal,Purba Bardhaman,2016,12,0.004012948,20.30085657,23.35616554,87.96371245,19.9480896,20.6355896
West Bengal,Purba Bardhaman,2017,1,0.053153728,18.99756379,23.35616554,87.96371245,18.71560669,19.38552856
West Bengal,Purba Bardhaman,2017,2,0.02631752,22.68096275,23.35616554,87.96371245,22.44155884,23.03140259
West Bengal,Purba Bardhaman,2017,3,1.025426824,25.83785426,23.35616554,87.96371245,25.36843872,26.30007935
West Bengal,Purba Bardhaman,2017,4,2.175277061,30.10463504,23.35616554,87.96371245,29.77987671,30.36386108
West Bengal,Purba Bardhaman,2017,5,5.61453312,30.38639669,23.35616554,87.96371245,29.94137573,30.92770386
West Bengal,Purba Bardhaman,2017,6,9.771783058,29.55021765,23.35616554,87.96371245,29.30578613,29.79211426
West Bengal,Purba Bardhaman,2017,7,15.30280969,27.74158494,23.35616554,87.96371245,27.5864563,27.85403442
West Bengal,Purba Bardhaman,2017,8,9.794698512,28.09662255,23.35616554,87.96371245,27.96505737,28.3107605
West Bengal,Purba Bardhaman,2017,9,10.54992286,28.17738634,23.35616554,87.96371245,28.12332153,28.30496216
West Bengal,Purba Bardhaman,2017,10,7.974009412,26.39084836,23.35616554,87.96371245,26.21951294,26.64724731
West Bengal,Purba Bardhaman,2017,11,0.892424401,22.19310485,23.35616554,87.96371245,21.84640503,22.83468628
West Bengal,Purba Bardhaman,2017,12,1.9645962,19.71125436,23.35616554,87.96371245,19.42019653,20.25027466
West Bengal,Purba Bardhaman,2018,1,0.000838912,16.77529972,23.35616554,87.96371245,16.5194397,17.19326782
West Bengal,Purba Bardhaman,2018,2,0.047517609,22.8413034,23.35616554,87.96371245,22.52032471,23.32891846
West Bengal,Purba Bardhaman,2018,3,0.77006823,27.08698159,23.35616554,87.96371245,26.83810425,27.48654175
West Bengal,Purba Bardhaman,2018,4,3.888848487,28.02735674,23.35616554,87.96371245,27.66104126,28.29385376
West Bengal,Purba Bardhaman,2018,5,6.474449645,28.45798703,23.35616554,87.96371245,28.02734375,28.81054688
West Bengal,Purba Bardhaman,2018,6,7.667312947,29.6518295,23.35616554,87.96371245,29.44845581,29.93869019
West Bengal,Purba Bardhaman,2018,7,10.22607422,28.25557628,23.35616554,87.96371245,28.09579468,28.4414978
West Bengal,Purba Bardhaman,2018,8,7.12052885,28.18284315,23.35616554,87.96371245,27.96737671,28.49667358
West Bengal,Purba Bardhaman,2018,9,4.970650856,28.14313653,23.35616554,87.96371245,27.95376587,28.51626587
West Bengal,Purba Bardhaman,2018,10,2.788557986,25.91998161,23.35616554,87.96371245,25.65194702,26.35702515
West Bengal,Purba Bardhaman,2018,11,0.047925553,23.49798454,23.35616554,87.96371245,23.24752808,23.91940308
West Bengal,Purba Bardhaman,2018,12,1.57803994,18.46701504,23.35616554,87.96371245,18.00491333,18.96780396
West Bengal,Purba Bardhaman,2019,1,0.023183726,18.19891228,23.35616554,87.96371245,17.83712769,18.71603394
West Bengal,Purba Bardhaman,2019,2,2.190832097,21.7195954,23.35616554,87.96371245,21.34796143,22.15655518
West Bengal,Purba Bardhaman,2019,3,1.303406249,25.19392557,23.35616554,87.96371245,24.94454956,25.53829956
West Bengal,Purba Bardhaman,2019,4,2.233256888,28.78310962,23.35616554,87.96371245,28.34768677,29.00393677
West Bengal,Purba Bardhaman,2019,5,7.624955847,30.81508425,23.35616554,87.96371245,30.60165405,31.0899353
West Bengal,Purba Bardhaman,2019,6,8.220700528,30.02283234,23.35616554,87.96371245,29.70812988,30.27258301
West Bengal,Purba Bardhaman,2019,7,6.184054111,29.07310194,23.35616554,87.96371245,28.93185425,29.19943237
West Bengal,Purba Bardhaman,2019,8,9.059391103,28.37232744,23.35616554,87.96371245,28.13342285,28.71350098
West Bengal,Purba Bardhaman,2019,9,7.696578006,27.60078073,23.35616554,87.96371245,27.43759155,27.81063843
West Bengal,Purba Bardhaman,2019,10,6.939464163,25.95357173,23.35616554,87.96371245,25.71383667,26.14157104
West Bengal,Purba Bardhaman,2019,11,1.009252183,23.47952335,23.35616554,87.96371245,23.26754761,24.07223511
West Bengal,Purba Bardhaman,2019,12,0.416133394,19.2615811,23.35616554,87.96371245,18.99716187,19.51669312
West Bengal,Purba Bardhaman,2020,1,0.744165461,17.908881,23.35616554,87.96371245,17.68884277,18.10681152
West Bengal,Purba Bardhaman,2020,2,0.379598415,20.19906032,23.35616554,87.96371245,19.8487854,20.64956665
West Bengal,Purba Bardhaman,2020,3,0.775440297,25.6844872,23.35616554,87.96371245,25.00488281,26.26269531
West Bengal,Purba Bardhaman,2020,4,6.445022908,28.48801114,23.35616554,87.96371245,28.12115479,28.82037354
West Bengal,Purba Bardhaman,2020,5,7.291986344,28.60710761,23.35616554,87.96371245,28.38150024,28.77407837
West Bengal,Purba Bardhaman,2020,6,8.286439936,28.75059737,23.35616554,87.96371245,28.66046143,28.8460083
West Bengal,Purba Bardhaman,2020,7,9.797367177,28.58397399,23.35616554,87.96371245,28.48049927,28.69534302
West Bengal,Purba Bardhaman,2020,8,10.94036086,28.3275614,23.35616554,87.96371245,28.16665649,28.55728149
West Bengal,Purba Bardhaman,2020,9,6.720377171,28.39447931,23.35616554,87.96371245,28.30276489,28.53323364
West Bengal,Purba Bardhaman,2020,10,3.023282964,27.27882158,23.35616554,87.96371245,27.01797485,27.7171936
West Bengal,Purba Bardhaman,2020,11,0.096429561,23.18494432,23.35616554,87.96371245,22.92044067,23.64700317
West Bengal,Purba Bardhaman,2020,12,0.009258122,19.33966324,23.35616554,87.96371245,18.92547607,19.81414795
West Bengal,Purba Bardhaman,2021,1,0.004511687,18.90656297,23.35616554,87.96371245,18.54486084,19.40228271
West Bengal,Purba Bardhaman,2021,2,0.16589254,21.66734281,23.35616554,87.96371245,21.44198608,22.02206421
West Bengal,Purba Bardhaman,2021,3,0.329117978,27.56699063,23.35616554,87.96371245,27.34799194,27.91439819
West Bengal,Purba Bardhaman,2021,4,1.104506635,30.06865806,23.35616554,87.96371245,29.65151978,30.63394165
West Bengal,Purba Bardhaman,2021,5,7.069263864,29.00980718,23.35616554,87.96371245,28.68991089,29.34811401
West Bengal,Purba Bardhaman,2021,6,9.904964366,28.68689744,23.35616554,87.96371245,28.53762817,28.82278442
West Bengal,Purba Bardhaman,2021,7,9.321721503,28.40142433,23.35616554,87.96371245,28.28735352,28.60571289
West Bengal,Purba Bardhaman,2021,8,9.03819697,28.09061773,23.35616554,87.96371245,27.95431519,28.28048706
West Bengal,Purba Bardhaman,2021,9,10.07340062,27.27988905,23.35616554,87.96371245,27.07327271,27.56936646
West Bengal,Purba Bardhaman,2021,10,4.55167535,26.85056516,23.35616554,87.96371245,26.67532349,27.12454224
West Bengal,Purba Bardhaman,2021,11,1.101003282,22.16178991,23.35616554,87.96371245,21.92276001,22.56143188
West Bengal,Purba Bardhaman,2021,12,3.508779323,18.92923039,23.35616554,87.96371245,18.65188599,19.44680786
West Bengal,Purba Bardhaman,2022,1,1.143880804,17.4045566,23.35616554,87.96371245,17.08108521,17.62210083
West Bengal,Purba Bardhaman,2022,2,1.90052698,19.18241201,23.35616554,87.96371245,18.82943726,19.59701538
West Bengal,Purba Bardhaman,2022,3,0.048736298,26.67905377,23.35616554,87.96371245,26.40869141,27.07080078
West Bengal,Purba Bardhaman,2022,4,0.792591988,30.80537837,23.35616554,87.96371245,30.4196167,31.2164917
West Bengal,Purba Bardhaman,2022,5,3.717775385,29.56273115,23.35616554,87.96371245,29.17858887,29.82507324
West Bengal,Purba Bardhaman,2022,6,4.324676189,30.15543447,23.35616554,87.96371245,29.94503784,30.34542847
West Bengal,Purba Bardhaman,2022,7,4.127245315,28.75415039,23.35616554,87.96371245,28.44900513,29.05447388
West Bengal,Purba Bardhaman,2022,8,7.13401697,28.28579517,23.35616554,87.96371245,28.05636597,28.62081909
West Bengal,Purba Bardhaman,2022,9,4.207045535,27.96252961,23.35616554,87.96371245,27.81533813,28.11807251
West Bengal,Purba Bardhaman,2022,10,2.356614782,26.03987544,23.35616554,87.96371245,25.84506226,26.40756226
West Bengal,Purba Bardhaman,2022,11,0.003074387,22.29486474,23.35616554,87.96371245,22.04611206,22.86837769
West Bengal,Purba Bardhaman,2022,12,0.001249854,19.71898375,23.35616554,87.96371245,19.4128418,20.15893555
West Bengal,Purba Bardhaman,2023,1,0.006989411,18.97256535,23.35616554,87.96371245,18.66098022,19.3543396
West Bengal,Purba Bardhaman,2023,2,0.009661158,22.459522,23.35616554,87.96371245,22.11190796,22.87362671
West Bengal,Purba Bardhaman,2023,3,1.983295035,25.74728588,23.35616554,87.96371245,25.49325562,26.02841187
West Bengal,Purba Bardhaman,2023,4,0.717606727,29.70022648,23.35616554,87.96371245,29.25732422,29.99951172
West Bengal,Purba Bardhaman,2023,5,1.397522135,30.48160115,23.35616554,87.96371245,30.01605225,30.9574585
West Bengal,Purba Bardhaman,2023,6,2.37082591,31.67346191,23.35616554,87.96371245,31.17495728,32.31167603
West Bengal,Purba Bardhaman,2023,7,3.246523593,29.12737128,23.35616554,87.96371245,28.88705444,29.37728882
West Bengal,Purba Bardhaman,2023,8,7.053926508,28.60788159,23.35616554,87.96371245,28.48965454,28.84512329
West Bengal,Purba Bardhaman,2023,9,5.125603209,28.15629156,23.35616554,87.96371245,27.99655151,28.35983276
West Bengal,Purba Bardhaman,2023,10,2.055959499,26.61382407,23.35616554,87.96371245,26.45254517,26.90176392
West Bengal,Purba Bardhaman,2023,11,0.091856125,24.32236432,23.35616554,87.96371245,23.97583008,24.6965332
West Bengal,Purba Bardhaman,2023,12,0.957374086,19.91463649,23.35616554,87.96371245,19.32504272,20.3152771
West Bengal,Purba Bardhaman,2024,1,0.355272983,17.77600747,23.35616554,87.96371245,17.44268799,18.03448486
West Bengal,Purba Bardhaman,2024,2,0.203445678,21.58753221,23.35616554,87.96371245,21.24880981,21.84255981
West Bengal,Purba Bardhaman,2024,3,1.681618224,25.7065144,23.35616554,87.96371245,25.44961548,25.97891235
West Bengal,Purba Bardhaman,2024,4,0.141966789,31.96181017,23.35616554,87.96371245,31.54779053,32.64544678
West Bengal,Purba Bardhaman,2024,5,8.454162598,30.49365494,23.35616554,87.96371245,30.2298584,30.8157959
West Bengal,Purba Bardhaman,2024,6,4.542528842,31.68639358,23.35616554,87.96371245,31.26144409,32.38058472
West Bengal,Purba Bardhaman,2024,7,7.260641544,28.86023988,23.35616554,87.96371245,28.65661621,29.12145996
West Bengal,Purba Bardhaman,2024,8,13.79835932,27.88763298,23.35616554,87.96371245,27.76022339,28.10397339
West Bengal,Purba Bardhaman,2024,9,15.13415268,28.38774206,23.35616554,87.96371245,28.19845581,28.64376831
West Bengal,Purba Bardhaman,2024,10,5.843346778,27.211031,23.35616554,87.96371245,27.11233521,27.37210083
West Bengal,Purba Bardhaman,2024,11,0.101944883,23.51502244,23.35616554,87.96371245,23.20755005,23.92630005
West Bengal,Purba Bardhaman,2024,12,0.087808792,19.19697733,23.35616554,87.96371245,18.80111694,19.68197632
West Bengal,Purba Bardhaman,2025,1,0.013342553,18.83576089,23.35616554,87.96371245,18.56930542,19.17282104
West Bengal,Purba Bardhaman,2025,2,0.771537375,22.43899082,23.35616554,87.96371245,22.15603638,22.7517395
West Bengal,Purba Bardhaman,2025,3,0.395030975,26.85651284,23.35616554,87.96371245,26.62625122,27.06375122
West Bengal,Purba Bardhaman,2025,4,2.656555176,29.46759163,23.35616554,87.96371245,29.15899658,29.87579346
West Bengal,Purba Bardhaman,2025,5,4.343539624,29.84993403,23.35616554,87.96371245,29.6590271,30.03598022
West Bengal,Purba Bardhaman,2025,6,10.07011641,28.95212766,23.35616554,87.96371245,28.77102661,29.11477661
West Bengal,Purba Bardhaman,2025,7,18.7359749,27.80273957,23.35616554,87.96371245,27.64474487,27.943573
West Bengal,Purba Bardhaman,2025,8,8.877735544,27.82006057,23.35616554,87.96371245,27.68716431,27.95669556
West Bengal,Purba Bardhaman,2025,9,9.314162234,28.11288387,23.35616554,87.96371245,27.89126587,28.38540649
West Bengal,Purba Bardhaman,2025,10,3.175358224,26.83701535,23.35616554,87.96371245,26.62271118,27.23013306
West Bengal,Purulia,2013,1,0.085786934,17.13214224,23.27670724,86.42154599,16.39541626,18.07510376
West Bengal,Purulia,2013,2,0.564358605,20.71814869,23.27670724,86.42154599,19.99758911,21.49954224
West Bengal,Purulia,2013,3,0.172137154,26.35212538,23.27670724,86.42154599,25.49969482,27.35125732
West Bengal,Purulia,2013,4,1.63917047,29.87218108,23.27670724,86.42154599,29.03436279,30.34686279
West Bengal,Purulia,2013,5,6.237222177,30.69494177,23.27670724,86.42154599,30.07681274,31.43814087
West Bengal,Purulia,2013,6,6.763036657,27.78643573,23.27670724,86.42154599,27.12316895,28.18762207
West Bengal,Purulia,2013,7,7.036391647,27.14620859,23.27670724,86.42154599,26.43722534,27.63644409
West Bengal,Purulia,2013,8,9.104685465,26.61850315,23.27670724,86.42154599,25.93313599,26.97805786
West Bengal,Purulia,2013,9,7.419261791,26.68504051,23.27670724,86.42154599,25.89102173,27.12539673
West Bengal,Purulia,2013,10,8.832807753,24.26374873,23.27670724,86.42154599,23.42770386,24.86325073
West Bengal,Purulia,2013,11,0.012772282,20.23771385,23.27670724,86.42154599,19.32611084,21.22650146
West Bengal,Purulia,2013,12,0.008038522,17.78447695,23.27670724,86.42154599,16.8722229,18.8565979
West Bengal,Purulia,2014,1,0.144624931,17.01330679,23.27670724,86.42154599,16.29220581,18.03829956
West Bengal,Purulia,2014,2,1.539621706,19.73085305,23.27670724,86.42154599,18.97897339,20.73092651
West Bengal,Purulia,2014,3,0.405093758,24.66535102,23.27670724,86.42154599,23.53366089,26.03561401
West Bengal,Purulia,2014,4,0.062383493,31.06221969,23.27670724,86.42154599,30.0362854,32.19839478
West Bengal,Purulia,2014,5,2.68484384,31.71034975,23.27670724,86.42154599,31.0105896,32.06137085
West Bengal,Purulia,2014,6,7.936384978,30.50327103,23.27670724,86.42154599,29.91436768,31.03741455
West Bengal,Purulia,2014,7,13.85651087,26.96665672,23.27670724,86.42154599,26.23336792,27.43453979
West Bengal,Purulia,2014,8,10.31067347,27.2004598,23.27670724,86.42154599,26.49017334,27.61517334
West Bengal,Purulia,2014,9,4.824190493,26.65200919,23.27670724,86.42154599,25.81430054,27.21273804
West Bengal,Purulia,2014,10,1.951247321,24.80200195,23.27670724,86.42154599,23.88345337,25.49478149
West Bengal,Purulia,2014,11,0.001471306,21.19352666,23.27670724,86.42154599,20.12918091,22.44558716
West Bengal,Purulia,2014,12,0.013834006,17.1806878,23.27670724,86.42154599,16.28952026,18.23092651
West Bengal,Purulia,2015,1,0.882896423,17.40355428,23.27670724,86.42154599,16.62295532,18.22061157
West Bengal,Purulia,2015,2,0.329950827,21.817315,23.27670724,86.42154599,20.90426636,22.87887573
West Bengal,Purulia,2015,3,1.246874633,25.78888618,23.27670724,86.42154599,24.75564575,26.86502075
West Bengal,Purulia,2015,4,3.170025861,27.95506908,23.27670724,86.42154599,27.00805664,28.68774414
West Bengal,Purulia,2015,5,2.050905016,31.44067383,23.27670724,86.42154599,30.72738647,31.97543335
West Bengal,Purulia,2015,6,7.318148578,29.56220613,23.27670724,86.42154599,28.88986206,29.94650269
West Bengal,Purulia,2015,7,17.08096879,27.02692329,23.27670724,86.42154599,26.34915161,27.41360474
West Bengal,Purulia,2015,8,8.808139377,27.29531069,23.27670724,86.42154599,26.56509399,27.67642212
West Bengal,Purulia,2015,9,4.106898272,27.51833315,23.27670724,86.42154599,26.68460083,28.07717896
West Bengal,Purulia,2015,10,0.928280583,25.99545627,23.27670724,86.42154599,25.09933472,26.68136597
West Bengal,Purulia,2015,11,0.047961041,23.3353814,23.27670724,86.42154599,22.19421387,24.38952637
West Bengal,Purulia,2015,12,0.439559901,19.21065719,23.27670724,86.42154599,18.29818726,20.00521851
West Bengal,Purulia,2016,1,0.433775054,18.07625326,23.27670724,86.42154599,17.21948242,19.05541992
West Bengal,Purulia,2016,2,1.846327888,23.02224844,23.27670724,86.42154599,22.31130981,23.90701294
West Bengal,Purulia,2016,3,0.31779706,27.04765263,23.27670724,86.42154599,26.25595093,27.9961853
West Bengal,Purulia,2016,4,0.158675158,33.51749222,23.27670724,86.42154599,32.84109497,34.22195435
West Bengal,Purulia,2016,5,2.261763961,31.05789298,23.27670724,86.42154599,30.59558105,31.8338623
West Bengal,Purulia,2016,6,4.506706803,29.77496338,23.27670724,86.42154599,29.24468994,30.39703369
West Bengal,Purulia,2016,7,9.237679941,27.16905834,23.27670724,86.42154599,26.42712402,27.60095215
West Bengal,Purulia,2016,8,11.68531065,26.94216128,23.27670724,86.42154599,26.20315552,27.38284302
West Bengal,Purulia,2016,9,10.13039596,26.6430438,23.27670724,86.42154599,25.95822144,27.02853394
West Bengal,Purulia,2016,10,2.042632633,25.14256682,23.27670724,86.42154599,24.15435791,25.78717041
West Bengal,Purulia,2016,11,0.077815144,21.57869014,23.27670724,86.42154599,20.47644043,22.4901123
West Bengal,Purulia,2016,12,0.001767884,18.70080227,23.27670724,86.42154599,17.72543335,19.69613647
West Bengal,Purulia,2017,1,0.48069802,18.07584975,23.27670724,86.42154599,17.28396606,18.99295044
West Bengal,Purulia,2017,2,0.005863917,22.06268989,23.27670724,86.42154599,21.17984009,23.18765259
West Bengal,Purulia,2017,3,0.56115433,25.99141439,23.27670724,86.42154599,25.11062622,27.0852356
West Bengal,Purulia,2017,4,0.991631967,31.02788628,23.27670724,86.42154599,30.39706421,31.92440796
West Bengal,Purulia,2017,5,2.414852001,31.39279966,23.27670724,86.42154599,30.64645386,32.58786011
West Bengal,Purulia,2017,6,7.607876248,29.73019296,23.27670724,86.42154599,29.19641113,30.26867676
West Bengal,Purulia,2017,7,13.90362549,26.7953333,23.27670724,86.42154599,26.08450317,27.18411255
West Bengal,Purulia,2017,8,9.366639314,27.18290202,23.27670724,86.42154599,26.45724487,27.5920105
West Bengal,Purulia,2017,9,7.458256474,27.5858516,23.27670724,86.42154599,26.84207153,28.00613403
West Bengal,Purulia,2017,10,4.454600016,25.37077275,23.27670724,86.42154599,24.51834106,25.94607544
West Bengal,Purulia,2017,11,0.44936053,20.90394875,23.27670724,86.42154599,20.06124878,21.62960815
West Bengal,Purulia,2017,12,0.513182534,18.41542223,23.27670724,86.42154599,17.74246216,19.06668091
West Bengal,Purulia,2018,1,0.000817353,16.22223918,23.27670724,86.42154599,15.5116272,17.2928772
West Bengal,Purulia,2018,2,0.076701341,22.42248761,23.27670724,86.42154599,21.54962158,23.59063721
West Bengal,Purulia,2018,3,0.290969849,27.25954409,23.27670724,86.42154599,26.34786987,28.29708862
West Bengal,Purulia,2018,4,2.895792926,28.35024233,23.27670724,86.42154599,27.72354126,28.78018188
West Bengal,Purulia,2018,5,3.957741066,29.49193432,23.27670724,86.42154599,28.96875,30.21875
West Bengal,Purulia,2018,6,4.856106228,29.92031521,23.27670724,86.42154599,29.31954956,30.26095581
West Bengal,Purulia,2018,7,9.982177734,27.29844835,23.27670724,86.42154599,26.55673218,27.8164978
West Bengal,Purulia,2018,8,9.202564381,27.07483362,23.27670724,86.42154599,26.32675171,27.58456421
West Bengal,Purulia,2018,9,6.357811822,27.03952365,23.27670724,86.42154599,26.21939087,27.55532837
West Bengal,Purulia,2018,10,1.216666186,24.7848669,23.27670724,86.42154599,23.84921265,25.51327515
West Bengal,Purulia,2018,11,0.026401431,22.43488227,23.27670724,86.42154599,21.4682312,23.2807312
West Bengal,Purulia,2018,12,2.06281549,17.09226142,23.27670724,86.42154599,16.17678833,17.90921021
West Bengal,Purulia,2019,1,0.067912738,17.02922115,23.27670724,86.42154599,16.17892456,17.82736206
West Bengal,Purulia,2019,2,2.035074305,20.88279215,23.27670724,86.42154599,20.10186768,21.49639893
West Bengal,Purulia,2019,3,0.865168395,24.95482042,23.27670724,86.42154599,23.97775269,25.80001831
West Bengal,Purulia,2019,4,1.518669976,29.38146973,23.27670724,86.42154599,28.90042114,30.08010864
West Bengal,Purulia,2019,5,3.497724745,31.36319083,23.27670724,86.42154599,30.75595093,32.0586853
West Bengal,Purulia,2019,6,4.177328322,30.97773347,23.27670724,86.42154599,30.13000488,31.71008301
West Bengal,Purulia,2019,7,8.486452456,28.25487829,23.27670724,86.42154599,27.537323,28.631073
West Bengal,Purulia,2019,8,10.01754648,27.21719021,23.27670724,86.42154599,26.4576416,27.70959473
West Bengal,Purulia,2019,9,8.86958426,26.49925854,23.27670724,86.42154599,25.7774353,26.9180603
West Bengal,Purulia,2019,10,6.415093881,24.76034885,23.27670724,86.42154599,23.91500854,25.43649292
West Bengal,Purulia,2019,11,0.112450882,22.26302535,23.27670724,86.42154599,21.34762573,23.11911011
West Bengal,Purulia,2019,12,0.684329421,17.9664544,23.27670724,86.42154599,17.04989624,18.96005249
West Bengal,Purulia,2020,1,1.177054441,17.02691424,23.27670724,86.42154599,16.24157715,17.94274902
West Bengal,Purulia,2020,2,0.830493291,19.12920464,23.27670724,86.42154599,18.0831604,20.1690979
West Bengal,Purulia,2020,3,1.787295024,24.03309462,23.27670724,86.42154599,22.75292969,25.36230469
West Bengal,Purulia,2020,4,3.140133328,28.32814987,23.27670724,86.42154599,27.12115479,29.33209229
West Bengal,Purulia,2020,5,3.924506859,28.85151729,23.27670724,86.42154599,28.22915649,29.27798462
West Bengal,Purulia,2020,6,9.426364475,27.99086507,23.27670724,86.42154599,27.25616455,28.42218018
West Bengal,Purulia,2020,7,9.708597819,27.75972493,23.27670724,86.42154599,27.04299927,28.17385864
West Bengal,Purulia,2020,8,11.62297567,27.37868019,23.27670724,86.42154599,26.69790649,27.76235962
West Bengal,Purulia,2020,9,6.52118259,27.63993327,23.27670724,86.42154599,26.94729614,28.09573364
West Bengal,Purulia,2020,10,2.415353281,25.96068432,23.27670724,86.42154599,25.10391235,26.46914673
West Bengal,Purulia,2020,11,0.119001821,21.94601327,23.27670724,86.42154599,20.92825317,23.06106567
West Bengal,Purulia,2020,12,0.091686743,18.13572636,23.27670724,86.42154599,17.3258667,19.18133545
West Bengal,Purulia,2021,1,0.01155497,18.19698758,23.27670724,86.42154599,17.56243896,19.25189209
West Bengal,Purulia,2021,2,0.126667614,20.86552373,23.27670724,86.42154599,19.97518921,21.94393921
West Bengal,Purulia,2021,3,0.57536655,26.89750615,23.27670724,86.42154599,26.16635132,27.96908569
West Bengal,Purulia,2021,4,0.460500505,30.74950268,23.27670724,86.42154599,30.1456604,31.1378479
West Bengal,Purulia,2021,5,7.478826452,28.32652,23.27670724,86.42154599,27.70358276,28.92233276
West Bengal,Purulia,2021,6,8.067409374,28.09419759,23.27670724,86.42154599,27.3755188,28.47122192
West Bengal,Purulia,2021,7,9.758689598,27.58072012,23.27670724,86.42154599,26.88891602,27.96704102
West Bengal,Purulia,2021,8,7.63939582,27.31614855,23.27670724,86.42154599,26.64572144,27.67306519
West Bengal,Purulia,2021,9,13.28020562,26.19223362,23.27670724,86.42154599,25.50491333,26.61428833
West Bengal,Purulia,2021,10,4.087212739,25.59170193,23.27670724,86.42154599,24.65969849,26.25344849
West Bengal,Purulia,2021,11,1.419270127,21.0815068,23.27670724,86.42154599,20.21963501,21.87979126
West Bengal,Purulia,2021,12,2.018153155,17.9375486,23.27670724,86.42154599,17.20462036,18.44680786
West Bengal,Purulia,2022,1,1.42883103,16.14966159,23.27670724,86.42154599,15.41702271,16.82131958
West Bengal,Purulia,2022,2,1.333628337,18.54500439,23.27670724,86.42154599,17.76303101,19.36654663
West Bengal,Purulia,2022,3,0.016469098,26.3982024,23.27670724,86.42154599,25.35400391,27.42822266
West Bengal,Purulia,2022,4,0.368862364,32.02309616,23.27670724,86.42154599,31.24188232,32.54656982
West Bengal,Purulia,2022,5,2.225164625,30.12997776,23.27670724,86.42154599,29.72937012,30.51452637
West Bengal,Purulia,2022,6,3.323161372,30.29330783,23.27670724,86.42154599,29.69894409,30.79660034
West Bengal,Purulia,2022,7,4.588461417,27.61100713,23.27670724,86.42154599,26.868927,28.27713013
West Bengal,Purulia,2022,8,12.21309973,27.13434516,23.27670724,86.42154599,26.40597534,27.61691284
West Bengal,Purulia,2022,9,4.375656128,27.00345414,23.27670724,86.42154599,26.22354126,27.49111938
West Bengal,Purulia,2022,10,1.953671773,24.88802988,23.27670724,86.42154599,24.01107788,25.44271851
West Bengal,Purulia,2022,11,0.00099029,20.8227313,23.27670724,86.42154599,19.67501831,21.85665894
West Bengal,Purulia,2022,12,0.00337076,18.54247143,23.27670724,86.42154599,17.71948242,19.56323242
West Bengal,Purulia,2023,1,0.017927584,18.31216657,23.27670724,86.42154599,17.61801147,19.24887085
West Bengal,Purulia,2023,2,0.001222429,21.8443287,23.27670724,86.42154599,21.04940796,22.90878296
West Bengal,Purulia,2023,3,0.77165752,25.61720558,23.27670724,86.42154599,24.87997437,26.37802124
West Bengal,Purulia,2023,4,0.589290619,29.73529731,23.27670724,86.42154599,29.13623047,30.25146484
West Bengal,Purulia,2023,5,0.689732446,31.31932916,23.27670724,86.42154599,30.965271,32.03167725
West Bengal,Purulia,2023,6,2.377334877,32.50445783,23.27670724,86.42154599,31.80581665,32.93667603
West Bengal,Purulia,2023,7,3.657173439,28.19904695,23.27670724,86.42154599,27.55502319,28.63705444
West Bengal,Purulia,2023,8,4.612060547,27.65972222,23.27670724,86.42154599,26.88027954,28.09902954
West Bengal,Purulia,2023,9,6.55078238,27.03286404,23.27670724,86.42154599,26.29342651,27.47506714
West Bengal,Purulia,2023,10,1.635888276,25.40418837,23.27670724,86.42154599,24.43106079,26.23770142
West Bengal,Purulia,2023,11,0.086744097,22.93148691,23.27670724,86.42154599,21.84301758,23.94067383
West Bengal,Purulia,2023,12,1.018719002,18.27484018,23.27670724,86.42154599,17.3621521,19.0730896
West Bengal,Purulia,2024,1,0.491491918,16.97241889,23.27670724,86.42154599,16.33917236,17.79034424
West Bengal,Purulia,2024,2,0.425679383,20.61560059,23.27670724,86.42154599,19.75271606,21.56521606
West Bengal,Purulia,2024,3,0.855091095,25.22699653,23.27670724,86.42154599,24.1625061,26.3968811
West Bengal,Purulia,2024,4,0.048193318,32.05636258,23.27670724,86.42154599,30.9130249,32.99700928
West Bengal,Purulia,2024,5,2.349269302,31.19256818,23.27670724,86.42154599,30.9095459,31.77868652
West Bengal,Purulia,2024,6,3.403598927,33.0625859,23.27670724,86.42154599,32.40597534,33.42941284
West Bengal,Purulia,2024,7,8.394960757,28.04789225,23.27670724,86.42154599,27.38513184,28.53552246
West Bengal,Purulia,2024,8,17.5510706,26.99897371,23.27670724,86.42154599,26.32077026,27.43795776
West Bengal,Purulia,2024,9,13.34260955,27.36891909,23.27670724,86.42154599,26.67892456,27.75509644
West Bengal,Purulia,2024,10,5.616712782,26.22456868,23.27670724,86.42154599,25.45022583,26.79006958
West Bengal,Purulia,2024,11,0.056891022,21.93603064,23.27670724,86.42154599,20.90872192,22.75637817
West Bengal,Purulia,2024,12,0.239254404,18.16150467,23.27670724,86.42154599,17.48471069,18.95932007
West Bengal,Purulia,2025,1,0.009925211,17.71116017,23.27670724,86.42154599,16.93063354,18.67086792
West Bengal,Purulia,2025,2,0.698124638,22.06062373,23.27670724,86.42154599,21.43533325,22.90213013
West Bengal,Purulia,2025,3,1.32732137,26.25881167,23.27670724,86.42154599,25.3430481,26.97000122
West Bengal,Purulia,2025,4,1.598970625,29.3384309,23.27670724,86.42154599,28.56719971,29.76055908
West Bengal,Purulia,2025,5,3.350633974,29.81845884,23.27670724,86.42154599,29.21762085,30.16293335
West Bengal,Purulia,2025,6,14.23824282,28.44966634,23.27670724,86.42154599,27.90383911,28.84133911
West Bengal,Purulia,2025,7,16.55298982,26.83575213,23.27670724,86.42154599,26.17208862,27.22677612
West Bengal,Purulia,2025,8,11.67515281,26.91452365,23.27670724,86.42154599,26.24380493,27.31411743
West Bengal,Purulia,2025,9,8.132315742,27.07402886,23.27670724,86.42154599,26.35806274,27.52993774
West Bengal,Purulia,2025,10,2.469247041,25.58665184,23.27670724,86.42154599,24.73403931,26.22036743
