date,state,district,year,month,rain_mean,temp_mean,Latitude,Longitude,temp_min,temp_max,PET,D,SPEI_3,SPEI3_Class
01-01-2013,West Bengal,24 Paraganas North,2013,1,0.134015656,18.12549526,22.72714059,88.73013177,17.29190063,18.99111938,34.44693586,-34.31292021,,
01-02-2013,West Bengal,24 Paraganas North,2013,2,0.350749288,21.7493757,22.72714059,88.73013177,21.13626099,22.44094849,34.87958425,-34.52883496,,
01-03-2013,West Bengal,24 Paraganas North,2013,3,0.241007069,27.17408098,22.72714059,88.73013177,26.6461792,27.64813232,44.38517846,-44.14417139,,
01-04-2013,West Bengal,24 Paraganas North,2013,4,1.896133423,29.63849051,22.72714059,88.73013177,29.36053467,29.95623779,38.92355544,-37.02742202,0.150142905,Normal
01-05-2013,West Bengal,24 Paraganas North,2013,5,3.881237793,29.41570871,22.72714059,88.73013177,28.85610962,30.01235962,58.50641257,-54.62517477,,
01-06-2013,West Bengal,24 Paraganas North,2013,6,7.1117933,28.48366002,22.72714059,88.73013177,28.34191895,28.68371582,30.53826411,-23.42647081,,
01-07-2013,West Bengal,24 Paraganas North,2013,7,7.401429095,27.99844099,22.72714059,88.73013177,27.85910034,28.10324097,26.16438691,-18.76295781,,
01-08-2013,West Bengal,24 Paraganas North,2013,8,11.69235665,27.56633998,22.72714059,88.73013177,27.39797974,27.69876099,27.74894831,-16.05659166,-0.346729569,Normal
01-09-2013,West Bengal,24 Paraganas North,2013,9,8.340837751,27.47004046,22.72714059,88.73013177,27.36953735,27.6312561,22.94334108,-14.60250333,-1.294501299,Moderate Drought
01-10-2013,West Bengal,24 Paraganas North,2013,10,9.994689941,25.68278111,22.72714059,88.73013177,25.44723511,26.02731323,29.55672182,-19.56203188,0.83380615,Normal
01-11-2013,West Bengal,24 Paraganas North,2013,11,0.003970308,22.45261754,22.72714059,88.73013177,21.88079834,23.24798584,34.70742363,-34.70345333,1.422672036,Moderately Wet
01-12-2013,West Bengal,24 Paraganas North,2013,12,0.023201316,20.10609654,22.72714059,88.73013177,19.49526978,20.92495728,31.73828736,-31.71508604,,
01-01-2014,West Bengal,24 Paraganas North,2014,1,0.019346671,18.40057547,22.72714059,88.73013177,17.80392456,19.24142456,31.92585875,-31.90651208,,
01-02-2014,West Bengal,24 Paraganas North,2014,2,1.529315839,21.09537877,22.72714059,88.73013177,20.24655151,22.05514526,40.3874966,-38.85818076,,
01-03-2014,West Bengal,24 Paraganas North,2014,3,0.518680899,26.26401716,22.72714059,88.73013177,25.09420776,27.25631714,63.88146834,-63.36278744,,
01-04-2014,West Bengal,24 Paraganas North,2014,4,0.718789237,30.98924386,22.72714059,88.73013177,30.45425415,31.3878479,50.11523374,-49.3964445,-4.762118502,Severe Drought
01-05-2014,West Bengal,24 Paraganas North,2014,5,3.284643119,31.13000837,22.72714059,88.73013177,30.59262085,31.5574646,55.38534529,-52.10070217,,
01-06-2014,West Bengal,24 Paraganas North,2014,6,10.88139125,29.46621094,22.72714059,88.73013177,29.34991455,29.6506958,29.25558454,-18.37419329,,
01-07-2014,West Bengal,24 Paraganas North,2014,7,8.272619629,28.15083357,22.72714059,88.73013177,28.05758667,28.21383667,21.00115812,-12.72853849,,
01-08-2014,West Bengal,24 Paraganas North,2014,8,10.79077846,28.00429164,22.72714059,88.73013177,27.88079834,28.11126709,24.52446824,-13.73368978,0.62272299,Normal
01-09-2014,West Bengal,24 Paraganas North,2014,9,5.770087542,27.74259208,22.72714059,88.73013177,27.59945679,27.94711304,26.60241877,-20.83233123,-0.979459722,Normal
01-10-2014,West Bengal,24 Paraganas North,2014,10,2.041330174,26.33457031,22.72714059,88.73013177,26.00454712,26.83462524,35.88674713,-33.84541695,-1.967038614,Severe Drought
01-11-2014,West Bengal,24 Paraganas North,2014,11,0.003103953,23.72125767,22.72714059,88.73013177,23.05496216,24.56472778,37.62179182,-37.61868786,-6.360938869,Severe Drought
01-12-2014,West Bengal,24 Paraganas North,2014,12,0.176873766,19.70458636,22.72714059,88.73013177,19.10397339,20.45748901,30.55412701,-30.37725324,,
01-01-2015,West Bengal,24 Paraganas North,2015,1,0.689990125,19.05459682,22.72714059,88.73013177,18.6991272,19.60733032,25.83487389,-25.14488377,,
01-02-2015,West Bengal,24 Paraganas North,2015,2,0.87860914,22.61470075,22.72714059,88.73013177,21.94918823,23.05661011,32.8378212,-31.95921206,,
01-03-2015,West Bengal,24 Paraganas North,2015,3,1.648240226,26.149006,22.72714059,88.73013177,25.53884888,26.7361145,47.41287436,-45.76463413,,
01-04-2015,West Bengal,24 Paraganas North,2015,4,7.162130301,27.7745745,22.72714059,88.73013177,27.30883789,28.07055664,42.28503074,-35.12290044,0.51266186,Normal
01-05-2015,West Bengal,24 Paraganas North,2015,5,1.4409935,30.43157087,22.72714059,88.73013177,30.08480835,30.9012146,50.21987771,-48.77888421,,
01-06-2015,West Bengal,24 Paraganas North,2015,6,10.47060896,29.1150286,22.72714059,88.73013177,28.80978394,29.43283081,41.79313559,-31.32252663,,
01-07-2015,West Bengal,24 Paraganas North,2015,7,22.47494245,27.39094936,22.72714059,88.73013177,27.25149536,27.51321411,26.73060087,-4.255658423,,
01-08-2015,West Bengal,24 Paraganas North,2015,8,8.263574219,28.14132254,22.72714059,88.73013177,28.03384399,28.24087524,23.31357367,-15.04999946,0.227447614,Normal
01-09-2015,West Bengal,24 Paraganas North,2015,9,5.735879517,28.34375349,22.72714059,88.73013177,28.20608521,28.50296021,24.90738261,-19.17150309,0.292817673,Normal
01-10-2015,West Bengal,24 Paraganas North,2015,10,1.547696795,26.78822893,22.72714059,88.73013177,26.22042847,27.32199097,41.76577094,-40.21807415,-3.162837616,Severe Drought
01-11-2015,West Bengal,24 Paraganas North,2015,11,0.086554738,24.42166922,22.72714059,88.73013177,23.81140137,25.05358887,34.7010956,-34.61454086,-6.360938869,Severe Drought
01-12-2015,West Bengal,24 Paraganas North,2015,12,0.593738229,20.89165737,22.72714059,88.73013177,20.31185913,21.64974976,31.33873795,-30.74499972,,
01-01-2016,West Bengal,24 Paraganas North,2016,1,0.484768295,19.61211635,22.72714059,88.73013177,18.87573242,20.3503418,33.41750018,-32.93273188,,
01-02-2016,West Bengal,24 Paraganas North,2016,2,2.15319737,24.32280622,22.72714059,88.73013177,23.67654419,24.76052856,35.07092247,-32.9177251,,
01-03-2016,West Bengal,24 Paraganas North,2016,3,1.262322998,27.67626256,22.72714059,88.73013177,27.42196655,28.1368103,37.90899747,-36.64667447,,
01-04-2016,West Bengal,24 Paraganas North,2016,4,0.921881104,31.36430664,22.72714059,88.73013177,30.59695435,32.06765747,63.38392523,-62.46204412,-2.096506515,Severe Drought
01-05-2016,West Bengal,24 Paraganas North,2016,5,8.898135812,29.85450963,22.72714059,88.73013177,29.5447998,30.09558105,40.75535329,-31.85721748,,
01-06-2016,West Bengal,24 Paraganas North,2016,6,5.138111659,29.14201137,22.72714059,88.73013177,29.02789307,29.29937744,27.60366329,-22.46555163,,
01-07-2016,West Bengal,24 Paraganas North,2016,7,11.13668039,27.87556152,22.72714059,88.73013177,27.79431152,27.97595215,22.50765411,-11.37097372,,
01-08-2016,West Bengal,24 Paraganas North,2016,8,13.35614624,27.78797782,22.72714059,88.73013177,27.73440552,27.85354614,17.54961774,-4.193471497,1.0296426,Moderately Wet
01-09-2016,West Bengal,24 Paraganas North,2016,9,7.783728899,27.72457101,22.72714059,88.73013177,27.62423706,27.84884644,21.37411622,-13.59038733,1.312016873,Moderately Wet
01-10-2016,West Bengal,24 Paraganas North,2016,10,3.414375305,26.68214809,22.72714059,88.73013177,26.45904541,27.14263916,32.82316847,-29.40879317,1.134001739,Moderately Wet
01-11-2016,West Bengal,24 Paraganas North,2016,11,1.60204337,23.19837123,22.72714059,88.73013177,22.8572998,23.83972168,29.96607258,-28.36402921,1.159117812,Moderately Wet
01-12-2016,West Bengal,24 Paraganas North,2016,12,0.00337126,20.81544364,22.72714059,88.73013177,20.38754272,21.33480835,26.31787272,-26.31450146,,
01-01-2017,West Bengal,24 Paraganas North,2017,1,0.018750043,19.44417899,22.72714059,88.73013177,18.89334106,20.07693481,29.80457432,-29.78582427,,
01-02-2017,West Bengal,24 Paraganas North,2017,2,0.04393799,23.31979632,22.72714059,88.73013177,22.62319946,23.97476196,36.91028835,-36.86635036,,
01-03-2017,West Bengal,24 Paraganas North,2017,3,2.941648647,25.51319406,22.72714059,88.73013177,25.15945435,25.71609497,31.86101673,-28.91936809,,
01-04-2017,West Bengal,24 Paraganas North,2017,4,1.782889012,29.42128209,22.72714059,88.73013177,28.94979858,29.84628296,47.53087866,-45.74798965,0.668010519,Normal
01-05-2017,West Bengal,24 Paraganas North,2017,5,2.928031703,30.70119978,22.72714059,88.73013177,30.19528198,31.10348511,53.26415758,-50.33612588,,
01-06-2017,West Bengal,24 Paraganas North,2017,6,10.28795951,29.2881522,22.72714059,88.73013177,29.05578613,29.62805176,40.20157716,-29.91361765,,
01-07-2017,West Bengal,24 Paraganas North,2017,7,16.22257429,27.79527414,22.72714059,88.73013177,27.7036438,27.90090942,23.41452597,-7.191951675,,
01-08-2017,West Bengal,24 Paraganas North,2017,8,10.75161307,28.07995605,22.72714059,88.73013177,28.00021362,28.17208862,21.21371616,-10.46210309,0.441689447,Normal
01-09-2017,West Bengal,24 Paraganas North,2017,9,9.47164481,28.23063267,22.72714059,88.73013177,28.05496216,28.36550903,25.41200209,-15.94035728,0.877827099,Normal
01-10-2017,West Bengal,24 Paraganas North,2017,10,7.780630057,26.65706961,22.72714059,88.73013177,26.41482544,27.01248169,30.67342514,-22.89279508,0.930780894,Normal
01-11-2017,West Bengal,24 Paraganas North,2017,11,1.686732374,22.6814488,22.72714059,88.73013177,22.32296753,23.41085815,31.13600395,-29.44927158,1.476631892,Moderately Wet
01-12-2017,West Bengal,24 Paraganas North,2017,12,2.096705845,20.23197196,22.72714059,88.73013177,19.83425903,20.85964966,26.96791558,-24.87120974,,
01-01-2018,West Bengal,24 Paraganas North,2018,1,0.000847368,17.71386021,22.72714059,88.73013177,16.9647522,18.57608032,33.15988843,-33.15904106,,
01-02-2018,West Bengal,24 Paraganas North,2018,2,0.16372588,23.51937605,22.72714059,88.73013177,22.72930908,24.13165283,37.77977898,-37.6160531,,
01-03-2018,West Bengal,24 Paraganas North,2018,3,0.815143204,27.37214355,22.72714059,88.73013177,26.86740112,27.724823,41.24012304,-40.42497984,,
01-04-2018,West Bengal,24 Paraganas North,2018,4,3.569185529,28.36729213,22.72714059,88.73013177,27.98721313,28.74111938,42.61473374,-39.04554821,-0.036336942,Normal
01-05-2018,West Bengal,24 Paraganas North,2018,5,7.781896973,28.56875,22.72714059,88.73013177,28,28.921875,51.30414931,-43.52225234,,
01-06-2018,West Bengal,24 Paraganas North,2018,6,9.932219587,29.35604422,22.72714059,88.73013177,29.20236206,29.52072144,30.02816563,-20.09594604,,
01-07-2018,West Bengal,24 Paraganas North,2018,7,11.93631853,28.19663086,22.72714059,88.73013177,28.13876343,28.27548218,19.66436374,-7.728045213,,
01-08-2018,West Bengal,24 Paraganas North,2018,8,8.435682896,28.14678432,22.72714059,88.73013177,28.09823608,28.21737671,17.68774518,-9.252062283,1.081721348,Moderately Wet
01-09-2018,West Bengal,24 Paraganas North,2018,9,6.300068883,28.21481585,22.72714059,88.73013177,28.11392212,28.37368774,23.23362012,-16.93355124,0.843131482,Normal
01-10-2018,West Bengal,24 Paraganas North,2018,10,3.724717494,26.3512207,22.72714059,88.73013177,25.78671265,26.96054077,42.69142768,-38.96671019,-1.385576615,Moderate Drought
01-11-2018,West Bengal,24 Paraganas North,2018,11,0.179776137,24.0209647,22.72714059,88.73013177,23.67526245,24.64987183,30.44553082,-30.26575469,-3.951534258,Severe Drought
01-12-2018,West Bengal,24 Paraganas North,2018,12,0.818666131,19.25563965,22.72714059,88.73013177,18.86819458,19.95803833,27.08883307,-26.27016694,,
01-01-2019,West Bengal,24 Paraganas North,2019,1,0.03248867,19.15448172,22.72714059,88.73013177,18.59884644,19.99142456,32.07746842,-32.04497975,,
01-02-2019,West Bengal,24 Paraganas North,2019,2,2.281671797,22.5053275,22.72714059,88.73013177,21.89093018,22.99835205,32.74895292,-30.46728112,,
01-03-2019,West Bengal,24 Paraganas North,2019,3,2.273546709,25.37072056,22.72714059,88.73013177,25.20236206,25.68869019,29.6828751,-27.40932839,,
01-04-2019,West Bengal,24 Paraganas North,2019,4,2.048028128,28.84774344,22.72714059,88.73013177,28.40042114,29.04104614,39.69166216,-37.64363403,2.022289877,Severely Wet
01-05-2019,West Bengal,24 Paraganas North,2019,5,3.135337612,30.7159947,22.72714059,88.73013177,30.45321655,30.92977905,38.59543643,-35.46009882,,
01-06-2019,West Bengal,24 Paraganas North,2019,6,10.16409912,29.8177839,22.72714059,88.73013177,29.49914551,30.12609863,42.55193609,-32.38783697,,
01-07-2019,West Bengal,24 Paraganas North,2019,7,7.085191999,29.00830427,22.72714059,88.73013177,28.8420105,29.15255737,30.15965185,-23.07445986,,
01-08-2019,West Bengal,24 Paraganas North,2019,8,13.06093924,28.3388916,22.72714059,88.73013177,28.27990723,28.3951416,17.46809632,-4.407157084,-0.474118944,Normal
01-09-2019,West Bengal,24 Paraganas North,2019,9,7.776574707,27.65293666,22.72714059,88.73013177,27.59579468,27.7774353,19.19096421,-11.41438951,0.237392926,Normal
01-10-2019,West Bengal,24 Paraganas North,2019,10,5.278944615,26.41768624,22.72714059,88.73013177,26.03805542,26.91110229,36.87317224,-31.59422763,1.113492942,Moderately Wet
01-11-2019,West Bengal,24 Paraganas North,2019,11,4.440007237,23.89115165,22.72714059,88.73013177,23.39450073,24.62496948,34.10306373,-29.66305649,0.993866751,Normal
01-12-2019,West Bengal,24 Paraganas North,2019,12,0.396462277,19.76786412,22.72714059,88.73013177,19.19442749,20.56942749,30.84762389,-30.45116161,,
01-01-2020,West Bengal,24 Paraganas North,2020,1,0.810860225,18.48901018,22.72714059,88.73013177,17.95446777,19.1829834,29.58616346,-28.77530323,,
01-02-2020,West Bengal,24 Paraganas North,2020,2,0.249316515,21.01586217,22.72714059,88.73013177,20.3644104,21.71792603,36.1126416,-35.86332509,,
01-03-2020,West Bengal,24 Paraganas North,2020,3,1.173306165,25.93741629,22.72714059,88.73013177,25.27832031,26.41894531,46.05497376,-44.8816676,,
01-04-2020,West Bengal,24 Paraganas North,2020,4,9.007087926,28.20011684,22.72714059,88.73013177,27.77349854,28.48638916,41.28925911,-32.28217118,0.4907244,Normal
01-05-2020,West Bengal,24 Paraganas North,2020,5,5.428395299,28.65253906,22.72714059,88.73013177,28.33853149,28.86001587,38.656381,-33.2279857,,
01-06-2020,West Bengal,24 Paraganas North,2020,6,8.990992955,28.72474714,22.72714059,88.73013177,28.59796143,28.87139893,27.4565313,-18.46553834,,
01-07-2020,West Bengal,24 Paraganas North,2020,7,9.484239851,28.67609166,22.72714059,88.73013177,28.56838989,28.81448364,26.65751911,-17.17327926,,
01-08-2020,West Bengal,24 Paraganas North,2020,8,12.19257289,28.30019531,22.72714059,88.73013177,28.22134399,28.36978149,19.80897418,-7.616401293,0.722898948,Normal
01-09-2020,West Bengal,24 Paraganas North,2020,9,6.853372628,28.43937291,22.72714059,88.73013177,28.36526489,28.56057739,20.2444189,-13.39104627,0.331578762,Normal
01-10-2020,West Bengal,24 Paraganas North,2020,10,5.345290266,27.42054269,22.72714059,88.73013177,27.23867798,27.75234985,28.92506677,-23.57977651,1.356791266,Moderately Wet
01-11-2020,West Bengal,24 Paraganas North,2020,11,0.303779984,23.2290911,22.72714059,88.73013177,22.76028442,23.95950317,33.13258432,-32.82880433,1.331106881,Moderately Wet
01-12-2020,West Bengal,24 Paraganas North,2020,12,0.004431722,19.89690465,22.72714059,88.73013177,19.38446045,20.62078857,29.35123829,-29.34680657,,
01-01-2021,West Bengal,24 Paraganas North,2021,1,0.022450982,19.80931396,22.72714059,88.73013177,19.12103271,20.65032959,34.21089999,-34.18844901,,
01-02-2021,West Bengal,24 Paraganas North,2021,2,0.068702337,22.19477539,22.72714059,88.73013177,21.63925171,22.85995483,34.11824676,-34.04954443,,
01-03-2021,West Bengal,24 Paraganas North,2021,3,0.32467417,27.87717634,22.72714059,88.73013177,27.34017944,28.27182007,43.46857778,-43.14390361,,
01-04-2021,West Bengal,24 Paraganas North,2021,4,0.46342817,29.84990234,22.72714059,88.73013177,29.73745728,30.04214478,27.96121498,-27.49778681,1.355777039,Moderately Wet
01-05-2021,West Bengal,24 Paraganas North,2021,5,5.831696865,29.36139439,22.72714059,88.73013177,28.84225464,29.72311401,51.00714433,-45.17544746,,
01-06-2021,West Bengal,24 Paraganas North,2021,6,13.81249128,28.56703753,22.72714059,88.73013177,28.32473755,28.7583313,34.45747637,-20.64498509,,
01-07-2021,West Bengal,24 Paraganas North,2021,7,12.47976685,28.30878209,22.72714059,88.73013177,28.20141602,28.42993164,25.48481201,-13.00504516,,
01-08-2021,West Bengal,24 Paraganas North,2021,8,9.905772182,28.02272949,22.72714059,88.73013177,27.94454956,28.10470581,20.45221293,-10.54644075,0.663680397,Normal
01-09-2021,West Bengal,24 Paraganas North,2021,9,10.62520839,27.32874233,22.72714059,88.73013177,27.22366333,27.46389771,21.91286536,-11.28765697,0.739746405,Normal
01-10-2021,West Bengal,24 Paraganas North,2021,10,5.341885812,27.09535784,22.72714059,88.73013177,26.86672974,27.46438599,30.97582476,-25.63393895,1.108654295,Moderately Wet
01-11-2021,West Bengal,24 Paraganas North,2021,11,1.233631788,22.68793945,22.72714059,88.73013177,22.19619751,23.50088501,34.10304326,-32.86941147,1.331988583,Moderately Wet
01-12-2021,West Bengal,24 Paraganas North,2021,12,4.821486991,19.31533552,22.72714059,88.73013177,19.03274536,19.90969849,24.33859173,-19.51710474,,
01-01-2022,West Bengal,24 Paraganas North,2022,1,0.744584547,18.14665527,22.72714059,88.73013177,17.75686646,18.91311646,28.4320089,-27.68742435,,
01-02-2022,West Bengal,24 Paraganas North,2022,2,1.428377206,20.19667969,22.72714059,88.73013177,19.28451538,21.27670288,41.40846863,-39.98009142,,
01-03-2022,West Bengal,24 Paraganas North,2022,3,0.072933674,27.04284319,22.72714059,88.73013177,26.72705078,27.49853516,38.83369194,-38.76075827,,
01-04-2022,West Bengal,24 Paraganas North,2022,4,0.502064678,30.09511719,22.72714059,88.73013177,29.64813232,30.38446045,43.69116663,-43.18910195,-0.719656265,Normal
01-05-2022,West Bengal,24 Paraganas North,2022,5,4.289276123,29.41960449,22.72714059,88.73013177,29.09460449,29.73132324,43.41974297,-39.13046685,,
01-06-2022,West Bengal,24 Paraganas North,2022,6,4.345436314,29.56328474,22.72714059,88.73013177,29.17355347,29.95675659,47.30549918,-42.96006287,,
01-07-2022,West Bengal,24 Paraganas North,2022,7,5.304090227,28.52886091,22.72714059,88.73013177,28.32009888,28.68533325,32.37257754,-27.06848731,,
01-08-2022,West Bengal,24 Paraganas North,2022,8,8.232119315,28.20787179,22.72714059,88.73013177,28.10714722,28.32589722,23.99902401,-15.76690469,-2.42494444,Severe Drought
01-09-2022,West Bengal,24 Paraganas North,2022,9,4.531214251,28.02588588,22.72714059,88.73013177,27.94229126,28.14736938,20.55885356,-16.02763931,-2.631660527,Severe Drought
01-10-2022,West Bengal,24 Paraganas North,2022,10,5.062355695,26.26894531,22.72714059,88.73013177,26.03842163,26.70053101,32.00318747,-26.94083178,-0.301324237,Normal
01-11-2022,West Bengal,24 Paraganas North,2022,11,0.000953279,22.79136789,22.72714059,88.73013177,22.27658081,23.64962769,35.07442662,-35.07347334,0.001510245,Normal
01-12-2022,West Bengal,24 Paraganas North,2022,12,0.004407845,20.36005162,22.72714059,88.73013177,19.77807617,21.25268555,32.44899968,-32.44459184,,
01-01-2023,West Bengal,24 Paraganas North,2023,1,0.006608711,19.7570731,22.72714059,88.73013177,19.03988647,20.57113647,34.18518834,-34.17857963,,
01-02-2023,West Bengal,24 Paraganas North,2023,2,0.046033124,23.09940709,22.72714059,88.73013177,22.38339233,23.81503296,37.78439183,-37.73835871,,
01-03-2023,West Bengal,24 Paraganas North,2023,3,2.140112087,26.16239537,22.72714059,88.73013177,25.51083374,26.76473999,48.53620912,-46.39609703,,
01-04-2023,West Bengal,24 Paraganas North,2023,4,0.852832304,29.54169922,22.72714059,88.73013177,29.29052734,29.91943359,39.91200104,-39.05916873,-0.899833174,Normal
01-05-2023,West Bengal,24 Paraganas North,2023,5,1.455770983,30.30237863,22.72714059,88.73013177,30.07269287,30.61956787,40.99224193,-39.53647095,,
01-06-2023,West Bengal,24 Paraganas North,2023,6,3.724300711,30.71424386,22.72714059,88.73013177,30.40542603,31.2628479,50.69897236,-46.97467165,,
01-07-2023,West Bengal,24 Paraganas North,2023,7,3.182233756,29.01177455,22.72714059,88.73013177,28.88119507,29.10385132,25.53949982,-22.35726607,,
01-08-2023,West Bengal,24 Paraganas North,2023,8,7.350366211,28.58055943,22.72714059,88.73013177,28.42715454,28.73574829,28.7353804,-21.38501418,-2.771326126,Severe Drought
01-09-2023,West Bengal,24 Paraganas North,2023,9,5.076185826,28.23232073,22.72714059,88.73013177,28.17037964,28.33444214,18.47123328,-13.39504745,-2.391154446,Severe Drought
01-10-2023,West Bengal,24 Paraganas North,2023,10,2.67212786,26.97135184,22.72714059,88.73013177,26.56582642,27.56387329,39.91823999,-37.24611213,-2.65117242,Severe Drought
01-11-2023,West Bengal,24 Paraganas North,2023,11,0.547796849,24.56176758,22.72714059,88.73013177,24.0871582,25.02856445,30.30936391,-29.76156706,-0.671713211,Normal
01-12-2023,West Bengal,24 Paraganas North,2023,12,0.849877494,20.54234096,22.72714059,88.73013177,20.2527771,20.98324585,22.94739065,-22.09751316,,
01-01-2024,West Bengal,24 Paraganas North,2024,1,0.361451449,18.46021031,22.72714059,88.73013177,17.97589111,19.12432861,28.5829591,-28.22150765,,
01-02-2024,West Bengal,24 Paraganas North,2024,2,0.306359754,22.39696917,22.72714059,88.73013177,21.83084106,23.11795044,36.46862755,-36.16226779,,
01-03-2024,West Bengal,24 Paraganas North,2024,3,1.805619376,26.26200474,22.72714059,88.73013177,25.58828735,26.78359985,47.49599118,-45.69037181,,
01-04-2024,West Bengal,24 Paraganas North,2024,4,0.264518002,31.74226423,22.72714059,88.73013177,31.6317749,31.91693115,28.12444777,-27.85992976,0.870699687,Normal
01-05-2024,West Bengal,24 Paraganas North,2024,5,11.14357561,30.12433384,22.72714059,88.73013177,30.02868652,30.26696777,26.95827525,-15.81469964,,
01-06-2024,West Bengal,24 Paraganas North,2024,6,4.236778041,30.88248465,22.72714059,88.73013177,30.56808472,31.05636597,38.39196762,-34.15518958,,
01-07-2024,West Bengal,24 Paraganas North,2024,7,9.069487653,28.75533273,22.72714059,88.73013177,28.62341309,28.84411621,25.28794329,-16.21845563,,
01-08-2024,West Bengal,24 Paraganas North,2024,8,14.49364188,27.81708636,22.72714059,88.73013177,27.73092651,27.91452026,21.79936755,-7.305725674,-0.302523726,Normal
01-09-2024,West Bengal,24 Paraganas North,2024,9,12.19279524,28.39454869,22.72714059,88.73013177,28.32345581,28.51876831,20.22479406,-8.03199882,1.08799632,Moderately Wet
01-10-2024,West Bengal,24 Paraganas North,2024,10,5.716734096,27.47651018,22.72714059,88.73013177,27.13577271,27.86428833,34.48959443,-28.77286033,1.394472372,Moderately Wet
01-11-2024,West Bengal,24 Paraganas North,2024,11,0.360445949,23.89410226,22.72714059,88.73013177,23.48880005,24.5864563,32.21232075,-31.85187481,1.442441995,Moderately Wet
01-12-2024,West Bengal,24 Paraganas North,2024,12,0.106978621,19.91629464,22.72714059,88.73013177,19.45541382,20.76400757,30.21240545,-30.10542682,,
01-01-2025,West Bengal,24 Paraganas North,2025,1,0.032931764,19.48822196,22.72714059,88.73013177,19.02633667,20.16500854,29.2680749,-29.23514313,,
01-02-2025,West Bengal,24 Paraganas North,2025,2,0.425979723,23.42913993,22.72714059,88.73013177,22.65603638,24.23416138,39.99018301,-39.56420329,,
01-03-2025,West Bengal,24 Paraganas North,2025,3,0.261435318,27.4856829,22.72714059,88.73013177,27.07156372,27.82351685,38.71758663,-38.45615132,,
01-04-2025,West Bengal,24 Paraganas North,2025,4,3.996883719,29.04286935,22.72714059,88.73013177,28.89923096,29.17071533,25.94672868,-21.94984496,1.728010352,Severely Wet
01-05-2025,West Bengal,24 Paraganas North,2025,5,4.789325823,29.49998605,22.72714059,88.73013177,29.31137085,29.74887085,36.05297645,-31.26365063,,
01-06-2025,West Bengal,24 Paraganas North,2025,6,13.23098057,28.76622838,22.72714059,88.73013177,28.68313599,28.84524536,21.15961366,-7.928633095,,
01-07-2025,West Bengal,24 Paraganas North,2025,7,17.97580915,27.89831543,22.72714059,88.73013177,27.8420105,27.99630737,20.75480163,-2.778992478,,
01-08-2025,West Bengal,24 Paraganas North,2025,8,9.525631278,27.90133929,22.72714059,88.73013177,27.81021118,27.98208618,21.13112835,-11.60549707,1.756704557,Severely Wet
01-09-2025,West Bengal,24 Paraganas North,2025,9,9.093830218,28.16063058,22.72714059,88.73013177,28.06704712,28.27407837,20.71725878,-11.62342856,1.571777509,Severely Wet
01-10-2025,West Bengal,24 Paraganas North,2025,10,4.30974775,27.03454241,22.72714059,88.73013177,26.77505493,27.50942993,34.28999266,-29.98024491,0.486235354,Normal
01-01-2013,West Bengal,24 Paraganas South,2013,1,0.112341975,19.23631612,22.05679177,88.55190727,18.44424438,20.30557251,37.71613821,-37.60379624,,
01-02-2013,West Bengal,24 Paraganas South,2013,2,0.166484489,22.52826428,22.05679177,88.55190727,21.88626099,23.27493286,37.07573949,-36.909255,-6.360938869,Severe Drought
01-03-2013,West Bengal,24 Paraganas South,2013,3,0.289009595,27.32064869,22.05679177,88.55190727,26.5993042,27.66375732,46.16737552,-45.87836593,,
01-04-2013,West Bengal,24 Paraganas South,2013,4,1.209493418,29.500008,22.05679177,88.55190727,28.65350342,30.06365967,59.79794881,-58.58845539,,
01-05-2013,West Bengal,24 Paraganas South,2013,5,3.588536247,29.55654457,22.05679177,88.55190727,28.91470337,30.33657837,64.96425073,-61.37571448,,
01-06-2013,West Bengal,24 Paraganas South,2013,6,9.077820825,28.44748375,22.05679177,88.55190727,28.2208252,28.68762207,35.54823034,-26.47040952,,
01-07-2013,West Bengal,24 Paraganas South,2013,7,8.880887391,27.94080991,22.05679177,88.55190727,27.80831909,28.10128784,28.55302975,-19.67214236,,
01-08-2013,West Bengal,24 Paraganas South,2013,8,11.88216112,27.66735239,22.05679177,88.55190727,27.56594849,27.90579224,29.56233741,-17.68017629,1.241446082,Moderately Wet
01-09-2013,West Bengal,24 Paraganas South,2013,9,11.16120085,27.5199595,22.05679177,88.55190727,27.40859985,27.78359985,27.60496555,-16.4437647,1.629573222,Severely Wet
01-10-2013,West Bengal,24 Paraganas South,2013,10,12.14143947,25.98094903,22.05679177,88.55190727,25.61520386,26.45504761,36.12268485,-23.98124538,,
01-11-2013,West Bengal,24 Paraganas South,2013,11,0.001502159,23.22675861,22.05679177,88.55190727,22.47259521,24.19525146,40.24714708,-40.24564492,1.760998372,Severely Wet
01-12-2013,West Bengal,24 Paraganas South,2013,12,0.008662345,20.96949443,22.05679177,88.55190727,20.1378479,21.95230103,37.15817648,-37.14951413,0.711265132,Normal
01-01-2014,West Bengal,24 Paraganas South,2014,1,0.001784037,19.40234775,22.05679177,88.55190727,18.55978394,20.44259644,38.10323509,-38.10145106,,
01-02-2014,West Bengal,24 Paraganas South,2014,2,1.107774328,22.00999776,22.05679177,88.55190727,21.23483276,22.55319214,35.66067277,-34.55289844,-4.593575649,Severe Drought
01-03-2014,West Bengal,24 Paraganas South,2014,3,0.829429001,27.02527056,22.05679177,88.55190727,26.57467651,27.28170776,37.37995781,-36.55052881,,
01-04-2014,West Bengal,24 Paraganas South,2014,4,0.252751991,30.84346984,22.05679177,88.55190727,29.58706665,31.58706665,73.23707637,-72.98432438,,
01-05-2014,West Bengal,24 Paraganas South,2014,5,2.930883689,30.47572202,22.05679177,88.55190727,29.60043335,31.3699646,73.87910318,-70.94821949,,
01-06-2014,West Bengal,24 Paraganas South,2014,6,10.45761359,29.52108414,22.05679177,88.55190727,29.2835083,29.82843018,39.29956276,-28.84194917,,
01-07-2014,West Bengal,24 Paraganas South,2014,7,10.55481958,28.12354316,22.05679177,88.55190727,28.02633667,28.32516479,28.95234985,-18.39753027,,
01-08-2014,West Bengal,24 Paraganas South,2014,8,11.9440958,27.96398325,22.05679177,88.55190727,27.75775146,28.11517334,30.51503313,-18.57093733,1.087635228,Moderately Wet
01-09-2014,West Bengal,24 Paraganas South,2014,9,6.863311768,27.81919986,22.05679177,88.55190727,27.69515991,28.14437866,30.41295811,-23.54964635,-0.586541362,Normal
01-10-2014,West Bengal,24 Paraganas South,2014,10,2.44753428,26.56480533,22.05679177,88.55190727,26.26040649,27.12368774,37.11165633,-34.66412205,,
01-11-2014,West Bengal,24 Paraganas South,2014,11,0.02068869,24.36131612,22.05679177,88.55190727,23.63308716,25.24246216,39.97710745,-39.95641876,-6.360938869,Severe Drought
01-12-2014,West Bengal,24 Paraganas South,2014,12,0.306030742,20.4515641,22.05679177,88.55190727,19.72311401,21.36764526,34.90291034,-34.5968796,-6.360938869,Severe Drought
01-01-2015,West Bengal,24 Paraganas South,2015,1,1.145894785,19.53461594,22.05679177,88.55190727,18.9960022,20.27920532,31.56802104,-30.42212626,,
01-02-2015,West Bengal,24 Paraganas South,2015,2,0.502437279,23.12570441,22.05679177,88.55190727,22.93942261,23.25582886,17.95970349,-17.45726621,2.144292403,Severely Wet
01-03-2015,West Bengal,24 Paraganas South,2015,3,1.174220726,26.7661493,22.05679177,88.55190727,26.55447388,26.9548645,27.96685564,-26.79263492,,
01-04-2015,West Bengal,24 Paraganas South,2015,4,4.170107982,28.09642754,22.05679177,88.55190727,27.88305664,28.33422852,32.8202095,-28.65010152,,
01-05-2015,West Bengal,24 Paraganas South,2015,5,0.677534447,30.34335777,22.05679177,88.55190727,29.57113647,31.06918335,67.78955731,-67.11202287,,
01-06-2015,West Bengal,24 Paraganas South,2015,6,9.172701476,29.11981701,22.05679177,88.55190727,28.75314331,29.54025269,46.83168275,-37.65898128,,
01-07-2015,West Bengal,24 Paraganas South,2015,7,24.69417184,27.6154505,22.05679177,88.55190727,27.40579224,28.05227661,42.11340336,-17.41923152,,
01-08-2015,West Bengal,24 Paraganas South,2015,8,8.78343726,28.15183145,22.05679177,88.55190727,28.03970337,28.28970337,25.62549658,-16.84205932,0.500698321,Normal
01-09-2015,West Bengal,24 Paraganas South,2015,9,6.741009822,28.42903112,22.05679177,88.55190727,28.31155396,28.74319458,30.21050659,-23.46949677,0.49566023,Normal
01-10-2015,West Bengal,24 Paraganas South,2015,10,2.334828611,27.1861032,22.05679177,88.55190727,26.88839722,27.65011597,35.34852541,-33.0136968,,
01-11-2015,West Bengal,24 Paraganas South,2015,11,0.088039555,24.82981197,22.05679177,88.55190727,24.54968262,25.39538574,29.30157508,-29.21353553,1.072658687,Moderately Wet
01-12-2015,West Bengal,24 Paraganas South,2015,12,0.852349203,21.61750768,22.05679177,88.55190727,21.03060913,22.37435913,32.51170741,-31.6593582,2.270165114,Severely Wet
01-01-2016,West Bengal,24 Paraganas South,2016,1,0.606852359,20.47838355,22.05679177,88.55190727,19.81713867,21.13549805,32.80639143,-32.19953907,,
01-02-2016,West Bengal,24 Paraganas South,2016,2,2.047803285,24.78995501,22.05679177,88.55190727,24.53005981,25.00662231,23.75677874,-21.70897546,1.743029147,Severely Wet
01-03-2016,West Bengal,24 Paraganas South,2016,3,0.885008015,27.98658027,22.05679177,88.55190727,27.53915405,28.25790405,38.4967192,-37.61171119,,
01-04-2016,West Bengal,24 Paraganas South,2016,4,0.688704319,30.69784596,22.05679177,88.55190727,29.56765747,31.80984497,77.31252687,-76.62382255,,
01-05-2016,West Bengal,24 Paraganas South,2016,5,8.257821505,30.14591405,22.05679177,88.55190727,29.8182373,30.43933105,43.47042645,-35.21260494,,
01-06-2016,West Bengal,24 Paraganas South,2016,6,5.862348213,29.15490923,22.05679177,88.55190727,29.00640869,29.41461182,33.75087838,-27.88853017,,
01-07-2016,West Bengal,24 Paraganas South,2016,7,11.94153833,27.95898237,22.05679177,88.55190727,27.80993652,28.26696777,35.67689125,-23.73535292,,
01-08-2016,West Bengal,24 Paraganas South,2016,8,18.27302926,27.83638576,22.05679177,88.55190727,27.72659302,28.15237427,33.21268368,-14.93965442,1.025151494,Moderately Wet
01-09-2016,West Bengal,24 Paraganas South,2016,9,9.300145884,27.70924452,22.05679177,88.55190727,27.55001831,27.94845581,28.57339151,-19.27324562,0.417663693,Normal
01-10-2016,West Bengal,24 Paraganas South,2016,10,4.363331279,26.95497807,22.05679177,88.55190727,26.55474854,27.55670166,40.33301176,-35.96968049,,
01-11-2016,West Bengal,24 Paraganas South,2016,11,2.751345775,23.49008029,22.05679177,88.55190727,22.97253418,24.23620605,34.69217025,-31.94082447,0.64968432,Normal
01-12-2016,West Bengal,24 Paraganas South,2016,12,0.008953494,21.4152712,22.05679177,88.55190727,20.89144897,22.14730835,31.26922431,-31.26027081,1.452211828,Moderately Wet
01-01-2017,West Bengal,24 Paraganas South,2017,1,0.007009134,20.3140649,22.05679177,88.55190727,19.73123169,21.08670044,33.12210959,-33.11510045,,
01-02-2017,West Bengal,24 Paraganas South,2017,2,0.042645896,23.84233318,22.05679177,88.55190727,23.50015259,24.06069946,24.3232438,-24.28059791,1.231007666,Moderately Wet
01-03-2017,West Bengal,24 Paraganas South,2017,3,3.575841185,25.61879242,22.05679177,88.55190727,25.43875122,25.8664856,28.16186437,-24.58602318,,
01-04-2017,West Bengal,24 Paraganas South,2017,4,1.104060689,28.90801502,22.05679177,88.55190727,28.20565796,29.69003296,60.5835449,-59.47948421,,
01-05-2017,West Bengal,24 Paraganas South,2017,5,0.952353055,30.61705943,22.05679177,88.55190727,29.98043823,31.29489136,63.8608479,-62.90849484,,
01-06-2017,West Bengal,24 Paraganas South,2017,6,9.905627642,29.3225638,22.05679177,88.55190727,28.90930176,29.77258301,49.25734221,-39.35171456,,
01-07-2017,West Bengal,24 Paraganas South,2017,7,18.49758061,27.87987481,22.05679177,88.55190727,27.73880005,28.15286255,33.89967649,-15.40209588,,
01-08-2017,West Bengal,24 Paraganas South,2017,8,11.71207215,28.10375977,22.05679177,88.55190727,27.9982605,28.35177612,30.44051687,-18.72844472,0.317430323,Normal
01-09-2017,West Bengal,24 Paraganas South,2017,9,8.243560291,28.35302334,22.05679177,88.55190727,28.23074341,28.69754028,31.36506456,-23.12150427,0.661762146,Normal
01-10-2017,West Bengal,24 Paraganas South,2017,10,8.665643411,26.9095439,22.05679177,88.55190727,26.64334106,27.38552856,34.67788968,-26.01224627,,
01-11-2017,West Bengal,24 Paraganas South,2017,11,3.766884976,23.18714379,22.05679177,88.55190727,22.51828003,24.2897644,40.77414851,-37.00726353,0.966524915,Normal
01-12-2017,West Bengal,24 Paraganas South,2017,12,2.138821461,20.60965116,22.05679177,88.55190727,20.03347778,21.49832153,33.07709742,-30.93827596,2.262920363,Severely Wet
01-01-2018,West Bengal,24 Paraganas South,2018,1,0.006197283,18.48428295,22.05679177,88.55190727,17.80264282,19.34951782,33.68481148,-33.67861419,,
01-02-2018,West Bengal,24 Paraganas South,2018,2,0.032573004,23.95807985,22.05679177,88.55190727,23.64141846,24.17071533,23.7012175,-23.66864449,1.299845041,Moderately Wet
01-03-2018,West Bengal,24 Paraganas South,2018,3,0.333151145,27.56956407,22.05679177,88.55190727,26.94161987,28.02365112,46.8037974,-46.47064626,,
01-04-2018,West Bengal,24 Paraganas South,2018,4,2.271099153,28.60058994,22.05679177,88.55190727,28.14736938,28.97744751,45.0064173,-42.73531815,,
01-05-2018,West Bengal,24 Paraganas South,2018,5,5.083587646,29.01725794,22.05679177,88.55190727,28.7734375,29.30859375,39.40124939,-34.31766175,,
01-06-2018,West Bengal,24 Paraganas South,2018,6,10.63324375,29.34320969,22.05679177,88.55190727,29.01681519,29.69259644,43.60016432,-32.96692057,,
01-07-2018,West Bengal,24 Paraganas South,2018,7,12.35945304,28.22828749,22.05679177,88.55190727,28.07040405,28.45516968,32.9276435,-20.56819046,,
01-08-2018,West Bengal,24 Paraganas South,2018,8,8.500976563,28.12458776,22.05679177,88.55190727,28.05136108,28.28768921,24.90017711,-16.39920055,0.712895919,Normal
01-09-2018,West Bengal,24 Paraganas South,2018,9,7.938108851,28.23719262,22.05679177,88.55190727,28.13735962,28.41860962,24.28494702,-16.34683817,1.736577543,Severely Wet
01-10-2018,West Bengal,24 Paraganas South,2018,10,5.504519103,26.78347928,22.05679177,88.55190727,26.35897827,27.4624939,42.16565058,-36.66113147,,
01-11-2018,West Bengal,24 Paraganas South,2018,11,0.391812121,24.35209881,22.05679177,88.55190727,24.00534058,24.8822937,29.50366546,-29.11185334,1.620853132,Severely Wet
01-12-2018,West Bengal,24 Paraganas South,2018,12,0.416670377,19.85458824,22.05679177,88.55190727,19.27444458,20.87991333,33.94768857,-33.5310182,1.419026075,Moderately Wet
01-01-2019,West Bengal,24 Paraganas South,2019,1,0.026066616,19.84064821,22.05679177,88.55190727,19.18283081,20.55001831,32.85179463,-32.82572801,,
01-02-2019,West Bengal,24 Paraganas South,2019,2,2.561889148,22.89269019,22.05679177,88.55190727,22.56671143,23.05108643,22.09468093,-19.53279178,1.695639039,Severely Wet
01-03-2019,West Bengal,24 Paraganas South,2019,3,2.05671942,25.65532547,22.05679177,88.55190727,25.38595581,25.97189331,32.98870266,-30.93198324,,
01-04-2019,West Bengal,24 Paraganas South,2019,4,1.208518857,28.97867572,22.05679177,88.55190727,28.53323364,29.23831177,41.81749365,-40.60897479,,
01-05-2019,West Bengal,24 Paraganas South,2019,5,2.087275145,30.32780081,22.05679177,88.55190727,29.66220093,30.91610718,62.00008278,-59.91280763,,
01-06-2019,West Bengal,24 Paraganas South,2019,6,6.759360392,29.85483839,22.05679177,88.55190727,29.51672363,30.33898926,48.61597268,-41.85661229,,
01-07-2019,West Bengal,24 Paraganas South,2019,7,8.25376817,28.90229972,22.05679177,88.55190727,28.61349487,29.20333862,41.36608846,-33.11232029,,
01-08-2019,West Bengal,24 Paraganas South,2019,8,14.81068095,28.30155169,22.05679177,88.55190727,28.2154541,28.40686035,22.49536586,-7.684684914,-1.049752362,Moderate Drought
01-09-2019,West Bengal,24 Paraganas South,2019,9,11.15584377,27.71506388,22.05679177,88.55190727,27.59579468,27.9961853,28.64700122,-17.49115745,0.292782856,Normal
01-10-2019,West Bengal,24 Paraganas South,2019,10,4.885357966,26.80050909,22.05679177,88.55190727,26.36032104,27.30953979,39.12177703,-34.23641906,,
01-11-2019,West Bengal,24 Paraganas South,2019,11,7.584814353,24.37247054,22.05679177,88.55190727,23.75387573,25.13864136,37.09247085,-29.5076565,1.709810062,Severely Wet
01-12-2019,West Bengal,24 Paraganas South,2019,12,0.358112148,20.54016313,22.05679177,88.55190727,19.77645874,21.45223999,35.31457614,-34.956464,1.561423117,Severely Wet
01-01-2020,West Bengal,24 Paraganas South,2020,1,1.291726785,19.09563709,22.05679177,88.55190727,18.50134277,19.70251465,30.18321922,-28.89149243,,
01-02-2020,West Bengal,24 Paraganas South,2020,2,0.336226291,21.46786149,22.05679177,88.55190727,21.0753479,21.75894165,26.23352985,-25.89730356,1.014928622,Moderately Wet
01-03-2020,West Bengal,24 Paraganas South,2020,3,0.855618086,26.50795658,22.05679177,88.55190727,26.29394531,26.73144531,29.06479958,-28.2091815,,
01-04-2020,West Bengal,24 Paraganas South,2020,4,7.592407227,28.59541096,22.05679177,88.55190727,28.35162354,28.89654541,36.46142179,-28.86901456,,
01-05-2020,West Bengal,24 Paraganas South,2020,5,4.898076292,28.73792905,22.05679177,88.55190727,28.65103149,28.91665649,27.59340184,-22.69532554,,
01-06-2020,West Bengal,24 Paraganas South,2020,6,8.64257012,28.82327421,22.05679177,88.55190727,28.65655518,29.04327393,32.61867334,-23.97610322,,
01-07-2020,West Bengal,24 Paraganas South,2020,7,8.644320128,28.71244237,22.05679177,88.55190727,28.53518677,28.88284302,31.62873804,-22.98441791,,
01-08-2020,West Bengal,24 Paraganas South,2020,8,14.45499608,28.2854124,22.05679177,88.55190727,28.15884399,28.50845337,30.39166383,-15.93666775,1.308033957,Moderately Wet
01-09-2020,West Bengal,24 Paraganas South,2020,9,7.545913446,28.48482326,22.05679177,88.55190727,28.41409302,28.70706177,24.91904081,-17.37312737,0.969785613,Normal
01-10-2020,West Bengal,24 Paraganas South,2020,10,5.999615278,27.53491211,22.05679177,88.55190727,27.2640686,27.9750061,34.4147083,-28.41509302,,
01-11-2020,West Bengal,24 Paraganas South,2020,11,0.295595857,23.99981589,22.05679177,88.55190727,23.45169067,25.1411438,40.60841376,-40.3128179,0.976649056,Normal
01-12-2020,West Bengal,24 Paraganas South,2020,12,0.001078406,20.74415663,22.05679177,88.55190727,20.03094482,21.80438232,36.52227898,-36.52120057,-6.360938869,Severe Drought
01-01-2021,West Bengal,24 Paraganas South,2021,1,0.035928468,20.81176758,22.05679177,88.55190727,20.08392334,21.52728271,34.62540701,-34.58947854,,
01-02-2021,West Bengal,24 Paraganas South,2021,2,0.028652426,22.82255779,22.05679177,88.55190727,22.32479858,23.11972046,28.25595323,-28.2273008,-1.600038366,Severe Drought
01-03-2021,West Bengal,24 Paraganas South,2021,3,0.178570638,28.07468302,22.05679177,88.55190727,27.34603882,28.52963257,49.49610115,-49.31753051,,
01-04-2021,West Bengal,24 Paraganas South,2021,4,0.23468052,29.49667809,22.05679177,88.55190727,28.59487915,30.06362915,61.02334829,-60.78866777,,
01-05-2021,West Bengal,24 Paraganas South,2021,5,4.306421499,29.6210057,22.05679177,88.55190727,29.33444214,29.80123901,37.27335164,-32.96693014,,
01-06-2021,West Bengal,24 Paraganas South,2021,6,12.29524006,28.72893987,22.05679177,88.55190727,28.5395813,28.97512817,34.54669578,-22.25145572,,
01-07-2021,West Bengal,24 Paraganas South,2021,7,10.18104028,28.35331151,22.05679177,88.55190727,28.17016602,28.63305664,36.21427174,-26.03323146,,
01-08-2021,West Bengal,24 Paraganas South,2021,8,8.609893299,28.13550605,22.05679177,88.55190727,28.00509644,28.43283081,33.50696098,-24.89706768,0.353845471,Normal
01-09-2021,West Bengal,24 Paraganas South,2021,9,15.0881888,27.36489818,22.05679177,88.55190727,27.20217896,27.68069458,31.07643254,-15.98824374,-2.90346178,Severe Drought
01-10-2021,West Bengal,24 Paraganas South,2021,10,7.475230233,27.29254451,22.05679177,88.55190727,27.06594849,27.66946411,31.53875921,-24.06352898,,
01-11-2021,West Bengal,24 Paraganas South,2021,11,0.628489197,23.5939301,22.05679177,88.55190727,22.78604126,24.72549438,43.08686419,-42.45837499,1.57759978,Severely Wet
01-12-2021,West Bengal,24 Paraganas South,2021,12,2.593718482,19.90877145,22.05679177,88.55190727,19.20462036,21.10501099,36.98751905,-34.39380057,0.908857592,Normal
01-01-2022,West Bengal,24 Paraganas South,2022,1,0.877363111,18.95627882,22.05679177,88.55190727,18.17874146,19.78811646,34.80552015,-33.92815704,,
01-02-2022,West Bengal,24 Paraganas South,2022,2,1.022273517,21.2947938,22.05679177,88.55190727,20.36849976,21.85287476,37.15961578,-36.13734226,-2.987963015,Severe Drought
01-03-2022,West Bengal,24 Paraganas South,2022,3,0.112904416,27.28311507,22.05679177,88.55190727,26.91455078,27.47900391,33.59111671,-33.47821229,,
01-04-2022,West Bengal,24 Paraganas South,2022,4,0.100369805,29.47523373,22.05679177,88.55190727,28.6071167,30.31219482,65.71995842,-65.61958862,,
01-05-2022,West Bengal,24 Paraganas South,2022,5,3.152467821,29.65412678,22.05679177,88.55190727,29.35827637,29.96374512,42.47990837,-39.32744055,,
01-06-2022,West Bengal,24 Paraganas South,2022,6,4.870353324,29.4836826,22.05679177,88.55190727,29.10324097,29.98800659,50.03700677,-45.16665345,,
01-07-2022,West Bengal,24 Paraganas South,2022,7,7.215349041,28.31849946,22.05679177,88.55190727,28.19314575,28.50564575,29.7329416,-22.51759256,,
01-08-2022,West Bengal,24 Paraganas South,2022,8,11.83312488,28.10695361,22.05679177,88.55190727,27.99972534,28.27511597,26.86906253,-15.03593765,-1.061211044,Moderate Drought
01-09-2022,West Bengal,24 Paraganas South,2022,9,5.170263572,28.08179511,22.05679177,88.55190727,27.96182251,28.38760376,29.77938538,-24.60912181,-1.240093944,Moderate Drought
01-10-2022,West Bengal,24 Paraganas South,2022,10,4.544875848,26.60271516,22.05679177,88.55190727,26.20834351,27.26498413,41.09308835,-36.5482125,,
01-11-2022,West Bengal,24 Paraganas South,2022,11,0.002004854,23.56765897,22.05679177,88.55190727,22.67892456,24.80587769,45.09293329,-45.09092844,-6.360938869,Severe Drought
01-12-2022,West Bengal,24 Paraganas South,2022,12,0.010545628,21.25460665,22.05679177,88.55190727,20.44213867,22.3425293,38.30761257,-38.29706695,-6.360938869,Severe Drought
01-01-2023,West Bengal,24 Paraganas South,2023,1,0.027771944,20.62764953,22.05679177,88.55190727,19.97348022,21.24887085,32.39316611,-32.36539416,,
01-02-2023,West Bengal,24 Paraganas South,2023,2,0.050634376,23.67696993,22.05679177,88.55190727,23.26425171,23.86581421,25.09735027,-25.04671589,-0.538861579,Normal
01-03-2023,West Bengal,24 Paraganas South,2023,3,1.69612897,26.73176149,22.05679177,88.55190727,26.37216187,26.95223999,33.63641477,-31.9402858,,
01-04-2023,West Bengal,24 Paraganas South,2023,4,0.689021501,29.78223457,22.05679177,88.55190727,29.47802734,29.91943359,33.65545973,-32.96643823,,
01-05-2023,West Bengal,24 Paraganas South,2023,5,0.939660682,30.50936139,22.05679177,88.55190727,30.06292725,30.77972412,47.05362265,-46.11396197,,
01-06-2023,West Bengal,24 Paraganas South,2023,6,3.140715802,30.78071369,22.05679177,88.55190727,30.17495728,31.39761353,60.43408989,-57.29337409,,
01-07-2023,West Bengal,24 Paraganas South,2023,7,4.33980923,28.88708696,22.05679177,88.55190727,28.75228882,29.03939819,28.85081984,-24.51101061,,
01-08-2023,West Bengal,24 Paraganas South,2023,8,6.406240995,28.74474497,22.05679177,88.55190727,28.58535767,28.99160767,33.08771699,-26.68147599,-6.360938869,Severe Drought
01-09-2023,West Bengal,24 Paraganas South,2023,9,5.55628442,28.27818423,22.05679177,88.55190727,28.14694214,28.47897339,26.40990869,-20.85362427,-4.661561128,Severe Drought
01-10-2023,West Bengal,24 Paraganas South,2023,10,2.658391233,27.44681336,22.05679177,88.55190727,26.98574829,28.03652954,41.75800663,-39.0996154,,
01-11-2023,West Bengal,24 Paraganas South,2023,11,0.989039749,24.8932225,22.05679177,88.55190727,24.5637207,25.55395508,31.75385956,-30.76481981,-6.360938869,Severe Drought
01-12-2023,West Bengal,24 Paraganas South,2023,12,0.696479547,20.88085137,22.05679177,88.55190727,20.5496521,21.63168335,28.62907423,-27.93259468,1.742539132,Severely Wet
01-01-2024,West Bengal,24 Paraganas South,2024,1,0.370787949,19.25320184,22.05679177,88.55190727,18.64385986,20.04229736,32.70658788,-32.33579993,,
01-02-2024,West Bengal,24 Paraganas South,2024,2,0.150070394,23.23750881,22.05679177,88.55190727,22.69216919,23.47927856,29.4183946,-29.26832421,1.05793668,Moderately Wet
01-03-2024,West Bengal,24 Paraganas South,2024,3,1.378637345,26.79759141,22.05679177,88.55190727,26.53555298,26.98867798,29.77261619,-28.39397884,,
01-04-2024,West Bengal,24 Paraganas South,2024,4,0.166108522,31.65755075,22.05679177,88.55190727,30.7567749,32.13763428,61.87265996,-61.70655144,,
01-05-2024,West Bengal,24 Paraganas South,2024,5,9.334970943,30.2262083,22.05679177,88.55190727,30.00720215,30.57946777,41.79658957,-32.46161863,,
01-06-2024,West Bengal,24 Paraganas South,2024,6,3.871936736,30.53062164,22.05679177,88.55190727,30.07589722,31.03292847,53.1926161,-49.32067937,,
01-07-2024,West Bengal,24 Paraganas South,2024,7,11.03639997,28.67044818,22.05679177,88.55190727,28.50817871,28.83435059,30.60820195,-19.57180198,,
01-08-2024,West Bengal,24 Paraganas South,2024,8,18.59237921,27.87872214,22.05679177,88.55190727,27.72506714,28.21530151,35.671,-17.07862079,-1.641871154,Severe Drought
01-09-2024,West Bengal,24 Paraganas South,2024,9,13.95059854,28.38688284,22.05679177,88.55190727,28.27853394,28.62619019,27.08792485,-13.13732631,2.380249177,Severely Wet
01-10-2024,West Bengal,24 Paraganas South,2024,10,5.336037558,27.85910284,22.05679177,88.55190727,27.48928833,28.33108521,37.71608736,-32.3800498,,
01-11-2024,West Bengal,24 Paraganas South,2024,11,0.499645421,24.28625288,22.05679177,88.55190727,23.7739563,25.08255005,35.98415128,-35.48450586,1.731445793,Severely Wet
01-12-2024,West Bengal,24 Paraganas South,2024,12,0.197364229,20.76801037,22.05679177,88.55190727,19.98471069,21.86361694,37.61587504,-37.41851081,-6.360938869,Severe Drought
01-01-2025,West Bengal,24 Paraganas South,2025,1,0.049348874,20.15892354,22.05679177,88.55190727,19.53805542,20.87399292,32.7487648,-32.69941593,,
01-02-2025,West Bengal,24 Paraganas South,2025,2,0.492211451,24.15674228,22.05679177,88.55190727,23.52127075,24.51541138,32.63669285,-32.1444814,-2.399962479,Severe Drought
01-03-2025,West Bengal,24 Paraganas South,2025,3,0.182109332,27.55110544,22.05679177,88.55190727,27.19070435,27.80984497,35.38988154,-35.2077722,,
01-04-2025,West Bengal,24 Paraganas South,2025,4,3.1705725,29.0057233,22.05679177,88.55190727,28.68829346,29.26446533,37.82391171,-34.65333921,,
01-05-2025,West Bengal,24 Paraganas South,2025,5,5.575044225,29.43313749,22.05679177,88.55190727,29.26449585,29.58480835,30.75370591,-25.17866169,,
01-06-2025,West Bengal,24 Paraganas South,2025,6,15.13565013,28.76488057,22.05679177,88.55190727,28.64797974,29.08352661,34.57338094,-19.43773081,,
01-07-2025,West Bengal,24 Paraganas South,2025,7,18.48804311,28.00629563,22.05679177,88.55190727,27.86935425,28.2951355,34.47117892,-15.98313581,,
01-08-2025,West Bengal,24 Paraganas South,2025,8,10.42423836,27.989578,22.05679177,88.55190727,27.85903931,28.29067993,33.55268312,-23.12844476,1.584885292,Severely Wet
01-09-2025,West Bengal,24 Paraganas South,2025,9,9.714667649,28.17446849,22.05679177,88.55190727,28.03189087,28.44595337,29.42603381,-19.71136616,0.089820889,Normal
01-10-2025,West Bengal,24 Paraganas South,2025,10,4.916843102,27.29484183,22.05679177,88.55190727,26.91763306,27.79653931,38.0621878,-33.1453447,,
01-01-2013,West Bengal,Alipurduar,2013,1,0.068255575,15.56179357,26.63268543,89.46303239,14.23135376,16.44424438,33.29652456,-33.22826899,-6.360938869,Severe Drought
01-02-2013,West Bengal,Alipurduar,2013,2,0.587865194,19.50381131,26.63268543,89.46303239,18.21633911,20.34133911,39.33582598,-38.74796079,,
01-03-2013,West Bengal,Alipurduar,2013,3,0.331762031,23.64704725,26.63268543,89.46303239,21.5758667,25.20477295,74.97122271,-74.63946068,,
01-04-2013,West Bengal,Alipurduar,2013,4,3.765449241,25.10576036,26.63268543,89.46303239,23.05194092,26.58905029,84.84005888,-81.07460964,,
01-05-2013,West Bengal,Alipurduar,2013,5,7.72052341,25.07732024,26.63268543,89.46303239,23.60610962,26.18618774,79.95256838,-72.23204497,,
01-06-2013,West Bengal,Alipurduar,2013,6,17.48835585,26.83750633,26.63268543,89.46303239,25.3927002,27.81262207,79.63121764,-62.14286179,,
01-07-2013,West Bengal,Alipurduar,2013,7,26.28940384,26.33891692,26.63268543,89.46303239,24.69894409,27.45285034,85.75028177,-59.46087793,,
01-08-2013,West Bengal,Alipurduar,2013,8,18.27997278,26.10052716,26.63268543,89.46303239,24.59524536,27.09133911,77.14716521,-58.86719243,,
01-09-2013,West Bengal,Alipurduar,2013,9,10.9715531,26.42545573,26.63268543,89.46303239,24.7875061,27.46133423,69.75979667,-58.78824357,-0.462001342,Normal
01-10-2013,West Bengal,Alipurduar,2013,10,3.159084744,24.12127912,26.63268543,89.46303239,22.66012573,25.00192261,54.17614675,-51.017062,,
01-11-2013,West Bengal,Alipurduar,2013,11,0.382521135,19.46499973,26.63268543,89.46303239,18.26947021,20.49407959,37.6615625,-37.27904137,1.318736974,Moderately Wet
01-12-2013,West Bengal,Alipurduar,2013,12,0.54881601,17.17343818,26.63268543,89.46303239,15.75698853,18.05776978,33.60110099,-33.05228498,,
01-01-2014,West Bengal,Alipurduar,2014,1,0.252980797,16.82909817,26.63268543,89.46303239,15.45626831,17.58126831,33.86804974,-33.61506894,,
01-02-2014,West Bengal,Alipurduar,2014,2,1.110041936,17.75660649,26.63268543,89.46303239,16.30709839,18.60983276,39.029935,-37.91989307,,
01-03-2014,West Bengal,Alipurduar,2014,3,0.490103792,22.44815629,26.63268543,89.46303239,20.45358276,23.98873901,71.85606342,-71.36595963,,
01-04-2014,West Bengal,Alipurduar,2014,4,0.81286169,26.39450412,26.63268543,89.46303239,24.14370728,28.2081604,93.67645315,-92.86359146,,
01-05-2014,West Bengal,Alipurduar,2014,5,13.39631935,25.46610062,26.63268543,89.46303239,24.07894897,26.55551147,79.04251657,-65.64619722,,
01-06-2014,West Bengal,Alipurduar,2014,6,24.47163674,26.22809742,26.63268543,89.46303239,24.88702393,27.13897705,75.76913879,-51.29750205,,
01-07-2014,West Bengal,Alipurduar,2014,7,17.04618214,26.9132713,26.63268543,89.46303239,25.42086792,27.87789917,82.05047367,-65.00429153,,
01-08-2014,West Bengal,Alipurduar,2014,8,31.01740406,26.03733769,26.63268543,89.46303239,24.51947021,27.00970459,76.94565022,-45.92824616,,
01-09-2014,West Bengal,Alipurduar,2014,9,19.79781539,25.59207718,26.63268543,89.46303239,24.11508179,26.49203491,64.53374872,-44.73593333,1.182311803,Moderately Wet
01-10-2014,West Bengal,Alipurduar,2014,10,0.759126027,24.11008934,26.63268543,89.46303239,22.38150024,25.33853149,60.86190186,-60.10277584,,
01-11-2014,West Bengal,Alipurduar,2014,11,0.227553103,21.45376248,26.63268543,89.46303239,19.93972778,22.44949341,42.13744548,-41.90989238,1.453291846,Moderately Wet
01-12-2014,West Bengal,Alipurduar,2014,12,0.39652397,17.95857408,26.63268543,89.46303239,16.55709839,18.78170776,33.7819401,-33.38541613,,
01-01-2015,West Bengal,Alipurduar,2015,1,0.837822808,16.3637684,26.63268543,89.46303239,14.88272095,17.17764282,34.72316161,-33.8853388,,
01-02-2015,West Bengal,Alipurduar,2015,2,0.424858552,19.02362287,26.63268543,89.46303239,17.30270386,20.07418823,44.34435394,-43.91949539,,
01-03-2015,West Bengal,Alipurduar,2015,3,1.02418179,23.46643971,26.63268543,89.46303239,21.63845825,24.63650513,67.84679463,-66.82261284,,
01-04-2015,West Bengal,Alipurduar,2015,4,5.198178327,23.16915328,26.63268543,89.46303239,21.69946289,24.21508789,68.31892963,-63.1207513,,
01-05-2015,West Bengal,Alipurduar,2015,5,10.94195331,25.01116717,26.63268543,89.46303239,23.70394897,25.78988647,71.77877972,-60.83682641,,
01-06-2015,West Bengal,Alipurduar,2015,6,25.277077,25.85853859,26.63268543,89.46303239,24.65548706,26.67501831,71.15038307,-45.87330607,,
01-07-2015,West Bengal,Alipurduar,2015,7,17.68148239,26.82137496,26.63268543,89.46303239,25.33352661,27.74758911,81.16270467,-63.48122228,,
01-08-2015,West Bengal,Alipurduar,2015,8,39.78620967,25.95723922,26.63268543,89.46303239,24.50454712,26.90298462,75.37614231,-35.58993264,,
01-09-2015,West Bengal,Alipurduar,2015,9,19.34017379,26.12022117,26.63268543,89.46303239,24.58889771,27.05764771,66.56856884,-47.22839505,1.758536284,Severely Wet
01-10-2015,West Bengal,Alipurduar,2015,10,0.900159765,24.45284921,26.63268543,89.46303239,22.64816284,25.60714722,61.37991912,-60.47975935,,
01-11-2015,West Bengal,Alipurduar,2015,11,0.548042333,21.17381456,26.63268543,89.46303239,19.74304199,22.12780762,40.78177235,-40.23373001,0.717418866,Normal
01-12-2015,West Bengal,Alipurduar,2015,12,0.667551959,16.93787186,26.63268543,89.46303239,15.62826538,17.82553101,32.61534705,-31.94779509,,
01-01-2016,West Bengal,Alipurduar,2016,1,0.853681776,15.80780707,26.63268543,89.46303239,14.37768555,16.6940918,34.31761357,-33.46393179,,
01-02-2016,West Bengal,Alipurduar,2016,2,0.751373432,19.3413312,26.63268543,89.46303239,17.65115356,20.61209106,47.88148964,-47.1301162,,
01-03-2016,West Bengal,Alipurduar,2016,3,2.073644426,23.20538556,26.63268543,89.46303239,21.1836853,24.6758728,72.76169372,-70.68804929,,
01-04-2016,West Bengal,Alipurduar,2016,4,2.177952519,24.57510941,26.63268543,89.46303239,22.8821106,26.01882935,78.90594703,-76.72799452,,
01-05-2016,West Bengal,Alipurduar,2016,5,10.70837176,25.20502839,26.63268543,89.46303239,23.82995605,26.2166748,77.12731592,-66.41894416,,
01-06-2016,West Bengal,Alipurduar,2016,6,29.42400445,26.40405047,26.63268543,89.46303239,24.91656494,27.42633057,80.30848062,-50.88447617,,
01-07-2016,West Bengal,Alipurduar,2016,7,39.29165762,25.94882541,26.63268543,89.46303239,24.47595215,26.95446777,80.63090515,-41.33924753,,
01-08-2016,West Bengal,Alipurduar,2016,8,10.30143568,27.53063061,26.63268543,89.46303239,25.94729614,28.51760864,80.83594423,-70.53450855,,
01-09-2016,West Bengal,Alipurduar,2016,9,15.11142081,25.96747956,26.63268543,89.46303239,24.59103394,26.82931519,63.16478339,-48.05336258,0.885230009,Normal
01-10-2016,West Bengal,Alipurduar,2016,10,8.259327076,24.26554136,26.63268543,89.46303239,22.61138916,25.39263916,59.24414992,-50.98482285,,
01-11-2016,West Bengal,Alipurduar,2016,11,0.027111182,21.84746184,26.63268543,89.46303239,20.5291748,22.8651123,41.05975264,-41.03264146,2.344721414,Severely Wet
01-12-2016,West Bengal,Alipurduar,2016,12,0.163577521,18.97261104,26.63268543,89.46303239,17.63754272,19.69613647,33.41852728,-33.25494976,,
01-01-2017,West Bengal,Alipurduar,2017,1,0.177225078,17.28808933,26.63268543,89.46303239,16.11209106,18.14529419,33.56755004,-33.39032496,,
01-02-2017,West Bengal,Alipurduar,2017,2,0.686073939,19.74291992,26.63268543,89.46303239,18.35562134,20.56655884,40.38051757,-39.69444363,,
01-03-2017,West Bengal,Alipurduar,2017,3,1.765413355,21.06107585,26.63268543,89.46303239,19.52078247,22.13015747,59.60685274,-57.84143939,,
01-04-2017,West Bengal,Alipurduar,2017,4,4.522312588,23.70949074,26.63268543,89.46303239,22.24667358,24.87362671,70.73505271,-66.21274012,,
01-05-2017,West Bengal,Alipurduar,2017,5,5.718558983,25.359054,26.63268543,89.46303239,23.91793823,26.33786011,77.94009785,-72.22153887,,
01-06-2017,West Bengal,Alipurduar,2017,6,14.57298674,26.57741518,26.63268543,89.46303239,25.07531738,27.57141113,80.40354709,-65.83056035,,
01-07-2017,West Bengal,Alipurduar,2017,7,23.90507903,26.51520454,26.63268543,89.46303239,25.07278442,27.43411255,79.72054082,-55.81546179,,
01-08-2017,West Bengal,Alipurduar,2017,8,32.32198984,26.52111816,26.63268543,89.46303239,24.95529175,27.52560425,79.03572899,-46.71373915,,
01-09-2017,West Bengal,Alipurduar,2017,9,18.96416784,26.12809697,26.63268543,89.46303239,24.58621216,27.09011841,67.05290018,-48.08873234,1.505632138,Severely Wet
01-10-2017,West Bengal,Alipurduar,2017,10,6.156103064,24.42336245,26.63268543,89.46303239,22.87380981,25.41873169,56.88385475,-50.72775169,,
01-11-2017,West Bengal,Alipurduar,2017,11,0.111679218,20.50439001,26.63268543,89.46303239,19.00460815,21.51046753,41.08631849,-40.97463928,2.361257165,Severely Wet
01-12-2017,West Bengal,Alipurduar,2017,12,0.122284677,18.89184005,26.63268543,89.46303239,17.54519653,19.76004028,34.58745065,-34.46516597,,
01-01-2018,West Bengal,Alipurduar,2018,1,0.156185698,16.01329097,26.63268543,89.46303239,14.74990845,16.72647095,31.89423998,-31.73805428,,
01-02-2018,West Bengal,Alipurduar,2018,2,0.758517089,19.02459265,26.63268543,89.46303239,17.40704346,20.08673096,43.60493342,-42.84641633,,
01-03-2018,West Bengal,Alipurduar,2018,3,2.121517464,22.12174027,26.63268543,89.46303239,20.32247925,23.57247925,68.33831536,-66.2167979,,
01-04-2018,West Bengal,Alipurduar,2018,4,3.987512942,23.91422526,26.63268543,89.46303239,22.30557251,25.07705688,73.01322186,-69.02570892,,
01-05-2018,West Bengal,Alipurduar,2018,5,9.425092344,24.63288484,26.63268543,89.46303239,23.21484375,25.60351563,76.13233745,-66.7072451,,
01-06-2018,West Bengal,Alipurduar,2018,6,21.74356644,26.63204843,26.63268543,89.46303239,25.07345581,27.62423706,81.37962856,-59.63606212,,
01-07-2018,West Bengal,Alipurduar,2018,7,25.63469781,26.80239077,26.63268543,89.46303239,25.18563843,27.86532593,85.47508103,-59.84038322,,
01-08-2018,West Bengal,Alipurduar,2018,8,17.13437907,26.95088252,26.63268543,89.46303239,25.41268921,27.96151733,79.46788781,-62.33350874,,
01-09-2018,West Bengal,Alipurduar,2018,9,14.16892949,26.08542209,26.63268543,89.46303239,24.42251587,27.12564087,69.60164267,-55.43271318,-0.500518945,Normal
01-10-2018,West Bengal,Alipurduar,2018,10,1.612480446,23.36266638,26.63268543,89.46303239,21.8687439,24.32382202,54.46721038,-52.85472993,,
01-11-2018,West Bengal,Alipurduar,2018,11,0.295179067,20.8806288,26.63268543,89.46303239,19.5151062,21.74752808,39.16083922,-38.86566016,1.286912106,Moderately Wet
01-12-2018,West Bengal,Alipurduar,2018,12,0.476981375,17.22431437,26.63268543,89.46303239,15.95803833,18.11428833,32.57592171,-32.09894034,,
01-01-2019,West Bengal,Alipurduar,2019,1,0.036575041,16.920244,26.63268543,89.46303239,15.55197144,17.83517456,35.19853462,-35.16195958,,
01-02-2019,West Bengal,Alipurduar,2019,2,2.450815837,18.7663642,26.63268543,89.46303239,17.4006958,19.59210205,39.15604596,-36.70523012,,
01-03-2019,West Bengal,Alipurduar,2019,3,0.858941114,21.92827239,26.63268543,89.46303239,20.49533081,22.96798706,59.31911671,-58.4601756,,
01-04-2019,West Bengal,Alipurduar,2019,4,3.920505665,24.97254322,26.63268543,89.46303239,23.20315552,26.28909302,78.99866477,-75.0781591,,
01-05-2019,West Bengal,Alipurduar,2019,5,9.621272334,24.75247758,26.63268543,89.46303239,23.47079468,25.56845093,71.54517799,-61.92390566,,
01-06-2019,West Bengal,Alipurduar,2019,6,19.25442618,26.8255344,26.63268543,89.46303239,25.39172363,27.79797363,79.38465521,-60.13022903,,
01-07-2019,West Bengal,Alipurduar,2019,7,42.38040726,26.28826226,26.63268543,89.46303239,24.84005737,27.26583862,80.38742299,-38.00701573,,
01-08-2019,West Bengal,Alipurduar,2019,8,17.60610849,27.60738118,26.63268543,89.46303239,26.07092285,28.5592041,79.67021321,-62.06410472,,
01-09-2019,West Bengal,Alipurduar,2019,9,20.2466182,25.84167028,26.63268543,89.46303239,24.43954468,26.7618103,64.15395799,-43.90733979,1.886337765,Severely Wet
01-10-2019,West Bengal,Alipurduar,2019,10,1.864838212,23.91515209,26.63268543,89.46303239,22.34078979,24.88180542,56.15604007,-54.29120186,,
01-11-2019,West Bengal,Alipurduar,2019,11,0.26808495,22.52622703,26.63268543,89.46303239,20.96676636,23.54489136,43.8742702,-43.60618525,2.225892763,Severely Wet
01-12-2019,West Bengal,Alipurduar,2019,12,0.290562665,16.86500041,26.63268543,89.46303239,15.35067749,17.83700562,34.62166466,-34.33110199,,
01-01-2020,West Bengal,Alipurduar,2020,1,0.782641234,16.10420736,26.63268543,89.46303239,14.57165527,16.99157715,35.38537552,-34.60273429,-6.360938869,Severe Drought
01-02-2020,West Bengal,Alipurduar,2020,2,0.54546003,18.13712452,26.63268543,89.46303239,16.39956665,19.2628479,45.55865527,-45.01319524,,
01-03-2020,West Bengal,Alipurduar,2020,3,1.211204953,22.38661024,26.63268543,89.46303239,20.47558594,23.70019531,68.52247702,-67.31127207,,
01-04-2020,West Bengal,Alipurduar,2020,4,4.310869288,24.32558187,26.63268543,89.46303239,22.24224854,25.73443604,82.76673122,-78.45586193,,
01-05-2020,West Bengal,Alipurduar,2020,5,14.20122387,24.97127279,26.63268543,89.46303239,23.42837524,25.99478149,79.54323196,-65.34200809,,
01-06-2020,West Bengal,Alipurduar,2020,6,24.86117667,26.02453839,26.63268543,89.46303239,24.4241333,27.01397705,80.87920829,-56.01803162,,
01-07-2020,West Bengal,Alipurduar,2020,7,39.52759693,25.96227123,26.63268543,89.46303239,24.35549927,26.94729614,82.47828875,-42.95069182,,
01-08-2020,West Bengal,Alipurduar,2020,8,12.38791346,27.08650716,26.63268543,89.46303239,25.38345337,28.11978149,82.58852115,-70.20060769,,
01-09-2020,West Bengal,Alipurduar,2020,9,27.05906847,25.89969889,26.63268543,89.46303239,24.34182739,26.80081177,66.10319862,-39.04413015,1.407961896,Moderately Wet
01-10-2020,West Bengal,Alipurduar,2020,10,3.095419425,24.98896846,26.63268543,89.46303239,23.1234436,26.19766235,63.35752098,-60.26210155,,
01-11-2020,West Bengal,Alipurduar,2020,11,0.154789872,20.62291576,26.63268543,89.46303239,19.22122192,21.6411438,40.50058734,-40.34579747,2.369256553,Severely Wet
01-12-2020,West Bengal,Alipurduar,2020,12,0.317138001,17.60624864,26.63268543,89.46303239,16.15594482,18.4039917,33.62483104,-33.30769304,,
01-01-2021,West Bengal,Alipurduar,2021,1,0.791761045,16.77655934,26.63268543,89.46303239,15.12103271,17.66595459,37.00739734,-36.2156363,-6.360938869,Severe Drought
01-02-2021,West Bengal,Alipurduar,2021,2,0.353194413,18.63592416,26.63268543,89.46303239,16.79550171,19.85214233,46.07948118,-45.72628677,,
01-03-2021,West Bengal,Alipurduar,2021,3,1.458641194,22.65224429,26.63268543,89.46303239,20.65658569,24.00424194,70.27909703,-68.82045584,,
01-04-2021,West Bengal,Alipurduar,2021,4,1.833576909,24.92097982,26.63268543,89.46303239,23.11245728,26.33120728,80.58346583,-78.74988892,,
01-05-2021,West Bengal,Alipurduar,2021,5,7.621806392,25.25949888,26.63268543,89.46303239,23.74655151,26.20162964,78.32312136,-70.70131496,,
01-06-2021,West Bengal,Alipurduar,2021,6,21.57381637,26.18830928,26.63268543,89.46303239,24.6333313,27.1723938,80.38161453,-58.80779816,,
01-07-2021,West Bengal,Alipurduar,2021,7,20.92744954,26.6308865,26.63268543,89.46303239,25.00415039,27.60571289,83.89603151,-62.96858197,,
01-08-2021,West Bengal,Alipurduar,2021,8,26.01937301,26.05110225,26.63268543,89.46303239,24.42501831,27.02462769,78.64196431,-52.6225913,,
01-09-2021,West Bengal,Alipurduar,2021,9,7.922320331,26.89944571,26.63268543,89.46303239,25.21780396,27.90335083,70.66179267,-62.73947234,-0.557071405,Normal
01-10-2021,West Bengal,Alipurduar,2021,10,19.23134811,24.91078469,26.63268543,89.46303239,23.20852661,25.92727661,59.47318037,-40.24183226,,
01-11-2021,West Bengal,Alipurduar,2021,11,0.147913862,20.03191913,26.63268543,89.46303239,18.71572876,21.03018188,38.9989484,-38.85103453,2.223724962,Severely Wet
01-12-2021,West Bengal,Alipurduar,2021,12,0.229894055,17.94565045,26.63268543,89.46303239,16.32766724,18.91360474,36.40908211,-36.17918805,,
01-01-2022,West Bengal,Alipurduar,2022,1,0.371077078,16.11472236,26.63268543,89.46303239,14.63577271,17.07913208,35.56734767,-35.19627059,-6.360938869,Severe Drought
01-02-2022,West Bengal,Alipurduar,2022,2,1.721660614,16.11958483,26.63268543,89.46303239,14.44857788,17.25717163,41.11976193,-39.39810131,,
01-03-2022,West Bengal,Alipurduar,2022,3,0.407180715,24.42742694,26.63268543,89.46303239,22.41064453,25.88330078,74.72030575,-74.31312504,,
01-04-2022,West Bengal,Alipurduar,2022,4,7.621052495,23.7534564,26.63268543,89.46303239,22.40594482,24.73406982,66.66093723,-59.03988473,,
01-05-2022,West Bengal,Alipurduar,2022,5,14.54296423,25.04555935,26.63268543,89.46303239,23.58093262,25.95593262,76.65243943,-62.1094752,,
01-06-2022,West Bengal,Alipurduar,2022,6,44.85285554,25.20227051,26.63268543,89.46303239,23.66769409,26.12667847,77.33071601,-32.47786047,,
01-07-2022,West Bengal,Alipurduar,2022,7,11.11988661,27.38701262,26.63268543,89.46303239,25.6579895,28.42166138,87.94196754,-76.82208093,,
01-08-2022,West Bengal,Alipurduar,2022,8,12.39316587,27.30679886,26.63268543,89.46303239,25.57589722,28.31808472,83.08265593,-70.68949006,,
01-09-2022,West Bengal,Alipurduar,2022,9,5.65931193,26.27222584,26.63268543,89.46303239,24.55361938,27.23330688,69.59422538,-63.93491345,-2.557316713,Severe Drought
01-10-2022,West Bengal,Alipurduar,2022,10,3.167321664,23.85207791,26.63268543,89.46303239,22.09701538,24.81576538,57.99897052,-54.83164886,,
01-11-2022,West Bengal,Alipurduar,2022,11,0.006851758,20.43876139,26.63268543,89.46303239,18.73751831,21.64181519,44.15650079,-44.14964903,-6.360938869,Severe Drought
01-12-2022,West Bengal,Alipurduar,2022,12,0.011577436,18.38947663,26.63268543,89.46303239,16.93041992,19.4987793,36.73564866,-36.72407123,,
01-01-2023,West Bengal,Alipurduar,2023,1,0.198549447,16.63927884,26.63268543,89.46303239,15.06723022,17.53207397,36.2759075,-36.07735806,-6.360938869,Severe Drought
01-02-2023,West Bengal,Alipurduar,2023,2,0.245505386,19.50036169,26.63268543,89.46303239,17.73300171,20.62753296,45.90476468,-45.6592593,,
01-03-2023,West Bengal,Alipurduar,2023,3,1.316831659,22.31913701,26.63268543,89.46303239,20.43856812,23.57528687,67.46872387,-66.15189221,,
01-04-2023,West Bengal,Alipurduar,2023,4,1.36701273,24.91523799,26.63268543,89.46303239,23.27294922,26.18505859,76.6386393,-75.27162657,,
01-05-2023,West Bengal,Alipurduar,2023,5,3.184063947,25.74753373,26.63268543,89.46303239,24.262146,26.777771,80.18162838,-76.99756444,,
01-06-2023,West Bengal,Alipurduar,2023,6,16.36588203,26.72385887,26.63268543,89.46303239,25.3878479,27.5597229,75.24765499,-58.88177296,,
01-07-2023,West Bengal,Alipurduar,2023,7,14.04801884,27.30654116,26.63268543,89.46303239,25.71322632,28.24642944,84.04537916,-69.99736032,,
01-08-2023,West Bengal,Alipurduar,2023,8,16.0260281,27.02408854,26.63268543,89.46303239,25.31777954,28.01895142,81.94215249,-65.91612439,,
01-09-2023,West Bengal,Alipurduar,2023,9,6.213979085,27.55181659,26.63268543,89.46303239,25.85787964,28.47116089,70.72189825,-64.50791917,-2.009879927,Severe Drought
01-10-2023,West Bengal,Alipurduar,2023,10,4.164303532,24.30208333,26.63268543,89.46303239,22.58926392,25.27481079,58.26649988,-54.10219634,,
01-11-2023,West Bengal,Alipurduar,2023,11,0.045607302,21.93264431,26.63268543,89.46303239,20.1184082,23.02661133,45.91241822,-45.86681092,-6.360938869,Severe Drought
01-12-2023,West Bengal,Alipurduar,2023,12,0.1608187,18.9902615,26.63268543,89.46303239,17.43051147,19.77035522,35.64542666,-35.48460796,,
01-01-2024,West Bengal,Alipurduar,2024,1,0.049244625,16.28462954,26.63268543,89.46303239,14.55206299,17.21612549,37.32504353,-37.27579891,-6.360938869,Severe Drought
01-02-2024,West Bengal,Alipurduar,2024,2,0.182776769,18.6569406,26.63268543,89.46303239,16.86013794,19.75662231,46.48484455,-46.30206778,,
01-03-2024,West Bengal,Alipurduar,2024,3,2.111488342,22.75379774,26.63268543,89.46303239,20.92227173,23.8109436,65.44760526,-63.33611692,,
01-04-2024,West Bengal,Alipurduar,2024,4,0.499478693,27.18183277,26.63268543,89.46303239,24.84075928,28.82904053,94.4476484,-93.94816971,,
01-05-2024,West Bengal,Alipurduar,2024,5,8.282519305,27.71973108,26.63268543,89.46303239,25.7923584,28.77478027,91.25834366,-82.97582436,,
01-06-2024,West Bengal,Alipurduar,2024,6,34.30173973,26.48352051,26.63268543,89.46303239,25.08566284,27.29660034,75.51150605,-41.20976632,,
01-07-2024,West Bengal,Alipurduar,2024,7,27.63250958,27.48271575,26.63268543,89.46303239,25.79919434,28.45153809,86.33495703,-58.70244745,,
01-08-2024,West Bengal,Alipurduar,2024,8,15.98761325,27.03857874,26.63268543,89.46303239,25.40475464,27.90670776,78.88804851,-62.90043526,,
01-09-2024,West Bengal,Alipurduar,2024,9,14.62392171,27.85463234,26.63268543,89.46303239,26.03048706,28.81564331,73.4980433,-58.87412159,-0.722074549,Normal
01-10-2024,West Bengal,Alipurduar,2024,10,4.579894454,24.69870786,26.63268543,89.46303239,23.16311646,25.55764771,55.5373248,-50.95743034,,
01-11-2024,West Bengal,Alipurduar,2024,11,0.147920008,21.38767271,26.63268543,89.46303239,19.65872192,22.41262817,44.0650612,-43.9171412,-6.360938869,Severe Drought
01-12-2024,West Bengal,Alipurduar,2024,12,0.085335484,18.14732643,26.63268543,89.46303239,16.57260132,19.08822632,36.11329042,-36.02795494,,
01-01-2025,West Bengal,Alipurduar,2025,1,0.449327186,17.71152186,26.63268543,89.46303239,16.19235229,18.36422729,35.11205417,-34.66272698,-6.360938869,Severe Drought
01-02-2025,West Bengal,Alipurduar,2025,2,0.91028383,18.59158325,26.63268543,89.46303239,16.67556763,19.8611145,46.98384457,-46.07356074,,
01-03-2025,West Bengal,Alipurduar,2025,3,1.448282878,22.38818811,26.63268543,89.46303239,20.38015747,23.80593872,70.63035088,-69.182068,,
01-04-2025,West Bengal,Alipurduar,2025,4,3.910999439,25.07363779,26.63268543,89.46303239,23.26446533,26.23907471,77.74391739,-73.83291795,,
01-05-2025,West Bengal,Alipurduar,2025,5,19.59546351,25.52100514,26.63268543,89.46303239,24.01644897,26.41098022,77.82105891,-58.2255954,,
01-06-2025,West Bengal,Alipurduar,2025,6,10.92746085,27.42727774,26.63268543,89.46303239,25.73001099,28.38821411,84.56239785,-73.634937,,
01-07-2025,West Bengal,Alipurduar,2025,7,13.72585155,27.68228715,26.63268543,89.46303239,25.94161987,28.662323,87.82581357,-74.09996202,,
01-08-2025,West Bengal,Alipurduar,2025,8,23.79533556,26.62292933,26.63268543,89.46303239,24.88442993,27.60708618,81.53111665,-57.73578109,,
01-09-2025,West Bengal,Alipurduar,2025,9,11.16694811,27.12701642,26.63268543,89.46303239,25.34439087,28.08462524,71.74102513,-60.57407702,-1.546281971,Severe Drought
01-10-2025,West Bengal,Alipurduar,2025,10,8.828456172,24.99879738,26.63268543,89.46303239,23.19888306,26.08169556,61.36754359,-52.53908742,,
01-01-2013,West Bengal,Bankura,2013,1,0.067419545,17.5883458,23.13919862,87.13627526,16.96963501,18.24697876,29.15121115,-29.0837916,,
01-02-2013,West Bengal,Bankura,2013,2,0.547710548,21.09746383,23.13919862,87.13627526,20.64993286,21.57376099,28.67989133,-28.13218078,,
01-03-2013,West Bengal,Bankura,2013,3,0.19310636,26.71692101,23.13919862,87.13627526,26.17352295,27.1539917,43.30049368,-43.10738732,,
01-04-2013,West Bengal,Bankura,2013,4,1.204725362,30.42210673,23.13919862,87.13627526,29.71209717,30.60076904,48.28037331,-47.07564795,,
01-05-2013,West Bengal,Bankura,2013,5,5.619583389,30.53444038,23.13919862,87.13627526,30.05142212,30.88345337,50.85556741,-45.23598402,,
01-06-2013,West Bengal,Bankura,2013,6,6.041704598,28.35883499,23.13919862,87.13627526,27.6973877,28.58410645,49.14675283,-43.10504823,0.77901773,Normal
01-07-2013,West Bengal,Bankura,2013,7,6.142178293,27.7946136,23.13919862,87.13627526,27.01925659,28.13449097,55.75554915,-49.61337086,,
01-08-2013,West Bengal,Bankura,2013,8,11.6805151,27.1318587,23.13919862,87.13627526,26.65579224,27.40969849,43.50765034,-31.82713524,,
01-09-2013,West Bengal,Bankura,2013,9,7.865115925,27.26982918,23.13919862,87.13627526,26.7406311,27.44570923,37.39571525,-29.53059933,,
01-10-2013,West Bengal,Bankura,2013,10,10.40855382,25.01993056,23.13919862,87.13627526,24.50582886,25.31832886,34.25883769,-23.85028387,,
01-11-2013,West Bengal,Bankura,2013,11,0.009713335,21.12963867,23.13919862,87.13627526,20.46868896,21.67181396,31.22398922,-31.21427589,,
01-12-2013,West Bengal,Bankura,2013,12,0.011669879,18.65552585,23.13919862,87.13627526,17.99917603,19.11831665,26.73746408,-26.7257942,,
01-01-2014,West Bengal,Bankura,2014,1,0.07215095,17.56951594,23.13919862,87.13627526,16.83126831,18.26486206,30.86630283,-30.79415188,,
01-02-2014,West Bengal,Bankura,2014,2,1.467539771,20.23777849,23.13919862,87.13627526,19.43014526,21.06100464,37.26353293,-35.79599316,,
01-03-2014,West Bengal,Bankura,2014,3,0.548472647,25.3542046,23.13919862,87.13627526,24.45162964,26.06686401,53.87555297,-53.32708033,,
01-04-2014,West Bengal,Bankura,2014,4,0.147789389,31.63556425,23.13919862,87.13627526,30.85855103,32.12026978,58.9758891,-58.82809971,,
01-05-2014,West Bengal,Bankura,2014,5,3.436346022,31.996851,23.13919862,87.13627526,31.3934021,32.25863647,53.42945596,-49.99310994,,
01-06-2014,West Bengal,Bankura,2014,6,9.148496466,30.34981627,23.13919862,87.13627526,29.9397583,30.60577393,44.43077502,-35.28227855,-0.062654945,Normal
01-07-2014,West Bengal,Bankura,2014,7,10.88926671,27.60091904,23.13919862,87.13627526,26.91696167,27.97360229,54.04055229,-43.15128558,,
01-08-2014,West Bengal,Bankura,2014,8,9.900302693,27.72858597,23.13919862,87.13627526,27.10150146,27.96282959,47.12171095,-37.22140825,,
01-09-2014,West Bengal,Bankura,2014,9,4.323005288,27.33485749,23.13919862,87.13627526,26.84164429,27.53695679,37.18941991,-32.86641462,,
01-10-2014,West Bengal,Bankura,2014,10,1.920816712,25.59925765,23.13919862,87.13627526,25.19985962,25.91860962,32.65774628,-30.73692957,,
01-11-2014,West Bengal,Bankura,2014,11,0.001149065,22.23839091,23.13919862,87.13627526,21.38308716,22.81668091,35.05438119,-35.05323212,,
01-12-2014,West Bengal,Bankura,2014,12,0.025689988,18.25668076,23.13919862,87.13627526,17.48287964,18.76217651,28.27391388,-28.24822389,,
01-01-2015,West Bengal,Bankura,2015,1,0.840409489,18.11666611,23.13919862,87.13627526,17.56436157,18.4413147,24.51470411,-23.67429462,,
01-02-2015,West Bengal,Bankura,2015,2,0.49633427,22.38801187,23.13919862,87.13627526,21.67770386,23.15036011,37.4117341,-36.91539983,,
01-03-2015,West Bengal,Bankura,2015,3,1.071466608,26.47879908,23.13919862,87.13627526,25.66970825,27.2986145,55.51300401,-54.4415374,,
01-04-2015,West Bengal,Bankura,2015,4,3.371280218,28.73299705,23.13919862,87.13627526,28.15649414,29.36352539,54.29677123,-50.92549102,,
01-05-2015,West Bengal,Bankura,2015,5,2.156233448,31.56246276,23.13919862,87.13627526,30.92660522,32.08676147,61.32916497,-59.17293152,,
01-06-2015,West Bengal,Bankura,2015,6,8.346349167,29.77370026,23.13919862,87.13627526,29.27072144,29.96408081,44.79124874,-36.44489957,-0.314117998,Normal
01-07-2015,West Bengal,Bankura,2015,7,20.89415883,27.48676468,23.13919862,87.13627526,27.02297974,27.64016724,41.19754529,-20.30338646,,
01-08-2015,West Bengal,Bankura,2015,8,8.804629568,27.85951983,23.13919862,87.13627526,27.31509399,28.14907837,46.50106201,-37.69643244,,
01-09-2015,West Bengal,Bankura,2015,9,4.571440099,28.13875257,23.13919862,87.13627526,27.67678833,28.30764771,36.05477508,-31.48333498,,
01-10-2015,West Bengal,Bankura,2015,10,1.009563381,26.54540809,23.13919862,87.13627526,26.22433472,26.86886597,31.59989403,-30.59033065,,
01-11-2015,West Bengal,Bankura,2015,11,0.027710393,24.07825121,23.13919862,87.13627526,23.53796387,24.66491699,32.50828832,-32.48057792,,
01-12-2015,West Bengal,Bankura,2015,12,0.431107861,19.94692217,23.13919862,87.13627526,19.36654663,20.30209351,25.31213864,-24.88103078,,
01-01-2016,West Bengal,Bankura,2016,1,0.400696447,18.66045832,23.13919862,87.13627526,17.95581055,19.43432617,32.3130185,-31.91232205,,
01-02-2016,West Bengal,Bankura,2016,2,1.926818589,23.56243586,23.13919862,87.13627526,22.67849731,24.40505981,43.18151249,-41.2546939,,
01-03-2016,West Bengal,Bankura,2016,3,0.422690375,27.63889533,23.13919862,87.13627526,26.9102478,28.47079468,55.75926307,-55.33657269,,
01-04-2016,West Bengal,Bankura,2016,4,0.340286384,33.62641726,23.13919862,87.13627526,33.05007935,34.38796997,63.17573402,-62.83544764,,
01-05-2016,West Bengal,Bankura,2016,5,3.606353501,30.78404107,23.13919862,87.13627526,30.18737793,31.41003418,61.96662055,-58.36026705,,
01-06-2016,West Bengal,Bankura,2016,6,4.582177114,29.78934802,23.13919862,87.13627526,29.27789307,30.06695557,47.79830552,-43.21612841,-1.986913116,Severe Drought
01-07-2016,West Bengal,Bankura,2016,7,8.232190148,27.73445983,23.13919862,87.13627526,27.1361084,27.9798584,48.43268716,-40.20049701,,
01-08-2016,West Bengal,Bankura,2016,8,10.8767814,27.5596179,23.13919862,87.13627526,26.94338989,27.80667114,47.00002781,-36.12324641,,
01-09-2016,West Bengal,Bankura,2016,9,8.511233572,27.21427892,23.13919862,87.13627526,26.60665894,27.46212769,41.14051108,-32.62927751,,
01-10-2016,West Bengal,Bankura,2016,10,2.134895066,25.95133326,23.13919862,87.13627526,25.46295166,26.30279541,35.58815884,-33.45326378,,
01-11-2016,West Bengal,Bankura,2016,11,0.216562659,22.378089,23.13919862,87.13627526,21.83581543,22.69714355,27.2663013,-27.04973864,,
01-12-2016,West Bengal,Bankura,2016,12,0.004038003,19.70398156,23.13919862,87.13627526,19.07504272,20.18832397,27.43432892,-27.43029092,,
01-01-2017,West Bengal,Bankura,2017,1,0.111909446,18.82875604,23.13919862,87.13627526,18.12380981,19.39529419,30.10371761,-29.99180817,,
01-02-2017,West Bengal,Bankura,2017,2,0.019553811,22.63882498,23.13919862,87.13627526,21.83999634,23.38491821,38.55781482,-38.538261,,
01-03-2017,West Bengal,Bankura,2017,3,0.664395801,26.43563998,23.13919862,87.13627526,25.4992981,27.3352356,58.87787293,-58.21347713,,
01-04-2017,West Bengal,Bankura,2017,4,2.210293269,30.64924854,23.13919862,87.13627526,30.23690796,31.09042358,47.53861284,-45.32831957,,
01-05-2017,West Bengal,Bankura,2017,5,3.327594822,31.00536696,23.13919862,87.13627526,30.46090698,31.42184448,55.18577474,-51.85817992,,
01-06-2017,West Bengal,Bankura,2017,6,6.616710598,29.99414683,23.13919862,87.13627526,29.44641113,30.22766113,47.76576883,-41.14905824,0.510406763,Normal
01-07-2017,West Bengal,Bankura,2017,7,15.54065148,27.41206593,23.13919862,87.13627526,26.8052063,27.68606567,49.13592373,-33.59527225,,
01-08-2017,West Bengal,Bankura,2017,8,9.02363095,27.78722317,23.13919862,87.13627526,27.18380737,28.03536987,46.91416343,-37.89053248,,
01-09-2017,West Bengal,Bankura,2017,9,8.394825046,28.02874446,23.13919862,87.13627526,27.59402466,28.19949341,35.23717927,-26.84235422,,
01-10-2017,West Bengal,Bankura,2017,10,5.601300773,26.02645202,23.13919862,87.13627526,25.59255981,26.38162231,34.55468964,-28.95338887,,
01-11-2017,West Bengal,Bankura,2017,11,0.607754724,21.62341722,23.13919862,87.13627526,21.22921753,21.95968628,24.63812912,-24.03037439,,
01-12-2017,West Bengal,Bankura,2017,12,1.218766293,19.11600611,23.13919862,87.13627526,18.74441528,19.46707153,21.75680445,-20.53803815,,
01-01-2018,West Bengal,Bankura,2018,1,0.000817353,16.68227787,23.13919862,87.13627526,16.04092407,17.27920532,27.96713912,-27.96632177,,
01-02-2018,West Bengal,Bankura,2018,2,0.062000994,22.91227489,23.13919862,87.13627526,22.04376221,23.72735596,40.52328532,-40.46128432,,
01-03-2018,West Bengal,Bankura,2018,3,0.449895471,27.57459737,23.13919862,87.13627526,26.76779175,28.30099487,55.19039246,-54.74049699,,
01-04-2018,West Bengal,Bankura,2018,4,3.120909093,28.55851927,23.13919862,87.13627526,28.19424438,28.84268188,39.64763988,-36.52673079,,
01-05-2018,West Bengal,Bankura,2018,5,5.489132639,29.17991923,23.13919862,87.13627526,28.75,29.9140625,58.46721477,-52.97808213,,
01-06-2018,West Bengal,Bankura,2018,6,5.494050624,29.97550111,23.13919862,87.13627526,29.63986206,30.23751831,41.76168638,-36.26763576,1.534632471,Severely Wet
01-07-2018,West Bengal,Bankura,2018,7,11.38214318,27.91792737,23.13919862,87.13627526,27.22470093,28.19540405,52.15803599,-40.77589281,,
01-08-2018,West Bengal,Bankura,2018,8,7.269829702,27.73187566,23.13919862,87.13627526,27.05917358,28.00839233,49.47106599,-42.20123629,,
01-09-2018,West Bengal,Bankura,2018,9,5.740681276,27.70757332,23.13919862,87.13627526,27.16079712,27.98696899,40.87296934,-35.13228807,,
01-10-2018,West Bengal,Bankura,2018,10,2.262035822,25.4791777,23.13919862,87.13627526,25.07772827,25.83358765,33.39754049,-31.13550466,,
01-11-2018,West Bengal,Bankura,2018,11,0.04737837,23.0768774,23.13919862,87.13627526,22.60494995,23.45846558,27.61443054,-27.56705217,,
01-12-2018,West Bengal,Bankura,2018,12,1.870557882,17.87276342,23.13919862,87.13627526,17.41702271,18.30960083,23.3654629,-21.49490502,,
01-01-2019,West Bengal,Bankura,2019,1,0.041581594,17.68044682,23.13919862,87.13627526,17.26290894,18.00314331,22.24928969,-22.20770809,,
01-02-2019,West Bengal,Bankura,2019,2,2.881255586,21.43694551,23.13919862,87.13627526,21.00616455,21.86358643,27.87103502,-24.98977943,,
01-03-2019,West Bengal,Bankura,2019,3,1.007054798,25.32259459,23.13919862,87.13627526,24.64376831,26.02853394,49.84755626,-48.84050146,,
01-04-2019,West Bengal,Bankura,2019,4,2.134702779,29.39247674,23.13919862,87.13627526,28.82424927,29.65432739,45.6652644,-43.53056162,,
01-05-2019,West Bengal,Bankura,2019,5,4.737018133,31.17818955,23.13919862,87.13627526,30.70321655,31.5821228,52.96463632,-48.22761818,,
01-06-2019,West Bengal,Bankura,2019,6,6.266102936,30.64980096,23.13919862,87.13627526,30.11633301,31.22180176,57.59864625,-51.33254331,0.040718664,Normal
01-07-2019,West Bengal,Bankura,2019,7,7.588103731,28.83409817,23.13919862,87.13627526,28.19747925,29.10958862,51.5725404,-43.98443667,,
01-08-2019,West Bengal,Bankura,2019,8,9.652193748,27.8769014,23.13919862,87.13627526,27.21154785,28.17834473,50.08605524,-40.43386149,,
01-09-2019,West Bengal,Bankura,2019,9,8.359177412,27.15971762,23.13919862,87.13627526,26.52938843,27.48446655,43.41705213,-35.05787471,,
01-10-2019,West Bengal,Bankura,2019,10,6.866928876,25.49184198,23.13919862,87.13627526,25.11813354,25.92672729,34.55303782,-27.68610895,,
01-11-2019,West Bengal,Bankura,2019,11,0.322559389,23.07720016,23.13919862,87.13627526,22.58004761,23.33590698,25.98688845,-25.66432906,,
01-12-2019,West Bengal,Bankura,2019,12,0.582223278,18.90360997,23.13919862,87.13627526,18.13192749,19.32528687,27.79770388,-27.2154806,,
01-01-2020,West Bengal,Bankura,2020,1,0.812961966,17.7576325,23.13919862,87.13627526,17.05993652,18.33337402,29.24584012,-28.43287816,,
01-02-2020,West Bengal,Bankura,2020,2,0.415973663,20.10216251,23.13919862,87.13627526,19.16714478,20.80581665,38.54877485,-38.13280118,,
01-03-2020,West Bengal,Bankura,2020,3,0.785594552,25.7747451,23.13919862,87.13627526,24.41308594,26.40527344,60.41583908,-59.63024453,,
01-04-2020,West Bengal,Bankura,2020,4,3.464452711,29.10298183,23.13919862,87.13627526,28.48052979,29.64263916,53.70041945,-50.23596674,,
01-05-2020,West Bengal,Bankura,2020,5,5.947107865,28.97766734,23.13919862,87.13627526,28.67251587,29.29946899,42.72362412,-36.77651626,,
01-06-2020,West Bengal,Bankura,2020,6,8.532777948,28.55866823,23.13919862,87.13627526,28.09405518,28.84210205,45.33591655,-36.8031386,1.664842635,Severely Wet
01-07-2020,West Bengal,Bankura,2020,7,9.222304522,28.32951329,23.13919862,87.13627526,27.82620239,28.61331177,47.39012998,-38.16782546,,
01-08-2020,West Bengal,Bankura,2020,8,11.59147618,27.94754287,23.13919862,87.13627526,27.38345337,28.22329712,46.75408837,-35.16261219,,
01-09-2020,West Bengal,Bankura,2020,9,6.138670323,28.16300111,23.13919862,87.13627526,27.74612427,28.39456177,36.57292954,-30.43425922,,
01-10-2020,West Bengal,Bankura,2020,10,2.973427983,26.74755032,23.13919862,87.13627526,26.15859985,27.04727173,37.27430264,-34.30087466,,
01-11-2020,West Bengal,Bankura,2020,11,0.076668141,22.91908393,23.13919862,87.13627526,22.23294067,23.35598755,31.55364839,-31.47698025,,
01-12-2020,West Bengal,Bankura,2020,12,0.026477371,18.99466201,23.13919862,87.13627526,18.22821045,19.4899292,28.65369369,-28.62721632,,
01-01-2021,West Bengal,Bankura,2021,1,0.003310249,18.86225917,23.13919862,87.13627526,17.90228271,19.62298584,35.05214864,-35.04883839,,
01-02-2021,West Bengal,Bankura,2021,2,0.216809208,21.43539791,23.13919862,87.13627526,20.84823608,22.11581421,33.88644852,-33.66963931,,
01-03-2021,West Bengal,Bankura,2021,3,0.626638639,27.40135477,23.13919862,87.13627526,26.61752319,28.35189819,58.47548127,-57.84884263,,
01-04-2021,West Bengal,Bankura,2021,4,0.843768233,30.72219693,23.13919862,87.13627526,30.29605103,31.10855103,46.45215471,-45.60838648,,
01-05-2021,West Bengal,Bankura,2021,5,6.16860755,29.06673108,23.13919862,87.13627526,28.46530151,29.55319214,56.38573831,-50.21713076,,
01-06-2021,West Bengal,Bankura,2021,6,8.459248171,28.6462423,23.13919862,87.13627526,28.11380005,28.86380005,45.48081715,-37.02156898,1.000185923,Moderately Wet
01-07-2021,West Bengal,Bankura,2021,7,8.632531118,28.1292166,23.13919862,87.13627526,27.57446289,28.40844727,48.56903556,-39.93650444,,
01-08-2021,West Bengal,Bankura,2021,8,8.50547144,27.81216689,23.13919862,87.13627526,27.30197144,28.02853394,43.35805255,-34.85258111,,
01-09-2021,West Bengal,Bankura,2021,9,15.05529578,26.78848111,23.13919862,87.13627526,26.21585083,27.07131958,40.7513559,-25.69606012,,
01-10-2021,West Bengal,Bankura,2021,10,4.146149975,26.41059281,23.13919862,87.13627526,25.92727661,26.80032349,36.6657102,-32.51956023,,
01-11-2021,West Bengal,Bankura,2021,11,1.43275762,21.83076503,23.13919862,87.13627526,21.37979126,22.17666626,25.86903313,-24.43627551,,
01-12-2021,West Bengal,Bankura,2021,12,3.35096508,18.50748767,23.13919862,87.13627526,18.21633911,18.73001099,18.04070944,-14.68974436,,
01-01-2022,West Bengal,Bankura,2022,1,1.247733423,16.92304812,23.13919862,87.13627526,16.43850708,17.33108521,23.91021108,-22.66247765,,
01-02-2022,West Bengal,Bankura,2022,2,1.647548094,19.13240284,23.13919862,87.13627526,18.52279663,19.81967163,32.2639286,-30.6163805,,
01-03-2022,West Bengal,Bankura,2022,3,0.016263117,26.77988447,23.13919862,87.13627526,26.41455078,27.34228516,42.17951823,-42.16325512,,
01-04-2022,West Bengal,Bankura,2022,4,0.607035621,31.7228797,23.13919862,87.13627526,30.9039917,32.17938232,59.39928573,-58.79225011,,
01-05-2022,West Bengal,Bankura,2022,5,2.69680631,30.08699062,23.13919862,87.13627526,29.75280762,30.68444824,53.31553159,-50.61872528,,
01-06-2022,West Bengal,Bankura,2022,6,4.070202326,30.45526847,23.13919862,87.13627526,29.99972534,30.62277222,43.06774598,-38.99754365,-0.506510912,Normal
01-07-2022,West Bengal,Bankura,2022,7,4.395532123,28.24978689,23.13919862,87.13627526,27.4236145,28.60916138,58.06019287,-53.66466075,,
01-08-2022,West Bengal,Bankura,2022,8,10.70691125,27.77342716,23.13919862,87.13627526,27.08956909,28.08761597,50.7738076,-40.06689635,,
01-09-2022,West Bengal,Bankura,2022,9,3.959197481,27.6369091,23.13919862,87.13627526,27.15322876,27.87783813,38.21888944,-34.25969196,,
01-10-2022,West Bengal,Bankura,2022,10,2.346174596,25.67308743,23.13919862,87.13627526,25.18490601,26.00131226,34.86491622,-32.51874162,,
01-11-2022,West Bengal,Bankura,2022,11,0.005858777,21.85073284,23.13919862,87.13627526,21.40939331,22.16329956,25.1745972,-25.16873842,,
01-12-2022,West Bengal,Bankura,2022,12,0.001254521,19.39036431,23.13919862,87.13627526,18.7800293,19.7644043,25.58145474,-25.58020022,,
01-01-2023,West Bengal,Bankura,2023,1,0.011116197,18.96003956,23.13919862,87.13627526,18.22543335,19.59457397,31.35035369,-31.3392375,,
01-02-2023,West Bengal,Bankura,2023,2,0.003764441,22.46237752,23.13919862,87.13627526,21.76034546,22.96737671,33.93276883,-33.92900439,,
01-03-2023,West Bengal,Bankura,2023,3,1.274540788,26.03566108,23.13919862,87.13627526,25.59481812,26.76473999,46.57542656,-45.30088578,,
01-04-2023,West Bengal,Bankura,2023,4,0.708241285,30.23166876,23.13919862,87.13627526,29.70263672,30.69091797,50.71327719,-50.0050359,,
01-05-2023,West Bengal,Bankura,2023,5,0.803525375,31.20907955,23.13919862,87.13627526,30.70159912,31.61175537,53.93199857,-53.1284732,,
01-06-2023,West Bengal,Bankura,2023,6,1.980426594,32.36543714,23.13919862,87.13627526,31.79214478,32.69448853,53.88124873,-51.90082214,-1.16543272,Moderate Drought
01-07-2023,West Bengal,Bankura,2023,7,3.329696397,28.77512993,23.13919862,87.13627526,28.08822632,29.03158569,52.38224921,-49.05255281,,
01-08-2023,West Bengal,Bankura,2023,8,5.12540966,28.28897974,23.13919862,87.13627526,27.72598267,28.55410767,46.77325731,-41.64784765,,
01-09-2023,West Bengal,Bankura,2023,9,5.956575038,27.70778643,23.13919862,87.13627526,27.11764526,28.04342651,43.26704265,-37.31046762,,
01-10-2023,West Bengal,Bankura,2023,10,1.522427058,26.21294028,23.13919862,87.13627526,25.71817017,26.57363892,36.13245232,-34.61002526,,
01-11-2023,West Bengal,Bankura,2023,11,0.090106617,23.7980626,23.13919862,87.13627526,23.33911133,24.15942383,27.54960706,-27.45950044,,
01-12-2023,West Bengal,Bankura,2023,12,0.8720482,19.15988728,23.13919862,87.13627526,18.66098022,19.7215271,26.38821968,-25.51617148,,
01-01-2024,West Bengal,Bankura,2024,1,0.536388139,17.55941307,23.13919862,87.13627526,16.93096924,18.15948486,28.56523729,-28.02884915,,
01-02-2024,West Bengal,Bankura,2024,2,0.286348181,21.36288607,23.13919862,87.13627526,20.71365356,22.36404419,39.97317594,-39.68682776,,
01-03-2024,West Bengal,Bankura,2024,3,0.907527083,25.94289592,23.13919862,87.13627526,25.29727173,26.7953186,52.59216908,-51.68464199,,
01-04-2024,West Bengal,Bankura,2024,4,0.078649731,32.66206386,23.13919862,87.13627526,31.9442749,33.14154053,58.64270429,-58.56405455,,
01-05-2024,West Bengal,Bankura,2024,5,3.790973211,31.16772254,23.13919862,87.13627526,30.52478027,31.57946777,58.00745284,-54.21647963,,
01-06-2024,West Bengal,Bankura,2024,6,3.282403202,32.84433759,23.13919862,87.13627526,31.73605347,33.44308472,74.81672176,-71.53431855,-3.407113455,Severe Drought
01-07-2024,West Bengal,Bankura,2024,7,8.054619741,28.53472797,23.13919862,87.13627526,27.89880371,28.77770996,50.30016128,-42.24554154,,
01-08-2024,West Bengal,Bankura,2024,8,13.99355717,27.59635899,23.13919862,87.13627526,27.01998901,27.81881714,45.2480919,-31.25453473,,
01-09-2024,West Bengal,Bankura,2024,9,15.64595161,27.9606375,23.13919862,87.13627526,27.40939331,28.20626831,40.36495543,-24.71900382,,
01-10-2024,West Bengal,Bankura,2024,10,7.307375633,26.92817921,23.13919862,87.13627526,26.54592896,27.22952271,32.82428252,-25.51690688,,
01-11-2024,West Bengal,Bankura,2024,11,0.059732954,22.87786969,23.13919862,87.13627526,22.38723755,23.30325317,28.46834894,-28.40861599,,
01-12-2024,West Bengal,Bankura,2024,12,0.160018339,18.82309736,23.13919862,87.13627526,18.25033569,19.24838257,25.36559533,-25.20557699,,
01-01-2025,West Bengal,Bankura,2025,1,0.014289828,18.52299267,23.13919862,87.13627526,17.91696167,18.84860229,25.55337557,-25.53908574,,
01-02-2025,West Bengal,Bankura,2025,2,0.808599052,22.39322572,23.13919862,87.13627526,21.837677,23.09939575,34.63337101,-33.82477195,,
01-03-2025,West Bengal,Bankura,2025,3,0.753734007,26.83887753,23.13919862,87.13627526,26.37820435,27.14968872,38.51480313,-37.76106912,,
01-04-2025,West Bengal,Bankura,2025,4,1.512882944,29.90131753,23.13919862,87.13627526,29.23321533,30.11016846,47.44301589,-45.93013294,,
01-05-2025,West Bengal,Bankura,2025,5,4.065565465,30.12380412,23.13919862,87.13627526,29.7996521,30.36019897,41.38750448,-37.32193902,,
01-06-2025,West Bengal,Bankura,2025,6,14.62560414,28.78006447,23.13919862,87.13627526,28.18118286,29.02493286,48.37868084,-33.7530767,2.069303168,Severely Wet
01-07-2025,West Bengal,Bankura,2025,7,16.69158522,27.42357778,23.13919862,87.13627526,26.90060425,27.709198,47.08923026,-30.39764504,,
01-08-2025,West Bengal,Bankura,2025,8,12.06315173,27.46742171,23.13919862,87.13627526,26.91567993,27.75357056,46.20957766,-34.14642593,,
01-09-2025,West Bengal,Bankura,2025,9,8.56986353,27.66112867,23.13919862,87.13627526,27.09048462,27.88735962,40.10076198,-31.53089845,,
01-10-2025,West Bengal,Bankura,2025,10,2.722660647,26.36516403,23.13919862,87.13627526,25.93325806,26.69107056,34.12523973,-31.40257908,,
01-01-2013,West Bengal,Birbhum,2013,1,0.067116815,17.08137264,23.95437346,87.6633034,16.32510376,17.82119751,30.52693112,-30.45981431,,
01-02-2013,West Bengal,Birbhum,2013,2,0.464704469,20.91396882,23.95437346,87.6633034,20.11282349,21.50930786,34.63831114,-34.17360667,,
01-03-2013,West Bengal,Birbhum,2013,3,0.127486251,26.49297102,23.95437346,87.6633034,25.9274292,27.22625732,49.21643377,-49.08894752,,
01-04-2013,West Bengal,Birbhum,2013,4,1.390505946,29.91631086,23.95437346,87.6633034,29.14764404,30.44451904,57.59536584,-56.2048599,,
01-05-2013,West Bengal,Birbhum,2013,5,4.566073395,29.62723133,23.95437346,87.6633034,28.74087524,30.29556274,68.33379228,-63.76771888,,
01-06-2013,West Bengal,Birbhum,2013,6,5.595323784,28.72200615,23.95437346,87.6633034,28.22668457,28.97277832,45.59910215,-40.00377837,,
01-07-2013,West Bengal,Birbhum,2013,7,5.393887897,28.29133074,23.95437346,87.6633034,27.81027222,28.50167847,44.50502038,-39.11113248,,
01-08-2013,West Bengal,Birbhum,2013,8,9.947502669,27.42736816,23.95437346,87.6633034,26.99368286,27.63626099,40.4190869,-30.47158424,,
01-09-2013,West Bengal,Birbhum,2013,9,6.873512445,27.74385674,23.95437346,87.6633034,27.21524048,28.04336548,40.74012219,-33.86660975,,
01-10-2013,West Bengal,Birbhum,2013,10,5.979465218,25.38464355,23.95437346,87.6633034,24.80075073,25.70309448,36.00957822,-30.030113,,
01-11-2013,West Bengal,Birbhum,2013,11,0.027587214,21.30031142,23.95437346,87.6633034,20.49993896,22.22064209,36.8720834,-36.84449619,,
01-12-2013,West Bengal,Birbhum,2013,12,0.038808914,18.61636424,23.95437346,87.6633034,17.97769165,19.40737915,29.58520597,-29.54639705,,
01-01-2014,West Bengal,Birbhum,2014,1,0.238690265,17.15244311,23.95437346,87.6633034,16.54025269,17.90548706,29.22074738,-28.98205712,,
01-02-2014,West Bengal,Birbhum,2014,2,2.041932927,19.61882551,23.95437346,87.6633034,18.85983276,20.44381714,35.65632442,-33.6143915,,
01-03-2014,West Bengal,Birbhum,2014,3,0.315058997,24.75399993,23.95437346,87.6633034,24.16842651,25.32662964,44.65110835,-44.33604935,,
01-04-2014,West Bengal,Birbhum,2014,4,0.181866047,30.99667855,23.95437346,87.6633034,30.39175415,31.58120728,56.40733106,-56.22546501,,
01-05-2014,West Bengal,Birbhum,2014,5,3.520749824,31.45671898,23.95437346,87.6633034,31.08285522,31.94418335,52.82457269,-49.30382287,,
01-06-2014,West Bengal,Birbhum,2014,6,12.08588072,30.27547011,23.95437346,87.6633034,30.01397705,30.4163208,34.60376273,-22.51788201,,
01-07-2014,West Bengal,Birbhum,2014,7,9.783638888,28.11985885,23.95437346,87.6633034,27.59469604,28.37789917,47.19118232,-37.40754343,,
01-08-2014,West Bengal,Birbhum,2014,8,8.666832502,28.10286269,23.95437346,87.6633034,27.67572021,28.30267334,40.52094079,-31.85410829,,
01-09-2014,West Bengal,Birbhum,2014,9,5.006209263,27.64237941,23.95437346,87.6633034,27.11898804,27.96469116,41.07850263,-36.07229336,,
01-10-2014,West Bengal,Birbhum,2014,10,1.869461414,25.84184797,23.95437346,87.6633034,25.15689087,26.43228149,43.26407565,-41.39461424,,
01-11-2014,West Bengal,Birbhum,2014,11,0.001569049,22.10151992,23.95437346,87.6633034,21.30105591,23.09011841,38.36778097,-38.36621192,,
01-12-2014,West Bengal,Birbhum,2014,12,0.036874815,18.31958859,23.95437346,87.6633034,17.55319214,19.09811401,30.50376934,-30.46689453,,
01-01-2015,West Bengal,Birbhum,2015,1,0.642362728,17.9970476,23.95437346,87.6633034,17.31826782,18.6835022,29.92684905,-29.28448632,,
01-02-2015,West Bengal,Birbhum,2015,2,0.644030638,21.47884777,23.95437346,87.6633034,20.62301636,22.19723511,37.31317915,-36.66914851,,
01-03-2015,West Bengal,Birbhum,2015,3,2.052759392,25.53934922,23.95437346,87.6633034,24.6423645,26.19314575,52.6207634,-50.56800401,,
01-04-2015,West Bengal,Birbhum,2015,4,3.311281426,27.73984261,23.95437346,87.6633034,26.95922852,28.15063477,52.6857401,-49.37445867,,
01-05-2015,West Bengal,Birbhum,2015,5,2.499859122,30.73401731,23.95437346,87.6633034,30.0887146,31.1668396,58.23270931,-55.73285018,,
01-06-2015,West Bengal,Birbhum,2015,6,9.602925145,29.57972327,23.95437346,87.6633034,29.41915894,29.72970581,29.9610655,-20.35814036,,
01-07-2015,West Bengal,Birbhum,2015,7,22.65705481,27.64611816,23.95437346,87.6633034,27.28469849,27.84133911,39.37380149,-16.71674668,,
01-08-2015,West Bengal,Birbhum,2015,8,8.88701257,28.02280728,23.95437346,87.6633034,27.59634399,28.24868774,41.26122874,-32.37421617,,
01-09-2015,West Bengal,Birbhum,2015,9,5.59389833,28.50941077,23.95437346,87.6633034,27.97561646,28.82717896,42.00704133,-36.413143,,
01-10-2015,West Bengal,Birbhum,2015,10,1.121010359,26.67854912,23.95437346,87.6633034,26.14230347,27.07199097,37.64625642,-36.52524607,,
01-11-2015,West Bengal,Birbhum,2015,11,0.042922389,23.96170115,23.95437346,87.6633034,23.35241699,24.58679199,33.35540564,-33.31248325,,
01-12-2015,West Bengal,Birbhum,2015,12,0.203224116,19.7613497,23.95437346,87.6633034,19.16928101,20.53060913,29.77693892,-29.5737148,,
01-01-2016,West Bengal,Birbhum,2016,1,0.444650295,18.11024369,23.95437346,87.6633034,17.5144043,18.88745117,30.10725834,-29.66260805,,
01-02-2016,West Bengal,Birbhum,2016,2,1.673734975,22.69008051,23.95437346,87.6633034,22.12771606,23.37380981,35.44336434,-33.76962937,,
01-03-2016,West Bengal,Birbhum,2016,3,1.033521785,27.06845022,23.95437346,87.6633034,26.64852905,27.54110718,41.32983559,-40.29631381,,
01-04-2016,West Bengal,Birbhum,2016,4,0.383052028,32.09186785,23.95437346,87.6633034,30.84890747,32.7414856,72.74921221,-72.36616018,,
01-05-2016,West Bengal,Birbhum,2016,5,5.058506456,29.69033033,23.95437346,87.6633034,28.95690918,30.21276855,61.49812754,-56.43962108,,
01-06-2016,West Bengal,Birbhum,2016,6,4.940359071,29.76858308,23.95437346,87.6633034,29.48297119,29.88726807,34.32191934,-29.38156027,,
01-07-2016,West Bengal,Birbhum,2016,7,10.78686878,27.94279444,23.95437346,87.6633034,27.59509277,28.12438965,38.64519169,-27.85832291,,
01-08-2016,West Bengal,Birbhum,2016,8,9.687248762,28.12048908,23.95437346,87.6633034,27.55862427,28.42385864,47.6206806,-37.93343183,,
01-09-2016,West Bengal,Birbhum,2016,9,9.547279535,27.62010299,23.95437346,87.6633034,27.13204956,27.85079956,37.85137132,-28.30409178,,
01-10-2016,West Bengal,Birbhum,2016,10,2.416068144,26.45591275,23.95437346,87.6633034,25.76373291,26.96099854,42.50786062,-40.09179248,,
01-11-2016,West Bengal,Birbhum,2016,11,0.053137192,23.02635867,23.95437346,87.6633034,22.29284668,23.69519043,34.75620699,-34.7030698,,
01-12-2016,West Bengal,Birbhum,2016,12,0.0130901,19.90266738,23.95437346,87.6633034,19.20199585,20.56918335,29.95322363,-29.94013353,,
01-01-2017,West Bengal,Birbhum,2017,1,0.311035578,18.48899948,23.95437346,87.6633034,17.81912231,19.28396606,31.42540051,-31.11436493,,
01-02-2017,West Bengal,Birbhum,2017,2,0.009616163,22.12083825,23.95437346,87.6633034,21.30484009,23.06655884,40.11796671,-40.10835054,,
01-03-2017,West Bengal,Birbhum,2017,3,0.778633473,25.18016726,23.95437346,87.6633034,24.25125122,25.84890747,52.96747381,-52.18884033,,
01-04-2017,West Bengal,Birbhum,2017,4,1.476448591,29.78868777,23.95437346,87.6633034,28.35604858,30.45370483,73.05374974,-71.57730115,,
01-05-2017,West Bengal,Birbhum,2017,5,6.260451206,30.10589174,23.95437346,87.6633034,29.25778198,30.60934448,64.35661493,-58.09616372,,
01-06-2017,West Bengal,Birbhum,2017,6,7.201533828,29.65289732,23.95437346,87.6633034,29.33898926,29.91320801,40.8039846,-33.60245078,,
01-07-2017,West Bengal,Birbhum,2017,7,15.18218001,27.67230367,23.95437346,87.6633034,27.22903442,27.88723755,42.84005647,-27.65787646,,
01-08-2017,West Bengal,Birbhum,2017,8,9.290261912,28.19375397,23.95437346,87.6633034,27.67990112,28.40060425,43.53106312,-34.24080121,,
01-09-2017,West Bengal,Birbhum,2017,9,9.023201166,28.1791907,23.95437346,87.6633034,27.85574341,28.34402466,31.58209397,-22.5588928,,
01-10-2017,West Bengal,Birbhum,2017,10,7.325286156,26.27915209,23.95437346,87.6633034,25.69607544,26.67263794,38.23718757,-30.91190141,,
01-11-2017,West Bengal,Birbhum,2017,11,0.330134059,22.10821391,23.95437346,87.6633034,21.33468628,22.84054565,35.20618655,-34.8760525,,
01-12-2017,West Bengal,Birbhum,2017,12,0.988815308,19.77880008,23.95437346,87.6633034,19.09793091,20.28543091,27.82384662,-26.83503131,,
01-01-2018,West Bengal,Birbhum,2018,1,0.001190228,16.45657703,23.95437346,87.6633034,15.8710022,17.09561157,27.12394969,-27.12275946,,
01-02-2018,West Bengal,Birbhum,2018,2,0.076209401,22.24479782,23.95437346,87.6633034,21.50274658,23.04766846,37.68515802,-37.60894862,,
01-03-2018,West Bengal,Birbhum,2018,3,0.768647305,26.90500942,23.95437346,87.6633034,26.18966675,27.67208862,53.06908324,-52.30043594,,
01-04-2018,West Bengal,Birbhum,2018,4,2.666159696,27.94692496,23.95437346,87.6633034,27.19424438,28.30752563,51.16064097,-48.49448127,,
01-05-2018,West Bengal,Birbhum,2018,5,4.879640091,28.33770894,23.95437346,87.6633034,27.55664063,28.77734375,58.90433393,-54.02469384,,
01-06-2018,West Bengal,Birbhum,2018,6,6.876991449,29.91511571,23.95437346,87.6633034,29.63204956,30.10470581,37.22458288,-30.34759143,,
01-07-2018,West Bengal,Birbhum,2018,7,10.02260359,28.35024528,23.95437346,87.6633034,27.94735718,28.5274353,40.81693242,-30.79432883,,
01-08-2018,West Bengal,Birbhum,2018,8,7.590180153,28.33438181,23.95437346,87.6633034,27.74472046,28.59237671,47.35401437,-39.76383422,,
01-09-2018,West Bengal,Birbhum,2018,9,4.766904964,28.22243482,23.95437346,87.6633034,27.60220337,28.57485962,44.61633136,-39.84942639,,
01-10-2018,West Bengal,Birbhum,2018,10,1.446247544,25.86679006,23.95437346,87.6633034,25.1187439,26.4156189,43.6518863,-42.20563876,,
01-11-2018,West Bengal,Birbhum,2018,11,0.031949659,23.31670433,23.95437346,87.6633034,22.64205933,23.99362183,34.3637737,-34.33182404,,
01-12-2018,West Bengal,Birbhum,2018,12,1.0655192,18.27558083,23.95437346,87.6633034,17.58499146,18.96585083,28.80351639,-27.73799719,,
01-01-2019,West Bengal,Birbhum,2019,1,0.013287744,18.15734863,23.95437346,87.6633034,17.44259644,18.71212769,28.98808555,-28.97479781,,
01-02-2019,West Bengal,Birbhum,2019,2,1.839436376,21.03555227,23.95437346,87.6633034,20.23272705,21.7053833,35.68216124,-33.84272486,,
01-03-2019,West Bengal,Birbhum,2019,3,0.700807616,25.5468381,23.95437346,87.6633034,25.18283081,25.84689331,34.43986097,-33.73905336,,
01-04-2019,West Bengal,Birbhum,2019,4,1.730140509,28.74866858,23.95437346,87.6633034,28.15237427,29.25393677,51.78255293,-50.05241242,,
01-05-2019,West Bengal,Birbhum,2019,5,5.319551335,31.11904978,23.95437346,87.6633034,30.62313843,31.38485718,49.33572707,-44.01617574,,
01-06-2019,West Bengal,Birbhum,2019,6,6.102164335,30.35502305,23.95437346,87.6633034,30.04602051,30.91320801,50.88611039,-44.78394606,,
01-07-2019,West Bengal,Birbhum,2019,7,7.892888978,29.07297817,23.95437346,87.6633034,28.662323,29.271698,42.49012133,-34.59723236,,
01-08-2019,West Bengal,Birbhum,2019,8,8.034133556,28.52313942,23.95437346,87.6633034,27.90881348,28.83459473,49.69061672,-41.65648317,,
01-09-2019,West Bengal,Birbhum,2019,9,8.605484364,27.54846475,23.95437346,87.6633034,27.03915405,27.81845093,39.35125905,-30.74577469,,
01-10-2019,West Bengal,Birbhum,2019,10,6.424759976,25.66618879,23.95437346,87.6633034,25.11618042,26.15524292,38.89332616,-32.46856618,,
01-11-2019,West Bengal,Birbhum,2019,11,0.19043776,23.34717081,23.95437346,87.6633034,22.57223511,24.13864136,37.02172664,-36.83128888,,
01-12-2019,West Bengal,Birbhum,2019,12,0.39874241,18.72217932,23.95437346,87.6633034,18.06552124,19.52645874,29.99369395,-29.59495154,,
01-01-2020,West Bengal,Birbhum,2020,1,1.205920109,17.46986567,23.95437346,87.6633034,16.89196777,18.06970215,27.38657093,-26.18065082,,
01-02-2020,West Bengal,Birbhum,2020,2,1.111215813,19.42513967,23.95437346,87.6633034,18.73550415,20.2706604,36.16792291,-35.0567071,,
01-03-2020,West Bengal,Birbhum,2020,3,1.263479721,24.40032249,23.95437346,87.6633034,23.54199219,25.38183594,55.80919119,-54.54571147,,
01-04-2020,West Bengal,Birbhum,2020,4,4.659105878,27.84481173,23.95437346,87.6633034,26.80865479,28.62310791,65.16822899,-60.50912312,,
01-05-2020,West Bengal,Birbhum,2020,5,6.31638283,28.42778547,23.95437346,87.6633034,27.82290649,28.88540649,55.06222488,-48.74584205,,
01-06-2020,West Bengal,Birbhum,2020,6,10.03278652,28.56557731,23.95437346,87.6633034,28.19561768,28.87335205,43.31382954,-33.28104302,,
01-07-2020,West Bengal,Birbhum,2020,7,11.27883272,28.46292185,23.95437346,87.6633034,28.09573364,28.68753052,41.32782029,-30.04898757,,
01-08-2020,West Bengal,Birbhum,2020,8,10.02349499,28.36346861,23.95437346,87.6633034,27.88150024,28.58071899,43.03553218,-33.01203719,,
01-09-2020,West Bengal,Birbhum,2020,9,8.221116177,28.30957883,23.95437346,87.6633034,27.93362427,28.56448364,35.99995924,-27.77884306,,
01-10-2020,West Bengal,Birbhum,2020,10,1.839761424,27.39724519,23.95437346,87.6633034,26.70742798,27.76016235,40.70746462,-38.86770319,,
01-11-2020,West Bengal,Birbhum,2020,11,0.072500462,22.99093557,23.95437346,87.6633034,22.30715942,23.67044067,34.23898517,-34.16648471,,
01-12-2020,West Bengal,Birbhum,2020,12,0.053275197,18.83626823,23.95437346,87.6633034,18.19500732,19.57391357,29.23048712,-29.17721193,,
01-01-2021,West Bengal,Birbhum,2021,1,0.005283428,18.15428126,23.95437346,87.6633034,17.32025146,19.04681396,33.80274266,-33.79745923,,
01-02-2021,West Bengal,Birbhum,2021,2,0.102702418,21.33074809,23.95437346,87.6633034,20.61972046,22.06112671,35.56987381,-35.4671714,,
01-03-2021,West Bengal,Birbhum,2021,3,0.262099244,27.2094102,23.95437346,87.6633034,26.45932007,28.02572632,54.92309641,-54.66099717,,
01-04-2021,West Bengal,Birbhum,2021,4,0.786665273,30.31889876,23.95437346,87.6633034,29.49136353,30.76480103,57.55408048,-56.76741521,,
01-05-2021,West Bengal,Birbhum,2021,5,7.538454987,28.63140727,23.95437346,87.6633034,28.15280151,29.01998901,49.963695,-42.42524001,,
01-06-2021,West Bengal,Birbhum,2021,6,9.556459649,28.73503077,23.95437346,87.6633034,28.45950317,28.9302063,36.22886302,-26.67240337,,
01-07-2021,West Bengal,Birbhum,2021,7,8.600250954,28.50306027,23.95437346,87.6633034,28.09008789,28.69165039,41.70356479,-33.10331384,,
01-08-2021,West Bengal,Birbhum,2021,8,9.812945699,28.09357683,23.95437346,87.6633034,27.71408081,28.31564331,39.68391369,-29.87096799,,
01-09-2021,West Bengal,Birbhum,2021,9,7.981223883,27.37105685,23.95437346,87.6633034,26.82131958,27.71389771,41.94961189,-33.96838801,,
01-10-2021,West Bengal,Birbhum,2021,10,3.315375395,26.75244992,23.95437346,87.6633034,26.16751099,27.15774536,38.91735149,-35.60197609,,
01-11-2021,West Bengal,Birbhum,2021,11,0.481882938,21.92534975,23.95437346,87.6633034,21.34463501,22.57901001,31.72895545,-31.24707251,,
01-12-2021,West Bengal,Birbhum,2021,12,0.82657091,19.13308219,23.95437346,87.6633034,18.65579224,19.51907349,23.31573763,-22.48916672,,
01-01-2022,West Bengal,Birbhum,2022,1,1.308633494,17.0451575,23.95437346,87.6633034,16.44631958,17.62014771,27.01188325,-25.70324976,,
01-02-2022,West Bengal,Birbhum,2022,2,3.087534705,18.5546364,23.95437346,87.6633034,17.85287476,19.37045288,33.90832265,-30.82078795,,
01-03-2022,West Bengal,Birbhum,2022,3,0.043386265,26.39819904,23.95437346,87.6633034,25.76416016,27.05712891,49.00022514,-48.95683888,,
01-04-2022,West Bengal,Birbhum,2022,4,0.882437063,30.72035111,23.95437346,87.6633034,29.72821045,31.33758545,65.24153688,-64.35909982,,
01-05-2022,West Bengal,Birbhum,2022,5,3.975343216,29.39738429,23.95437346,87.6633034,28.93054199,29.74108887,49.10132332,-45.12598011,,
01-06-2022,West Bengal,Birbhum,2022,6,4.175389844,30.322717,23.95437346,87.6633034,30.08175659,30.48214722,34.55359578,-30.37820594,,
01-07-2022,West Bengal,Birbhum,2022,7,3.84250836,29.14554472,23.95437346,87.6633034,28.58181763,29.62478638,55.67409129,-51.83158293,,
01-08-2022,West Bengal,Birbhum,2022,8,6.142766908,28.46479549,23.95437346,87.6633034,27.85324097,28.77902222,49.62803146,-43.48526455,,
01-09-2022,West Bengal,Birbhum,2022,9,4.50323167,27.91953579,23.95437346,87.6633034,27.53994751,28.15322876,35.19461595,-30.69138428,,
01-10-2022,West Bengal,Birbhum,2022,10,1.597101966,26.04845908,23.95437346,87.6633034,25.52670288,26.43490601,36.68162115,-35.08451919,,
01-11-2022,West Bengal,Birbhum,2022,11,0.015364285,22.25514115,23.95437346,87.6633034,21.59884644,22.89181519,32.74287178,-32.7275075,,
01-12-2022,West Bengal,Birbhum,2022,12,0.007707026,19.3431652,23.95437346,87.6633034,18.6315918,20.07104492,30.27855362,-30.27084659,,
01-01-2023,West Bengal,Birbhum,2023,1,0.007882419,18.35270372,23.95437346,87.6633034,17.43832397,19.09262085,33.27037401,-33.26249159,,
01-02-2023,West Bengal,Birbhum,2023,2,0.005336973,21.92463436,23.95437346,87.6633034,21.21151733,22.74862671,37.28921736,-37.28388038,,
01-03-2023,West Bengal,Birbhum,2023,3,1.256969541,25.7069177,23.95437346,87.6633034,25.24325562,26.09677124,39.18894219,-37.93197265,,
01-04-2023,West Bengal,Birbhum,2023,4,0.535898253,29.91725336,23.95437346,87.6633034,29.39990234,30.32568359,48.66326573,-48.12736748,,
01-05-2023,West Bengal,Birbhum,2023,5,1.150612765,30.59372161,23.95437346,87.6633034,29.89105225,31.10003662,61.48731972,-60.33670696,,
01-06-2023,West Bengal,Birbhum,2023,6,2.60309246,32.19648778,23.95437346,87.6633034,31.61245728,32.57925415,55.78382252,-53.18073006,,
01-07-2023,West Bengal,Birbhum,2023,7,3.232828539,29.30325104,23.95437346,87.6633034,28.86752319,29.47885132,42.76723564,-39.5344071,,
01-08-2023,West Bengal,Birbhum,2023,8,5.748581997,28.65857785,23.95437346,87.6633034,28.18301392,28.87051392,42.94617352,-37.19759152,,
01-09-2023,West Bengal,Birbhum,2023,9,5.118595567,28.15729753,23.95437346,87.6633034,27.64303589,28.42623901,39.97939905,-34.86080348,,
01-10-2023,West Bengal,Birbhum,2023,10,1.913167022,26.3516647,23.95437346,87.6633034,25.69277954,26.93301392,43.1620093,-41.24884227,,
01-11-2023,West Bengal,Birbhum,2023,11,0.060255594,24.03369708,23.95437346,87.6633034,23.36645508,24.71801758,34.9630089,-34.90275331,,
01-12-2023,West Bengal,Birbhum,2023,12,1.031990761,19.64944245,23.95437346,87.6633034,18.84262085,20.2996521,30.71406099,-29.68207023,,
01-01-2024,West Bengal,Birbhum,2024,1,0.127849889,17.2520539,23.95437346,87.6633034,16.68878174,17.91925049,27.82011627,-27.69226638,,
01-02-2024,West Bengal,Birbhum,2024,2,0.22703947,20.93108705,23.95437346,87.6633034,20.25271606,21.69802856,36.51333533,-36.28629586,,
01-03-2024,West Bengal,Birbhum,2024,3,1.08860282,25.35418559,23.95437346,87.6633034,24.59024048,25.91445923,48.41749087,-47.32888805,,
01-04-2024,West Bengal,Birbhum,2024,4,0.065670485,32.52089957,23.95437346,87.6633034,31.9755249,33.03997803,55.02794452,-54.96227403,,
01-05-2024,West Bengal,Birbhum,2024,5,5.026235181,30.80230571,23.95437346,87.6633034,30.48571777,30.99743652,40.17526363,-35.14902845,,
01-06-2024,West Bengal,Birbhum,2024,6,3.678736487,32.41669411,23.95437346,87.6633034,31.76925659,33.13253784,66.53375055,-62.85501406,,
01-07-2024,West Bengal,Birbhum,2024,7,7.169655024,29.06259368,23.95437346,87.6633034,28.71911621,29.20935059,38.10231039,-30.93265537,,
01-08-2024,West Bengal,Birbhum,2024,8,11.54138255,27.99250829,23.95437346,87.6633034,27.58248901,28.16647339,39.01371077,-27.47232822,,
01-09-2024,West Bengal,Birbhum,2024,9,17.66316117,28.4159333,23.95437346,87.6633034,27.91915894,28.66525269,39.24036184,-21.57720067,,
01-10-2024,West Bengal,Birbhum,2024,10,3.925248257,27.04870038,23.95437346,87.6633034,26.59671021,27.41116333,35.52921371,-31.60396545,,
01-11-2024,West Bengal,Birbhum,2024,11,0.069189404,23.28363179,23.95437346,87.6633034,22.56106567,23.96731567,35.02390633,-34.95471692,,
01-12-2024,West Bengal,Birbhum,2024,12,0.152495806,18.67243709,23.95437346,87.6633034,18.00424194,19.42221069,29.50907299,-29.35657718,,
01-01-2025,West Bengal,Birbhum,2025,1,0.00996673,18.34583087,23.95437346,87.6633034,17.75094604,19.00485229,28.96015763,-28.9501909,,
01-02-2025,West Bengal,Birbhum,2025,2,0.672745017,21.83917662,23.95437346,87.6633034,21.197052,22.59939575,35.54044324,-34.86769823,,
01-03-2025,West Bengal,Birbhum,2025,3,0.59950039,26.43607206,23.95437346,87.6633034,25.86062622,27.06765747,47.38439084,-46.78489045,,
01-04-2025,West Bengal,Birbhum,2025,4,2.849191,29.38229015,23.95437346,87.6633034,28.92071533,29.80352783,46.98777459,-44.13858359,,
01-05-2025,West Bengal,Birbhum,2025,5,5.168645105,29.69386469,23.95437346,87.6633034,29.31137085,29.9793396,44.85406214,-39.68541704,,
01-06-2025,West Bengal,Birbhum,2025,6,7.088547108,29.09120356,23.95437346,87.6633034,28.81985474,29.24758911,34.80002937,-27.71148226,,
01-07-2025,West Bengal,Birbhum,2025,7,14.61539619,27.76393021,23.95437346,87.6633034,27.32833862,27.96896362,42.349299,-27.73390281,,
01-08-2025,West Bengal,Birbhum,2025,8,8.963208576,27.7817326,23.95437346,87.6633034,27.40005493,27.97232056,38.44252208,-29.4793135,,
01-09-2025,West Bengal,Birbhum,2025,9,8.464114167,28.20417537,23.95437346,87.6633034,27.72525024,28.45571899,38.64939016,-30.18527599,,
01-10-2025,West Bengal,Birbhum,2025,10,3.007277378,26.76910542,23.95437346,87.6633034,26.15786743,27.26333618,41.13484264,-38.12756526,,
01-01-2013,West Bengal,Coochbehar,2013,1,0.014030545,16.37783813,26.29261261,89.34781594,15.93057251,16.90713501,22.85332724,-22.83929669,,
01-02-2013,West Bengal,Coochbehar,2013,2,0.553723165,20.51209804,26.29261261,89.34781594,20.03274536,20.91751099,26.22528365,-25.67156049,,
01-03-2013,West Bengal,Coochbehar,2013,3,0.173640966,25.48909215,26.29261261,89.34781594,24.7555542,25.8961792,44.05459544,-43.88095447,-4.206769408,Severe Drought
01-04-2013,West Bengal,Coochbehar,2013,4,4.989651816,26.76901681,26.29261261,89.34781594,26.12615967,27.07928467,45.80017518,-40.81052336,,
01-05-2013,West Bengal,Coochbehar,2013,5,10.15267072,25.97162301,26.29261261,89.34781594,25.56314087,26.25650024,42.29135976,-32.13868904,-1.412213149,Moderate Drought
01-06-2013,West Bengal,Coochbehar,2013,6,20.7844805,27.88663156,26.29261261,89.34781594,27.66027832,28.18371582,37.85877172,-17.07429122,-0.363072807,Normal
01-07-2013,West Bengal,Coochbehar,2013,7,18.00270952,27.69454956,26.29261261,89.34781594,27.37472534,28.06808472,44.30736961,-26.30466009,-0.915870726,Normal
01-08-2013,West Bengal,Coochbehar,2013,8,17.34668514,27.21117728,26.29261261,89.34781594,26.99368286,27.49368286,35.41613864,-18.0694535,,
01-09-2013,West Bengal,Coochbehar,2013,9,9.068018232,27.47661046,26.29261261,89.34781594,27.21524048,27.64492798,28.70226528,-19.63424705,,
01-10-2013,West Bengal,Coochbehar,2013,10,4.171093804,25.02333723,26.29261261,89.34781594,24.81246948,25.21481323,23.05677413,-18.88568033,-0.016202697,Normal
01-11-2013,West Bengal,Coochbehar,2013,11,0.2431877,20.48026821,26.29261261,89.34781594,19.96673584,21.03509521,27.02042182,-26.77723412,,
01-12-2013,West Bengal,Coochbehar,2013,12,0.139628444,18.32158116,26.29261261,89.34781594,17.8722229,18.71987915,21.26064062,-21.12101217,,
01-01-2014,West Bengal,Coochbehar,2014,1,0.188109398,17.56947981,26.29261261,89.34781594,17.31173706,17.85665894,17.66650432,-17.47839492,,
01-02-2014,West Bengal,Coochbehar,2014,2,0.571721009,18.64687238,26.29261261,89.34781594,18.44772339,18.96139526,19.00961384,-18.43789283,,
01-03-2014,West Bengal,Coochbehar,2014,3,0.291788714,24.22646223,26.29261261,89.34781594,23.69772339,24.55123901,36.99728592,-36.70549721,1.390122975,Moderately Wet
01-04-2014,West Bengal,Coochbehar,2014,4,1.414612634,28.25552368,26.29261261,89.34781594,27.6222229,28.8331604,53.34598568,-51.93137304,,
01-05-2014,West Bengal,Coochbehar,2014,5,14.80302429,26.70408848,26.29261261,89.34781594,26.20785522,27.12973022,49.58105157,-34.77802728,-1.994072443,Severe Drought
01-06-2014,West Bengal,Coochbehar,2014,6,24.1414359,27.12900216,26.29261261,89.34781594,26.8616333,27.38311768,37.16142762,-13.01999172,-1.014042688,Moderate Drought
01-07-2014,West Bengal,Coochbehar,2014,7,17.42868587,27.95023455,26.29261261,89.34781594,27.70797729,28.20797729,37.83691577,-20.4082299,-0.115542801,Normal
01-08-2014,West Bengal,Coochbehar,2014,8,26.2350769,27.13463484,26.29261261,89.34781594,26.83587646,27.39837646,37.50060851,-11.26553161,,
01-09-2014,West Bengal,Coochbehar,2014,9,18.09524536,26.6129194,26.29261261,89.34781594,26.36703491,26.88461304,30.90033498,-12.80508962,,
01-10-2014,West Bengal,Coochbehar,2014,10,1.727534839,25.44679042,26.29261261,89.34781594,24.95962524,25.75259399,32.68897661,-30.96144178,0.164712574,Normal
01-11-2014,West Bengal,Coochbehar,2014,11,0.19650633,22.48151071,26.29261261,89.34781594,21.97879028,22.84402466,25.58769142,-25.39118509,,
01-12-2014,West Bengal,Coochbehar,2014,12,0.186079127,18.75896781,26.29261261,89.34781594,18.43405151,18.99850464,17.55931533,-17.3732362,,
01-01-2015,West Bengal,Coochbehar,2015,1,0.832956178,17.33912441,26.29261261,89.34781594,17.0428772,17.67373657,18.88478491,-18.05182873,,
01-02-2015,West Bengal,Coochbehar,2015,2,0.772984777,20.08081491,26.29261261,89.34781594,19.75778198,20.46481323,23.17975039,-22.40676561,,
01-03-2015,West Bengal,Coochbehar,2015,3,1.897856849,24.17877633,26.29261261,89.34781594,23.86502075,24.52713013,32.54887193,-30.65101508,1.715277989,Severely Wet
01-04-2015,West Bengal,Coochbehar,2015,4,8.066351754,24.12370954,26.29261261,89.34781594,23.73071289,24.42602539,36.7967004,-28.73034865,,
01-05-2015,West Bengal,Coochbehar,2015,5,20.73337664,25.59701538,26.29261261,89.34781594,25.30355835,26.00863647,42.28226904,-21.5488924,1.366794385,Moderately Wet
01-06-2015,West Bengal,Coochbehar,2015,6,26.01021467,26.69573539,26.29261261,89.34781594,26.39376831,26.97775269,38.94609945,-12.93588478,1.289763098,Moderately Wet
01-07-2015,West Bengal,Coochbehar,2015,7,15.20148359,27.80862427,26.29261261,89.34781594,27.59133911,27.95852661,32.32423963,-17.12275604,1.212318998,Moderately Wet
01-08-2015,West Bengal,Coochbehar,2015,8,29.67482431,27.08204433,26.29261261,89.34781594,26.82290649,27.38540649,37.45671862,-7.781894308,,
01-09-2015,West Bengal,Coochbehar,2015,9,17.45082855,27.15362985,26.29261261,89.34781594,26.86624146,27.40139771,31.80321121,-14.35238266,,
01-10-2015,West Bengal,Coochbehar,2015,10,1.510437012,25.74184309,26.29261261,89.34781594,25.33566284,26.02316284,30.64520749,-29.13477048,0.589594028,Normal
01-11-2015,West Bengal,Coochbehar,2015,11,0.324619838,22.27952358,26.29261261,89.34781594,21.76647949,22.80749512,27.92605869,-27.60143885,,
01-12-2015,West Bengal,Coochbehar,2015,12,0.326253584,18.11117554,26.29261261,89.34781594,17.58334351,18.42123413,21.01469038,-20.6884368,,
01-01-2016,West Bengal,Coochbehar,2016,1,0.839945929,16.87754604,26.29261261,89.34781594,16.29956055,17.3112793,23.60114562,-22.76119969,,
01-02-2016,West Bengal,Coochbehar,2016,2,0.30562755,20.70709664,26.29261261,89.34781594,20.23513794,21.11209106,27.17935006,-26.87372251,,
01-03-2016,West Bengal,Coochbehar,2016,3,2.7043596,24.78685216,26.29261261,89.34781594,24.5274353,25.1055603,30.85515351,-28.15079391,-0.115274533,Normal
01-04-2016,West Bengal,Coochbehar,2016,4,2.488730294,25.74274118,26.29261261,89.34781594,25.10476685,26.51101685,54.350831,-51.86210071,,
01-05-2016,West Bengal,Coochbehar,2016,5,18.19669887,25.94191197,26.29261261,89.34781594,25.66003418,26.1854248,36.78906277,-18.5923639,0.20694931,Normal
01-06-2016,West Bengal,Coochbehar,2016,6,19.04997907,27.60497175,26.29261261,89.34781594,27.30718994,27.99078369,42.99791686,-23.94793779,-0.661605908,Normal
01-07-2016,West Bengal,Coochbehar,2016,7,23.75983974,27.09390695,26.29261261,89.34781594,26.78063965,27.38220215,40.72538334,-16.9655436,0.672367855,Normal
01-08-2016,West Bengal,Coochbehar,2016,8,11.66666521,28.63186646,26.29261261,89.34781594,28.39651489,28.87112427,35.59427366,-23.92760845,,
01-09-2016,West Bengal,Coochbehar,2016,9,19.43782479,26.9326913,26.29261261,89.34781594,26.69454956,27.18283081,30.22915163,-10.79132684,,
01-10-2016,West Bengal,Coochbehar,2016,10,7.767007555,25.70451137,26.29261261,89.34781594,25.16802979,26.04693604,34.61983376,-26.8528262,-0.594559251,Normal
01-11-2016,West Bengal,Coochbehar,2016,11,0.076686331,22.71555873,26.29261261,89.34781594,22.13269043,23.37683105,30.8613584,-30.78467207,,
01-12-2016,West Bengal,Coochbehar,2016,12,0.174976179,19.79714094,26.29261261,89.34781594,19.4402771,20.02230835,18.33697452,-18.16199834,,
01-01-2017,West Bengal,Coochbehar,2017,1,0.226141691,18.13183158,26.29261261,89.34781594,17.70974731,18.65701294,23.6630147,-23.43687301,,
01-02-2017,West Bengal,Coochbehar,2017,2,0.332011155,20.70167324,26.29261261,89.34781594,20.26968384,21.04116821,24.61009594,-24.27808479,,
01-03-2017,West Bengal,Coochbehar,2017,3,2.857716152,22.10734776,26.29261261,89.34781594,21.78250122,22.3899231,29.6373506,-26.77963445,0.91638494,Normal
01-04-2017,West Bengal,Coochbehar,2017,4,7.01776886,24.49032593,26.29261261,89.34781594,24.11386108,24.89315796,39.29629957,-32.27853071,,
01-05-2017,West Bengal,Coochbehar,2017,5,9.522236415,26.19137573,26.29261261,89.34781594,25.83200073,26.41793823,39.0726615,-29.55042509,0.929295638,Normal
01-06-2017,West Bengal,Coochbehar,2017,6,14.36015865,27.58682687,26.29261261,89.34781594,27.28039551,27.83117676,38.5801897,-24.22003105,-0.090683381,Normal
01-07-2017,West Bengal,Coochbehar,2017,7,23.26249041,27.44011143,26.29261261,89.34781594,27.27200317,27.65090942,32.57068943,-9.308199022,0.374250141,Normal
01-08-2017,West Bengal,Coochbehar,2017,8,28.81334359,27.70452445,26.29261261,89.34781594,27.42990112,27.9670105,37.10921635,-8.29587276,,
01-09-2017,West Bengal,Coochbehar,2017,9,20.37237985,27.22132656,26.29261261,89.34781594,26.90066528,27.45144653,32.31273868,-11.94035883,,
01-10-2017,West Bengal,Coochbehar,2017,10,9.44417572,25.5196664,26.29261261,89.34781594,25.16677856,25.75662231,28.24054027,-18.79636455,1.734579637,Severely Wet
01-11-2017,West Bengal,Coochbehar,2017,11,0.037433015,21.64879063,26.29261261,89.34781594,21.05734253,22.08078003,27.25353411,-27.2161011,,
01-12-2017,West Bengal,Coochbehar,2017,12,0.018550915,19.67166138,26.29261261,89.34781594,19.05496216,20.13894653,24.94101758,-24.92246666,,
01-01-2018,West Bengal,Coochbehar,2018,1,0.137965253,16.77676392,26.29261261,89.34781594,16.52334595,17.09951782,17.7588647,-17.62089945,,
01-02-2018,West Bengal,Coochbehar,2018,2,0.397799628,20.20880127,26.29261261,89.34781594,19.81134033,20.51055908,23.12921232,-22.73141269,,
01-03-2018,West Bengal,Coochbehar,2018,3,2.769883292,23.76025827,26.29261261,89.34781594,23.22091675,24.1857605,38.89985908,-36.12997579,0.318834889,Normal
01-04-2018,West Bengal,Coochbehar,2018,4,7.418899536,24.73756191,26.29261261,89.34781594,24.35440063,25.09268188,38.47181437,-31.05291483,,
01-05-2018,West Bengal,Coochbehar,2018,5,10.47670201,25.38748605,26.29261261,89.34781594,25.15429688,25.59179688,33.14566659,-22.66896458,0.849290787,Normal
01-06-2018,West Bengal,Coochbehar,2018,6,17.69722966,27.72642735,26.29261261,89.34781594,27.38595581,28.03634644,42.05287312,-24.35564346,0.439378978,Normal
01-07-2018,West Bengal,Coochbehar,2018,7,19.36906869,28.07221767,26.29261261,89.34781594,27.79501343,28.4102478,42.0830717,-22.71400301,-0.27505383,Normal
01-08-2018,West Bengal,Coochbehar,2018,8,16.44973646,28.15592303,26.29261261,89.34781594,27.87557983,28.48886108,40.04674032,-23.59700386,,
01-09-2018,West Bengal,Coochbehar,2018,9,10.86175755,27.38896397,26.29261261,89.34781594,27.08853149,27.75454712,35.66485827,-24.80310072,,
01-10-2018,West Bengal,Coochbehar,2018,10,2.511359624,24.63701957,26.29261261,89.34781594,24.31991577,25.0640564,31.0736157,-28.56225607,-2.092729494,Severe Drought
01-11-2018,West Bengal,Coochbehar,2018,11,0.363629988,21.76971,26.29261261,89.34781594,21.22213745,22.5463562,31.09576208,-30.73213209,,
01-12-2018,West Bengal,Coochbehar,2018,12,0.462107999,18.38381958,26.29261261,89.34781594,17.93655396,18.89749146,22.67575154,-22.21364354,,
01-01-2019,West Bengal,Coochbehar,2019,1,0.037783159,18.11147199,26.29261261,89.34781594,17.67111206,18.50509644,22.19049517,-22.15271201,,
01-02-2019,West Bengal,Coochbehar,2019,2,2.693002428,19.66834368,26.29261261,89.34781594,19.39678955,19.97296143,20.69715545,-18.00415302,,
01-03-2019,West Bengal,Coochbehar,2019,3,1.100428377,23.2107326,26.29261261,89.34781594,22.62814331,23.72775269,40.97868725,-39.87825888,-0.885064345,Normal
01-04-2019,West Bengal,Coochbehar,2019,4,5.978630611,25.60968454,26.29261261,89.34781594,25.44924927,25.84768677,28.84203423,-22.86340362,,
01-05-2019,West Bengal,Coochbehar,2019,5,16.53931427,25.5758449,26.29261261,89.34781594,25.1836853,25.97470093,44.76311328,-28.22379901,0.775282122,Normal
01-06-2019,West Bengal,Coochbehar,2019,6,15.44215393,27.89207241,26.29261261,89.34781594,27.58117676,28.26477051,43.26979745,-27.82764352,0.385463072,Normal
01-07-2019,West Bengal,Coochbehar,2019,7,31.21808733,27.43980626,26.29261261,89.34781594,27.03927612,27.802948,46.23933047,-15.02124314,-0.418135701,Normal
01-08-2019,West Bengal,Coochbehar,2019,8,17.95384652,28.61424037,26.29261261,89.34781594,28.40100098,28.84240723,34.31360289,-16.35975637,,
01-09-2019,West Bengal,Coochbehar,2019,9,26.86352539,26.75392805,26.29261261,89.34781594,26.56845093,27.03329468,29.37686209,-2.513336703,,
01-10-2019,West Bengal,Coochbehar,2019,10,4.658603668,24.94437517,26.29261261,89.34781594,24.56539917,25.19039917,28.68391245,-24.02530878,1.41490816,Moderately Wet
01-11-2019,West Bengal,Coochbehar,2019,11,0.344507967,23.53707886,26.29261261,89.34781594,23.04879761,23.90621948,26.13939506,-25.7948871,,
01-12-2019,West Bengal,Coochbehar,2019,12,0.161595396,18.08428519,26.29261261,89.34781594,17.68856812,18.41317749,19.52791976,-19.36632437,,
01-01-2020,West Bengal,Coochbehar,2020,1,0.621566023,17.05554199,26.29261261,89.34781594,16.76696777,17.36071777,18.17307754,-17.55151152,,
01-02-2020,West Bengal,Coochbehar,2020,2,0.926839965,19.31258283,26.29261261,89.34781594,18.8487854,19.63198853,24.75531693,-23.82847696,,
01-03-2020,West Bengal,Coochbehar,2020,3,1.621673175,23.28662109,26.29261261,89.34781594,22.88769531,23.79199219,37.23036033,-35.60868715,0.15300285,Normal
01-04-2020,West Bengal,Coochbehar,2020,4,5.826772417,25.52482387,26.29261261,89.34781594,25.33599854,25.84185791,32.4347728,-26.60800039,,
01-05-2020,West Bengal,Coochbehar,2020,5,18.76976231,25.67607335,26.29261261,89.34781594,25.51626587,25.95181274,33.29258871,-14.5228264,1.569807505,Severely Wet
01-06-2020,West Bengal,Coochbehar,2020,6,23.59762573,27.16897147,26.29261261,89.34781594,26.8381958,27.5022583,41.97226408,-18.37463835,1.469199922,Moderately Wet
01-07-2020,West Bengal,Coochbehar,2020,7,26.78753662,27.16388375,26.29261261,89.34781594,26.84573364,27.47463989,41.70558071,-14.91804409,1.423171277,Moderately Wet
01-08-2020,West Bengal,Coochbehar,2020,8,13.61945561,28.2956325,26.29261261,89.34781594,28.03579712,28.56314087,37.24796194,-23.62850633,,
01-09-2020,West Bengal,Coochbehar,2020,9,22.63514927,26.96061925,26.29261261,89.34781594,26.69924927,27.24417114,31.95428561,-9.319136343,,
01-10-2020,West Bengal,Coochbehar,2020,10,5.405603136,26.57175555,26.29261261,89.34781594,26.21133423,26.88320923,30.87239051,-25.46678737,-0.229425291,Normal
01-11-2020,West Bengal,Coochbehar,2020,11,0.138015585,21.49968175,26.29261261,89.34781594,21.09622192,22.02200317,25.82270267,-25.68468708,,
01-12-2020,West Bengal,Coochbehar,2020,12,0.11541072,18.31937953,26.29261261,89.34781594,17.7321167,18.77703857,23.6037986,-23.48838788,,
01-01-2021,West Bengal,Coochbehar,2021,1,0.232395138,17.64314488,26.29261261,89.34781594,17.23626709,17.93743896,20.08164662,-19.84925148,,
01-02-2021,West Bengal,Coochbehar,2021,2,0.140938291,20.22163173,26.29261261,89.34781594,19.62557983,20.61972046,27.5882911,-27.44735281,,
01-03-2021,West Bengal,Coochbehar,2021,3,1.539762088,24.16746739,26.29261261,89.34781594,23.69369507,24.55892944,37.19811557,-35.65835348,-1.801460934,Severe Drought
01-04-2021,West Bengal,Coochbehar,2021,4,2.975412096,26.31258283,26.29261261,89.34781594,25.5831604,26.9190979,53.66791362,-50.69250153,,
01-05-2021,West Bengal,Coochbehar,2021,5,11.57701983,26.07600185,26.29261261,89.34781594,25.83248901,26.33639526,36.13946532,-24.56244549,-0.875578438,Normal
01-06-2021,West Bengal,Coochbehar,2021,6,17.71008083,27.30590384,26.29261261,89.34781594,27.00442505,27.61184692,40.26461642,-22.55453559,-0.888844743,Normal
01-07-2021,West Bengal,Coochbehar,2021,7,17.4904698,27.76789202,26.29261261,89.34781594,27.49829102,28.06469727,40.11071079,-22.62024099,-0.274906797,Normal
01-08-2021,West Bengal,Coochbehar,2021,8,18.51611764,27.23451887,26.29261261,89.34781594,26.93869019,27.51095581,37.90881333,-19.39269569,,
01-09-2021,West Bengal,Coochbehar,2021,9,8.794892447,28.00170462,26.29261261,89.34781594,27.82327271,28.20413208,27.33567933,-18.54078689,,
01-10-2021,West Bengal,Coochbehar,2021,10,17.09127917,26.07306344,26.29261261,89.34781594,25.74563599,26.36087036,29.21041057,-12.1191314,0.720933451,Normal
01-11-2021,West Bengal,Coochbehar,2021,11,0.039627918,21.19794137,26.29261261,89.34781594,20.46377563,21.61416626,28.56424969,-28.52462177,,
01-12-2021,West Bengal,Coochbehar,2021,12,0.139625924,18.9629909,26.29261261,89.34781594,18.41751099,19.27883911,21.81196837,-21.67234245,,
01-01-2022,West Bengal,Coochbehar,2022,1,0.578065327,17.11979893,26.29261261,89.34781594,16.77249146,17.33303833,17.69019126,-17.11212593,,
01-02-2022,West Bengal,Coochbehar,2022,2,2.102501052,17.27837699,26.29261261,89.34781594,16.83529663,17.53256226,21.31614949,-19.21364844,,
01-03-2022,West Bengal,Coochbehar,2022,3,1.20589447,25.63260324,26.29261261,89.34781594,25.25830078,25.87744141,32.5650545,-31.35916003,2.310490897,Severely Wet
01-04-2022,West Bengal,Coochbehar,2022,4,12.91333662,24.63927351,26.29261261,89.34781594,24.12469482,24.9118042,39.63187685,-26.71854023,,
01-05-2022,West Bengal,Coochbehar,2022,5,18.35059902,25.97155762,26.29261261,89.34781594,25.54968262,26.21569824,41.44899579,-23.09839677,1.354169372,Moderately Wet
01-06-2022,West Bengal,Coochbehar,2022,6,36.05754307,26.24895804,26.29261261,89.34781594,25.90792847,26.57980347,41.35469715,-5.297154083,1.666383865,Severely Wet
01-07-2022,West Bengal,Coochbehar,2022,7,13.31087385,28.5400347,26.29261261,89.34781594,28.27322388,28.82791138,40.36620721,-27.05533336,0.968489613,Normal
01-08-2022,West Bengal,Coochbehar,2022,8,9.734074184,28.50935146,26.29261261,89.34781594,28.23605347,28.77511597,37.83415984,-28.10008565,,
01-09-2022,West Bengal,Coochbehar,2022,9,5.815884181,27.19808088,26.29261261,89.34781594,27.03018188,27.42861938,27.46881994,-21.65293576,,
01-10-2022,West Bengal,Coochbehar,2022,10,3.494195666,24.96315656,26.29261261,89.34781594,24.51889038,25.23178101,30.64789245,-27.15369678,-2.088213873,Severe Drought
01-11-2022,West Bengal,Coochbehar,2022,11,0.02216314,21.57450213,26.29261261,89.34781594,20.58712769,22.18087769,33.94561218,-33.92344904,,
01-12-2022,West Bengal,Coochbehar,2022,12,0.03694605,19.31881278,26.29261261,89.34781594,18.5065918,19.8894043,27.90457646,-27.86763041,,
01-01-2023,West Bengal,Coochbehar,2023,1,0.016877634,17.41474697,26.29261261,89.34781594,17.03207397,17.61410522,18.17827009,-18.16139246,,
01-02-2023,West Bengal,Coochbehar,2023,2,0.140987379,20.77129691,26.29261261,89.34781594,20.18612671,21.11386108,27.03623433,-26.89524695,,
01-03-2023,West Bengal,Coochbehar,2023,3,1.851626669,23.51990182,26.29261261,89.34781594,23.10653687,23.80184937,32.83149022,-30.97986355,0.460826488,Normal
01-04-2023,West Bengal,Coochbehar,2023,4,1.090280397,26.40276228,26.29261261,89.34781594,25.50341797,27.06982422,58.23187422,-57.14159382,,
01-05-2023,West Bengal,Coochbehar,2023,5,4.666128431,26.8684518,26.29261261,89.34781594,26.22698975,27.3480835,54.87842898,-50.21230055,-3.318897423,Severe Drought
01-06-2023,West Bengal,Coochbehar,2023,6,13.04285976,27.59585571,26.29261261,89.34781594,27.21792603,27.91519165,43.41704854,-30.37418878,-3.028500752,Severe Drought
01-07-2023,West Bengal,Coochbehar,2023,7,10.27395412,28.33836583,26.29261261,89.34781594,28.09994507,28.70346069,41.92218081,-31.64822669,-6.360938869,Severe Drought
01-08-2023,West Bengal,Coochbehar,2023,8,11.61947632,28.05668858,26.29261261,89.34781594,27.82363892,28.27676392,34.34848107,-22.72900475,,
01-09-2023,West Bengal,Coochbehar,2023,9,6.623768943,28.40621948,26.29261261,89.34781594,28.23092651,28.56686401,25.89975089,-19.27598195,,
01-10-2023,West Bengal,Coochbehar,2023,10,4.631964547,25.51030186,26.29261261,89.34781594,25.08535767,25.84902954,32.12654436,-27.49457982,-1.432633623,Moderate Drought
01-11-2023,West Bengal,Coochbehar,2023,11,0.04763917,23.30862863,26.29261261,89.34781594,22.4934082,23.7902832,31.96984415,-31.92220498,,
01-12-2023,West Bengal,Coochbehar,2023,12,0.256992579,19.79197911,26.29261261,89.34781594,19.26449585,20.09066772,21.8438961,-21.58690352,,
01-01-2024,West Bengal,Coochbehar,2024,1,0.151120424,17.22135707,26.29261261,89.34781594,16.64971924,17.52081299,22.11669597,-21.96557555,,
01-02-2024,West Bengal,Coochbehar,2024,2,0.10428868,19.50592477,26.29261261,89.34781594,19.15505981,19.80349731,22.6423748,-22.53808612,,
01-03-2024,West Bengal,Coochbehar,2024,3,3.274017334,23.5468532,26.29261261,89.34781594,23.2796936,23.79727173,28.34469036,-25.07067303,2.002876012,Severely Wet
01-04-2024,West Bengal,Coochbehar,2024,4,0.587222644,28.2004133,26.29261261,89.34781594,27.89544678,28.55169678,39.22433115,-38.63710851,,
01-05-2024,West Bengal,Coochbehar,2024,5,11.04726628,28.42803083,26.29261261,89.34781594,27.96618652,28.98571777,54.16084976,-43.11358348,-0.502934388,Normal
01-06-2024,West Bengal,Coochbehar,2024,6,34.11140878,27.20159476,26.29261261,89.34781594,26.97824097,27.46456909,35.94492316,-1.833514376,0.076451155,Normal
01-07-2024,West Bengal,Coochbehar,2024,7,26.44122314,28.50378418,26.29261261,89.34781594,28.30700684,28.84606934,39.76247846,-13.32125532,0.767320285,Normal
01-08-2024,West Bengal,Coochbehar,2024,8,16.86297825,27.9346793,26.29261261,89.34781594,27.75827026,28.08834839,29.23814718,-12.37516893,,
01-09-2024,West Bengal,Coochbehar,2024,9,15.34101105,28.69817679,26.29261261,89.34781594,28.55978394,28.81954956,22.91884183,-7.577830784,,
01-10-2024,West Bengal,Coochbehar,2024,10,8.250865391,25.44094849,26.29261261,89.34781594,25.00491333,25.68069458,30.17294402,-21.92207863,1.503053982,Severely Wet
01-11-2024,West Bengal,Coochbehar,2024,11,0.14935032,22.59922137,26.29261261,89.34781594,21.94973755,22.98880005,28.12239483,-27.97304451,,
01-12-2024,West Bengal,Coochbehar,2024,12,0.052462829,18.63565935,26.29261261,89.34781594,18.01400757,19.34213257,26.84391274,-26.79144991,,
01-01-2025,West Bengal,Coochbehar,2025,1,0.070755865,18.18447004,26.29261261,89.34781594,17.97164917,18.44235229,16.70488452,-16.63412865,,
01-02-2025,West Bengal,Coochbehar,2025,2,0.350363152,20.10420881,26.29261261,89.34781594,19.66775513,20.61502075,26.84685768,-26.49649453,,
01-03-2025,West Bengal,Coochbehar,2025,3,0.998679161,24.09765189,26.29261261,89.34781594,23.5305481,24.74539185,44.00390235,-43.00522319,-2.665924412,Severe Drought
01-04-2025,West Bengal,Coochbehar,2025,4,5.717253549,26.24081857,26.29261261,89.34781594,25.89727783,26.67071533,40.7687269,-35.05147335,,
01-05-2025,West Bengal,Coochbehar,2025,5,22.98794556,26.30767386,26.29261261,89.34781594,26.00668335,26.52816772,36.95852302,-13.97057746,0.702616474,Normal
01-06-2025,West Bengal,Coochbehar,2025,6,11.85001482,28.32376099,26.29261261,89.34781594,28.16751099,28.50540161,30.70843932,-18.8584245,1.04585764,Moderately Wet
01-07-2025,West Bengal,Coochbehar,2025,7,14.3971514,28.57819911,26.29261261,89.34781594,28.42990112,28.70333862,28.36483876,-13.96768736,1.475445663,Moderately Wet
01-08-2025,West Bengal,Coochbehar,2025,8,16.69416918,27.58895002,26.29261261,89.34781594,27.37075806,27.76333618,31.64528538,-14.9511162,,
01-09-2025,West Bengal,Coochbehar,2025,9,11.27799225,28.0307748,26.29261261,89.34781594,27.85025024,28.22720337,27.21239608,-15.93440383,,
01-10-2025,West Bengal,Coochbehar,2025,10,8.697130476,26.10876029,26.29261261,89.34781594,25.70864868,26.31997681,29.14122285,-20.44409237,0.582965044,Normal
01-01-2013,West Bengal,Darjeeling,2013,1,0.250316821,12.17779702,26.85056758,88.26203893,5.049713135,15.50479126,64.67699678,-64.42667996,-6.360938869,Severe Drought
01-02-2013,West Bengal,Darjeeling,2013,2,0.95578023,16.12885967,26.85056758,88.26203893,8.231964111,19.71243286,82.83502775,-81.87924752,-6.360938869,Severe Drought
01-03-2013,West Bengal,Darjeeling,2013,3,1.586499064,19.76305831,26.85056758,88.26203893,10.28289795,24.65594482,134.9144701,-133.3279711,-6.360938869,Severe Drought
01-04-2013,West Bengal,Darjeeling,2013,4,4.076481869,21.82476164,26.85056758,88.26203893,12.41326904,26.72967529,157.5134542,-153.4369723,-4.696142861,Severe Drought
01-05-2013,West Bengal,Darjeeling,2013,5,14.80349892,22.49056686,26.85056758,88.26203893,14.84829712,26.51431274,159.8010748,-144.9975758,,
01-06-2013,West Bengal,Darjeeling,2013,6,19.21511359,24.00392552,26.85056758,88.26203893,17.2755127,27.33605957,152.1768362,-132.9617226,,
01-07-2013,West Bengal,Darjeeling,2013,7,27.56869346,23.60611926,26.85056758,88.26203893,17.13449097,26.97628784,152.1569498,-124.5882564,,
01-08-2013,West Bengal,Darjeeling,2013,8,20.0495734,23.4693202,26.85056758,88.26203893,16.96438599,26.72415161,143.3661279,-123.3165545,,
01-09-2013,West Bengal,Darjeeling,2013,9,8.176621286,23.45012946,26.85056758,88.26203893,16.30899048,27.02383423,130.0379954,-121.8613741,,
01-10-2013,West Bengal,Darjeeling,2013,10,6.900827508,20.71943905,26.85056758,88.26203893,13.27926636,24.25387573,107.4081443,-100.5073168,,
01-11-2013,West Bengal,Darjeeling,2013,11,0.736816657,16.38141512,26.85056758,88.26203893,9.73626709,19.34954834,71.45053252,-70.71371586,-6.360938869,Severe Drought
01-12-2013,West Bengal,Darjeeling,2013,12,0.946451288,13.68513408,26.85056758,88.26203893,6.6300354,17.0987854,64.1400352,-63.19358391,,
01-01-2014,West Bengal,Darjeeling,2014,1,0.450858166,13.57160548,26.85056758,88.26203893,6.860565186,16.70431519,65.67552035,-65.22466218,,
01-02-2014,West Bengal,Darjeeling,2014,2,1.584617012,14.33413375,26.85056758,88.26203893,7.203582764,17.74264526,75.16792039,-73.58330337,,
01-03-2014,West Bengal,Darjeeling,2014,3,2.003804659,18.52266171,26.85056758,88.26203893,9.209442139,23.53561401,130.2464549,-128.2426502,-6.360938869,Severe Drought
01-04-2014,West Bengal,Darjeeling,2014,4,1.621464579,22.76942685,26.85056758,88.26203893,12.64175415,28.59683228,170.2481203,-168.6266558,-4.696142861,Severe Drought
01-05-2014,West Bengal,Darjeeling,2014,5,17.76699187,22.93739881,26.85056758,88.26203893,14.88363647,27.30551147,166.7254558,-148.958464,,
01-06-2014,West Bengal,Darjeeling,2014,6,13.43745744,23.91981587,26.85056758,88.26203893,17.48468018,27.1194458,148.6221882,-135.1847308,,
01-07-2014,West Bengal,Darjeeling,2014,7,15.62281237,24.15143947,26.85056758,88.26203893,17.50875854,27.51461792,155.4404809,-139.8176686,,
01-08-2014,West Bengal,Darjeeling,2014,8,15.16382478,23.59780081,26.85056758,88.26203893,17.14251709,26.88275146,143.6684878,-128.504663,-1.025657682,Moderate Drought
01-09-2014,West Bengal,Darjeeling,2014,9,21.74676032,22.76259412,26.85056758,88.26203893,15.97055054,26.14047241,124.5766245,-102.8298641,,
01-10-2014,West Bengal,Darjeeling,2014,10,1.426820153,20.8097486,26.85056758,88.26203893,12.83462524,24.62173462,111.5740902,-110.1472701,,
01-11-2014,West Bengal,Darjeeling,2014,11,0.510412417,17.72169736,26.85056758,88.26203893,10.21707153,21.40652466,80.10834281,-79.59793039,-6.360938869,Severe Drought
01-12-2014,West Bengal,Darjeeling,2014,12,0.727236547,14.7990803,26.85056758,88.26203893,8.174285889,17.95358276,64.18527339,-63.45803684,-6.360938869,Severe Drought
01-01-2015,West Bengal,Darjeeling,2015,1,0.82984583,13.46392983,26.85056758,88.26203893,5.966705322,16.80654907,68.68178411,-67.85193828,-6.360938869,Severe Drought
01-02-2015,West Bengal,Darjeeling,2015,2,1.679067411,15.47540123,26.85056758,88.26203893,7.267547607,19.48825073,83.81781707,-82.13874966,-6.360938869,Severe Drought
01-03-2015,West Bengal,Darjeeling,2015,3,2.599093387,19.12879542,26.85056758,88.26203893,9.995880127,23.6267395,129.1665105,-126.5674171,-6.360938869,Severe Drought
01-04-2015,West Bengal,Darjeeling,2015,4,6.786127994,20.14672852,26.85056758,88.26203893,11.73071289,24.62524414,143.1565111,-136.3703831,1.454528145,Moderately Wet
01-05-2015,West Bengal,Darjeeling,2015,5,8.128454108,22.61256328,26.85056758,88.26203893,15.12387085,26.5418396,158.5717664,-150.4433123,,
01-06-2015,West Bengal,Darjeeling,2015,6,15.60189819,23.60994841,26.85056758,88.26203893,17.10665894,26.85861206,148.41274,-132.8108418,,
01-07-2015,West Bengal,Darjeeling,2015,7,13.74816252,24.25180375,26.85056758,88.26203893,17.46047974,27.53665161,156.358854,-142.6106915,,
01-08-2015,West Bengal,Darjeeling,2015,8,26.57558722,23.48193199,26.85056758,88.26203893,17.12759399,26.62759399,141.4885719,-114.9129847,,
01-09-2015,West Bengal,Darjeeling,2015,9,16.40542763,23.29880724,26.85056758,88.26203893,16.45803833,26.59280396,126.0050938,-109.5996662,,
01-10-2015,West Bengal,Darjeeling,2015,10,1.483886618,21.10097945,26.85056758,88.26203893,13.19503784,24.99581909,112.480863,-110.9969764,,
01-11-2015,West Bengal,Darjeeling,2015,11,0.90090842,17.79402883,26.85056758,88.26203893,10.31726074,21.62585449,80.69768131,-79.79677289,-6.360938869,Severe Drought
01-12-2015,West Bengal,Darjeeling,2015,12,0.881324367,13.36418232,26.85056758,88.26203893,5.975921631,16.97396851,65.07134031,-64.19001594,-6.360938869,Severe Drought
01-01-2016,West Bengal,Darjeeling,2016,1,1.683008395,12.48397667,26.85056758,88.26203893,4.756591797,16.23510742,68.46084536,-66.77783696,-6.360938869,Severe Drought
01-02-2016,West Bengal,Darjeeling,2016,2,1.022559919,15.75240768,26.85056758,88.26203893,8.223419189,19.77420044,85.10092574,-84.07836582,-6.360938869,Severe Drought
01-03-2016,West Bengal,Darjeeling,2016,3,3.706783495,19.18553563,26.85056758,88.26203893,10.3243103,24.04891968,129.8090811,-126.1022976,-6.360938869,Severe Drought
01-04-2016,West Bengal,Darjeeling,2016,4,2.636530424,22.11586882,26.85056758,88.26203893,13.93484497,26.95046997,151.2906491,-148.6541187,-4.696142861,Severe Drought
01-05-2016,West Bengal,Darjeeling,2016,5,11.65413947,22.284623,26.85056758,88.26203893,14.73425293,26.18737793,157.526943,-145.8728036,,
01-06-2016,West Bengal,Darjeeling,2016,6,20.80300261,23.76237086,26.85056758,88.26203893,16.95953369,27.22125244,152.8027105,-131.9997079,,
01-07-2016,West Bengal,Darjeeling,2016,7,37.66156327,23.40019146,26.85056758,88.26203893,17.09118652,26.56970215,148.5796962,-110.9181329,,
01-08-2016,West Bengal,Darjeeling,2016,8,8.717677066,24.7166218,26.85056758,88.26203893,17.79690552,28.11526489,151.8670725,-143.1493954,,
01-09-2016,West Bengal,Darjeeling,2016,9,18.29985287,23.03285137,26.85056758,88.26203893,16.32345581,26.31954956,124.3302758,-106.030423,,
01-10-2016,West Bengal,Darjeeling,2016,10,8.809202495,21.29930034,26.85056758,88.26203893,13.82427979,24.78131104,108.9376895,-100.128487,,
01-11-2016,West Bengal,Darjeeling,2016,11,0.215327062,18.07080721,26.85056758,88.26203893,10.94909668,21.4119873,78.22518511,-78.00985804,,
01-12-2016,West Bengal,Darjeeling,2016,12,0.337143973,15.51511263,26.85056758,88.26203893,8.883636475,18.6121521,65.42455972,-65.08741575,,
01-01-2017,West Bengal,Darjeeling,2017,1,0.685308256,13.83289699,26.85056758,88.26203893,6.125762939,17.29763794,70.54861478,-69.86330652,-6.360938869,Severe Drought
01-02-2017,West Bengal,Darjeeling,2017,2,1.302153336,16.14920686,26.85056758,88.26203893,8.615386963,19.81069946,81.84887058,-80.54671724,-6.360938869,Severe Drought
01-03-2017,West Bengal,Darjeeling,2017,3,4.496397721,17.32711471,26.85056758,88.26203893,8.856719971,21.75906372,119.5363388,-115.039941,-6.360938869,Severe Drought
01-04-2017,West Bengal,Darjeeling,2017,4,6.045955056,20.70648033,26.85056758,88.26203893,12.82675171,25.03964233,141.3764407,-135.3304856,1.744529046,Severely Wet
01-05-2017,West Bengal,Darjeeling,2017,5,7.084509599,22.51364136,26.85056758,88.26203893,14.78121948,26.42965698,159.7720863,-152.6875767,,
01-06-2017,West Bengal,Darjeeling,2017,6,15.4758108,24.0124062,26.85056758,88.26203893,17.15539551,27.42492676,153.7804624,-138.3046516,,
01-07-2017,West Bengal,Darjeeling,2017,7,24.63333612,23.84272686,26.85056758,88.26203893,17.3755188,27.04348755,151.6690078,-127.0356717,,
01-08-2017,West Bengal,Darjeeling,2017,8,25.26098793,23.98273829,26.85056758,88.26203893,17.53536987,27.19552612,144.4070914,-119.1461035,,
01-09-2017,West Bengal,Darjeeling,2017,9,10.20847682,23.72611759,26.85056758,88.26203893,17.00222778,27.03347778,126.6633253,-116.4548485,,
01-10-2017,West Bengal,Darjeeling,2017,10,4.108052705,21.37072593,26.85056758,88.26203893,13.97341919,24.86013794,108.7859593,-104.6779065,,
01-11-2017,West Bengal,Darjeeling,2017,11,0.309759542,17.52228908,26.85056758,88.26203893,10.0866394,20.9382019,78.44668315,-78.1369236,-6.360938869,Severe Drought
01-12-2017,West Bengal,Darjeeling,2017,12,0.165642287,15.7100814,26.85056758,88.26203893,9.308868408,18.73269653,64.76873182,-64.60308953,-6.360938869,Severe Drought
01-01-2018,West Bengal,Darjeeling,2018,1,0.611798286,12.88621601,26.85056758,88.26203893,6.242095947,16.2850647,64.88747631,-64.27567803,-6.360938869,Severe Drought
01-02-2018,West Bengal,Darjeeling,2018,2,1.703944156,15.61839214,26.85056758,88.26203893,8.119934082,19.49688721,81.22009319,-79.51614903,-6.360938869,Severe Drought
01-03-2018,West Bengal,Darjeeling,2018,3,4.018649453,18.65821116,26.85056758,88.26203893,9.785369873,23.60177612,128.3855275,-124.3668781,-6.360938869,Severe Drought
01-04-2018,West Bengal,Darjeeling,2018,4,6.153566461,20.63780935,26.85056758,88.26203893,11.86416626,25.16885376,147.2973567,-141.1437903,1.456412418,Moderately Wet
01-05-2018,West Bengal,Darjeeling,2018,5,10.44974558,21.80150082,26.85056758,88.26203893,14.2890625,25.61328125,154.7500549,-144.3003093,,
01-06-2018,West Bengal,Darjeeling,2018,6,20.243511,24.04169183,26.85056758,88.26203893,17.22970581,27.42697144,153.3457676,-133.1022566,,
01-07-2018,West Bengal,Darjeeling,2018,7,27.24510113,24.04449945,26.85056758,88.26203893,17.57821655,27.3555603,153.2635518,-126.0184506,,
01-08-2018,West Bengal,Darjeeling,2018,8,17.86348042,24.18078131,26.85056758,88.26203893,17.48495483,27.50057983,147.7369373,-129.8734568,,
01-09-2018,West Bengal,Darjeeling,2018,9,9.200323808,23.45787771,26.85056758,88.26203893,16.65103149,26.85610962,126.9308184,-117.7304946,,
01-10-2018,West Bengal,Darjeeling,2018,10,2.668979444,19.9388508,26.85056758,88.26203893,12.11483765,23.76522827,108.4230546,-105.7540751,,
01-11-2018,West Bengal,Darjeeling,2018,11,0.81238586,17.40007742,26.85056758,88.26203893,9.774871826,21.0854187,79.81141814,-78.99903228,-6.360938869,Severe Drought
01-12-2018,West Bengal,Darjeeling,2018,12,0.440563503,13.91897583,26.85056758,88.26203893,6.288116455,17.52053833,66.93173637,-66.49117287,-6.360938869,Severe Drought
01-01-2019,West Bengal,Darjeeling,2019,1,0.470460089,13.15826255,26.85056758,88.26203893,4.686737061,16.98361206,72.43699874,-71.96653865,-6.360938869,Severe Drought
01-02-2019,West Bengal,Darjeeling,2019,2,3.006513696,15.13075337,26.85056758,88.26203893,6.892883301,19.00030518,82.56432835,-79.55781465,-6.360938869,Severe Drought
01-03-2019,West Bengal,Darjeeling,2019,3,2.05018937,18.45595992,26.85056758,88.26203893,8.934783936,23.42697144,130.7583847,-128.7081954,-6.360938869,Severe Drought
01-04-2019,West Bengal,Darjeeling,2019,4,6.384705393,21.13047871,26.85056758,88.26203893,12.31643677,25.84378052,150.4284543,-144.0437489,0.418113758,Normal
01-05-2019,West Bengal,Darjeeling,2019,5,9.034772371,22.4780932,26.85056758,88.26203893,15.04501343,26.29891968,156.9045691,-147.8697967,,
01-06-2019,West Bengal,Darjeeling,2019,6,17.0549477,24.18376722,26.85056758,88.26203893,17.34094238,27.62219238,154.4987807,-137.443833,,
01-07-2019,West Bengal,Darjeeling,2019,7,40.48930279,23.88909109,26.85056758,88.26203893,17.56271362,27.11740112,150.9456969,-110.4563941,,
01-08-2019,West Bengal,Darjeeling,2019,8,13.05646957,24.76644094,26.85056758,88.26203893,17.98498535,28.08459473,150.4247071,-137.3682376,,
01-09-2019,West Bengal,Darjeeling,2019,9,21.09994346,22.93718037,26.85056758,88.26203893,16.2071228,26.2071228,124.0632046,-102.9632611,,
01-10-2019,West Bengal,Darjeeling,2019,10,2.95065669,20.73943289,26.85056758,88.26203893,13.44039917,24.28610229,106.8309031,-103.8802464,,
01-11-2019,West Bengal,Darjeeling,2019,11,0.823328319,18.99524086,26.85056758,88.26203893,11.66989136,22.78121948,82.6902383,-81.86690998,,
01-12-2019,West Bengal,Darjeeling,2019,12,0.660049087,13.4285969,26.85056758,88.26203893,6.254974365,16.82528687,63.9252769,-63.26522781,-6.360938869,Severe Drought
01-01-2020,West Bengal,Darjeeling,2020,1,1.787069823,12.70477616,26.85056758,88.26203893,5.487670898,16.43493652,67.34527958,-65.55820976,-6.360938869,Severe Drought
01-02-2020,West Bengal,Darjeeling,2020,2,1.873727297,14.46031912,26.85056758,88.26203893,6.499176025,18.70230103,84.10253839,-82.22881109,-6.360938869,Severe Drought
01-03-2020,West Bengal,Darjeeling,2020,3,3.861248619,18.33629729,26.85056758,88.26203893,9.606445313,23.01855469,125.3762744,-121.5150258,-6.360938869,Severe Drought
01-04-2020,West Bengal,Darjeeling,2020,4,6.952211079,20.70472798,26.85056758,88.26203893,11.68170166,25.63873291,151.1278733,-144.1756622,1.316108553,Moderately Wet
01-05-2020,West Bengal,Darjeeling,2020,5,8.649110493,22.07085057,26.85056758,88.26203893,14.58462524,26.00845337,156.4863181,-147.8372076,,
01-06-2020,West Bengal,Darjeeling,2020,6,23.81607056,23.59981175,26.85056758,88.26203893,17.26593018,26.96514893,147.9746886,-124.158618,,
01-07-2020,West Bengal,Darjeeling,2020,7,39.39174933,23.75660946,26.85056758,88.26203893,17.84963989,26.91409302,146.5551139,-107.1633645,,
01-08-2020,West Bengal,Darjeeling,2020,8,13.23745888,24.55789827,26.85056758,88.26203893,18.24087524,27.94790649,146.7496802,-133.5122213,,
01-09-2020,West Bengal,Darjeeling,2020,9,23.90564929,23.52552394,26.85056758,88.26203893,17.30276489,26.76760864,122.4410716,-98.53542228,,
01-10-2020,West Bengal,Darjeeling,2020,10,3.064121046,22.29182354,26.85056758,88.26203893,15.48477173,25.73477173,108.0389778,-104.9748568,,
01-11-2020,West Bengal,Darjeeling,2020,11,0.514330914,17.59961419,26.85056758,88.26203893,10.68411255,21.13528442,77.15438801,-76.6400571,,
01-12-2020,West Bengal,Darjeeling,2020,12,0.356702353,14.30417673,26.85056758,88.26203893,8.103210449,17.63641357,62.41043264,-62.05373029,,
01-01-2021,West Bengal,Darjeeling,2021,1,1.20281089,13.56840114,26.85056758,88.26203893,7.43939209,16.85540771,64.22623411,-63.02342322,,
01-02-2021,West Bengal,Darjeeling,2021,2,0.997307627,15.37085122,26.85056758,88.26203893,7.635345459,19.45370483,82.16751646,-81.17020883,-6.360938869,Severe Drought
01-03-2021,West Bengal,Darjeeling,2021,3,3.373917831,19.24673783,26.85056758,88.26203893,10.49447632,23.99057007,128.9368874,-125.5629696,-6.360938869,Severe Drought
01-04-2021,West Bengal,Darjeeling,2021,4,3.425217478,21.98714889,26.85056758,88.26203893,12.8956604,27.11831665,157.640267,-154.2150495,-4.696142861,Severe Drought
01-05-2021,West Bengal,Darjeeling,2021,5,12.54323698,22.29959428,26.85056758,88.26203893,15.00045776,26.16452026,155.5844359,-143.0411989,,
01-06-2021,West Bengal,Darjeeling,2021,6,13.95998985,23.73633294,26.85056758,88.26203893,17.34036255,27.14505005,149.2676588,-135.307669,,
01-07-2021,West Bengal,Darjeeling,2021,7,22.58927998,24.18589381,26.85056758,88.26203893,17.94946289,27.50024414,151.9892663,-129.3999863,,
01-08-2021,West Bengal,Darjeeling,2021,8,21.96024041,23.78223459,26.85056758,88.26203893,17.73165894,26.98751831,140.674618,-118.7143776,,
01-09-2021,West Bengal,Darjeeling,2021,9,5.636558934,24.09259836,26.85056758,88.26203893,17.20803833,27.66116333,130.4404832,-124.8039242,,
01-10-2021,West Bengal,Darjeeling,2021,10,12.68551154,21.87454224,26.85056758,88.26203893,14.99172974,25.39602661,107.7161981,-95.03068651,,
01-11-2021,West Bengal,Darjeeling,2021,11,0.231632634,16.54714323,26.85056758,88.26203893,9.99307251,19.97940063,73.1767545,-72.94512187,-6.360938869,Severe Drought
01-12-2021,West Bengal,Darjeeling,2021,12,0.723461804,14.31368697,26.85056758,88.26203893,7.226104736,17.96438599,66.25730843,-65.53384663,,
01-01-2022,West Bengal,Darjeeling,2022,1,0.877048794,12.67288208,26.85056758,88.26203893,4.99710083,16.55764771,69.13360604,-68.25655724,-6.360938869,Severe Drought
01-02-2022,West Bengal,Darjeeling,2022,2,3.48568324,12.6643468,26.85056758,88.26203893,4.559906006,16.87435913,77.03079567,-73.54511243,-6.360938869,Severe Drought
01-03-2022,West Bengal,Darjeeling,2022,3,1.278651187,20.51395456,26.85056758,88.26203893,12.01806641,24.95361328,130.5486976,-129.2700464,-6.360938869,Severe Drought
01-04-2022,West Bengal,Darjeeling,2022,4,7.294606259,21.35639713,26.85056758,88.26203893,14.22039795,25.17156982,136.1341261,-128.8395199,1.735440638,Severely Wet
01-05-2022,West Bengal,Darjeeling,2022,5,10.26876189,22.71261436,26.85056758,88.26203893,15.58288574,26.38952637,154.6502642,-144.3815023,,
01-06-2022,West Bengal,Darjeeling,2022,6,23.39089484,23.27727468,26.85056758,88.26203893,17.31417847,26.36495972,141.8291002,-118.4382053,,
01-07-2022,West Bengal,Darjeeling,2022,7,10.49603191,24.78185875,26.85056758,88.26203893,18.2361145,28.26931763,157.991777,-147.4957451,,
01-08-2022,West Bengal,Darjeeling,2022,8,9.883722406,24.70531745,26.85056758,88.26203893,18.17941284,28.21456909,149.7286401,-139.8449177,-1.025657682,Moderate Drought
01-09-2022,West Bengal,Darjeeling,2022,9,6.139666106,23.54107827,26.85056758,88.26203893,16.82119751,27.01455688,127.1137399,-120.9740738,,
01-10-2022,West Bengal,Darjeeling,2022,10,3.120155535,21.15180568,26.85056758,88.26203893,14.08139038,24.68881226,106.7813088,-103.6611533,,
01-11-2022,West Bengal,Darjeeling,2022,11,0.14795863,17.5137313,26.85056758,88.26203893,10.68478394,21.02267456,76.54894007,-76.40098144,-6.360938869,Severe Drought
01-12-2022,West Bengal,Darjeeling,2022,12,0.044297846,14.975239,26.85056758,88.26203893,8.014404297,18.61206055,67.17799134,-67.1336935,-6.360938869,Severe Drought
01-01-2023,West Bengal,Darjeeling,2023,1,0.220556811,13.53526065,26.85056758,88.26203893,7.22543335,16.78598022,64.64890432,-64.42834751,-6.360938869,Severe Drought
01-02-2023,West Bengal,Darjeeling,2023,2,0.873913012,16.16505352,26.85056758,88.26203893,8.176361084,20.31112671,85.25364334,-84.37973033,-6.360938869,Severe Drought
01-03-2023,West Bengal,Darjeeling,2023,3,3.254246762,18.42623259,26.85056758,88.26203893,9.52255249,23.08114624,126.3728157,-123.1185689,-6.360938869,Severe Drought
01-04-2023,West Bengal,Darjeeling,2023,4,2.648109838,21.80872225,26.85056758,88.26203893,12.47998047,26.96240234,158.3599717,-155.7118619,-4.696142861,Severe Drought
01-05-2023,West Bengal,Darjeeling,2023,5,3.864208021,23.10651277,26.85056758,88.26203893,14.35003662,27.93011475,175.0485968,-171.1843888,,
01-06-2023,West Bengal,Darjeeling,2023,6,9.606300756,24.73468178,26.85056758,88.26203893,17.42300415,28.60855103,163.2647736,-153.6584728,,
01-07-2023,West Bengal,Darjeeling,2023,7,10.25975599,24.72515066,26.85056758,88.26203893,18.14486694,28.19174194,157.8888374,-147.6290814,,
01-08-2023,West Bengal,Darjeeling,2023,8,11.19800126,24.57908711,26.85056758,88.26203893,18.14004517,27.99356079,147.9267612,-136.7287599,-1.025657682,Moderate Drought
01-09-2023,West Bengal,Darjeeling,2023,9,7.475866217,24.6609224,26.85056758,88.26203893,17.52975464,28.34030151,134.4513865,-126.9755203,,
01-10-2023,West Bengal,Darjeeling,2023,10,3.624695226,21.26597033,26.85056758,88.26203893,13.72207642,25.06387329,110.739427,-107.1147318,,
01-11-2023,West Bengal,Darjeeling,2023,11,0.387652046,18.67916067,26.85056758,88.26203893,10.8605957,22.67895508,84.54794193,-84.16028989,-6.360938869,Severe Drought
01-12-2023,West Bengal,Darjeeling,2023,12,0.249783968,15.57206164,26.85056758,88.26203893,8.4090271,19.27426147,69.259415,-69.00963103,-6.360938869,Severe Drought
01-01-2024,West Bengal,Darjeeling,2024,1,0.330459043,12.98904901,26.85056758,88.26203893,5.161437988,16.90753174,70.40921399,-70.07875495,-6.360938869,Severe Drought
01-02-2024,West Bengal,Darjeeling,2024,2,0.647723047,14.56470208,26.85056758,88.26203893,6.449981689,18.74490356,84.69142008,-84.04369704,-6.360938869,Severe Drought
01-03-2024,West Bengal,Darjeeling,2024,3,3.102135106,18.69344772,26.85056758,88.26203893,10.16445923,23.0687561,124.1953212,-121.0931861,-6.360938869,Severe Drought
01-04-2024,West Bengal,Darjeeling,2024,4,1.365613937,23.31516306,26.85056758,88.26203893,14.18255615,28.29388428,162.263167,-160.8975531,-4.696142861,Severe Drought
01-05-2024,West Bengal,Darjeeling,2024,5,5.855537816,24.68514212,26.85056758,88.26203893,15.89001465,29.3939209,181.2933291,-175.4377913,,
01-06-2024,West Bengal,Darjeeling,2024,6,31.01597194,24.34512008,26.85056758,88.26203893,18.03878784,27.57980347,149.4050545,-118.3890826,,
01-07-2024,West Bengal,Darjeeling,2024,7,25.99508025,24.96459318,26.85056758,88.26203893,18.75427246,28.19763184,153.9351043,-127.940024,,
01-08-2024,West Bengal,Darjeeling,2024,8,17.09206832,24.68230398,26.85056758,88.26203893,18.23873901,28.03366089,147.8454955,-130.7534272,,
01-09-2024,West Bengal,Darjeeling,2024,9,15.90795577,24.94896979,26.85056758,88.26203893,17.94259644,28.46603394,133.5538755,-117.6459198,,
01-10-2024,West Bengal,Darjeeling,2024,10,3.62046292,21.81453504,26.85056758,88.26203893,14.74319458,25.38186646,108.7579453,-105.1374823,,
01-11-2024,West Bengal,Darjeeling,2024,11,0.239512343,18.19819561,26.85056758,88.26203893,10.58450317,22.10598755,82.37862851,-82.13911617,-6.360938869,Severe Drought
01-12-2024,West Bengal,Darjeeling,2024,12,0.262638795,14.86371974,26.85056758,88.26203893,8.281585693,18.44564819,65.56552401,-65.30288521,-6.360938869,Severe Drought
01-01-2025,West Bengal,Darjeeling,2025,1,0.539575577,14.51472072,26.85056758,88.26203893,8.383758545,17.82321167,66.24609968,-65.7065241,-6.360938869,Severe Drought
01-02-2025,West Bengal,Darjeeling,2025,2,2.467947307,15.41970825,26.85056758,88.26203893,7.796661377,19.61502075,82.28854022,-79.82059291,-6.360938869,Severe Drought
01-03-2025,West Bengal,Darjeeling,2025,3,2.360826191,19.18453658,26.85056758,88.26203893,10.6477356,23.90359497,127.5696289,-125.2088027,-6.360938869,Severe Drought
01-04-2025,West Bengal,Darjeeling,2025,4,4.705270868,22.06380744,26.85056758,88.26203893,13.52423096,26.58477783,151.3538398,-146.6485689,0.804275917,Normal
01-05-2025,West Bengal,Darjeeling,2025,5,14.52999235,23.14432726,26.85056758,88.26203893,15.65707397,27.1668396,161.3028428,-146.7728504,,
01-06-2025,West Bengal,Darjeeling,2025,6,10.39746415,24.74697234,26.85056758,88.26203893,17.93313599,28.29055786,157.1502894,-146.7528252,,
01-07-2025,West Bengal,Darjeeling,2025,7,13.20554954,24.97328106,26.85056758,88.26203893,18.427948,28.44161987,158.5474677,-145.3419182,,
01-08-2025,West Bengal,Darjeeling,2025,8,28.77780633,24.07912566,26.85056758,88.26203893,17.77310181,27.38442993,144.3739553,-115.5961489,-1.025657682,Moderate Drought
01-09-2025,West Bengal,Darjeeling,2025,9,11.56337778,24.29607672,26.85056758,88.26203893,17.50259399,27.80532837,130.1277447,-118.5643669,,
01-10-2025,West Bengal,Darjeeling,2025,10,12.0264475,21.85431069,26.85056758,88.26203893,14.56802368,25.49966431,110.3559622,-98.3295147,,
01-01-2013,West Bengal,Dinajpur Dakshin,2013,1,0.007722807,16.51908458,25.36722585,88.57548933,16.24111938,16.73526001,16.69695819,-16.68923538,,
01-02-2013,West Bengal,Dinajpur Dakshin,2013,2,0.443468311,20.68233698,25.36722585,88.57548933,20.39993286,20.92337036,20.58880967,-20.14534136,,
01-03-2013,West Bengal,Dinajpur Dakshin,2013,3,0.013210303,25.98131769,25.36722585,88.57548933,25.79266357,26.24578857,28.34613709,-28.33292679,,
01-04-2013,West Bengal,Dinajpur Dakshin,2013,4,2.637009707,27.76145796,25.36722585,88.57548933,27.41131592,27.98358154,36.38594228,-33.74893257,-0.288337416,Normal
01-05-2013,West Bengal,Dinajpur Dakshin,2013,5,8.297075445,26.62004506,25.36722585,88.57548933,26.34439087,26.93423462,39.52690101,-31.22982556,,
01-06-2013,West Bengal,Dinajpur Dakshin,2013,6,9.303338484,28.57886852,25.36722585,88.57548933,28.44934082,28.6661377,24.6469912,-15.34365271,,
01-07-2013,West Bengal,Dinajpur Dakshin,2013,7,4.969910708,28.36602783,25.36722585,88.57548933,28.20089722,28.47824097,28.36025815,-23.39034744,0.854346351,Normal
01-08-2013,West Bengal,Dinajpur Dakshin,2013,8,9.771229831,27.50371205,25.36722585,88.57548933,27.35696411,27.59915161,24.83205848,-15.06082865,0.818434266,Normal
01-09-2013,West Bengal,Dinajpur Dakshin,2013,9,6.765929482,27.94153387,25.36722585,88.57548933,27.77774048,28.0531311,23.36968716,-16.60375768,,
01-10-2013,West Bengal,Dinajpur Dakshin,2013,10,7.113662026,25.35934726,25.36722585,88.57548933,25.19723511,25.47067261,19.41940366,-12.30574164,1.62206217,Severely Wet
01-11-2013,West Bengal,Dinajpur Dakshin,2013,11,0.059854307,21.16977206,25.36722585,88.57548933,20.79290771,21.53704834,23.43931608,-23.37946177,,
01-12-2013,West Bengal,Dinajpur Dakshin,2013,12,0.03004986,18.57153043,25.36722585,88.57548933,18.18081665,18.86245728,19.67683657,-19.64678671,,
01-01-2014,West Bengal,Dinajpur Dakshin,2014,1,0.147344979,17.34218805,25.36722585,88.57548933,16.95040894,17.65353394,20.39489391,-20.24754893,,
01-02-2014,West Bengal,Dinajpur Dakshin,2014,2,1.24161859,18.7729187,25.36722585,88.57548933,18.51608276,18.98483276,18.51687288,-17.27525429,,
01-03-2014,West Bengal,Dinajpur Dakshin,2014,3,0.268401233,24.54822332,25.36722585,88.57548933,24.34616089,24.71725464,24.81264473,-24.5442435,,
01-04-2014,West Bengal,Dinajpur Dakshin,2014,4,0.201475599,29.63251842,25.36722585,88.57548933,29.29605103,29.8565979,37.49033623,-37.28886063,0.261608387,Normal
01-05-2014,West Bengal,Dinajpur Dakshin,2014,5,4.754739241,30.03305331,25.36722585,88.57548933,29.43637085,30.37582397,53.7168999,-48.96216065,,
01-06-2014,West Bengal,Dinajpur Dakshin,2014,6,11.40853466,28.26930376,25.36722585,88.57548933,27.8772583,28.57843018,44.02923514,-32.62070048,,
01-07-2014,West Bengal,Dinajpur Dakshin,2014,7,9.760652022,28.22875422,25.36722585,88.57548933,28.14352417,28.30758667,21.74765137,-11.98699935,-0.967987424,Normal
01-08-2014,West Bengal,Dinajpur Dakshin,2014,8,14.50523793,27.76698442,25.36722585,88.57548933,27.62493896,27.84759521,23.94808581,-9.442847878,0.794781727,Normal
01-09-2014,West Bengal,Dinajpur Dakshin,2014,9,8.899701205,27.31501354,25.36722585,88.57548933,27.10531616,27.42172241,24.70649975,-15.80679854,,
01-10-2014,West Bengal,Dinajpur Dakshin,2014,10,1.884997108,25.85131281,25.36722585,88.57548933,25.68228149,26.03579712,22.33230774,-20.44731063,1.357221437,Moderately Wet
01-11-2014,West Bengal,Dinajpur Dakshin,2014,11,0.011160034,22.53365534,25.36722585,88.57548933,22.19754028,22.84988403,22.71409286,-22.70293282,,
01-12-2014,West Bengal,Dinajpur Dakshin,2014,12,0.072413959,18.73367864,25.36722585,88.57548933,18.48092651,19.00631714,17.35203977,-17.27962581,,
01-01-2015,West Bengal,Dinajpur Dakshin,2015,1,0.71987707,17.53515348,25.36722585,88.57548933,17.22842407,17.76358032,17.8905489,-17.17067183,,
01-02-2015,West Bengal,Dinajpur Dakshin,2015,2,0.978630413,20.46472445,25.36722585,88.57548933,20.22848511,20.67184448,18.84143255,-17.86280214,,
01-03-2015,West Bengal,Dinajpur Dakshin,2015,3,2.248426784,24.33261663,25.36722585,88.57548933,24.165802,24.540802,24.81590445,-22.56747767,,
01-04-2015,West Bengal,Dinajpur Dakshin,2015,4,4.245452187,25.3638805,25.36722585,88.57548933,25.00024414,25.53930664,33.45624744,-29.21079525,1.577850338,Severely Wet
01-05-2015,West Bengal,Dinajpur Dakshin,2015,5,8.25862399,27.30604692,25.36722585,88.57548933,26.81723022,27.6512146,47.72643617,-39.46781218,,
01-06-2015,West Bengal,Dinajpur Dakshin,2015,6,8.47415716,28.17280162,25.36722585,88.57548933,27.83322144,28.37423706,38.59429568,-30.12013852,,
01-07-2015,West Bengal,Dinajpur Dakshin,2015,7,11.85964827,27.76605225,25.36722585,88.57548933,27.60110474,27.87258911,27.69442154,-15.83477327,-0.346105924,Normal
01-08-2015,West Bengal,Dinajpur Dakshin,2015,8,15.47248147,27.63495983,25.36722585,88.57548933,27.48696899,27.71157837,23.98320198,-8.510720512,0.756047534,Normal
01-09-2015,West Bengal,Dinajpur Dakshin,2015,9,6.508766868,28.0425526,25.36722585,88.57548933,27.85256958,28.16311646,24.87138557,-18.3626187,,
01-10-2015,West Bengal,Dinajpur Dakshin,2015,10,1.126347195,26.48889715,25.36722585,88.57548933,26.21652222,26.66574097,25.54205217,-24.41570497,-0.678915963,Normal
01-11-2015,West Bengal,Dinajpur Dakshin,2015,11,0.149879835,23.22963645,25.36722585,88.57548933,22.97351074,23.45593262,19.87013091,-19.72025107,,
01-12-2015,West Bengal,Dinajpur Dakshin,2015,12,0.1122466,18.77066595,25.36722585,88.57548933,18.46420288,18.98178101,17.23998152,-17.12773492,,
01-01-2016,West Bengal,Dinajpur Dakshin,2016,1,0.62245564,17.57628285,25.36722585,88.57548933,17.4206543,17.7644043,14.35522267,-13.73276703,,
01-02-2016,West Bengal,Dinajpur Dakshin,2016,2,0.135488597,21.43835172,25.36722585,88.57548933,21.18045044,21.65896606,20.78912286,-20.65363426,,
01-03-2016,West Bengal,Dinajpur Dakshin,2016,3,1.050768159,25.85733865,25.36722585,88.57548933,25.5196228,26.12704468,32.72642124,-31.67565308,,
01-04-2016,West Bengal,Dinajpur Dakshin,2016,4,0.842761907,29.06534646,25.36722585,88.57548933,28.3039856,29.6477356,57.35195888,-56.50919698,-4.327437805,Severe Drought
01-05-2016,West Bengal,Dinajpur Dakshin,2016,5,8.383320202,27.22581898,25.36722585,88.57548933,26.76745605,27.58190918,47.08037893,-38.69705873,,
01-06-2016,West Bengal,Dinajpur Dakshin,2016,6,9.090587269,28.54511608,25.36722585,88.57548933,28.28179932,28.67437744,33.14242381,-24.05183654,,
01-07-2016,West Bengal,Dinajpur Dakshin,2016,7,12.9371546,27.5534557,25.36722585,88.57548933,27.42126465,27.60876465,22.9081226,-9.970967998,0.652493132,Normal
01-08-2016,West Bengal,Dinajpur Dakshin,2016,8,5.631954193,28.77790416,25.36722585,88.57548933,28.57424927,28.91995239,30.50244583,-24.87049164,0.318419798,Normal
01-09-2016,West Bengal,Dinajpur Dakshin,2016,9,12.69790233,27.47287265,25.36722585,88.57548933,27.32345581,27.58908081,22.71643251,-10.01853018,,
01-10-2016,West Bengal,Dinajpur Dakshin,2016,10,3.177758304,26.40773149,25.36722585,88.57548933,26.19732666,26.57818604,23.47537519,-20.29761688,-6.360938869,Severe Drought
01-11-2016,West Bengal,Dinajpur Dakshin,2016,11,0.023516918,23.22226784,25.36722585,88.57548933,22.90612793,23.45690918,21.22749761,-21.20398069,,
01-12-2016,West Bengal,Dinajpur Dakshin,2016,12,0.077549696,19.9949646,25.36722585,88.57548933,19.67269897,20.27426147,19.20836011,-19.13081041,,
01-01-2017,West Bengal,Dinajpur Dakshin,2017,1,0.047083941,18.13845825,25.36722585,88.57548933,17.86404419,18.40310669,18.2622963,-18.21521236,,
01-02-2017,West Bengal,Dinajpur Dakshin,2017,2,0.028967779,21.32881026,25.36722585,88.57548933,20.98648071,21.61148071,22.87568122,-22.84671344,,
01-03-2017,West Bengal,Dinajpur Dakshin,2017,3,2.199126157,22.85192594,25.36722585,88.57548933,22.61257935,22.96218872,23.11898165,-20.9198555,,
01-04-2017,West Bengal,Dinajpur Dakshin,2017,4,7.543090127,25.9052346,25.36722585,88.57548933,25.47518921,26.18612671,38.90329197,-31.36020184,0.889221313,Normal
01-05-2017,West Bengal,Dinajpur Dakshin,2017,5,9.554988514,27.2744751,25.36722585,88.57548933,26.89254761,27.50778198,40.96342421,-31.40843569,,
01-06-2017,West Bengal,Dinajpur Dakshin,2017,6,7.948505748,28.3947421,25.36722585,88.57548933,28.12219238,28.53430176,33.84667751,-25.89817176,,
01-07-2017,West Bengal,Dinajpur Dakshin,2017,7,11.41887041,27.60190097,25.36722585,88.57548933,27.5005188,27.6723938,21.95628562,-10.53741521,1.003525484,Moderately Wet
01-08-2017,West Bengal,Dinajpur Dakshin,2017,8,12.04480813,28.3270985,25.36722585,88.57548933,28.16427612,28.44943237,27.43472788,-15.38991975,0.995147193,Normal
01-09-2017,West Bengal,Dinajpur Dakshin,2017,9,8.922022733,27.92214688,25.36722585,88.57548933,27.71902466,28.04129028,25.26976515,-16.34774242,,
01-10-2017,West Bengal,Dinajpur Dakshin,2017,10,6.340780778,26.1046309,25.36722585,88.57548933,25.91873169,26.24880981,21.70454486,-15.36376408,1.072974672,Moderately Wet
01-11-2017,West Bengal,Dinajpur Dakshin,2017,11,0.015712638,22.40144764,25.36722585,88.57548933,22.07687378,22.6803894,21.77586978,-21.76015714,,
01-12-2017,West Bengal,Dinajpur Dakshin,2017,12,0.126336921,20.02548773,25.36722585,88.57548933,19.83816528,20.26980591,16.28402138,-16.15768446,,
01-01-2018,West Bengal,Dinajpur Dakshin,2018,1,0.016905526,16.94806186,25.36722585,88.57548933,16.64834595,17.21279907,18.06845037,-18.05154485,,
01-02-2018,West Bengal,Dinajpur Dakshin,2018,2,0.08780927,21.00017201,25.36722585,88.57548933,20.79571533,21.19805908,18.19992778,-18.11211851,,
01-03-2018,West Bengal,Dinajpur Dakshin,2018,3,0.588150285,25.37122137,25.36722585,88.57548933,25.09786987,25.56271362,28.3102612,-27.72211092,,
01-04-2018,West Bengal,Dinajpur Dakshin,2018,4,6.352565419,26.00958252,25.36722585,88.57548933,25.59268188,26.43838501,42.53194749,-36.17938207,-0.249756745,Normal
01-05-2018,West Bengal,Dinajpur Dakshin,2018,5,9.081712896,26.13414418,25.36722585,88.57548933,25.82226563,26.3046875,35.35582252,-26.27410962,,
01-06-2018,West Bengal,Dinajpur Dakshin,2018,6,8.099816756,28.87139893,25.36722585,88.57548933,28.59298706,29.04025269,35.62466824,-27.52485148,,
01-07-2018,West Bengal,Dinajpur Dakshin,2018,7,8.24251279,28.5203358,25.36722585,88.57548933,28.3633728,28.62704468,27.74483114,-19.50231835,0.60885344,Normal
01-08-2018,West Bengal,Dinajpur Dakshin,2018,8,6.0589017,28.62771329,25.36722585,88.57548933,28.51620483,28.73104858,23.96854814,-17.90964644,-0.327531729,Normal
01-09-2018,West Bengal,Dinajpur Dakshin,2018,9,5.357831782,28.3887773,25.36722585,88.57548933,28.20181274,28.51431274,25.13790495,-19.78007316,,
01-10-2018,West Bengal,Dinajpur Dakshin,2018,10,1.412591934,25.6317971,25.36722585,88.57548933,25.36288452,25.86679077,26.52861985,-25.11602791,-6.360938869,Severe Drought
01-11-2018,West Bengal,Dinajpur Dakshin,2018,11,0.065265124,22.94949896,25.36722585,88.57548933,22.5932312,23.2338562,22.74122084,-22.67595572,,
01-12-2018,West Bengal,Dinajpur Dakshin,2018,12,0.411479516,18.63231035,25.36722585,88.57548933,18.34085083,18.86819458,17.33602732,-16.92454781,,
01-01-2019,West Bengal,Dinajpur Dakshin,2019,1,0.015527453,18.33233365,25.36722585,88.57548933,17.97579956,18.61447144,19.98532853,-19.96980107,,
01-02-2019,West Bengal,Dinajpur Dakshin,2019,2,2.511072159,20.11252108,25.36722585,88.57548933,19.84796143,20.3381958,19.63007355,-17.1190014,,
01-03-2019,West Bengal,Dinajpur Dakshin,2019,3,0.730236747,24.04087413,25.36722585,88.57548933,23.65158081,24.27658081,31.81535698,-31.08512023,,
01-04-2019,West Bengal,Dinajpur Dakshin,2019,4,3.981290297,26.14500289,25.36722585,88.57548933,25.84182739,26.50198364,37.69381133,-33.71252103,-0.232266596,Normal
01-05-2019,West Bengal,Dinajpur Dakshin,2019,5,7.63224515,27.8217385,25.36722585,88.57548933,27.21884155,28.2383728,53.37247988,-45.74023473,,
01-06-2019,West Bengal,Dinajpur Dakshin,2019,6,11.39613412,29.04380105,25.36722585,88.57548933,28.71594238,29.35266113,42.66219478,-31.26606066,,
01-07-2019,West Bengal,Dinajpur Dakshin,2019,7,13.14341042,28.57088401,25.36722585,88.57548933,28.33224487,28.68380737,32.07193229,-18.92852187,-1.136200788,Moderate Drought
01-08-2019,West Bengal,Dinajpur Dakshin,2019,8,5.37631503,28.98702725,25.36722585,88.57548933,28.81311035,29.13342285,29.49276345,-24.11644842,-1.308317105,Moderate Drought
01-09-2019,West Bengal,Dinajpur Dakshin,2019,9,13.09409679,27.41744163,25.36722585,88.57548933,27.2774353,27.48446655,20.03048854,-6.93639175,,
01-10-2019,West Bengal,Dinajpur Dakshin,2019,10,5.005998438,25.57303689,25.36722585,88.57548933,25.40914917,25.70211792,20.20051608,-15.19451764,1.254969662,Moderately Wet
01-11-2019,West Bengal,Dinajpur Dakshin,2019,11,0.336219289,23.61538141,25.36722585,88.57548933,23.36520386,23.86520386,20.41908272,-20.08286343,,
01-12-2019,West Bengal,Dinajpur Dakshin,2019,12,0.04956227,18.11683516,25.36722585,88.57548933,17.75692749,18.33700562,17.92492206,-17.87535979,,
01-01-2020,West Bengal,Dinajpur Dakshin,2020,1,0.612820192,17.1673584,25.36722585,88.57548933,16.95837402,17.33532715,14.85877081,-14.24595062,,
01-02-2020,West Bengal,Dinajpur Dakshin,2020,2,1.606828516,19.31469449,25.36722585,88.57548933,19.12026978,19.54214478,18.46354698,-16.85671846,,
01-03-2020,West Bengal,Dinajpur Dakshin,2020,3,0.797938867,23.56081321,25.36722585,88.57548933,23.40527344,23.71777344,22.23873719,-21.44079833,,
01-04-2020,West Bengal,Dinajpur Dakshin,2020,4,3.510126981,25.99917325,25.36722585,88.57548933,25.76959229,26.14654541,28.38878263,-24.87865565,2.184280151,Severely Wet
01-05-2020,West Bengal,Dinajpur Dakshin,2020,5,9.555974093,26.64898682,25.36722585,88.57548933,26.33267212,26.82485962,36.13037226,-26.57439817,,
01-06-2020,West Bengal,Dinajpur Dakshin,2020,6,15.86763278,27.89261697,25.36722585,88.57548933,27.70733643,27.99639893,28.0387828,-12.17115002,,
01-07-2020,West Bengal,Dinajpur Dakshin,2020,7,16.26810386,27.88967618,25.36722585,88.57548933,27.70901489,27.99612427,28.55750422,-12.28940036,1.997587163,Severely Wet
01-08-2020,West Bengal,Dinajpur Dakshin,2020,8,7.819926869,28.64747758,25.36722585,88.57548933,28.53970337,28.72720337,22.40091932,-14.58099245,1.926454936,Severely Wet
01-09-2020,West Bengal,Dinajpur Dakshin,2020,9,12.5932742,27.8270874,25.36722585,88.57548933,27.65432739,27.95315552,24.28293001,-11.68965581,,
01-10-2020,West Bengal,Dinajpur Dakshin,2020,10,2.350177765,27.39625688,25.36722585,88.57548933,27.21914673,27.53945923,22.01006859,-19.65989083,1.315093092,Moderately Wet
01-11-2020,West Bengal,Dinajpur Dakshin,2020,11,0.036880314,22.52253584,25.36722585,88.57548933,22.1723938,22.8755188,23.57510673,-23.53822642,,
01-12-2020,West Bengal,Dinajpur Dakshin,2020,12,0.061845823,18.67201372,25.36722585,88.57548933,18.39227295,18.93719482,17.64179739,-17.57995157,,
01-01-2021,West Bengal,Dinajpur Dakshin,2021,1,0.013201773,17.71939919,25.36722585,88.57548933,17.36907959,17.98626709,19.31303619,-19.29983441,,
01-02-2021,West Bengal,Dinajpur Dakshin,2021,2,0.023755843,20.70574674,25.36722585,88.57548933,20.41659546,20.96151733,21.01987133,-20.99611549,,
01-03-2021,West Bengal,Dinajpur Dakshin,2021,3,0.21935684,25.60234486,25.36722585,88.57548933,25.37728882,25.76986694,26.15605739,-25.93670055,,
01-04-2021,West Bengal,Dinajpur Dakshin,2021,4,0.994562756,28.4348089,25.36722585,88.57548933,28.12612915,28.57339478,32.64292111,-31.64835835,0.350512685,Normal
01-05-2021,West Bengal,Dinajpur Dakshin,2021,5,10.38404846,27.20509477,25.36722585,88.57548933,26.93795776,27.40866089,35.77507097,-25.39102251,,
01-06-2021,West Bengal,Dinajpur Dakshin,2021,6,8.51430997,28.2563754,25.36722585,88.57548933,28.0630188,28.39309692,30.20058613,-21.68627616,,
01-07-2021,West Bengal,Dinajpur Dakshin,2021,7,8.473072399,28.42123136,25.36722585,88.57548933,28.27758789,28.49829102,25.32936115,-16.85628875,1.264081627,Moderately Wet
01-08-2021,West Bengal,Dinajpur Dakshin,2021,8,11.29214061,27.92049339,25.36722585,88.57548933,27.79220581,27.97970581,22.05030579,-10.75816518,1.207624429,Moderately Wet
01-09-2021,West Bengal,Dinajpur Dakshin,2021,9,4.950349288,28.15840843,25.36722585,88.57548933,28.03421021,28.27249146,21.84125142,-16.89090214,,
01-10-2021,West Bengal,Dinajpur Dakshin,2021,10,4.519157756,26.61273193,25.36722585,88.57548933,26.39993286,26.77297974,23.34109244,-18.82193469,1.210285932,Moderately Wet
01-11-2021,West Bengal,Dinajpur Dakshin,2021,11,0.003286309,21.71492975,25.36722585,88.57548933,21.41690063,22.03604126,21.67930861,-21.6760223,,
01-12-2021,West Bengal,Dinajpur Dakshin,2021,12,0.137764064,19.15703513,25.36722585,88.57548933,18.83547974,19.44094849,18.84338657,-18.7056225,,
01-01-2022,West Bengal,Dinajpur Dakshin,2022,1,0.797873757,17.06528265,25.36722585,88.57548933,16.75881958,17.28225708,17.45830149,-16.66042774,,
01-02-2022,West Bengal,Dinajpur Dakshin,2022,2,2.973916487,17.8037803,25.36722585,88.57548933,17.56381226,17.98373413,17.06152094,-14.08760445,,
01-03-2022,West Bengal,Dinajpur Dakshin,2022,3,0.182051355,25.62761896,25.36722585,88.57548933,25.25048828,25.88720703,33.33004353,-33.14799218,,
01-04-2022,West Bengal,Dinajpur Dakshin,2022,4,3.689374404,27.01487593,25.36722585,88.57548933,26.41571045,27.43719482,47.81622063,-44.12684623,-1.857498913,Severe Drought
01-05-2022,West Bengal,Dinajpur Dakshin,2022,5,7.255998091,27.47422097,25.36722585,88.57548933,27.08288574,27.70202637,41.27536466,-34.01936657,,
01-06-2022,West Bengal,Dinajpur Dakshin,2022,6,11.01050845,28.07394687,25.36722585,88.57548933,27.63253784,28.40792847,46.10453311,-35.09402466,,
01-07-2022,West Bengal,Dinajpur Dakshin,2022,7,5.551837228,29.2086792,25.36722585,88.57548933,29.06619263,29.306427,26.87658582,-21.32474859,-0.735859613,Normal
01-08-2022,West Bengal,Dinajpur Dakshin,2022,8,5.980370955,28.83016135,25.36722585,88.57548933,28.70870972,28.94503784,25.24804121,-19.26767025,-1.441147061,Moderate Drought
01-09-2022,West Bengal,Dinajpur Dakshin,2022,9,5.959911,27.69069047,25.36722585,88.57548933,27.59854126,27.76065063,17.8317592,-11.8718482,,
01-10-2022,West Bengal,Dinajpur Dakshin,2022,10,2.287799488,25.78407426,25.36722585,88.57548933,25.51693726,25.94662476,24.58307295,-22.29527346,-3.967918319,Severe Drought
01-11-2022,West Bengal,Dinajpur Dakshin,2022,11,0.013856747,22.2210943,25.36722585,88.57548933,21.92892456,22.51486206,21.36014357,-21.34628682,,
01-12-2022,West Bengal,Dinajpur Dakshin,2022,12,0.012113734,19.42118697,25.36722585,88.57548933,19.21948242,19.65698242,16.1322601,-16.12014637,,
01-01-2023,West Bengal,Dinajpur Dakshin,2023,1,0.005863087,17.27967696,25.36722585,88.57548933,16.9480896,17.50863647,18.17765823,-18.17179514,,
01-02-2023,West Bengal,Dinajpur Dakshin,2023,2,0.015424401,21.14812955,25.36722585,88.57548933,20.93026733,21.35214233,18.70750565,-18.69208125,,
01-03-2023,West Bengal,Dinajpur Dakshin,2023,3,1.287691983,24.4759466,25.36722585,88.57548933,24.32138062,24.68466187,24.50816949,-23.2204775,,
01-04-2023,West Bengal,Dinajpur Dakshin,2023,4,0.597001423,28.39324396,25.36722585,88.57548933,27.93896484,28.62451172,40.37701663,-39.78001521,-0.191922489,Normal
01-05-2023,West Bengal,Dinajpur Dakshin,2023,5,1.877710516,28.44609486,25.36722585,88.57548933,28.04534912,28.777771,45.85651021,-43.9787997,,
01-06-2023,West Bengal,Dinajpur Dakshin,2023,6,4.048606873,29.96357311,25.36722585,88.57548933,29.39175415,30.3956604,54.62112415,-50.57251727,,
01-07-2023,West Bengal,Dinajpur Dakshin,2023,7,5.05148038,29.17319003,25.36722585,88.57548933,29.00228882,29.26791382,28.23989044,-23.18841006,-2.409254075,Severe Drought
01-08-2023,West Bengal,Dinajpur Dakshin,2023,8,9.115622087,28.66019509,25.36722585,88.57548933,28.51504517,28.74551392,24.84220403,-15.72658194,-2.612181749,Severe Drought
01-09-2023,West Bengal,Dinajpur Dakshin,2023,9,4.390777935,28.72515869,25.36722585,88.57548933,28.58444214,28.84811401,23.25880329,-18.86802536,,
01-10-2023,West Bengal,Dinajpur Dakshin,2023,10,4.126364968,26.33757435,25.36722585,88.57548933,26.17910767,26.49160767,21.2307559,-17.10439093,-0.998697226,Normal
01-11-2023,West Bengal,Dinajpur Dakshin,2023,11,0.056728916,23.88234641,25.36722585,88.57548933,23.67504883,24.12817383,19.56368816,-19.50695924,,
01-12-2023,West Bengal,Dinajpur Dakshin,2023,12,0.364701401,20.0627913,25.36722585,88.57548933,19.81723022,20.24691772,16.2631608,-15.8984594,,
01-01-2024,West Bengal,Dinajpur Dakshin,2024,1,0.025775983,17.1975708,25.36722585,88.57548933,16.93487549,17.41143799,16.72146083,-16.69568484,,
01-02-2024,West Bengal,Dinajpur Dakshin,2024,2,0.333240011,19.8812672,25.36722585,88.57548933,19.60818481,20.05740356,19.34335435,-19.01011433,,
01-03-2024,West Bengal,Dinajpur Dakshin,2024,3,1.429303516,24.18070568,25.36722585,88.57548933,24.04922485,24.34414673,21.92801271,-20.49870919,,
01-04-2024,West Bengal,Dinajpur Dakshin,2024,4,0.084201943,30.60167902,25.36722585,88.57548933,30.3192749,30.86810303,37.85435007,-37.77014813,0.563025354,Normal
01-05-2024,West Bengal,Dinajpur Dakshin,2024,5,4.440416856,29.63886053,25.36722585,88.57548933,29.21032715,29.88806152,45.24903112,-40.80861426,,
01-06-2024,West Bengal,Dinajpur Dakshin,2024,6,9.332271229,29.24617698,25.36722585,88.57548933,28.73800659,29.66574097,51.71939195,-42.38712072,,
01-07-2024,West Bengal,Dinajpur Dakshin,2024,7,11.3412108,29.22257857,25.36722585,88.57548933,29.05700684,29.32653809,28.47668836,-17.13547756,-1.4317866,Moderate Drought
01-08-2024,West Bengal,Dinajpur Dakshin,2024,8,12.20341353,28.13256281,25.36722585,88.57548933,27.94577026,28.23483276,27.50550525,-15.30209172,-1.358314016,Moderate Drought
01-09-2024,West Bengal,Dinajpur Dakshin,2024,9,10.3929915,28.83064964,25.36722585,88.57548933,28.73556519,28.94454956,20.75372091,-10.36072941,,
01-10-2024,West Bengal,Dinajpur Dakshin,2024,10,3.748064561,26.4636286,25.36722585,88.57548933,26.22952271,26.58499146,22.70804315,-18.95997859,1.530478869,Severely Wet
01-11-2024,West Bengal,Dinajpur Dakshin,2024,11,0.102971565,23.17354792,25.36722585,88.57548933,22.93997192,23.37747192,18.89653434,-18.79356278,,
01-12-2024,West Bengal,Dinajpur Dakshin,2024,12,0.00543375,18.57375544,25.36722585,88.57548933,18.34017944,18.85580444,17.11477105,-17.1093373,,
01-01-2025,West Bengal,Dinajpur Dakshin,2025,1,0.003930806,18.21694391,25.36722585,88.57548933,17.91891479,18.47555542,18.59819056,-18.59425976,,
01-02-2025,West Bengal,Dinajpur Dakshin,2025,2,0.055229854,20.75351507,25.36722585,88.57548933,20.50369263,20.94314575,18.89981881,-18.84458895,,
01-03-2025,West Bengal,Dinajpur Dakshin,2025,3,0.445417448,25.46502686,25.36722585,88.57548933,25.32546997,25.62820435,22.89622544,-22.45080799,,
01-04-2025,West Bengal,Dinajpur Dakshin,2025,4,4.451891119,27.29101008,25.36722585,88.57548933,26.96954346,27.50274658,34.75949758,-30.30760646,1.353554277,Moderately Wet
01-05-2025,West Bengal,Dinajpur Dakshin,2025,5,11.93411255,27.66320246,25.36722585,88.57548933,27.34066772,27.88949585,39.02325449,-27.08914194,,
01-06-2025,West Bengal,Dinajpur Dakshin,2025,6,6.083491932,28.81274969,25.36722585,88.57548933,28.65579224,28.93118286,27.91878675,-21.83529482,,
01-07-2025,West Bengal,Dinajpur Dakshin,2025,7,7.793357156,28.31981867,25.36722585,88.57548933,28.13497925,28.4201355,28.72814059,-20.93478343,0.861835552,Normal
01-08-2025,West Bengal,Dinajpur Dakshin,2025,8,9.150960749,27.94817006,25.36722585,88.57548933,27.81802368,28.04653931,24.35761457,-15.20665382,0.41238072,Normal
01-09-2025,West Bengal,Dinajpur Dakshin,2025,9,8.317837108,28.45917858,25.36722585,88.57548933,28.31509399,28.56704712,22.60608721,-14.28825011,,
01-10-2025,West Bengal,Dinajpur Dakshin,2025,10,5.755092274,26.54804577,25.36722585,88.57548933,26.33950806,26.70669556,23.12333203,-17.36823976,1.1269821,Moderately Wet
01-01-2013,West Bengal,Dinajpur Uttar,2013,1,0.046604441,16.1626939,25.89016151,88.15726413,15.74307251,16.32705688,17.73640973,-17.68980529,,
01-02-2013,West Bengal,Dinajpur Uttar,2013,2,0.494671088,20.45108971,25.89016151,88.15726413,20.05227661,20.74563599,23.34261253,-22.84794144,-6.360938869,Severe Drought
01-03-2013,West Bengal,Dinajpur Uttar,2013,3,0.07160123,26.01501934,25.89016151,88.15726413,25.29071045,26.50360107,46.16970129,-46.09810006,,
01-04-2013,West Bengal,Dinajpur Uttar,2013,4,3.081753657,27.6701801,25.89016151,88.15726413,26.81756592,28.07537842,53.74814201,-50.66638835,,
01-05-2013,West Bengal,Dinajpur Uttar,2013,5,8.08149954,26.85032536,25.89016151,88.15726413,26.26040649,27.24868774,51.47315895,-43.39165941,,
01-06-2013,West Bengal,Dinajpur Uttar,2013,6,13.34093182,28.1661377,25.89016151,88.15726413,27.56066895,28.59973145,53.58595851,-40.24502669,,
01-07-2013,West Bengal,Dinajpur Uttar,2013,7,9.536750207,28.01617666,25.89016151,88.15726413,27.27511597,28.50753784,59.42151106,-49.88476085,0.812087916,Normal
01-08-2013,West Bengal,Dinajpur Uttar,2013,8,12.22496385,27.37093647,25.89016151,88.15726413,26.91751099,27.65579224,43.2071739,-30.98221005,0.27645935,Normal
01-09-2013,West Bengal,Dinajpur Uttar,2013,9,6.351361788,27.75242497,25.89016151,88.15726413,27.33047485,28.03164673,36.99711699,-30.6457552,,
01-10-2013,West Bengal,Dinajpur Uttar,2013,10,6.409047053,24.9747291,25.89016151,88.15726413,24.62496948,25.28707886,29.72117965,-23.3121326,1.013756486,Moderately Wet
01-11-2013,West Bengal,Dinajpur Uttar,2013,11,0.158810157,20.58692815,25.89016151,88.15726413,19.97064209,20.86907959,25.07534615,-24.91653599,1.064567652,Moderately Wet
01-12-2013,West Bengal,Dinajpur Uttar,2013,12,0.026459332,18.00278179,25.89016151,88.15726413,17.6222229,18.27456665,18.68770101,-18.66124167,,
01-01-2014,West Bengal,Dinajpur Uttar,2014,1,0.350781661,16.96978995,25.89016151,88.15726413,16.75900269,17.14962769,14.85063604,-14.49985438,,
01-02-2014,West Bengal,Dinajpur Uttar,2014,2,0.94361606,18.32385019,25.89016151,88.15726413,18.05709839,18.61569214,19.78647907,-18.84286301,1.537421479,Severely Wet
01-03-2014,West Bengal,Dinajpur Uttar,2014,3,0.263128794,24.57933397,25.89016151,88.15726413,24.06881714,24.83834839,35.57054307,-35.30741428,,
01-04-2014,West Bengal,Dinajpur Uttar,2014,4,0.250962367,29.73032086,25.89016151,88.15726413,28.7628479,30.08120728,57.51968264,-57.26872027,,
01-05-2014,West Bengal,Dinajpur Uttar,2014,5,8.607383141,29.27193275,25.89016151,88.15726413,27.2137146,30.52230835,99.28866454,-90.6812814,,
01-06-2014,West Bengal,Dinajpur Uttar,2014,6,13.53490976,27.83023306,25.89016151,88.15726413,27.09405518,28.6819458,65.75898977,-52.22408001,,
01-07-2014,West Bengal,Dinajpur Uttar,2014,7,11.80814186,28.04789617,25.89016151,88.15726413,27.64547729,28.32711792,44.22239863,-32.41425677,-1.53382172,Severe Drought
01-08-2014,West Bengal,Dinajpur Uttar,2014,8,15.35895714,27.5450862,25.89016151,88.15726413,27.00775146,27.89447021,47.53451038,-32.17555324,0.571499165,Normal
01-09-2014,West Bengal,Dinajpur Uttar,2014,9,13.66616352,26.93862446,25.89016151,88.15726413,26.43930054,27.33383179,41.04162253,-27.37545901,,
01-10-2014,West Bengal,Dinajpur Uttar,2014,10,1.646096743,25.54714027,25.89016151,88.15726413,25.22915649,25.75454712,26.82968153,-25.18358479,1.035442197,Moderately Wet
01-11-2014,West Bengal,Dinajpur Uttar,2014,11,0.032393669,22.22217971,25.89016151,88.15726413,21.94949341,22.46707153,19.84304576,-19.81065209,1.673757086,Severely Wet
01-12-2014,West Bengal,Dinajpur Uttar,2014,12,0.147863718,18.42759118,25.89016151,88.15726413,18.23873901,18.58834839,13.84305195,-13.69518823,,
01-01-2015,West Bengal,Dinajpur Uttar,2015,1,0.769529049,17.20558753,25.89016151,88.15726413,16.9803772,17.44717407,16.34422413,-15.57469508,,
01-02-2015,West Bengal,Dinajpur Uttar,2015,2,0.808456641,20.06690157,25.89016151,88.15726413,19.72067261,20.29293823,20.99350969,-20.18505305,1.885146029,Severely Wet
01-03-2015,West Bengal,Dinajpur Uttar,2015,3,2.725221194,24.11502075,25.89016151,88.15726413,23.884552,24.37478638,28.07985147,-25.35463028,,
01-04-2015,West Bengal,Dinajpur Uttar,2015,4,3.596905928,25.09827599,25.89016151,88.15726413,24.30883789,25.62329102,51.83716238,-48.24025645,,
01-05-2015,West Bengal,Dinajpur Uttar,2015,5,8.123720609,26.87003972,25.89016151,88.15726413,26.13754272,27.68637085,64.46646683,-56.34274622,,
01-06-2015,West Bengal,Dinajpur Uttar,2015,6,10.69631254,27.61439632,25.89016151,88.15726413,26.78829956,28.45040894,66.96000847,-56.26369593,,
01-07-2015,West Bengal,Dinajpur Uttar,2015,7,13.55705379,27.83578022,25.89016151,88.15726413,27.64016724,28.03079224,33.32196822,-19.76491443,0.871164091,Normal
01-08-2015,West Bengal,Dinajpur Uttar,2015,8,20.66225492,27.36677669,25.89016151,88.15726413,26.82290649,27.73696899,48.07207755,-27.40982263,1.357534416,Moderately Wet
01-09-2015,West Bengal,Dinajpur Uttar,2015,9,6.980237521,27.5713947,25.89016151,88.15726413,26.95803833,28.04202271,45.81817405,-38.83793653,,
01-10-2015,West Bengal,Dinajpur Uttar,2015,10,1.064846772,26.10955106,25.89016151,88.15726413,25.55441284,26.55831909,37.56812158,-36.50327481,-1.237024285,Moderate Drought
01-11-2015,West Bengal,Dinajpur Uttar,2015,11,0.228481036,22.84963755,25.89016151,88.15726413,22.25280762,23.30944824,28.79651755,-28.56803651,-2.226810873,Severe Drought
01-12-2015,West Bengal,Dinajpur Uttar,2015,12,0.231087465,18.22464459,25.89016151,88.15726413,17.55599976,18.70248413,24.92783874,-24.69675128,,
01-01-2016,West Bengal,Dinajpur Uttar,2016,1,0.605680759,17.17426007,25.89016151,88.15726413,16.7097168,17.53588867,21.72434581,-21.11866505,,
01-02-2016,West Bengal,Dinajpur Uttar,2016,2,0.121742964,20.81927255,25.89016151,88.15726413,20.32302856,21.24880981,28.20490864,-28.08316567,-5.382817638,Severe Drought
01-03-2016,West Bengal,Dinajpur Uttar,2016,3,1.706822909,25.38733614,25.89016151,88.15726413,24.54110718,26.04696655,50.70746074,-49.00063783,,
01-04-2016,West Bengal,Dinajpur Uttar,2016,4,0.573042576,28.4855511,25.89016151,88.15726413,26.84695435,29.7414856,82.99718997,-82.4241474,,
01-05-2016,West Bengal,Dinajpur Uttar,2016,5,8.752542349,26.98245005,25.89016151,88.15726413,26.13659668,27.6854248,64.62869385,-55.8761515,,
01-06-2016,West Bengal,Dinajpur Uttar,2016,6,12.68925946,28.17024583,25.89016151,88.15726413,27.37359619,28.72515869,61.12052092,-48.43126146,,
01-07-2016,West Bengal,Dinajpur Uttar,2016,7,14.09844736,27.33562763,25.89016151,88.15726413,26.8392334,27.66345215,47.87247482,-33.77402746,0.568846731,Normal
01-08-2016,West Bengal,Dinajpur Uttar,2016,8,7.849875817,28.70969097,25.89016151,88.15726413,28.35159302,28.87893677,37.59899206,-29.74911624,0.881160452,Normal
01-09-2016,West Bengal,Dinajpur Uttar,2016,9,15.66871174,27.07924007,25.89016151,88.15726413,26.64962769,27.45431519,39.04840132,-23.37968958,,
01-10-2016,West Bengal,Dinajpur Uttar,2016,10,4.057971074,25.9924739,25.89016151,88.15726413,25.37115479,26.31060791,36.24523678,-32.18726571,0.973662724,Normal
01-11-2016,West Bengal,Dinajpur Uttar,2016,11,0.036093081,22.57259428,25.89016151,88.15726413,22.1229248,22.94128418,25.16971694,-25.13362386,0.862232725,Normal
01-12-2016,West Bengal,Dinajpur Uttar,2016,12,0.10437429,19.45830595,25.89016151,88.15726413,19.12191772,19.69613647,18.24578873,-18.14141444,,
01-01-2017,West Bengal,Dinajpur Uttar,2017,1,0.164931554,17.76743962,25.89016151,88.15726413,17.57888794,17.94607544,14.72853385,-14.5636023,,
01-02-2017,West Bengal,Dinajpur Uttar,2017,2,0.03830285,20.66075956,25.89016151,88.15726413,20.22671509,21.02554321,25.19248336,-25.15418051,0.354903076,Normal
01-03-2017,West Bengal,Dinajpur Uttar,2017,3,2.00228295,22.62091769,25.89016151,88.15726413,22.04812622,23.03250122,38.37158115,-36.3692982,,
01-04-2017,West Bengal,Dinajpur Uttar,2017,4,3.589495439,25.80045964,25.89016151,88.15726413,25.09628296,26.31893921,50.81267775,-47.22318231,,
01-05-2017,West Bengal,Dinajpur Uttar,2017,5,7.060854398,27.07614136,25.89016151,88.15726413,26.35348511,27.57028198,57.4037766,-50.3429222,,
01-06-2017,West Bengal,Dinajpur Uttar,2017,6,8.763619056,28.16245681,25.89016151,88.15726413,27.54016113,28.58508301,53.73253131,-44.96891226,,
01-07-2017,West Bengal,Dinajpur Uttar,2017,7,13.49728159,27.5232051,25.89016151,88.15726413,27.1645813,27.7270813,39.71248155,-26.21519996,1.381210501,Moderately Wet
01-08-2017,West Bengal,Dinajpur Uttar,2017,8,16.6526771,28.08923105,25.89016151,88.15726413,27.51779175,28.4357605,48.94525281,-32.29257571,1.355576032,Moderately Wet
01-09-2017,West Bengal,Dinajpur Uttar,2017,9,9.991443341,27.77085759,25.89016151,88.15726413,27.28543091,28.10183716,39.93783313,-29.94638979,,
01-10-2017,West Bengal,Dinajpur Uttar,2017,10,6.142532349,25.76901715,25.89016151,88.15726413,25.24490356,26.06326294,33.65609309,-27.51356074,0.460264545,Normal
01-11-2017,West Bengal,Dinajpur Uttar,2017,11,0.017641531,21.90184373,25.89016151,88.15726413,21.26242065,22.22531128,26.84842399,-26.83078246,0.421126501,Normal
01-12-2017,West Bengal,Dinajpur Uttar,2017,12,0.015708847,19.68890146,25.89016151,88.15726413,19.19363403,19.91043091,20.51169831,-20.49598946,,
01-01-2018,West Bengal,Dinajpur Uttar,2018,1,0.036883322,16.5581266,25.89016151,88.15726413,16.21865845,16.71279907,16.50508342,-16.4682001,,
01-02-2018,West Bengal,Dinajpur Uttar,2018,2,0.115068307,20.44189923,25.89016151,88.15726413,19.81915283,20.87188721,28.75579026,-28.64072196,-1.994378189,Severe Drought
01-03-2018,West Bengal,Dinajpur Uttar,2018,3,0.604288468,24.88355196,25.89016151,88.15726413,23.896698,25.4826355,51.43121984,-50.82693137,,
01-04-2018,West Bengal,Dinajpur Uttar,2018,4,5.389481765,25.88332191,25.89016151,88.15726413,25.08486938,26.56729126,56.05706991,-50.66758815,,
01-05-2018,West Bengal,Dinajpur Uttar,2018,5,7.285937383,25.94478666,25.89016151,88.15726413,25.45507813,26.36328125,48.34301293,-41.05707555,,
01-06-2018,West Bengal,Dinajpur Uttar,2018,6,10.07589487,28.39136446,25.89016151,88.15726413,27.63595581,29.00119019,61.72435402,-51.64845915,,
01-07-2018,West Bengal,Dinajpur Uttar,2018,7,13.48069059,28.2677448,25.89016151,88.15726413,27.63485718,28.65438843,54.34284508,-40.86215449,0.809692883,Normal
01-08-2018,West Bengal,Dinajpur Uttar,2018,8,10.27784494,28.26913452,25.89016151,88.15726413,27.71151733,28.67440796,50.32506921,-40.04722427,-0.563730407,Normal
01-09-2018,West Bengal,Dinajpur Uttar,2018,9,7.05427786,27.86241972,25.89016151,88.15726413,27.21157837,28.36196899,47.50351254,-40.44923468,,
01-10-2018,West Bengal,Dinajpur Uttar,2018,10,3.207918607,24.97398729,25.89016151,88.15726413,24.22616577,25.62265015,43.16300595,-39.95508734,-3.090901966,Severe Drought
01-11-2018,West Bengal,Dinajpur Uttar,2018,11,0.090994147,22.25917171,25.89016151,88.15726413,21.72409058,22.8666687,29.50968398,-29.41868983,-2.904375634,Severe Drought
01-12-2018,West Bengal,Dinajpur Uttar,2018,12,0.384973159,18.09310444,25.89016151,88.15726413,17.74319458,18.39749146,18.76287131,-18.37789815,,
01-01-2019,West Bengal,Dinajpur Uttar,2019,1,0.029667144,17.81451651,25.89016151,88.15726413,17.46212769,18.04025269,18.50550317,-18.47583602,,
01-02-2019,West Bengal,Dinajpur Uttar,2019,2,2.339248217,19.59766095,25.89016151,88.15726413,19.28155518,19.96710205,22.69287221,-20.353624,0.52055707,Normal
01-03-2019,West Bengal,Dinajpur Uttar,2019,3,0.500656788,24.04986807,25.89016151,88.15726413,23.58517456,24.40158081,36.18016073,-35.67950395,,
01-04-2019,West Bengal,Dinajpur Uttar,2019,4,3.378297953,26.25671621,25.89016151,88.15726413,25.56057739,26.72073364,50.01487573,-46.63657777,,
01-05-2019,West Bengal,Dinajpur Uttar,2019,5,5.922179002,27.42406992,25.89016151,88.15726413,26.1993103,28.42977905,78.32197524,-72.39979624,,
01-06-2019,West Bengal,Dinajpur Uttar,2019,6,12.01924251,28.58515813,25.89016151,88.15726413,27.65930176,29.39758301,69.94090031,-57.9216578,,
01-07-2019,West Bengal,Dinajpur Uttar,2019,7,19.68009831,28.14316735,25.89016151,88.15726413,27.3576355,28.72091675,62.66987259,-42.98977428,-1.433003711,Moderate Drought
01-08-2019,West Bengal,Dinajpur Uttar,2019,8,10.95909001,28.74212177,25.89016151,88.15726413,28.32092285,29.0670166,44.75367732,-33.79458731,-0.722238717,Normal
01-09-2019,West Bengal,Dinajpur Uttar,2019,9,20.80892944,26.93774179,25.89016151,88.15726413,26.4258728,27.43563843,43.60421645,-22.79528701,,
01-10-2019,West Bengal,Dinajpur Uttar,2019,10,3.13473364,25.17875554,25.89016151,88.15726413,24.72555542,25.45993042,31.45043691,-28.31570327,1.017410564,Moderately Wet
01-11-2019,West Bengal,Dinajpur Uttar,2019,11,0.073249143,23.57681744,25.89016151,88.15726413,23.31637573,23.83786011,20.59194536,-20.51869622,1.733518218,Severely Wet
01-12-2019,West Bengal,Dinajpur Uttar,2019,12,0.144897938,17.70058735,25.89016151,88.15726413,17.22958374,17.90145874,18.80531583,-18.66041789,,
01-01-2020,West Bengal,Dinajpur Uttar,2020,1,0.677891805,16.80107234,25.89016151,88.15726413,16.43688965,17.00915527,17.88757042,-17.20967861,,
01-02-2020,West Bengal,Dinajpur Uttar,2020,2,1.910918016,19.01532687,25.89016151,88.15726413,18.65542603,19.23550415,21.28326836,-19.37235034,0.964700869,Normal
01-03-2020,West Bengal,Dinajpur Uttar,2020,3,1.161466599,23.29852764,25.89016151,88.15726413,22.85839844,23.59277344,33.69833503,-32.53686843,,
01-04-2020,West Bengal,Dinajpur Uttar,2020,4,4.486835773,25.77394926,25.89016151,88.15726413,25.35943604,26.17584229,41.4962558,-37.00942002,,
01-05-2020,West Bengal,Dinajpur Uttar,2020,5,8.398978013,26.17214027,25.89016151,88.15726413,25.52798462,26.84048462,58.41752821,-50.0185502,,
01-06-2020,West Bengal,Dinajpur Uttar,2020,6,16.60601807,27.56911527,25.89016151,88.15726413,26.9866333,28.00421143,52.34031676,-35.73429869,,
01-07-2020,West Bengal,Dinajpur Uttar,2020,7,17.19833609,27.64809242,25.89016151,88.15726413,27.05276489,28.06838989,53.50908188,-36.31074579,1.357933217,Moderately Wet
01-08-2020,West Bengal,Dinajpur Uttar,2020,8,9.882542537,28.45293955,25.89016151,88.15726413,27.95376587,28.78775024,47.02232966,-37.13978712,1.045265147,Moderately Wet
01-09-2020,West Bengal,Dinajpur Uttar,2020,9,15.30782142,27.36819458,25.89016151,88.15726413,26.78909302,27.88479614,45.8588666,-30.55104518,,
01-10-2020,West Bengal,Dinajpur Uttar,2020,10,2.82862854,26.7621906,25.89016151,88.15726413,26.04922485,27.2640686,41.94118034,-39.1125518,-1.716713059,Severe Drought
01-11-2020,West Bengal,Dinajpur Uttar,2020,11,0.057935573,21.79912156,25.89016151,88.15726413,20.85794067,22.21340942,31.77239465,-31.71445908,-1.920873983,Severe Drought
01-12-2020,West Bengal,Dinajpur Uttar,2020,12,0.076402742,18.02440937,25.89016151,88.15726413,17.40594482,18.4352417,23.48822615,-23.4118234,,
01-01-2021,West Bengal,Dinajpur Uttar,2021,1,0.051982774,17.25730074,25.89016151,88.15726413,16.97650146,17.43743896,16.26531452,-16.21333174,,
01-02-2021,West Bengal,Dinajpur Uttar,2021,2,0.038685556,20.11739173,25.89016151,88.15726413,19.49472046,20.42050171,26.73739531,-26.69870976,-2.218054774,Severe Drought
01-03-2021,West Bengal,Dinajpur Uttar,2021,3,0.278493533,25.09423593,25.89016151,88.15726413,24.22494507,25.62728882,48.60147123,-48.3229777,,
01-04-2021,West Bengal,Dinajpur Uttar,2021,4,0.863013047,28.22979502,25.89016151,88.15726413,27.1378479,28.71206665,60.86959466,-60.00658161,,
01-05-2021,West Bengal,Dinajpur Uttar,2021,5,10.3238408,26.71297279,25.89016151,88.15726413,26.02780151,27.31491089,58.56123722,-48.23739642,,
01-06-2021,West Bengal,Dinajpur Uttar,2021,6,11.10014109,27.9317087,25.89016151,88.15726413,27.17044067,28.46731567,59.56054208,-48.46040099,,
01-07-2021,West Bengal,Dinajpur Uttar,2021,7,10.74987793,28.20261794,25.89016151,88.15726413,27.56079102,28.59985352,54.78334317,-44.03346524,0.421437043,Normal
01-08-2021,West Bengal,Dinajpur Uttar,2021,8,13.18059598,27.62791795,25.89016151,88.15726413,27.07540894,28.02462769,49.27105187,-36.09045589,-0.26811298,Normal
01-09-2021,West Bengal,Dinajpur Uttar,2021,9,5.686234694,27.97441453,25.89016151,88.15726413,27.66506958,28.17678833,31.76015399,-26.0739193,,
01-10-2021,West Bengal,Dinajpur Uttar,2021,10,7.165767376,26.09254103,25.89016151,88.15726413,25.53665161,26.47024536,36.21459198,-29.0488246,0.276439947,Normal
01-11-2021,West Bengal,Dinajpur Uttar,2021,11,0.007055209,21.10665424,25.89016151,88.15726413,20.38955688,21.47549438,27.94125716,-27.93420195,0.579018676,Normal
01-12-2021,West Bengal,Dinajpur Uttar,2021,12,0.248421999,18.53575017,25.89016151,88.15726413,18.16360474,18.86087036,19.60803662,-19.35961462,,
01-01-2022,West Bengal,Dinajpur Uttar,2022,1,0.515069228,16.65650588,25.89016151,88.15726413,16.46389771,16.79983521,13.6478251,-13.13275587,,
01-02-2022,West Bengal,Dinajpur Uttar,2022,2,2.517578125,17.38562716,25.89016151,88.15726413,16.88021851,17.73568726,23.85029871,-21.33272058,1.236998226,Moderately Wet
01-03-2022,West Bengal,Dinajpur Uttar,2022,3,0.258690321,25.55307242,25.89016151,88.15726413,25.03564453,25.95361328,39.74267251,-39.48398218,,
01-04-2022,West Bengal,Dinajpur Uttar,2022,4,3.096271515,26.33585768,25.89016151,88.15726413,25.05828857,27.58953857,74.00957652,-70.913305,,
01-05-2022,West Bengal,Dinajpur Uttar,2022,5,8.01667903,26.97381122,25.89016151,88.15726413,26.12390137,27.75280762,66.26558326,-58.24890423,,
01-06-2022,West Bengal,Dinajpur Uttar,2022,6,12.65994497,27.23327402,25.89016151,88.15726413,26.28292847,28.43136597,75.48958511,-62.82964014,,
01-07-2022,West Bengal,Dinajpur Uttar,2022,7,7.329721891,28.92684467,25.89016151,88.15726413,28.28103638,29.38064575,57.24411162,-49.91438973,-1.313767766,Moderate Drought
01-08-2022,West Bengal,Dinajpur Uttar,2022,8,7.848730234,28.65574998,25.89016151,88.15726413,28.24581909,28.94699097,43.30495266,-35.45622243,-1.652999673,Severe Drought
01-09-2022,West Bengal,Dinajpur Uttar,2022,9,5.813376207,27.37611037,25.89016151,88.15726413,26.97940063,27.70986938,37.45016991,-31.63679371,,
01-10-2022,West Bengal,Dinajpur Uttar,2022,10,2.509439028,25.30104182,25.89016151,88.15726413,24.71615601,25.74349976,37.30435749,-34.79491846,-1.129427951,Moderate Drought
01-11-2022,West Bengal,Dinajpur Uttar,2022,11,0.018306125,21.85515653,25.89016151,88.15726413,21.35665894,22.13790894,24.15540511,-24.13709898,-0.453810752,Normal
01-12-2022,West Bengal,Dinajpur Uttar,2022,12,0.017942041,19.05684721,25.89016151,88.15726413,18.64526367,19.29174805,19.15129089,-19.13334885,,
01-01-2023,West Bengal,Dinajpur Uttar,2023,1,0.005960466,16.72656015,25.89016151,88.15726413,16.56332397,17.0027771,15.64128983,-15.63532936,,
01-02-2023,West Bengal,Dinajpur Uttar,2023,2,0.048290867,20.73007202,25.89016151,88.15726413,20.38925171,20.97128296,21.54266479,-21.49437392,0.744248028,Normal
01-03-2023,West Bengal,Dinajpur Uttar,2023,3,1.823495131,23.9411222,25.89016151,88.15726413,23.18856812,24.45223999,44.8956763,-43.07218117,,
01-04-2023,West Bengal,Dinajpur Uttar,2023,4,0.556708483,27.89321665,25.89016151,88.15726413,26.73388672,28.78662109,68.99965788,-68.4429494,,
01-05-2023,West Bengal,Dinajpur Uttar,2023,5,1.572485117,28.41719407,25.89016151,88.15726413,27.496521,28.96331787,64.90893428,-63.33644917,,
01-06-2023,West Bengal,Dinajpur Uttar,2023,6,4.87065682,29.43449754,25.89016151,88.15726413,28.06948853,30.6222229,86.30863872,-81.4379819,,
01-07-2023,West Bengal,Dinajpur Uttar,2023,7,6.981083797,28.83447031,25.89016151,88.15726413,28.11361694,29.30892944,59.56524431,-52.58416051,-2.509695398,Severe Drought
01-08-2023,West Bengal,Dinajpur Uttar,2023,8,7.772515517,28.45757822,25.89016151,88.15726413,27.93692017,28.79043579,47.57452663,-39.80201112,-3.106660481,Severe Drought
01-09-2023,West Bengal,Dinajpur Uttar,2023,9,6.148079505,28.5236699,25.89016151,88.15726413,28.19772339,28.77389526,34.10539784,-27.95731833,,
01-10-2023,West Bengal,Dinajpur Uttar,2023,10,3.594727736,25.96486488,25.89016151,88.15726413,25.27676392,26.31777954,38.13011541,-34.53538768,-1.18037028,Moderate Drought
01-11-2023,West Bengal,Dinajpur Uttar,2023,11,0.022136555,23.59174053,25.89016151,88.15726413,23.0012207,23.85473633,26.35354661,-26.33141005,-0.202811182,Normal
01-12-2023,West Bengal,Dinajpur Uttar,2023,12,0.274903958,19.62537325,25.89016151,88.15726413,19.18051147,19.90707397,20.61595617,-20.34105221,,
01-01-2024,West Bengal,Dinajpur Uttar,2024,1,0.052981065,16.84105037,25.89016151,88.15726413,16.59307861,16.99737549,15.05234685,-14.99936578,,
01-02-2024,West Bengal,Dinajpur Uttar,2024,2,0.267519639,19.24790837,25.89016151,88.15726413,18.74099731,19.70974731,27.6780806,-27.41056096,-1.102162662,Moderate Drought
01-03-2024,West Bengal,Dinajpur Uttar,2024,3,1.604604868,23.81515033,25.89016151,88.15726413,23.0687561,24.12149048,40.85395529,-39.24935042,,
01-04-2024,West Bengal,Dinajpur Uttar,2024,4,0.129616352,29.98814509,25.89016151,88.15726413,28.4677124,30.7177124,75.55100765,-75.42139129,,
01-05-2024,West Bengal,Dinajpur Uttar,2024,5,4.883852739,29.55520395,25.89016151,88.15726413,28.8861084,30.01306152,58.29570419,-53.41185145,,
01-06-2024,West Bengal,Dinajpur Uttar,2024,6,13.67515916,28.26302162,25.89016151,88.15726413,27.28292847,29.64620972,80.98457026,-67.3094111,,
01-07-2024,West Bengal,Dinajpur Uttar,2024,7,15.21593534,28.88002366,25.89016151,88.15726413,28.14685059,29.40075684,61.06730434,-45.851369,-1.07790535,Moderate Drought
01-08-2024,West Bengal,Dinajpur Uttar,2024,8,11.63902635,28.18991089,25.89016151,88.15726413,27.88522339,28.35202026,34.97940218,-23.34037583,-0.853168584,Normal
01-09-2024,West Bengal,Dinajpur Uttar,2024,9,11.74634728,28.64211567,25.89016151,88.15726413,28.42111206,28.80587769,27.94179276,-16.19544548,,
01-10-2024,West Bengal,Dinajpur Uttar,2024,10,3.467947153,26.05960083,25.89016151,88.15726413,25.46585083,26.53030396,38.64042116,-35.17247401,1.917764541,Severely Wet
01-11-2024,West Bengal,Dinajpur Uttar,2024,11,0.144037889,22.74683791,25.89016151,88.15726413,22.25637817,23.08840942,25.48862758,-25.34458969,1.285314024,Moderately Wet
01-12-2024,West Bengal,Dinajpur Uttar,2024,12,0.017633087,18.3697768,25.89016151,88.15726413,18.20346069,18.57650757,14.2767182,-14.25908511,,
01-01-2025,West Bengal,Dinajpur Uttar,2025,1,0.020304604,17.83725915,25.89016151,88.15726413,17.65914917,17.95602417,13.26948534,-13.24918073,,
01-02-2025,West Bengal,Dinajpur Uttar,2025,2,0.176116136,20.16046847,25.89016151,88.15726413,19.74783325,20.63650513,26.22579934,-26.0496832,1.284307357,Moderately Wet
01-03-2025,West Bengal,Dinajpur Uttar,2025,3,0.50464344,24.93499521,25.89016151,88.15726413,24.0071106,25.4289856,48.75707087,-48.25242743,,
01-04-2025,West Bengal,Dinajpur Uttar,2025,4,4.217532525,26.883005,25.89016151,88.15726413,26.28009033,27.52618408,52.57103891,-48.35350639,,
01-05-2025,West Bengal,Dinajpur Uttar,2025,5,11.68854464,27.26186664,25.89016151,88.15726413,26.5887146,27.95394897,61.0560495,-49.36750486,,
01-06-2025,West Bengal,Dinajpur Uttar,2025,6,7.872187688,28.59945209,25.89016151,88.15726413,28.14016724,28.91360474,46.66783125,-38.79564356,,
01-07-2025,West Bengal,Dinajpur Uttar,2025,7,9.592298068,28.41780677,25.89016151,88.15726413,28.20529175,28.55490112,31.92611054,-22.33381247,1.81939525,Severely Wet
01-08-2025,West Bengal,Dinajpur Uttar,2025,8,11.9006465,27.81839928,25.89016151,88.15726413,27.38442993,28.13638306,44.03735994,-32.13671344,1.827963369,Severely Wet
01-09-2025,West Bengal,Dinajpur Uttar,2025,9,10.17622258,28.14321899,25.89016151,88.15726413,27.78384399,28.48892212,37.41831086,-27.24208828,,
01-10-2025,West Bengal,Dinajpur Uttar,2025,10,10.45482459,26.0342196,25.89016151,88.15726413,25.76528931,26.36685181,29.03137206,-18.57654747,1.666032795,Severely Wet
01-01-2013,West Bengal,Hooghly,2013,1,0.077084351,17.81273397,22.88492111,88.07619183,17.50088501,18.13565063,20.79778846,-20.72070411,,
01-02-2013,West Bengal,Hooghly,2013,2,0.475397873,21.22480265,22.88492111,88.07619183,21.00540161,21.61672974,23.50076162,-23.02536375,,
01-03-2013,West Bengal,Hooghly,2013,3,0.135304737,26.89904378,22.88492111,88.07619183,26.6383667,27.21063232,33.2919544,-33.15664966,,
01-04-2013,West Bengal,Hooghly,2013,4,1.37375768,30.01281331,22.88492111,88.07619183,29.59295654,30.39569092,45.52410411,-44.15034643,,
01-05-2013,West Bengal,Hooghly,2013,5,3.85613505,29.96502889,22.88492111,88.07619183,29.48892212,30.39517212,52.41899117,-48.56285612,,
01-06-2013,West Bengal,Hooghly,2013,6,7.84980011,28.58677572,22.88492111,88.07619183,28.49230957,28.67980957,22.68514644,-14.83534633,,
01-07-2013,West Bengal,Hooghly,2013,7,6.462368774,28.14939982,22.88492111,88.07619183,28.06417847,28.22238159,21.14360515,-14.68123638,,
01-08-2013,West Bengal,Hooghly,2013,8,11.40602417,27.51705526,22.88492111,88.07619183,27.39212036,27.61477661,23.84820299,-12.44217882,0.697129965,Normal
01-09-2013,West Bengal,Hooghly,2013,9,8.112107849,27.41374308,22.88492111,88.07619183,27.37149048,27.48867798,15.3185275,-7.206419653,-0.143250679,Normal
01-10-2013,West Bengal,Hooghly,2013,10,12.34380086,25.4017924,22.88492111,88.07619183,25.31246948,25.53512573,18.15546562,-5.811664758,,
01-11-2013,West Bengal,Hooghly,2013,11,0.005465994,21.91335042,22.88492111,88.07619183,21.54876709,22.29290771,25.18151851,-25.17605252,1.652244209,Severely Wet
01-12-2013,West Bengal,Hooghly,2013,12,0.026067909,19.48843384,22.88492111,88.07619183,19.05581665,19.89761353,23.86584994,-23.83978203,,
01-01-2014,West Bengal,Hooghly,2014,1,0.03058126,17.92234904,22.88492111,88.07619183,17.68087769,18.26876831,20.07675031,-20.04616905,,
01-02-2014,West Bengal,Hooghly,2014,2,1.849581146,20.52884318,22.88492111,88.07619183,20.23483276,20.96139526,25.16322106,-23.31363992,,
01-03-2014,West Bengal,Hooghly,2014,3,0.777645874,25.54772339,22.88492111,88.07619183,25.07662964,26.19772339,45.18866277,-44.4110169,,
01-04-2014,West Bengal,Hooghly,2014,4,0.514149666,31.08315837,22.88492111,88.07619183,30.64175415,31.55581665,49.66590825,-49.15175858,,
01-05-2014,West Bengal,Hooghly,2014,5,3.720144653,31.59958903,22.88492111,88.07619183,31.5262146,31.80355835,29.99073653,-26.27059188,,
01-06-2014,West Bengal,Hooghly,2014,6,10.13331299,29.81430257,22.88492111,88.07619183,29.5725708,30.11553955,39.62521298,-29.49189999,,
01-07-2014,West Bengal,Hooghly,2014,7,9.189274089,28.10927938,22.88492111,88.07619183,27.98141479,28.21188354,25.49753366,-16.30825957,,
01-08-2014,West Bengal,Hooghly,2014,8,10.26512248,28.04407959,22.88492111,88.07619183,27.95306396,28.10540771,19.95593643,-9.690813955,-0.337960911,Normal
01-09-2014,West Bengal,Hooghly,2014,9,5.843241882,27.59594116,22.88492111,88.07619183,27.50765991,27.69125366,19.25093752,-13.40769564,-0.930226913,Normal
01-10-2014,West Bengal,Hooghly,2014,10,2.07117513,26.03215129,22.88492111,88.07619183,25.90689087,26.20962524,21.47888991,-19.40771478,,
01-11-2014,West Bengal,Hooghly,2014,11,0.001675783,23.14988403,22.88492111,88.07619183,22.69949341,23.54129028,27.61685447,-27.61517869,-2.283172449,Severe Drought
01-12-2014,West Bengal,Hooghly,2014,12,0.111318207,19.20605672,22.88492111,88.07619183,18.72897339,19.58444214,23.87668291,-23.7653647,,
01-01-2015,West Bengal,Hooghly,2015,1,0.926643944,18.57907511,22.88492111,88.07619183,18.3163147,18.85342407,19.54286179,-18.61621785,,
01-02-2015,West Bengal,Hooghly,2015,2,0.663299115,22.54775594,22.88492111,88.07619183,22.24020386,22.84176636,24.10259452,-23.4392954,,
01-03-2015,West Bengal,Hooghly,2015,3,1.730369822,26.23637492,22.88492111,88.07619183,25.76931763,26.65213013,40.73690481,-39.00653499,,
01-04-2015,West Bengal,Hooghly,2015,4,6.278575643,27.91508789,22.88492111,88.07619183,27.50024414,28.37133789,45.34226237,-39.06368672,,
01-05-2015,West Bengal,Hooghly,2015,5,1.505067952,30.95447184,22.88492111,88.07619183,30.58480835,31.22543335,44.98533939,-43.48027144,,
01-06-2015,West Bengal,Hooghly,2015,6,9.961224365,29.55555216,22.88492111,88.07619183,29.41525269,29.69259644,28.16610936,-18.20488499,,
01-07-2015,West Bengal,Hooghly,2015,7,25.64917806,27.51165161,22.88492111,88.07619183,27.37454224,27.69094849,29.48655896,-3.8373809,,
01-08-2015,West Bengal,Hooghly,2015,8,8.064251709,28.16125285,22.88492111,88.07619183,28.09634399,28.24478149,19.74877707,-11.68452536,1.24191182,Moderately Wet
01-09-2015,West Bengal,Hooghly,2015,9,5.422226969,28.27743937,22.88492111,88.07619183,28.20803833,28.33694458,16.37311218,-10.95088521,1.053250049,Moderately Wet
01-10-2015,West Bengal,Hooghly,2015,10,1.281511943,26.58761597,22.88492111,88.07619183,26.46261597,26.74386597,20.96506755,-19.68355561,,
01-11-2015,West Bengal,Hooghly,2015,11,0.046994285,24.3276123,22.88492111,88.07619183,24.19030762,24.52233887,17.84326014,-17.79626585,-0.280124269,Normal
01-12-2015,West Bengal,Hooghly,2015,12,0.566012955,20.54473674,22.88492111,88.07619183,20.27865601,20.84115601,20.06162604,-19.49561309,,
01-01-2016,West Bengal,Hooghly,2016,1,0.246626186,19.17039388,22.88492111,88.07619183,18.86401367,19.5300293,22.11573773,-21.86911154,,
01-02-2016,West Bengal,Hooghly,2016,2,3.176187134,24.10089315,22.88492111,88.07619183,23.81326294,24.39724731,25.54276398,-22.36657685,,
01-03-2016,West Bengal,Hooghly,2016,3,0.936963781,27.34156291,22.88492111,88.07619183,27.20321655,27.54110718,25.83490663,-24.89794285,,
01-04-2016,West Bengal,Hooghly,2016,4,0.573796844,32.48972575,22.88492111,88.07619183,32.00515747,33.07351685,55.23942237,-54.66562553,,
01-05-2016,West Bengal,Hooghly,2016,5,6.537785848,30.03939616,22.88492111,88.07619183,29.7166748,30.44128418,46.94531624,-40.40753039,,
01-06-2016,West Bengal,Hooghly,2016,6,5.265003459,29.38596598,22.88492111,88.07619183,29.23101807,29.57086182,31.06699579,-25.80199233,,
01-07-2016,West Bengal,Hooghly,2016,7,9.306107585,28.01416829,22.88492111,88.07619183,27.93884277,28.11071777,21.97342912,-12.66732153,,
01-08-2016,West Bengal,Hooghly,2016,8,11.83712972,27.82184041,22.88492111,88.07619183,27.77542114,27.85745239,14.57266559,-2.735535869,0.750501713,Normal
01-09-2016,West Bengal,Hooghly,2016,9,7.497039795,27.56492716,22.88492111,88.07619183,27.46603394,27.69064331,21.27845379,-13.78141399,0.664478975,Normal
01-10-2016,West Bengal,Hooghly,2016,10,2.537430827,26.35012614,22.88492111,88.07619183,26.27154541,26.53326416,20.11581107,-17.57838024,,
01-11-2016,West Bengal,Hooghly,2016,11,0.832716242,22.79545085,22.88492111,88.07619183,22.54870605,23.0291748,20.68368066,-19.85096442,-0.837610077,Normal
01-12-2016,West Bengal,Hooghly,2016,12,0.002532396,20.47862345,22.88492111,88.07619183,20.11801147,20.82113647,22.39090712,-22.38837472,,
01-01-2017,West Bengal,Hooghly,2017,1,0.035554755,19.16964315,22.88492111,88.07619183,18.96755981,19.46560669,19.12429848,-19.08874373,,
01-02-2017,West Bengal,Hooghly,2017,2,0.025765757,22.9471578,22.88492111,88.07619183,22.63101196,23.25601196,24.81083391,-24.78506816,,
01-03-2017,West Bengal,Hooghly,2017,3,1.598741913,26.01576945,22.88492111,88.07619183,25.57156372,26.57351685,43.18136599,-41.58262408,,
01-04-2017,West Bengal,Hooghly,2017,4,1.759029134,30.17799072,22.88492111,88.07619183,29.79550171,30.57089233,44.89660537,-43.13757624,,
01-05-2017,West Bengal,Hooghly,2017,5,3.058726501,31.03551839,22.88492111,88.07619183,30.61715698,31.33981323,47.85819199,-44.79946549,,
01-06-2017,West Bengal,Hooghly,2017,6,9.533043416,29.69302572,22.88492111,88.07619183,29.34484863,30.00109863,43.45214916,-33.91910574,,
01-07-2017,West Bengal,Hooghly,2017,7,16.99993286,27.78541463,22.88492111,88.07619183,27.67630005,27.8442688,21.61383487,-4.613902012,,
01-08-2017,West Bengal,Hooghly,2017,8,9.61669515,28.090448,22.88492111,88.07619183,28.02365112,28.146698,17.95288024,-8.336185088,0.334650637,Normal
01-09-2017,West Bengal,Hooghly,2017,9,9.823967489,28.19688924,22.88492111,88.07619183,28.11550903,28.27175903,17.99469078,-8.170723292,1.715365949,Severely Wet
01-10-2017,West Bengal,Hooghly,2017,10,7.545389303,26.41117961,22.88492111,88.07619183,26.33865356,26.54568481,17.91588373,-10.37049443,,
01-11-2017,West Bengal,Hooghly,2017,11,1.37072347,22.15630086,22.88492111,88.07619183,21.90109253,22.43624878,21.48540069,-20.11467722,1.581026239,Severely Wet
01-12-2017,West Bengal,Hooghly,2017,12,1.891497676,19.71752726,22.88492111,88.07619183,19.42605591,19.99636841,19.76467871,-17.87318103,,
01-01-2018,West Bengal,Hooghly,2018,1,0.000817353,17.04463501,22.88492111,88.07619183,16.70498657,17.5350647,23.27022317,-23.26940582,,
01-02-2018,West Bengal,Hooghly,2018,2,0.1231294,23.23699137,22.88492111,88.07619183,22.81915283,23.61798096,28.2492043,-28.1260749,,
01-03-2018,West Bengal,Hooghly,2018,3,0.708126068,27.35418498,22.88492111,88.07619183,26.95333862,27.740448,39.4418959,-38.73376983,,
01-04-2018,West Bengal,Hooghly,2018,4,4.028375753,28.41729126,22.88492111,88.07619183,28.02627563,28.77041626,42.36850841,-38.34013266,,
01-05-2018,West Bengal,Hooghly,2018,5,6.382200114,28.78678385,22.88492111,88.07619183,28.33984375,29.24804688,51.1810075,-44.79880739,,
01-06-2018,West Bengal,Hooghly,2018,6,8.57926534,29.58257039,22.88492111,88.07619183,29.41134644,29.81173706,33.86158856,-25.28232322,,
01-07-2018,West Bengal,Hooghly,2018,7,12.2693512,28.24950562,22.88492111,88.07619183,28.1758728,28.33407593,21.18966948,-8.920318278,,
01-08-2018,West Bengal,Hooghly,2018,8,8.043433634,28.087559,22.88492111,88.07619183,28.00253296,28.16073608,20.35537048,-12.31193685,0.361584342,Normal
01-09-2018,West Bengal,Hooghly,2018,9,6.40351766,28.04471639,22.88492111,88.07619183,27.96548462,28.17251587,20.64491772,-14.24140006,-0.326053934,Normal
01-10-2018,West Bengal,Hooghly,2018,10,3.298465983,25.95253296,22.88492111,88.07619183,25.7828064,26.20077515,25.19203711,-21.89357113,,
01-11-2018,West Bengal,Hooghly,2018,11,0.120221384,23.64394735,22.88492111,88.07619183,23.39596558,23.90182495,21.6667561,-21.54653472,-1.913626551,Severe Drought
01-12-2018,West Bengal,Hooghly,2018,12,1.248056666,18.72750448,22.88492111,88.07619183,18.24710083,19.14358521,24.12628607,-22.87822941,,
01-01-2019,West Bengal,Hooghly,2019,1,0.049137632,18.41531779,22.88492111,88.07619183,17.97775269,18.93673706,25.99580124,-25.94666361,,
01-02-2019,West Bengal,Hooghly,2019,2,2.539290365,22.15440674,22.88492111,88.07619183,21.77764893,22.5491333,27.0291435,-24.48985314,,
01-03-2019,West Bengal,Hooghly,2019,3,2.035621389,25.17221883,22.88492111,88.07619183,24.96798706,25.36642456,26.70607797,-24.67045658,,
01-04-2019,West Bengal,Hooghly,2019,4,2.09095726,29.03362427,22.88492111,88.07619183,28.86721802,29.27542114,31.79853449,-29.70757723,,
01-05-2019,West Bengal,Hooghly,2019,5,4.834327189,30.86689046,22.88492111,88.07619183,30.76571655,31.02548218,28.59427215,-23.75994496,,
01-06-2019,West Bengal,Hooghly,2019,6,6.480317688,30.26021322,22.88492111,88.07619183,29.85461426,30.68273926,49.3947061,-42.91438841,,
01-07-2019,West Bengal,Hooghly,2019,7,6.269412231,29.17612508,22.88492111,88.07619183,29.06661987,29.28536987,25.41808899,-19.14867676,,
01-08-2019,West Bengal,Hooghly,2019,8,10.98028564,28.30712077,22.88492111,88.07619183,28.1842041,28.39123535,23.39712462,-12.41683898,-1.69454593,Severe Drought
01-09-2019,West Bengal,Hooghly,2019,9,8.517893473,27.57821655,22.88492111,88.07619183,27.47860718,27.65634155,18.93385499,-10.41596152,-1.291784787,Moderate Drought
01-10-2019,West Bengal,Hooghly,2019,10,6.383629354,26.05016479,22.88492111,88.07619183,25.89547729,26.23532104,22.76664596,-16.38301661,,
01-11-2019,West Bengal,Hooghly,2019,11,2.526048533,23.43864136,22.88492111,88.07619183,23.29684448,23.61129761,16.99809263,-14.4720441,1.146088595,Moderately Wet
01-12-2019,West Bengal,Hooghly,2019,12,0.483489641,19.37561239,22.88492111,88.07619183,19.17684937,19.62216187,17.30572034,-16.8222307,,
01-01-2020,West Bengal,Hooghly,2020,1,0.708452479,18.09522298,22.88492111,88.07619183,17.93884277,18.30212402,15.85854321,-15.15009073,,
01-02-2020,West Bengal,Hooghly,2020,2,0.205916341,20.5659729,22.88492111,88.07619183,20.32339478,20.85073853,22.22476183,-22.01884549,,
01-03-2020,West Bengal,Hooghly,2020,3,0.773841921,26.1235026,22.88492111,88.07619183,25.65136719,26.49121094,39.63131135,-38.85746943,,
01-04-2020,West Bengal,Hooghly,2020,4,7.600418091,28.49706624,22.88492111,88.07619183,28.06451416,28.81451416,42.60840536,-35.00798727,,
01-05-2020,West Bengal,Hooghly,2020,5,6.906055705,28.70513306,22.88492111,88.07619183,28.52407837,28.89517212,32.65858132,-25.75252562,,
01-06-2020,West Bengal,Hooghly,2020,6,7.557177226,28.82908122,22.88492111,88.07619183,28.71124268,28.9631958,26.43403698,-18.87685975,,
01-07-2020,West Bengal,Hooghly,2020,7,8.666364543,28.69950968,22.88492111,88.07619183,28.59573364,28.78518677,23.41482631,-14.74846176,,
01-08-2020,West Bengal,Hooghly,2020,8,12.44833984,28.29771118,22.88492111,88.07619183,28.21548462,28.33462524,17.74540124,-5.297061404,0.907912198,Normal
01-09-2020,West Bengal,Hooghly,2020,9,6.243375651,28.39228312,22.88492111,88.07619183,28.34768677,28.46487427,15.65005928,-9.406683626,0.624240773,Normal
01-10-2020,West Bengal,Hooghly,2020,10,4.121658834,27.1373759,22.88492111,88.07619183,27.02774048,27.29727173,20.77784258,-16.65618375,,
01-11-2020,West Bengal,Hooghly,2020,11,0.136202876,23.22857869,22.88492111,88.07619183,22.9614563,23.61965942,24.46720285,-24.33099998,-0.678563059,Normal
01-12-2020,West Bengal,Hooghly,2020,12,0.002767049,19.5711141,22.88492111,88.07619183,19.30047607,19.82391357,18.86112393,-18.85835688,,
01-01-2021,West Bengal,Hooghly,2021,1,0.006551159,19.38431396,22.88492111,88.07619183,19.07025146,19.74993896,22.47085294,-22.46430179,,
01-02-2021,West Bengal,Hooghly,2021,2,0.210329247,21.73840535,22.88492111,88.07619183,21.54940796,22.03573608,21.23674107,-21.02641183,,
01-03-2021,West Bengal,Hooghly,2021,3,0.364865685,27.76635132,22.88492111,88.07619183,27.44174194,28.01205444,33.87996322,-33.51509754,,
01-04-2021,West Bengal,Hooghly,2021,4,0.797451973,30.01063436,22.88492111,88.07619183,29.69448853,30.40542603,42.84019066,-42.04273869,,
01-05-2021,West Bengal,Hooghly,2021,5,5.527895101,29.42819214,22.88492111,88.07619183,29.04342651,29.74655151,45.65330207,-40.12540697,,
01-06-2021,West Bengal,Hooghly,2021,6,10.44683634,28.75768026,22.88492111,88.07619183,28.52786255,28.98684692,35.62353772,-25.17670138,,
01-07-2021,West Bengal,Hooghly,2021,7,9.591505941,28.4074056,22.88492111,88.07619183,28.32250977,28.50415039,22.782939,-13.19143306,,
01-08-2021,West Bengal,Hooghly,2021,8,8.89143575,28.05236206,22.88492111,88.07619183,28.00314331,28.11056519,16.76040932,-7.868973567,0.382587887,Normal
01-09-2021,West Bengal,Hooghly,2021,9,12.1783315,27.18056437,22.88492111,88.07619183,27.07717896,27.30569458,21.28083966,-9.102508162,0.516123412,Normal
01-10-2021,West Bengal,Hooghly,2021,10,5.260509237,26.85846151,22.88492111,88.07619183,26.75344849,26.99172974,19.41497666,-14.15446743,,
01-11-2021,West Bengal,Hooghly,2021,11,1.374371592,22.27822876,22.88492111,88.07619183,22.12588501,22.53213501,18.77686521,-17.40249362,1.252785927,Moderately Wet
01-12-2021,West Bengal,Hooghly,2021,12,5.724845378,18.91008911,22.88492111,88.07619183,18.69680786,19.10305786,16.32229537,-10.59744999,,
01-01-2022,West Bengal,Hooghly,2022,1,0.92359581,17.59651489,22.88492111,88.07619183,17.30374146,17.94827271,20.82992164,-19.90632583,,
01-02-2022,West Bengal,Hooghly,2022,2,1.711984634,19.62943726,22.88492111,88.07619183,19.35287476,20.00717163,23.31872231,-21.60673768,,
01-03-2022,West Bengal,Hooghly,2022,3,0.05855724,26.79397786,22.88492111,88.07619183,26.68017578,26.97900391,24.0009915,-23.94243426,,
01-04-2022,West Bengal,Hooghly,2022,4,0.591051801,30.57664795,22.88492111,88.07619183,30.3493042,30.93914795,39.4834816,-38.8924298,,
01-05-2022,West Bengal,Hooghly,2022,5,3.184028117,29.75541178,22.88492111,88.07619183,29.33288574,30.05358887,46.54068323,-43.35665511,,
01-06-2022,West Bengal,Hooghly,2022,6,4.198423767,30.14517008,22.88492111,88.07619183,29.84933472,30.35714722,38.58720495,-34.38878118,,
01-07-2022,West Bengal,Hooghly,2022,7,4.810550944,28.56742961,22.88492111,88.07619183,28.4079895,28.69900513,28.93762294,-24.127072,,
01-08-2022,West Bengal,Hooghly,2022,8,8.123771159,28.17960815,22.88492111,88.07619183,28.07199097,28.25558472,21.97205843,-13.84828727,-1.560646633,Severe Drought
01-09-2022,West Bengal,Hooghly,2022,9,4.534510803,27.94085897,22.88492111,88.07619183,27.85049438,28.00674438,17.8945278,-13.360017,-2.369156463,Severe Drought
01-10-2022,West Bengal,Hooghly,2022,10,3.038842265,25.99343465,22.88492111,88.07619183,25.92318726,26.12240601,17.40853775,-14.36969548,,
01-11-2022,West Bengal,Hooghly,2022,11,0.001009372,22.22983602,22.88492111,88.07619183,22.07345581,22.47775269,18.70905656,-18.70804719,0.135208138,Normal
01-12-2022,West Bengal,Hooghly,2022,12,0.001539904,19.9175944,22.88492111,88.07619183,19.64526367,20.20385742,19.66487223,-19.66333232,,
01-01-2023,West Bengal,Hooghly,2023,1,0.006130845,19.35394897,22.88492111,88.07619183,19.08285522,19.66488647,20.7770208,-20.77088996,,
01-02-2023,West Bengal,Hooghly,2023,2,0.025732438,22.71112671,22.88492111,88.07619183,22.45761108,22.99862671,22.95003012,-22.92429768,,
01-03-2023,West Bengal,Hooghly,2023,3,1.957752355,25.98335978,22.88492111,88.07619183,25.69638062,26.21591187,31.07113753,-29.11338517,,
01-04-2023,West Bengal,Hooghly,2023,4,0.889142418,29.83942057,22.88492111,88.07619183,29.40771484,30.39013672,50.17953834,-49.29039592,,
01-05-2023,West Bengal,Hooghly,2023,5,1.054571915,30.60667725,22.88492111,88.07619183,30.22503662,31.074646,51.43627693,-50.38170501,,
01-06-2023,West Bengal,Hooghly,2023,6,2.385879771,31.52332764,22.88492111,88.07619183,31.00308228,31.97964478,55.04896465,-52.66308488,,
01-07-2023,West Bengal,Hooghly,2023,7,3.161788177,29.04747111,22.88492111,88.07619183,28.96127319,29.10189819,20.3239957,-17.16220753,,
01-08-2023,West Bengal,Hooghly,2023,8,6.381066386,28.56022746,22.88492111,88.07619183,28.49551392,28.61856079,18.13666272,-11.75559634,-2.114084215,Severe Drought
01-09-2023,West Bengal,Hooghly,2023,9,5.5221639,28.13593953,22.88492111,88.07619183,28.03561401,28.20748901,18.84798263,-13.32581873,-1.326870608,Moderate Drought
01-10-2023,West Bengal,Hooghly,2023,10,2.127246857,26.62253215,22.88492111,88.07619183,26.52481079,26.79043579,20.39041029,-18.26316343,,
01-11-2023,West Bengal,Hooghly,2023,11,0.106875118,24.41280924,22.88492111,88.07619183,24.1184082,24.6027832,21.59498949,-21.48811437,-1.181813574,Moderate Drought
01-12-2023,West Bengal,Hooghly,2023,12,0.750144577,20.202712,22.88492111,88.07619183,19.69418335,20.48910522,23.63610552,-22.88596094,,
01-01-2024,West Bengal,Hooghly,2024,1,0.399544779,18.10746663,22.88492111,88.07619183,17.82940674,18.41143799,20.07997001,-19.68042523,,
01-02-2024,West Bengal,Hooghly,2024,2,0.307537142,21.99522909,22.88492111,88.07619183,21.64334106,22.34841919,26.65591712,-26.34837998,,
01-03-2024,West Bengal,Hooghly,2024,3,1.666240056,26.07090454,22.88492111,88.07619183,25.7718811,26.3421936,32.61934716,-30.9531071,,
01-04-2024,West Bengal,Hooghly,2024,4,0.355284055,31.75006917,22.88492111,88.07619183,31.54388428,32.08880615,38.87071792,-38.51543387,,
01-05-2024,West Bengal,Hooghly,2024,5,10.33206991,30.35869954,22.88492111,88.07619183,30.12438965,30.7298584,43.19915195,-32.86708204,,
01-06-2024,West Bengal,Hooghly,2024,6,3.902030945,31.362618,22.88492111,88.07619183,31.06808472,31.81613159,48.0226555,-44.12062456,,
01-07-2024,West Bengal,Hooghly,2024,7,8.299644979,28.79209798,22.88492111,88.07619183,28.69177246,28.84802246,21.30659026,-13.00694529,,
01-08-2024,West Bengal,Hooghly,2024,8,14.1700236,27.84980672,22.88492111,88.07619183,27.80514526,27.90280151,15.90982849,-1.739804892,-0.601079236,Normal
01-09-2024,West Bengal,Hooghly,2024,9,13.73138631,28.29233602,22.88492111,88.07619183,28.20431519,28.40158081,20.26097469,-6.529588376,1.697987398,Severely Wet
01-10-2024,West Bengal,Hooghly,2024,10,5.99167277,27.2528951,22.88492111,88.07619183,27.17483521,27.39358521,18.76657053,-12.77489776,,
01-11-2024,West Bengal,Hooghly,2024,11,0.193345149,23.49518026,22.88492111,88.07619183,23.28762817,23.69387817,19.34701352,-19.15366837,1.611718779,Severely Wet
01-12-2024,West Bengal,Hooghly,2024,12,0.096787326,19.49955444,22.88492111,88.07619183,19.16439819,19.79916382,20.73048452,-20.63369719,,
01-01-2025,West Bengal,Hooghly,2025,1,0.0166785,19.04319865,22.88492111,88.07619183,18.78610229,19.33493042,20.00693918,-19.99026068,,
01-02-2025,West Bengal,Hooghly,2025,2,0.957881482,22.81866659,22.88492111,88.07619183,22.49783325,23.22439575,26.66651017,-25.70862869,,
01-03-2025,West Bengal,Hooghly,2025,3,0.312045352,27.16251424,22.88492111,88.07619183,26.86062622,27.44070435,33.71600155,-33.4039562,,
01-04-2025,West Bengal,Hooghly,2025,4,2.994438171,29.29929606,22.88492111,88.07619183,29.12969971,29.60626221,34.55298142,-31.55854325,,
01-05-2025,West Bengal,Hooghly,2025,5,4.258279928,29.84743856,22.88492111,88.07619183,29.70199585,29.94613647,27.14027127,-22.88199134,,
01-06-2025,West Bengal,Hooghly,2025,6,13.56779887,28.80963338,22.88492111,88.07619183,28.73391724,28.87454224,19.74029867,-6.172499801,,
01-07-2025,West Bengal,Hooghly,2025,7,18.32200928,27.81974487,22.88492111,88.07619183,27.7013855,27.87521362,22.00414729,-3.682138013,,
01-08-2025,West Bengal,Hooghly,2025,8,8.881021118,27.86333618,22.88492111,88.07619183,27.75552368,27.92935181,21.23264997,-12.35162886,1.869387968,Severely Wet
01-09-2025,West Bengal,Hooghly,2025,9,9.062567139,28.00982056,22.88492111,88.07619183,27.88150024,28.16860962,24.29339407,-15.23082693,0.345057648,Normal
01-10-2025,West Bengal,Hooghly,2025,10,3.796464793,26.73215129,22.88492111,88.07619183,26.65396118,26.84732056,17.43991961,-13.64345482,,
01-01-2013,West Bengal,Howrah,2013,1,0.09218903,18.50124012,22.52149191,88.06339684,18.26065063,18.95205688,22.30377667,-22.21158764,,
01-02-2013,West Bengal,Howrah,2013,2,0.268975735,21.84844138,22.52149191,88.06339684,21.54446411,22.25930786,25.96581567,-25.69683994,,
01-03-2013,West Bengal,Howrah,2013,3,0.205882658,27.42849454,22.52149191,88.06339684,27.23406982,27.65594482,29.01646644,-28.81058378,,
01-04-2013,West Bengal,Howrah,2013,4,1.345619722,30.08372359,22.52149191,88.06339684,29.86444092,30.25311279,31.75002226,-30.40440253,,
01-05-2013,West Bengal,Howrah,2013,5,2.665901184,30.34971757,22.52149191,88.06339684,30.10025024,30.53189087,36.43581338,-33.7699122,,
01-06-2013,West Bengal,Howrah,2013,6,7.961536754,28.7105269,22.52149191,88.06339684,28.67785645,28.73059082,12.04250935,-4.080972591,,
01-07-2013,West Bengal,Howrah,2013,7,6.445300016,28.14106057,22.52149191,88.06339684,28.09152222,28.17745972,15.55964366,-9.114343647,,
01-08-2013,West Bengal,Howrah,2013,8,10.68064326,27.66058627,22.52149191,88.06339684,27.61087036,27.71829224,16.61798594,-5.937342677,,
01-09-2013,West Bengal,Howrah,2013,9,9.391836687,27.49347201,22.52149191,88.06339684,27.44961548,27.56484985,15.25106086,-5.859224171,,
01-10-2013,West Bengal,Howrah,2013,10,13.51990995,25.59105613,22.52149191,88.06339684,25.45895386,25.73434448,20.37726117,-6.857351216,,
01-11-2013,West Bengal,Howrah,2013,11,0.002747638,22.4006847,22.52149191,88.06339684,22.12689209,22.66204834,21.77696444,-21.77421681,,
01-12-2013,West Bengal,Howrah,2013,12,0.01031564,20.09683228,22.52149191,88.06339684,19.75112915,20.53237915,23.57197566,-23.56166002,,
01-01-2014,West Bengal,Howrah,2014,1,0.004028317,18.54788763,22.52149191,88.06339684,18.24533081,19.03244019,23.82796845,-23.82394014,,
01-02-2014,West Bengal,Howrah,2014,2,1.440474944,21.22435691,22.52149191,88.06339684,20.93795776,21.66452026,25.76573481,-24.32525986,,
01-03-2014,West Bengal,Howrah,2014,3,0.942271319,26.55035123,22.52149191,88.06339684,26.26022339,26.92037964,35.59269965,-34.65042833,,
01-04-2014,West Bengal,Howrah,2014,4,0.496694738,31.55812489,22.52149191,88.06339684,31.4503479,31.6612854,24.11016118,-23.61346644,,
01-05-2014,West Bengal,Howrah,2014,5,3.015086087,31.44791204,22.52149191,88.06339684,31.09262085,31.6746521,43.27474726,-40.25966117,,
01-06-2014,West Bengal,Howrah,2014,6,10.98744202,29.88666881,22.52149191,88.06339684,29.69952393,30.05108643,31.87991164,-20.89246962,,
01-07-2014,West Bengal,Howrah,2014,7,9.040840843,28.13446877,22.52149191,88.06339684,28.09274292,28.18844604,16.41757536,-7.376734521,,
01-08-2014,West Bengal,Howrah,2014,8,11.47563726,28.11091198,22.52149191,88.06339684,28.08392334,28.12884521,10.85280035,0.622836912,,
01-09-2014,West Bengal,Howrah,2014,9,5.961220481,27.73795111,22.52149191,88.06339684,27.66000366,27.83187866,18.72635564,-12.76513516,,
01-10-2014,West Bengal,Howrah,2014,10,1.901563818,26.24957553,22.52149191,88.06339684,26.08071899,26.41470337,22.7811595,-20.87959568,,
01-11-2014,West Bengal,Howrah,2014,11,0.002136364,23.60183716,22.52149191,88.06339684,23.25222778,23.91238403,24.90958967,-24.90745331,,
01-12-2014,West Bengal,Howrah,2014,12,0.085127365,19.68405151,22.52149191,88.06339684,19.39498901,20.00436401,20.59144867,-20.5063213,,
01-01-2015,West Bengal,Howrah,2015,1,1.092097196,18.99209595,22.52149191,88.06339684,18.75576782,19.2850647,19.77855193,-18.68645473,,
01-02-2015,West Bengal,Howrah,2015,2,0.645343824,23.0825334,22.52149191,88.06339684,22.88864136,23.31442261,20.66337963,-20.0180358,,
01-03-2015,West Bengal,Howrah,2015,3,1.316039866,26.76008467,22.52149191,88.06339684,26.48025513,27.03689575,32.83779229,-31.52175243,,
01-04-2015,West Bengal,Howrah,2015,4,5.670342879,28.26054244,22.52149191,88.06339684,28.00024414,28.41040039,31.37388346,-25.70354058,,
01-05-2015,West Bengal,Howrah,2015,5,1.013995517,31.04272738,22.52149191,88.06339684,30.90316772,31.15316772,28.12829949,-27.11430397,,
01-06-2015,West Bengal,Howrah,2015,6,7.998008728,29.59156661,22.52149191,88.06339684,29.49923706,29.69064331,23.37749507,-15.37948635,,
01-07-2015,West Bengal,Howrah,2015,7,25.48741566,27.69627519,22.52149191,88.06339684,27.51907349,27.86282349,30.8180012,-5.330585544,,
01-08-2015,West Bengal,Howrah,2015,8,8.426473444,28.2488653,22.52149191,88.06339684,28.18228149,28.28775024,16.67929973,-8.252826286,,
01-09-2015,West Bengal,Howrah,2015,9,5.93883445,28.40459373,22.52149191,88.06339684,28.34085083,28.50881958,18.78334027,-12.84450582,,
01-10-2015,West Bengal,Howrah,2015,10,1.375794411,26.89390148,22.52149191,88.06339684,26.72433472,27.12863159,25.43135356,-24.05555915,,
01-11-2015,West Bengal,Howrah,2015,11,0.046402444,24.70859597,22.52149191,88.06339684,24.56140137,24.93835449,19.32609112,-19.27968868,,
01-12-2015,West Bengal,Howrah,2015,12,0.72287178,21.03842163,22.52149191,88.06339684,20.78842163,21.37240601,20.88623916,-20.16336738,,
01-01-2016,West Bengal,Howrah,2016,1,0.462969173,19.85051935,22.52149191,88.06339684,19.5769043,20.2956543,23.58577742,-23.12280825,,
01-02-2016,West Bengal,Howrah,2016,2,4.793479919,24.61581976,22.52149191,88.06339684,24.48904419,24.82302856,19.66532785,-14.87184793,,
01-03-2016,West Bengal,Howrah,2016,3,0.755713029,27.52725775,22.52149191,88.06339684,27.3633728,27.64852905,23.90789773,-23.1521847,,
01-04-2016,West Bengal,Howrah,2016,4,0.455435753,32.0227356,22.52149191,88.06339684,31.7336731,32.36062622,41.9575062,-41.50207045,,
01-05-2016,West Bengal,Howrah,2016,5,5.702321486,30.31788219,22.52149191,88.06339684,30.0916748,30.49401855,35.15431989,-29.4519984,,
01-06-2016,West Bengal,Howrah,2016,6,5.605881431,29.42970415,22.52149191,88.06339684,29.31695557,29.53570557,24.90623649,-19.30035506,,
01-07-2016,West Bengal,Howrah,2016,7,8.62748857,28.06881436,22.52149191,88.06339684,27.97790527,28.12243652,20.14678102,-11.51929245,,
01-08-2016,West Bengal,Howrah,2016,8,13.14737771,27.85851773,22.52149191,88.06339684,27.78323364,27.91409302,18.42133999,-5.273962277,,
01-09-2016,West Bengal,Howrah,2016,9,7.265174866,27.61163053,22.52149191,88.06339684,27.57345581,27.63595581,11.26109259,-3.995917728,,
01-10-2016,West Bengal,Howrah,2016,10,2.694133412,26.50929399,22.52149191,88.06339684,26.36138916,26.64459229,21.10157508,-18.40744167,,
01-11-2016,West Bengal,Howrah,2016,11,1.015718287,22.94092907,22.52149191,88.06339684,22.73620605,23.08776855,17.8877531,-16.87203481,,
01-12-2016,West Bengal,Howrah,2016,12,0.002474598,20.85398449,22.52149191,88.06339684,20.59457397,21.0652771,18.66233024,-18.65985564,,
01-01-2017,West Bengal,Howrah,2017,1,0.021946361,19.743128,22.52149191,88.06339684,19.47927856,20.15701294,22.83760244,-22.81565608,,
01-02-2017,West Bengal,Howrah,2017,2,0.015290883,23.55075628,22.52149191,88.06339684,23.33804321,23.91812134,24.39478479,-24.3794939,,
01-03-2017,West Bengal,Howrah,2017,3,2.448766188,26.01190463,22.52149191,88.06339684,25.72781372,26.24734497,31.19165855,-28.74289236,,
01-04-2017,West Bengal,Howrah,2017,4,1.603695609,29.89084972,22.52149191,88.06339684,29.66073608,30.22128296,37.97568307,-36.37198746,,
01-05-2017,West Bengal,Howrah,2017,5,1.813029723,31.29045244,22.52149191,88.06339684,31.20895386,31.42184448,26.08848528,-24.27545555,,
01-06-2017,West Bengal,Howrah,2017,6,7.200281317,29.82158869,22.52149191,88.06339684,29.69641113,29.92687988,25.77678531,-18.57650399,,
01-07-2017,West Bengal,Howrah,2017,7,18.88063465,27.88404153,22.52149191,88.06339684,27.8364563,27.9614563,18.66065125,0.2199834,,
01-08-2017,West Bengal,Howrah,2017,8,9.730997953,28.17936845,22.52149191,88.06339684,28.1232605,28.22677612,16.49920148,-6.768203532,,
01-09-2017,West Bengal,Howrah,2017,9,8.012337425,28.3426042,22.52149191,88.06339684,28.27371216,28.44363403,18.86688343,-10.854546,,
01-10-2017,West Bengal,Howrah,2017,10,7.5500627,26.62238936,22.52149191,88.06339684,26.49490356,26.78396606,21.37316362,-13.82310092,,
01-11-2017,West Bengal,Howrah,2017,11,1.840601314,22.43305276,22.52149191,88.06339684,22.18429565,22.66281128,20.60889192,-18.76829061,,
01-12-2017,West Bengal,Howrah,2017,12,2.129653064,19.94132579,22.52149191,88.06339684,19.72488403,20.08230591,15.87836491,-13.74871185,,
01-01-2018,West Bengal,Howrah,2018,1,0.000817353,17.74298373,22.52149191,88.06339684,17.4413147,18.11514282,21.55851011,-21.55769276,,
01-02-2018,West Bengal,Howrah,2018,2,0.192310095,23.89567982,22.52149191,88.06339684,23.70977783,24.17657471,22.06608666,-21.87377657,,
01-03-2018,West Bengal,Howrah,2018,3,0.372282548,27.81875055,22.52149191,88.06339684,27.72286987,27.90841675,19.40933745,-19.0370549,,
01-04-2018,West Bengal,Howrah,2018,4,3.225606398,28.88458529,22.52149191,88.06339684,28.83291626,28.91104126,13.87819816,-10.65259176,,
01-05-2018,West Bengal,Howrah,2018,5,5.566492601,29.21182528,22.52149191,88.06339684,28.9765625,29.3828125,34.51257525,-28.94608265,,
01-06-2018,West Bengal,Howrah,2018,6,8.563371138,29.70680098,22.52149191,88.06339684,29.54415894,29.81564331,27.90917854,-19.3458074,,
01-07-2018,West Bengal,Howrah,2018,7,12.86414684,28.33425348,22.52149191,88.06339684,28.24032593,28.39266968,20.80382015,-7.939673308,,
01-08-2018,West Bengal,Howrah,2018,8,9.036371404,28.13570057,22.52149191,88.06339684,28.10604858,28.16659546,12.60646171,-3.570090308,,
01-09-2018,West Bengal,Howrah,2018,9,7.316548434,28.13363093,22.52149191,88.06339684,28.06118774,28.19985962,16.96673994,-9.65019151,,
01-10-2018,West Bengal,Howrah,2018,10,3.730821783,26.33483054,22.52149191,88.06339684,26.11483765,26.5796814,26.92811667,-23.19729489,,
01-11-2018,West Bengal,Howrah,2018,11,0.191543666,24.05558916,22.52149191,88.06339684,23.87643433,24.2651062,19.32273534,-19.13119167,,
01-12-2018,West Bengal,Howrah,2018,12,0.879805131,19.21478549,22.52149191,88.06339684,18.90921021,19.51467896,20.2683858,-19.38858067,,
01-01-2019,West Bengal,Howrah,2019,1,0.06017472,19.09937911,22.52149191,88.06339684,18.70236206,19.51876831,24.6355643,-24.57538958,,
01-02-2019,West Bengal,Howrah,2019,2,3.429672241,22.79629239,22.52149191,88.06339684,22.59210205,23.02178955,20.61261159,-17.18293935,,
01-03-2019,West Bengal,Howrah,2019,3,2.216322119,25.46106234,22.52149191,88.06339684,25.37228394,25.59689331,20.25123957,-18.03491745,,
01-04-2019,West Bengal,Howrah,2019,4,1.762738488,29.24470381,22.52149191,88.06339684,29.09378052,29.33010864,24.32388843,-22.56114994,,
01-05-2019,West Bengal,Howrah,2019,5,3.157152003,30.94558161,22.52149191,88.06339684,30.81845093,31.04891968,26.95348002,-23.79632802,,
01-06-2019,West Bengal,Howrah,2019,6,5.267163017,30.48707164,22.52149191,88.06339684,30.21398926,30.69055176,37.58457578,-32.31741276,,
01-07-2019,West Bengal,Howrah,2019,7,6.420450384,29.25127896,22.52149191,88.06339684,29.14474487,29.32247925,22.91735156,-16.49690118,,
01-08-2019,West Bengal,Howrah,2019,8,13.71617543,28.34276234,22.52149191,88.06339684,28.29162598,28.37365723,14.739754,-1.023578566,,
01-09-2019,West Bengal,Howrah,2019,9,9.860416759,27.66220093,22.52149191,88.06339684,27.61532593,27.70126343,13.21950641,-3.359089654,,
01-10-2019,West Bengal,Howrah,2019,10,5.848985845,26.33120173,22.52149191,88.06339684,26.15133667,26.54782104,24.86736726,-19.01838142,,
01-11-2019,West Bengal,Howrah,2019,11,3.939089688,23.78494818,22.52149191,88.06339684,23.58981323,24.08786011,21.73175837,-17.79266868,,
01-12-2019,West Bengal,Howrah,2019,12,0.483565677,19.73952692,22.52149191,88.06339684,19.49130249,20.05770874,19.88157898,-19.3980133,,
01-01-2020,West Bengal,Howrah,2020,1,0.976569783,18.52335982,22.52149191,88.06339684,18.31188965,18.8236084,19.19959085,-18.22302106,,
01-02-2020,West Bengal,Howrah,2020,2,0.294071826,21.07197432,22.52149191,88.06339684,20.83706665,21.38589478,23.10282217,-22.80875035,,
01-03-2020,West Bengal,Howrah,2020,3,0.815861268,26.48322088,22.52149191,88.06339684,26.25683594,26.64355469,27.20052662,-26.38466535,,
01-04-2020,West Bengal,Howrah,2020,4,8.622531544,28.79764626,22.52149191,88.06339684,28.55084229,28.97662354,32.33864437,-23.71611283,,
01-05-2020,West Bengal,Howrah,2020,5,6.186767578,28.89588235,22.52149191,88.06339684,28.78384399,28.96548462,22.92232427,-16.73555669,,
01-06-2020,West Bengal,Howrah,2020,6,7.207755349,28.96816739,22.52149191,88.06339684,28.86358643,29.05303955,22.9519762,-15.74422085,,
01-07-2020,West Bengal,Howrah,2020,7,8.022761952,28.82851063,22.52149191,88.06339684,28.75784302,28.89456177,19.91924418,-11.89648223,,
01-08-2020,West Bengal,Howrah,2020,8,13.42568137,28.33569059,22.52149191,88.06339684,28.31118774,28.35025024,10.16983774,3.255843632,,
01-09-2020,West Bengal,Howrah,2020,9,6.487095226,28.51281461,22.52149191,88.06339684,28.45120239,28.57424927,16.11424282,-9.627147596,,
01-10-2020,West Bengal,Howrah,2020,10,4.459004489,27.25199474,22.52149191,88.06339684,27.1546936,27.30899048,15.83666084,-11.37765635,,
01-11-2020,West Bengal,Howrah,2020,11,0.133757505,23.66298329,22.52149191,88.06339684,23.42434692,23.88137817,20.75664157,-20.62288407,,
01-12-2020,West Bengal,Howrah,2020,12,0.00079102,20.11208829,22.52149191,88.06339684,19.86297607,20.4977417,21.25604534,-21.25525432,,
01-01-2021,West Bengal,Howrah,2021,1,0.020126072,20.12920033,22.52149191,88.06339684,19.83587646,20.61907959,24.8028273,-24.78270123,,
01-02-2021,West Bengal,Howrah,2021,2,0.109259551,22.37344915,22.52149191,88.06339684,22.06112671,22.89120483,28.35103327,-28.24177372,,
01-03-2021,West Bengal,Howrah,2021,3,0.309647712,28.27501609,22.52149191,88.06339684,28.06283569,28.59408569,33.17076317,-32.86111546,,
01-04-2021,West Bengal,Howrah,2021,4,0.656406706,30.11920443,22.52149191,88.06339684,29.97964478,30.2394104,25.97556477,-25.31915806,,
01-05-2021,West Bengal,Howrah,2021,5,4.970113581,29.77726884,22.52149191,88.06339684,29.72702026,29.82077026,16.77871558,-11.80860199,,
01-06-2021,West Bengal,Howrah,2021,6,11.39033231,28.93269209,22.52149191,88.06339684,28.77005005,29.0239563,26.5507227,-15.16039039,,
01-07-2021,West Bengal,Howrah,2021,7,10.42948081,28.48284357,22.52149191,88.06339684,28.40258789,28.52954102,19.05237023,-8.622889424,,
01-08-2021,West Bengal,Howrah,2021,8,8.05268305,28.12139615,22.52149191,88.06339684,28.06173706,28.15744019,15.84437581,-7.791692763,,
01-09-2021,West Bengal,Howrah,2021,9,14.05702348,27.22899003,22.52149191,88.06339684,27.16702271,27.26467896,13.95775763,0.099265847,,
01-10-2021,West Bengal,Howrah,2021,10,5.478003762,27.06612604,22.52149191,88.06339684,26.95657349,27.17532349,18.77861775,-13.30061399,,
01-11-2021,West Bengal,Howrah,2021,11,1.797621294,22.73579268,22.52149191,88.06339684,22.48721313,23.05361938,22.59052269,-20.7929014,,
01-12-2021,West Bengal,Howrah,2021,12,5.084032232,19.1419428,22.52149191,88.06339684,18.92922974,19.32180786,16.28849039,-11.20445816,,
01-01-2022,West Bengal,Howrah,2022,1,0.932938142,18.07220736,22.52149191,88.06339684,17.76858521,18.38186646,20.75765266,-19.82471452,,
01-02-2022,West Bengal,Howrah,2022,2,1.861962058,20.26746993,22.52149191,88.06339684,19.94271851,20.69662476,25.60253528,-23.74057322,,
01-03-2022,West Bengal,Howrah,2022,3,0.073867912,26.9214755,22.52149191,88.06339684,26.73095703,27.08056641,26.11849561,-26.04462769,,
01-04-2022,West Bengal,Howrah,2022,4,0.159452731,30.40558971,22.52149191,88.06339684,30.2399292,30.58563232,30.14488376,-29.98543103,,
01-05-2022,West Bengal,Howrah,2022,5,2.766392448,29.97546387,22.52149191,88.06339684,29.82702637,30.07312012,27.29787059,-24.53147815,,
01-06-2022,West Bengal,Howrah,2022,6,4.07665114,30.10093273,22.52149191,88.06339684,29.99386597,30.21261597,25.26020394,-21.1835528,,
01-07-2022,West Bengal,Howrah,2022,7,6.106433522,28.47031195,22.52149191,88.06339684,28.39822388,28.52127075,18.75188734,-12.64545382,,
01-08-2022,West Bengal,Howrah,2022,8,9.155856046,28.15224665,22.52149191,88.06339684,28.11691284,28.19113159,13.96241517,-4.806559129,,
01-09-2022,West Bengal,Howrah,2022,9,4.986211257,28.04811512,22.52149191,88.06339684,27.98135376,28.11026001,16.32795889,-11.34174763,,
01-10-2022,West Bengal,Howrah,2022,10,2.973762859,26.19680231,22.52149191,88.06339684,26.07943726,26.33334351,19.83941343,-16.86565057,,
01-11-2022,West Bengal,Howrah,2022,11,0.000564572,22.663122,22.52149191,88.06339684,22.39767456,23.00704956,23.38973471,-23.38917014,,
01-12-2022,West Bengal,Howrah,2022,12,0.000609191,20.49806907,22.52149191,88.06339684,20.2253418,20.93041992,22.63046908,-22.62985989,,
01-01-2023,West Bengal,Howrah,2023,1,0.009666778,20.019645,22.52149191,88.06339684,19.7293396,20.49301147,24.42087049,-24.41120371,,
01-02-2023,West Bengal,Howrah,2023,2,0.038801107,23.34628296,22.52149191,88.06339684,23.05917358,23.78964233,27.23966217,-27.20086106,,
01-03-2023,West Bengal,Howrah,2023,3,1.704695615,26.46182806,22.52149191,88.06339684,26.29208374,26.76083374,29.93232718,-28.22763156,,
01-04-2023,West Bengal,Howrah,2023,4,0.801233725,30.13729581,22.52149191,88.06339684,29.93310547,30.41357422,35.34033553,-34.5391018,,
01-05-2023,West Bengal,Howrah,2023,5,1.027923237,30.87045566,22.52149191,88.06339684,30.70355225,31.027771,31.91964421,-30.89172097,,
01-06-2023,West Bengal,Howrah,2023,6,2.35738997,31.56416182,22.52149191,88.06339684,31.39956665,31.7550354,33.18419848,-30.82680851,,
01-07-2023,West Bengal,Howrah,2023,7,3.177108418,29.04152888,22.52149191,88.06339684,29.00814819,29.06674194,13.09977936,-9.922670941,,
01-08-2023,West Bengal,Howrah,2023,8,5.86274858,28.6514088,22.52149191,88.06339684,28.61270142,28.68887329,14.29858888,-8.435840301,,
01-09-2023,West Bengal,Howrah,2023,9,6.262689764,28.20766657,22.52149191,88.06339684,28.15866089,28.25436401,14.11778879,-7.855099027,,
01-10-2023,West Bengal,Howrah,2023,10,1.99654111,26.96888039,22.52149191,88.06339684,26.78652954,27.19863892,25.71896587,-23.72242476,,
01-11-2023,West Bengal,Howrah,2023,11,0.167006633,24.74482866,22.52149191,88.06339684,24.55786133,24.9230957,19.03952853,-18.87252189,,
01-12-2023,West Bengal,Howrah,2023,12,0.761593732,20.53828846,22.52149191,88.06339684,20.32894897,20.69613647,16.34838,-15.58678627,,
01-01-2024,West Bengal,Howrah,2024,1,0.408091372,18.69535134,22.52149191,88.06339684,18.42901611,19.08721924,21.87800999,-21.46991862,,
01-02-2024,West Bengal,Howrah,2024,2,0.218993274,22.79195612,22.52149191,88.06339684,22.51052856,23.29568481,28.85547854,-28.63648527,,
01-03-2024,West Bengal,Howrah,2024,3,1.767899253,26.56591519,22.52149191,88.06339684,26.3734436,26.86172485,30.62139453,-28.85349528,,
01-04-2024,West Bengal,Howrah,2024,4,0.276431669,32.06998513,22.52149191,88.06339684,31.7411499,32.24700928,37.72408427,-37.44765261,,
01-05-2024,West Bengal,Howrah,2024,5,9.490454934,30.54129306,22.52149191,88.06339684,30.24743652,30.74938965,39.44785675,-29.95740182,,
01-06-2024,West Bengal,Howrah,2024,6,2.837737864,31.25203358,22.52149191,88.06339684,31.01339722,31.51730347,39.26004028,-36.42230242,,
01-07-2024,West Bengal,Howrah,2024,7,9.504013062,28.81286621,22.52149191,88.06339684,28.77575684,28.83825684,13.46334855,-3.959335487,,
01-08-2024,West Bengal,Howrah,2024,8,14.81291615,27.92979015,22.52149191,88.06339684,27.85397339,27.99655151,19.25850767,-4.445591523,,
01-09-2024,West Bengal,Howrah,2024,9,13.72960316,28.32381092,22.52149191,88.06339684,28.28048706,28.35079956,12.13151049,1.598092672,,
01-10-2024,West Bengal,Howrah,2024,10,6.772716175,27.48005538,22.52149191,88.06339684,27.35256958,27.61819458,20.88394024,-14.11122407,,
01-11-2024,West Bengal,Howrah,2024,11,0.336615346,23.72637107,22.52149191,88.06339684,23.5239563,23.88919067,18.58375158,-18.24713623,,
01-12-2024,West Bengal,Howrah,2024,12,0.174782731,19.95932007,22.52149191,88.06339684,19.71127319,20.22494507,19.04430465,-18.86952192,,
01-01-2025,West Bengal,Howrah,2025,1,0.024320673,19.5089361,22.52149191,88.06339684,19.23336792,19.84664917,21.58902375,-21.56470308,,
01-02-2025,West Bengal,Howrah,2025,2,1.035836653,23.51629916,22.52149191,88.06339684,23.165802,23.99197388,29.0888737,-28.05303705,,
01-03-2025,West Bengal,Howrah,2025,3,0.359214913,27.39365179,22.52149191,88.06339684,27.26882935,27.48953247,20.9711462,-20.61193129,,
01-04-2025,West Bengal,Howrah,2025,4,3.434185028,29.29553778,22.52149191,88.06339684,29.13360596,29.44024658,27.73697957,-24.30279454,,
01-05-2025,West Bengal,Howrah,2025,5,4.888483914,29.71868619,22.52149191,88.06339684,29.62582397,29.83676147,25.13708351,-20.2485996,,
01-06-2025,West Bengal,Howrah,2025,6,16.07968417,28.83263883,22.52149191,88.06339684,28.78469849,28.88626099,16.75619997,-0.676515802,,
01-07-2025,West Bengal,Howrah,2025,7,16.56882546,27.9188926,22.52149191,88.06339684,27.8576355,27.9982605,19.80770879,-3.238883326,,
01-08-2025,West Bengal,Howrah,2025,8,9.059734691,27.94266857,22.52149191,88.06339684,27.89810181,27.98013306,14.61194882,-5.552214132,,
01-09-2025,West Bengal,Howrah,2025,9,8.83197507,28.06314087,22.52149191,88.06339684,27.98501587,28.10610962,15.83062578,-6.998650709,,
01-10-2025,West Bengal,Howrah,2025,10,3.880010085,26.90662453,22.52149191,88.06339684,26.78482056,27.03286743,19.9255251,-16.04551501,,
01-01-2013,West Bengal,Jalpaiguri,2013,1,0.08356632,15.71364094,26.68262558,88.76384538,13.77627563,16.83486938,39.27420106,-39.19063474,-6.360938869,Severe Drought
01-02-2013,West Bengal,Jalpaiguri,2013,2,0.437960756,19.80086123,26.68262558,88.76384538,17.48391724,20.96243286,50.68318973,-50.24522898,-6.110631558,Severe Drought
01-03-2013,West Bengal,Jalpaiguri,2013,3,0.273470648,24.25932575,26.68262558,88.76384538,21.15008545,25.80438232,86.11450641,-85.84103577,-5.726797854,Severe Drought
01-04-2013,West Bengal,Jalpaiguri,2013,4,2.986741691,25.76308047,26.68262558,88.76384538,22.79998779,27.01678467,94.03653371,-91.04979202,-3.153673148,Severe Drought
01-05-2013,West Bengal,Jalpaiguri,2013,5,9.248840332,25.73434133,26.68262558,88.76384538,23.64907837,26.40884399,83.96261376,-74.71377342,-2.134045455,Severe Drought
01-06-2013,West Bengal,Jalpaiguri,2013,6,19.49387965,27.04463985,26.68262558,88.76384538,25.22277832,27.86340332,83.58427472,-64.09039507,,
01-07-2013,West Bengal,Jalpaiguri,2013,7,22.54233946,26.5732043,26.68262558,88.76384538,24.59738159,27.53292847,89.0148674,-66.47252794,,
01-08-2013,West Bengal,Jalpaiguri,2013,8,22.73376044,26.37575347,26.68262558,88.76384538,24.56204224,27.19485474,79.7235585,-56.98979806,,
01-09-2013,West Bengal,Jalpaiguri,2013,9,7.840162606,26.6388655,26.68262558,88.76384538,24.64492798,27.54922485,73.02752605,-65.18736344,-1.267441194,Moderate Drought
01-10-2013,West Bengal,Jalpaiguri,2013,10,4.708843889,24.15393066,26.68262558,88.76384538,22.19137573,25.12106323,60.59740494,-55.88856105,,
01-11-2013,West Bengal,Jalpaiguri,2013,11,0.448704128,19.74529187,26.68262558,88.76384538,17.79486084,21.08392334,46.08516353,-45.63645941,,
01-12-2013,West Bengal,Jalpaiguri,2013,12,0.585657186,17.26345404,26.68262558,88.76384538,15.3175354,18.4972229,39.54848787,-38.96283068,,
01-01-2014,West Bengal,Jalpaiguri,2014,1,0.318289527,16.82123329,26.68262558,88.76384538,15.04025269,17.80392456,38.56653502,-38.2482455,,
01-02-2014,West Bengal,Jalpaiguri,2014,2,1.033612876,17.79639093,26.68262558,88.76384538,15.82662964,18.79537964,44.32634774,-43.29273486,2.406415611,Severely Wet
01-03-2014,West Bengal,Jalpaiguri,2014,3,0.334052579,22.82434082,26.68262558,88.76384538,19.53170776,24.41256714,85.17682447,-84.84277189,-5.726797854,Severe Drought
01-04-2014,West Bengal,Jalpaiguri,2014,4,0.620738523,27.11548693,26.68262558,88.76384538,23.41714478,28.91323853,110.6903771,-110.0696386,-5.408485391,Severe Drought
01-05-2014,West Bengal,Jalpaiguri,2014,5,14.55784765,26.20839507,26.68262558,88.76384538,23.73519897,27.22348022,95.42433655,-80.8664889,-4.721712223,Severe Drought
01-06-2014,West Bengal,Jalpaiguri,2014,6,18.60650003,26.58509774,26.68262558,88.76384538,24.82843018,27.24249268,79.09920306,-60.49270303,,
01-07-2014,West Bengal,Jalpaiguri,2014,7,16.26320254,27.17686305,26.68262558,88.76384538,25.46578979,27.97555542,83.42630203,-67.16309949,,
01-08-2014,West Bengal,Jalpaiguri,2014,8,22.46880472,26.40504403,26.68262558,88.76384538,24.54876709,27.20501709,80.13072006,-57.66191534,,
01-09-2014,West Bengal,Jalpaiguri,2014,9,22.40574909,25.84258823,26.68262558,88.76384538,24.00180054,26.64828491,68.46179585,-46.05604676,0.895002082,Normal
01-10-2014,West Bengal,Jalpaiguri,2014,10,1.165103518,24.42352505,26.68262558,88.76384538,21.96353149,25.67837524,68.67449658,-67.50939306,,
01-11-2014,West Bengal,Jalpaiguri,2014,11,0.234572443,21.56849828,26.68262558,88.76384538,19.49636841,22.78933716,48.35175461,-48.11718216,,
01-12-2014,West Bengal,Jalpaiguri,2014,12,0.472890591,17.98402563,26.68262558,88.76384538,16.19772339,18.95944214,37.61507119,-37.1421806,-6.360938869,Severe Drought
01-01-2015,West Bengal,Jalpaiguri,2015,1,0.642087739,16.6168939,26.68262558,88.76384538,14.65029907,17.49209595,38.87702626,-38.23493852,,
01-02-2015,West Bengal,Jalpaiguri,2015,2,0.45445554,19.35503519,26.68262558,88.76384538,17.08590698,20.49215698,49.55929329,-49.10483775,2.15678289,Severely Wet
01-03-2015,West Bengal,Jalpaiguri,2015,3,1.504365724,23.47075785,26.68262558,88.76384538,20.70681763,24.54470825,76.73185729,-75.22749156,2.182066359,Severely Wet
01-04-2015,West Bengal,Jalpaiguri,2015,4,4.108606536,23.62167464,26.68262558,88.76384538,21.18383789,24.51782227,79.50530762,-75.39670109,1.945471648,Severely Wet
01-05-2015,West Bengal,Jalpaiguri,2015,5,5.781126351,25.75776199,26.68262558,88.76384538,23.79769897,26.29574585,79.92519809,-74.14407174,1.810103554,Severely Wet
01-06-2015,West Bengal,Jalpaiguri,2015,6,17.84492019,26.34682701,26.68262558,88.76384538,24.59884644,26.90353394,76.87164776,-59.02672757,,
01-07-2015,West Bengal,Jalpaiguri,2015,7,15.87421917,27.1740428,26.68262558,88.76384538,25.35305786,27.91165161,84.22865077,-68.3544316,,
01-08-2015,West Bengal,Jalpaiguri,2015,8,37.23501903,26.27050781,26.68262558,88.76384538,24.48501587,27.04751587,78.46441406,-41.22939503,,
01-09-2015,West Bengal,Jalpaiguri,2015,9,15.87245336,26.37270592,26.68262558,88.76384538,24.49124146,27.23342896,70.53516704,-54.66271368,1.472689752,Moderately Wet
01-10-2015,West Bengal,Jalpaiguri,2015,10,0.912528663,24.82495538,26.68262558,88.76384538,22.41378784,26.02120972,68.31768254,-67.40515387,,
01-11-2015,West Bengal,Jalpaiguri,2015,11,0.522458701,21.67461527,26.68262558,88.76384538,19.52233887,22.92077637,49.25237014,-48.72991144,,
01-12-2015,West Bengal,Jalpaiguri,2015,12,0.587101772,17.07243295,26.68262558,88.76384538,14.97787476,18.44271851,41.05887473,-40.47177296,-6.360938869,Severe Drought
01-01-2016,West Bengal,Jalpaiguri,2016,1,0.831203329,16.16587251,26.68262558,88.76384538,13.86010742,17.36401367,42.60336102,-41.77215769,-6.360938869,Severe Drought
01-02-2016,West Bengal,Jalpaiguri,2016,2,0.766021531,19.43671286,26.68262558,88.76384538,17.13552856,20.84646606,53.69357122,-52.92754969,-6.110631558,Severe Drought
01-03-2016,West Bengal,Jalpaiguri,2016,3,2.309218308,23.37751717,26.68262558,88.76384538,20.13095093,25.0039978,86.26754144,-83.95832314,-5.726797854,Severe Drought
01-04-2016,West Bengal,Jalpaiguri,2016,4,1.331020224,25.31597269,26.68262558,88.76384538,22.34890747,26.78640747,95.47596576,-94.14494554,-3.873604739,Severe Drought
01-05-2016,West Bengal,Jalpaiguri,2016,5,10.22896392,25.55416133,26.68262558,88.76384538,23.51940918,26.30456543,83.99886992,-73.769906,-2.168338698,Severe Drought
01-06-2016,West Bengal,Jalpaiguri,2016,6,28.52508334,26.70259673,26.68262558,88.76384538,24.85015869,27.51422119,83.31404682,-54.78896348,,
01-07-2016,West Bengal,Jalpaiguri,2016,7,30.36723801,26.24575279,26.68262558,88.76384538,24.44274902,27.08532715,83.83303765,-53.46579964,,
01-08-2016,West Bengal,Jalpaiguri,2016,8,10.21091119,27.79346966,26.68262558,88.76384538,25.94143677,28.68167114,83.94391924,-73.73300805,,
01-09-2016,West Bengal,Jalpaiguri,2016,9,17.1682613,26.10868046,26.68262558,88.76384538,24.39181519,26.94454956,67.64821173,-50.47995043,0.140560693,Normal
01-10-2016,West Bengal,Jalpaiguri,2016,10,10.66205992,24.71274961,26.68262558,88.76384538,22.40631104,25.97467041,67.76792821,-57.10586829,,
01-11-2016,West Bengal,Jalpaiguri,2016,11,0.05729129,22.05867373,26.68262558,88.76384538,20.1619873,23.3026123,47.80798841,-47.75069712,,
01-12-2016,West Bengal,Jalpaiguri,2016,12,0.125614364,19.03766501,26.68262558,88.76384538,17.25863647,19.96176147,38.3096449,-38.18403054,,
01-01-2017,West Bengal,Jalpaiguri,2017,1,0.239901822,17.51207759,26.68262558,88.76384538,15.24685669,18.65310669,43.6703204,-43.43041858,-6.360938869,Severe Drought
01-02-2017,West Bengal,Jalpaiguri,2017,2,0.474184464,19.88848666,26.68262558,88.76384538,17.74038696,20.99819946,49.1632868,-48.68910233,-6.110631558,Severe Drought
01-03-2017,West Bengal,Jalpaiguri,2017,3,1.998560807,21.31758907,26.68262558,88.76384538,18.82546997,22.36843872,69.87836115,-67.87980034,2.351606624,Severely Wet
01-04-2017,West Bengal,Jalpaiguri,2017,4,3.709949099,24.07264446,26.68262558,88.76384538,21.68612671,25.12362671,81.60907058,-77.89912148,2.450439696,Severely Wet
01-05-2017,West Bengal,Jalpaiguri,2017,5,5.347556279,25.86540696,26.68262558,88.76384538,23.95700073,26.58004761,82.10288349,-76.75532722,2.030653261,Severely Wet
01-06-2017,West Bengal,Jalpaiguri,2017,6,15.84144645,26.95099087,26.68262558,88.76384538,25.06164551,27.70031738,83.37887325,-67.5374268,,
01-07-2017,West Bengal,Jalpaiguri,2017,7,26.79594684,26.69596494,26.68262558,88.76384538,24.97317505,27.48294067,82.53429766,-55.73835082,,
01-08-2017,West Bengal,Jalpaiguri,2017,8,27.24255582,26.85494258,26.68262558,88.76384538,24.96505737,27.68966675,81.98122494,-54.73866912,,
01-09-2017,West Bengal,Jalpaiguri,2017,9,13.82697375,26.53502576,26.68262558,88.76384538,24.56472778,27.35183716,71.3718729,-57.54489915,1.162112091,Moderately Wet
01-10-2017,West Bengal,Jalpaiguri,2017,10,6.084501069,24.56656199,26.68262558,88.76384538,22.45193481,25.61013794,63.53513741,-57.45063634,,
01-11-2017,West Bengal,Jalpaiguri,2017,11,0.122731061,20.80269649,26.68262558,88.76384538,18.77609253,22.0788269,47.48145844,-47.35872738,,
01-12-2017,West Bengal,Jalpaiguri,2017,12,0.130062333,19.03953815,26.68262558,88.76384538,17.28933716,20.08230591,38.94306978,-38.81300745,,
01-01-2018,West Bengal,Jalpaiguri,2018,1,0.26769227,16.08355608,26.68262558,88.76384538,14.43740845,16.97842407,36.19240966,-35.92471739,,
01-02-2018,West Bengal,Jalpaiguri,2018,2,0.627470148,19.25544055,26.68262558,88.76384538,17.05938721,20.42071533,49.09944728,-48.47197714,2.259663145,Severely Wet
01-03-2018,West Bengal,Jalpaiguri,2018,3,1.261091824,22.69458429,26.68262558,88.76384538,19.50021362,24.11935425,82.59704442,-81.33595259,1.40102229,Moderately Wet
01-04-2018,West Bengal,Jalpaiguri,2018,4,3.764580562,24.58648471,26.68262558,88.76384538,22.10830688,25.40713501,80.92709177,-77.16251121,0.944459456,Normal
01-05-2018,West Bengal,Jalpaiguri,2018,5,8.739787135,25.00969828,26.68262558,88.76384538,23.1015625,25.67773438,79.7714445,-71.03165736,1.26157677,Moderately Wet
01-06-2018,West Bengal,Jalpaiguri,2018,6,20.2706846,27.00907109,26.68262558,88.76384538,25.12228394,27.79415894,84.01071513,-63.74003053,,
01-07-2018,West Bengal,Jalpaiguri,2018,7,26.66707006,27.00931944,26.68262558,88.76384538,25.15829468,27.94345093,87.55690024,-60.88983018,,
01-08-2018,West Bengal,Jalpaiguri,2018,8,18.65657201,27.16127593,26.68262558,88.76384538,25.30722046,28.04354858,82.7209395,-64.06436749,,
01-09-2018,West Bengal,Jalpaiguri,2018,9,10.79575216,26.50508486,26.68262558,88.76384538,24.46548462,27.40493774,73.24702054,-62.45126838,-1.109708494,Moderate Drought
01-10-2018,West Bengal,Jalpaiguri,2018,10,2.045778735,23.53987911,26.68262558,88.76384538,21.30038452,24.64413452,63.79061995,-61.74484122,,
01-11-2018,West Bengal,Jalpaiguri,2018,11,0.226538724,21.40768538,26.68262558,88.76384538,19.12643433,22.70065308,50.16852747,-49.94198875,,
01-12-2018,West Bengal,Jalpaiguri,2018,12,0.372742554,17.6326073,26.68262558,88.76384538,15.49710083,18.99905396,41.94123777,-41.56849522,-6.360938869,Severe Drought
01-01-2019,West Bengal,Jalpaiguri,2019,1,0.050118512,17.11379794,26.68262558,88.76384538,14.65548706,18.51681519,45.97167174,-45.92155323,-6.360938869,Severe Drought
01-02-2019,West Bengal,Jalpaiguri,2019,2,1.70780274,19.02394472,26.68262558,88.76384538,16.67218018,19.88702393,47.71769016,-46.00988742,-6.110631558,Severe Drought
01-03-2019,West Bengal,Jalpaiguri,2019,3,0.882502326,22.84049619,26.68262558,88.76384538,19.59298706,24.08712769,81.76535012,-80.8828478,-5.726797854,Severe Drought
01-04-2019,West Bengal,Jalpaiguri,2019,4,3.640561334,24.88122559,26.68262558,88.76384538,22.52932739,25.69924927,79.88180146,-76.24124012,1.531571242,Severely Wet
01-05-2019,West Bengal,Jalpaiguri,2019,5,7.238968422,25.49423323,26.68262558,88.76384538,23.4961853,26.17001343,82.18918388,-74.95021546,0.915895017,Normal
01-06-2019,West Bengal,Jalpaiguri,2019,6,16.63620311,27.08198495,26.68262558,88.76384538,25.32141113,27.84680176,81.80823268,-65.17202957,,
01-07-2019,West Bengal,Jalpaiguri,2019,7,37.83099155,26.70078041,26.68262558,88.76384538,24.82443237,27.49240112,85.10503294,-47.27404139,,
01-08-2019,West Bengal,Jalpaiguri,2019,8,15.21976129,27.84671757,26.68262558,88.76384538,26.0670166,28.68029785,82.07206741,-66.85230612,,
01-09-2019,West Bengal,Jalpaiguri,2019,9,24.47423895,25.92688409,26.68262558,88.76384538,24.20907593,26.71102905,66.69468674,-42.22044779,1.999512527,Severely Wet
01-10-2019,West Bengal,Jalpaiguri,2019,10,2.146641172,24.15827468,26.68262558,88.76384538,22.20211792,25.15524292,60.84561117,-58.69897,,
01-11-2019,West Bengal,Jalpaiguri,2019,11,0.290089048,22.74209069,26.68262558,88.76384538,20.64254761,23.93942261,49.82266642,-49.53257737,,
01-12-2019,West Bengal,Jalpaiguri,2019,12,0.346513222,16.91304279,26.68262558,88.76384538,14.78622437,18.30575562,41.19249182,-40.8459786,-6.360938869,Severe Drought
01-01-2020,West Bengal,Jalpaiguri,2020,1,0.944162303,15.99454051,26.68262558,88.76384538,13.79431152,17.04040527,40.79922593,-39.85506363,-6.360938869,Severe Drought
01-02-2020,West Bengal,Jalpaiguri,2020,2,0.886829968,18.20223262,26.68262558,88.76384538,15.69058228,19.4894104,52.52467698,-51.63784702,-6.110631558,Severe Drought
01-03-2020,West Bengal,Jalpaiguri,2020,3,1.301235331,22.26835264,26.68262558,88.76384538,19.65136719,23.44042969,74.02089668,-72.71966134,1.977505688,Severely Wet
01-04-2020,West Bengal,Jalpaiguri,2020,4,5.320460352,24.45130026,26.68262558,88.76384538,21.94342041,25.60357666,84.97214476,-79.65168441,1.410310093,Moderately Wet
01-05-2020,West Bengal,Jalpaiguri,2020,5,7.743491337,24.98851697,26.68262558,88.76384538,23.12173462,25.65103149,79.00325942,-71.25976808,1.924915481,Severely Wet
01-06-2020,West Bengal,Jalpaiguri,2020,6,26.60130152,26.27246304,26.68262558,88.76384538,24.4475708,27.11749268,82.59947214,-55.99817062,,
01-07-2020,West Bengal,Jalpaiguri,2020,7,34.01311835,26.25198259,26.68262558,88.76384538,24.47463989,27.13479614,84.12329594,-50.11017759,,
01-08-2020,West Bengal,Jalpaiguri,2020,8,13.02636087,27.25427667,26.68262558,88.76384538,25.31509399,28.22134399,85.42701883,-72.40065796,,
01-09-2020,West Bengal,Jalpaiguri,2020,9,25.26488837,26.12395188,26.68262558,88.76384538,24.33206177,26.94143677,68.41837853,-43.15349016,1.361272627,Moderately Wet
01-10-2020,West Bengal,Jalpaiguri,2020,10,3.978528779,25.14856378,26.68262558,88.76384538,22.8656311,26.48672485,68.96666902,-64.98814024,,
01-11-2020,West Bengal,Jalpaiguri,2020,11,0.133552699,20.72283725,26.68262558,88.76384538,18.65481567,21.8833313,46.84781042,-46.71425772,,
01-12-2020,West Bengal,Jalpaiguri,2020,12,0.389362598,17.40176918,26.68262558,88.76384538,15.30633545,18.54656982,40.08073443,-39.69137183,-6.360938869,Severe Drought
01-01-2021,West Bengal,Jalpaiguri,2021,1,0.992151458,16.66036461,26.68262558,88.76384538,14.50775146,17.81048584,41.96445046,-40.972299,-6.360938869,Severe Drought
01-02-2021,West Bengal,Jalpaiguri,2021,2,0.172441318,18.96077755,26.68262558,88.76384538,16.37948608,20.51034546,53.99755089,-53.82510958,-6.110631558,Severe Drought
01-03-2021,West Bengal,Jalpaiguri,2021,3,1.073581301,23.11920797,26.68262558,88.76384538,20.45736694,24.66830444,79.68995593,-78.61637463,-5.726797854,Severe Drought
01-04-2021,West Bengal,Jalpaiguri,2021,4,1.366322879,25.67455213,26.68262558,88.76384538,22.8644104,27.16323853,94.75384596,-93.38752308,-2.915339619,Severe Drought
01-05-2021,West Bengal,Jalpaiguri,2021,5,8.34993665,25.41425192,26.68262558,88.76384538,23.48873901,26.16256714,82.03734845,-73.6874118,-1.307002059,Moderate Drought
01-06-2021,West Bengal,Jalpaiguri,2021,6,17.89114275,26.40939436,26.68262558,88.76384538,24.55715942,27.28372192,83.73036155,-65.8392188,,
01-07-2021,West Bengal,Jalpaiguri,2021,7,26.1889901,26.80991548,26.68262558,88.76384538,24.93383789,27.69750977,86.83041725,-60.64142715,,
01-08-2021,West Bengal,Jalpaiguri,2021,8,23.71092908,26.33975535,26.68262558,88.76384538,24.52658081,27.20040894,80.27668125,-56.56575217,,
01-09-2021,West Bengal,Jalpaiguri,2021,9,7.690057163,26.99090366,26.68262558,88.76384538,24.92483521,27.95608521,75.19757305,-67.50751588,-0.762050252,Normal
01-10-2021,West Bengal,Jalpaiguri,2021,10,15.73147373,24.92794905,26.68262558,88.76384538,22.78860474,26.01321411,64.74724947,-49.01577574,,
01-11-2021,West Bengal,Jalpaiguri,2021,11,0.146228461,20.01623956,26.68262558,88.76384538,17.71768188,21.43447876,49.34377134,-49.19754288,,
01-12-2021,West Bengal,Jalpaiguri,2021,12,0.189131523,17.89474593,26.68262558,88.76384538,15.53469849,19.15774536,42.97582662,-42.7866951,,
01-01-2022,West Bengal,Jalpaiguri,2022,1,0.380416278,16.06364178,26.68262558,88.76384538,13.76858521,17.15139771,41.73471702,-41.35430074,-6.360938869,Severe Drought
01-02-2022,West Bengal,Jalpaiguri,2022,2,2.093760786,16.16739523,26.68262558,88.76384538,13.80990601,17.41732788,46.62618467,-44.53242388,-6.110631558,Severe Drought
01-03-2022,West Bengal,Jalpaiguri,2022,3,0.433818423,24.37239022,26.68262558,88.76384538,21.82666016,25.80517578,79.83176296,-79.39794453,1.687587755,Severely Wet
01-04-2022,West Bengal,Jalpaiguri,2022,4,4.997235002,24.18564579,26.68262558,88.76384538,22.22625732,25.0211792,73.78572743,-68.78849243,2.592277165,Severely Wet
01-05-2022,West Bengal,Jalpaiguri,2022,5,10.19929978,25.50469339,26.68262558,88.76384538,23.69812012,26.18054199,79.21193711,-69.01263733,2.486372115,Severely Wet
01-06-2022,West Bengal,Jalpaiguri,2022,6,26.98375202,25.58653943,26.68262558,88.76384538,23.94308472,26.29464722,76.31219526,-49.32844324,,
01-07-2022,West Bengal,Jalpaiguri,2022,7,12.93857759,27.54901754,26.68262558,88.76384538,25.56228638,28.49197388,90.88156133,-77.94298374,,
01-08-2022,West Bengal,Jalpaiguri,2022,8,10.932895,27.50444083,26.68262558,88.76384538,25.48995972,28.51339722,87.61611988,-76.68322488,,
01-09-2022,West Bengal,Jalpaiguri,2022,9,6.180429919,26.35446693,26.68262558,88.76384538,24.63369751,27.12393188,67.18895388,-61.00852396,-4.443023734,Severe Drought
01-10-2022,West Bengal,Jalpaiguri,2022,10,2.830838697,24.11587419,26.68262558,88.76384538,22.27084351,25.10873413,59.58639008,-56.75555138,,
01-11-2022,West Bengal,Jalpaiguri,2022,11,0.007769669,20.77806354,26.68262558,88.76384538,18.56954956,22.07736206,48.90217717,-48.8944075,,
01-12-2022,West Bengal,Jalpaiguri,2022,12,0.01763678,18.6272141,26.68262558,88.76384538,16.46948242,19.75463867,41.76254352,-41.74490674,-6.360938869,Severe Drought
01-01-2023,West Bengal,Jalpaiguri,2023,1,0.251166623,16.4949646,26.68262558,88.76384538,14.76644897,17.35043335,36.94027713,-36.68911051,-6.360938869,Severe Drought
01-02-2023,West Bengal,Jalpaiguri,2023,2,0.226334144,19.7063325,26.68262558,88.76384538,17.48886108,20.89511108,50.02787168,-49.80153753,0.318993521,Normal
01-03-2023,West Bengal,Jalpaiguri,2023,3,1.356220772,22.37209557,26.68262558,88.76384538,19.97958374,23.65145874,73.05591783,-71.69969705,2.429436059,Severely Wet
01-04-2023,West Bengal,Jalpaiguri,2023,4,1.027132758,25.61541959,26.68262558,88.76384538,22.95263672,26.93701172,91.09840952,-90.07127676,0.034482915,Normal
01-05-2023,West Bengal,Jalpaiguri,2023,5,2.113264413,26.57073975,26.68262558,88.76384538,24.3480835,27.49261475,91.34662342,-89.23335901,-2.056497027,Severe Drought
01-06-2023,West Bengal,Jalpaiguri,2023,6,12.22976685,27.33982691,26.68262558,88.76384538,25.59487915,28.01480103,80.54178216,-68.31201531,,
01-07-2023,West Bengal,Jalpaiguri,2023,7,11.6294724,27.46039871,26.68262558,88.76384538,25.80307007,28.21713257,82.33602152,-70.70654912,,
01-08-2023,West Bengal,Jalpaiguri,2023,8,11.17986324,27.27595467,26.68262558,88.76384538,25.59512329,28.06777954,78.83508677,-67.65522353,,
01-09-2023,West Bengal,Jalpaiguri,2023,9,7.604189116,27.65226377,26.68262558,88.76384538,25.86959839,28.45358276,70.45366359,-62.84947447,-2.738538658,Severe Drought
01-10-2023,West Bengal,Jalpaiguri,2023,10,4.082614241,24.54979627,26.68262558,88.76384538,22.54434204,25.67129517,63.19500204,-59.1123878,,
01-11-2023,West Bengal,Jalpaiguri,2023,11,0.024135216,22.38551488,26.68262558,88.76384538,20.10083008,23.75317383,51.97864392,-51.95450871,,
01-12-2023,West Bengal,Jalpaiguri,2023,12,0.225191412,18.98237136,26.68262558,88.76384538,16.9168396,19.97348022,40.67662227,-40.45143086,-6.360938869,Severe Drought
01-01-2024,West Bengal,Jalpaiguri,2024,1,0.081817068,16.44693098,26.68262558,88.76384538,14.36260986,17.43292236,40.21034481,-40.12852774,-6.360938869,Severe Drought
01-02-2024,West Bengal,Jalpaiguri,2024,2,0.210095438,18.36054098,26.68262558,88.76384538,16.11209106,19.52224731,49.98402129,-49.77392585,-6.110631558,Severe Drought
01-03-2024,West Bengal,Jalpaiguri,2024,3,1.938504712,22.55966292,26.68262558,88.76384538,20.35586548,23.6000061,68.9897126,-67.05120789,2.472229422,Severely Wet
01-04-2024,West Bengal,Jalpaiguri,2024,4,0.283417373,27.31004807,26.68262558,88.76384538,24.79974365,28.6317749,92.82703948,-92.54362211,0.497147336,Normal
01-05-2024,West Bengal,Jalpaiguri,2024,5,5.014068604,28.38146131,26.68262558,88.76384538,26.34899902,29.15563965,89.8212194,-84.8071508,-1.106121977,Moderate Drought
01-06-2024,West Bengal,Jalpaiguri,2024,6,34.93601832,26.74312618,26.68262558,88.76384538,25.35324097,27.26925659,70.71977806,-35.78375974,,
01-07-2024,West Bengal,Jalpaiguri,2024,7,38.65729812,27.60846158,26.68262558,88.76384538,26.04528809,28.34997559,80.71236245,-42.05506433,,
01-08-2024,West Bengal,Jalpaiguri,2024,8,15.92532033,27.32326323,26.68262558,88.76384538,25.73873901,28.01022339,75.63940797,-59.71408764,,
01-09-2024,West Bengal,Jalpaiguri,2024,9,15.30821807,27.92609695,26.68262558,88.76384538,26.10665894,28.72384644,71.33204474,-56.02382667,1.913344076,Severely Wet
01-10-2024,West Bengal,Jalpaiguri,2024,10,3.054839299,24.87539989,26.68262558,88.76384538,23.16897583,25.62014771,56.3813153,-53.326476,,
01-11-2024,West Bengal,Jalpaiguri,2024,11,0.231279061,21.6177726,26.68262558,88.76384538,19.39309692,22.87747192,49.79939989,-49.56812083,,
01-12-2024,West Bengal,Jalpaiguri,2024,12,0.125090706,18.30563039,26.68262558,88.76384538,16.29525757,19.22494507,39.09025907,-38.96516836,,
01-01-2025,West Bengal,Jalpaiguri,2025,1,0.59950697,17.61981727,26.68262558,88.76384538,15.70407104,18.45407104,39.35840693,-38.75889996,,
01-02-2025,West Bengal,Jalpaiguri,2025,2,0.849920273,18.84717218,26.68262558,88.76384538,16.65213013,20.12283325,49.34218414,-48.49226387,1.92888102,Severely Wet
01-03-2025,West Bengal,Jalpaiguri,2025,3,1.060345617,22.79401687,26.68262558,88.76384538,20.24734497,24.14968872,76.10474923,-75.04440361,2.205532483,Severely Wet
01-04-2025,West Bengal,Jalpaiguri,2025,4,2.868714168,25.50826921,26.68262558,88.76384538,23.20782471,26.50665283,82.68702383,-79.81830967,1.501592217,Severely Wet
01-05-2025,West Bengal,Jalpaiguri,2025,5,14.67686199,25.97873451,26.68262558,88.76384538,24.28598022,26.64926147,78.13377,-63.45690801,2.397744657,Severely Wet
01-06-2025,West Bengal,Jalpaiguri,2025,6,12.02965256,27.60453849,26.68262558,88.76384538,25.94290161,28.34719849,80.75212964,-68.72247708,,
01-07-2025,West Bengal,Jalpaiguri,2025,7,15.46729357,27.7446247,26.68262558,88.76384538,26.0763855,28.56661987,84.15007103,-68.68277746,,
01-08-2025,West Bengal,Jalpaiguri,2025,8,25.41260397,26.78576239,26.68262558,88.76384538,25.12075806,27.59927368,78.07010644,-52.65750247,,
01-09-2025,West Bengal,Jalpaiguri,2025,9,14.42059642,27.22066945,26.68262558,88.76384538,25.46353149,28.02407837,69.46746264,-55.04686622,0.296041395,Normal
01-10-2025,West Bengal,Jalpaiguri,2025,10,11.12454434,25.11099138,26.68262558,88.76384538,23.14810181,26.07192993,61.91775316,-50.79320882,,
01-01-2013,West Bengal,Jhargram,2013,1,0.07095431,18.44668579,22.36324341,86.95534298,17.78604126,18.79385376,26.98071079,-26.90975648,,
01-02-2013,West Bengal,Jhargram,2013,2,0.470731667,21.67922974,22.36324341,86.95534298,21.04446411,22.11477661,31.7145699,-31.24383823,,
01-03-2013,West Bengal,Jhargram,2013,3,0.164526497,27.49571882,22.36324341,86.95534298,26.45477295,28.10906982,57.62439636,-57.45986987,,
01-04-2013,West Bengal,Jhargram,2013,4,1.536538669,30.55507987,22.36324341,86.95534298,29.68670654,30.87811279,56.15457224,-54.61803357,,
01-05-2013,West Bengal,Jhargram,2013,5,5.255823408,30.86301531,22.36324341,86.95534298,30.10610962,31.21548462,59.01209083,-53.75626742,,
01-06-2013,West Bengal,Jhargram,2013,6,8.437648228,28.28213937,22.36324341,86.95534298,27.65441895,28.51184082,48.07585896,-39.63821073,,
01-07-2013,West Bengal,Jhargram,2013,7,8.495886121,27.55992344,22.36324341,86.95534298,26.99972534,27.85324097,48.38670774,-39.89082162,,
01-08-2013,West Bengal,Jhargram,2013,8,9.281579154,27.22756958,22.36324341,86.95534298,26.65383911,27.49954224,46.18365317,-36.90207402,,
01-09-2013,West Bengal,Jhargram,2013,9,8.110374996,27.16452898,22.36324341,86.95534298,26.66641235,27.30508423,35.67775673,-27.56738173,,
01-10-2013,West Bengal,Jhargram,2013,10,13.28045545,24.99215698,22.36324341,86.95534298,24.42770386,25.22067261,34.17132784,-20.89087239,,
01-11-2013,West Bengal,Jhargram,2013,11,0.010629797,21.55399867,22.36324341,86.95534298,20.78509521,21.97064209,31.83142369,-31.8207939,,
01-12-2013,West Bengal,Jhargram,2013,12,0.005867645,19.0949489,22.36324341,86.95534298,18.2628479,19.54995728,29.56739393,-29.56152628,,
01-01-2014,West Bengal,Jhargram,2014,1,0.007728715,18.47203282,22.36324341,86.95534298,17.81173706,18.91329956,28.22745219,-28.21972348,,
01-02-2014,West Bengal,Jhargram,2014,2,1.182243075,21.30047171,22.36324341,86.95534298,20.50241089,21.68014526,32.94887024,-31.76662717,,
01-03-2014,West Bengal,Jhargram,2014,3,0.563572577,26.46013968,22.36324341,86.95534298,25.28756714,27.12741089,59.38076113,-58.81718856,,
01-04-2014,West Bengal,Jhargram,2014,4,0.340569462,31.76389422,22.36324341,86.95534298,31.1144104,31.98355103,49.16131929,-48.82074983,,
01-05-2014,West Bengal,Jhargram,2014,5,2.520015172,31.88893781,22.36324341,86.95534298,31.36410522,32.24691772,53.75226252,-51.23224734,,
01-06-2014,West Bengal,Jhargram,2014,6,8.205309187,30.54738944,22.36324341,86.95534298,29.98077393,30.7835083,48.80407648,-40.59876729,,
01-07-2014,West Bengal,Jhargram,2014,7,11.50039237,27.57704817,22.36324341,86.95534298,26.89547729,27.95407104,53.90746694,-42.40707457,,
01-08-2014,West Bengal,Jhargram,2014,8,11.41378021,27.63198417,22.36324341,86.95534298,27.02532959,27.87493896,46.70594452,-35.29216431,,
01-09-2014,West Bengal,Jhargram,2014,9,4.092678888,27.32134574,22.36324341,86.95534298,26.75375366,27.55062866,39.99131998,-35.89864109,,
01-10-2014,West Bengal,Jhargram,2014,10,2.244884763,25.71625192,22.36324341,86.95534298,25.15103149,25.90884399,33.97050518,-31.72562041,,
01-11-2014,West Bengal,Jhargram,2014,11,0.007833422,22.71902466,22.36324341,86.95534298,22.00418091,22.97879028,29.71543586,-29.70760244,,
01-12-2014,West Bengal,Jhargram,2014,12,0.043986704,18.8495091,22.36324341,86.95534298,17.85397339,19.41061401,32.29986804,-32.25588133,,
01-01-2015,West Bengal,Jhargram,2015,1,1.525142125,18.46419416,22.36324341,86.95534298,18.02334595,18.69717407,22.07231117,-20.54716904,,
01-02-2015,West Bengal,Jhargram,2015,2,0.3185512,23.08025687,22.36324341,86.95534298,22.58395386,23.26754761,26.24505663,-25.92650543,,
01-03-2015,West Bengal,Jhargram,2015,3,0.553552389,27.26680647,22.36324341,86.95534298,26.62283325,27.45877075,40.75549733,-40.20194494,,
01-04-2015,West Bengal,Jhargram,2015,4,2.468447277,29.22938756,22.36324341,86.95534298,28.48657227,29.47094727,49.64353423,-47.17508695,,
01-05-2015,West Bengal,Jhargram,2015,5,2.018651009,31.81653268,22.36324341,86.95534298,31.11410522,32.2215271,60.11540268,-58.09675167,,
01-06-2015,West Bengal,Jhargram,2015,6,6.524684361,29.81801496,22.36324341,86.95534298,29.23947144,30.06954956,48.87963017,-42.35494581,,
01-07-2015,West Bengal,Jhargram,2015,7,22.08922904,27.64784023,22.36324341,86.95534298,26.97805786,27.95266724,51.80558286,-29.71635382,,
01-08-2015,West Bengal,Jhargram,2015,8,9.400284903,27.87347848,22.36324341,86.95534298,27.26235962,28.11196899,46.95421059,-37.55392568,,
01-09-2015,West Bengal,Jhargram,2015,9,4.247280121,28.14986311,22.36324341,86.95534298,27.62210083,28.30374146,37.66609093,-33.4188108,,
01-10-2015,West Bengal,Jhargram,2015,10,1.039964948,26.79262434,22.36324341,86.95534298,26.36300659,26.93527222,30.25042665,-29.2104617,,
01-11-2015,West Bengal,Jhargram,2015,11,0.017792694,24.64454869,22.36324341,86.95534298,23.95788574,24.89538574,30.52919754,-30.51140485,,
01-12-2015,West Bengal,Jhargram,2015,12,0.748457023,20.59931728,22.36324341,86.95534298,19.75131226,21.06967163,31.14431725,-30.39586023,,
01-01-2016,West Bengal,Jhargram,2016,1,0.237182787,19.61178153,22.36324341,86.95534298,18.84057617,19.9050293,28.61981845,-28.38263567,,
01-02-2016,West Bengal,Jhargram,2016,2,2.263681548,24.56765747,22.36324341,86.95534298,23.74880981,24.82888794,35.41089158,-33.14721003,,
01-03-2016,West Bengal,Jhargram,2016,3,0.413487741,28.34488787,22.36324341,86.95534298,27.79110718,28.70321655,43.59027035,-43.17678261,,
01-04-2016,West Bengal,Jhargram,2016,4,0.478676864,33.81089129,22.36324341,86.95534298,32.79812622,34.57156372,73.12441156,-72.6457347,,
01-05-2016,West Bengal,Jhargram,2016,5,2.76622745,31.29689244,22.36324341,86.95534298,30.83972168,31.80651855,55.5807524,-52.81452495,,
01-06-2016,West Bengal,Jhargram,2016,6,5.741463797,29.65889195,22.36324341,86.95534298,29.29156494,29.94000244,43.05749865,-37.31603485,,
01-07-2016,West Bengal,Jhargram,2016,7,8.162003653,27.68137905,22.36324341,86.95534298,27.08728027,27.93884277,48.46072532,-40.29872167,,
01-08-2016,West Bengal,Jhargram,2016,8,12.46801976,27.51335362,22.36324341,86.95534298,26.89456177,27.75588989,46.90415608,-34.43613632,,
01-09-2016,West Bengal,Jhargram,2016,9,8.963348389,27.06487601,22.36324341,86.95534298,26.53048706,27.27462769,38.42576962,-29.46242123,,
01-10-2016,West Bengal,Jhargram,2016,10,2.356982095,25.99413191,22.36324341,86.95534298,25.34967041,26.21099854,36.44767908,-34.09069698,,
01-11-2016,West Bengal,Jhargram,2016,11,0.764568669,22.22190639,22.36324341,86.95534298,21.72644043,22.48620605,25.91465439,-25.15008573,,
01-12-2016,West Bengal,Jhargram,2016,12,0.00220599,20.05955723,22.36324341,86.95534298,19.16488647,20.4559021,30.38643056,-30.38422457,,
01-01-2017,West Bengal,Jhargram,2017,1,0.061635264,19.51290022,22.36324341,86.95534298,18.70779419,19.99880981,31.43547076,-31.37383549,,
01-02-2017,West Bengal,Jhargram,2017,2,0.003286583,23.62431553,22.36324341,86.95534298,22.75796509,24.03335571,36.32551724,-36.32223066,,
01-03-2017,West Bengal,Jhargram,2017,3,0.882325854,27.1869376,22.36324341,86.95534298,26.6164856,27.5227356,42.35970716,-41.47738131,,
01-04-2017,West Bengal,Jhargram,2017,4,1.973755564,30.78343419,22.36324341,86.95534298,30.24667358,31.16854858,49.6292041,-47.65544853,,
01-05-2017,West Bengal,Jhargram,2017,5,2.586474282,31.51964024,22.36324341,86.95534298,30.54489136,31.86911011,65.34352598,-62.7570517,,
01-06-2017,West Bengal,Jhargram,2017,6,6.2617242,30.01037598,22.36324341,86.95534298,29.34680176,30.27648926,51.9383078,-45.6765836,,
01-07-2017,West Bengal,Jhargram,2017,7,18.01283918,27.38647025,22.36324341,86.95534298,26.7192688,27.67630005,51.04103807,-33.02819889,,
01-08-2017,West Bengal,Jhargram,2017,8,8.461657388,27.75035313,22.36324341,86.95534298,27.13693237,28.03927612,48.25902724,-39.79736985,,
01-09-2017,West Bengal,Jhargram,2017,9,8.050726754,27.99371774,22.36324341,86.95534298,27.52566528,28.19558716,37.21401926,-29.1632925,,
01-10-2017,West Bengal,Jhargram,2017,10,5.175680978,26.15429252,22.36324341,86.95534298,25.50857544,26.44412231,38.12446079,-32.94877981,,
01-11-2017,West Bengal,Jhargram,2017,11,1.156292779,21.79673985,22.36324341,86.95534298,21.19406128,22.02999878,26.89392349,-25.73763071,,
01-12-2017,West Bengal,Jhargram,2017,12,1.462302617,18.98318481,22.36324341,86.95534298,18.53347778,19.21121216,21.39033047,-19.92802786,,
01-01-2018,West Bengal,Jhargram,2018,1,0.000817353,17.38795253,22.36324341,86.95534298,16.74209595,17.75967407,26.31922463,-26.31840728,,
01-02-2018,West Bengal,Jhargram,2018,2,0.034676171,23.985866,22.36324341,86.95534298,23.10821533,24.36212158,36.33262675,-36.29795058,,
01-03-2018,West Bengal,Jhargram,2018,3,0.703752926,28.18848092,22.36324341,86.95534298,27.64083862,28.41622925,40.05454913,-39.35079621,,
01-04-2018,West Bengal,Jhargram,2018,4,3.612449101,28.68775722,22.36324341,86.95534298,28.18447876,28.87783813,41.18422237,-37.57177327,,
01-05-2018,West Bengal,Jhargram,2018,5,3.623239245,30.03885324,22.36324341,86.95534298,29.47851563,30.47851563,55.07868458,-51.45544534,,
01-06-2018,West Bengal,Jhargram,2018,6,6.597117833,30.00112043,22.36324341,86.95534298,29.59103394,30.17501831,41.15625308,-34.55913524,,
01-07-2018,West Bengal,Jhargram,2018,7,11.62344142,27.82298497,22.36324341,86.95534298,27.16415405,28.10946655,51.21762288,-39.59418146,,
01-08-2018,West Bengal,Jhargram,2018,8,7.66847447,27.62160383,22.36324341,86.95534298,27.00839233,27.86972046,47.01620687,-39.3477324,,
01-09-2018,West Bengal,Jhargram,2018,9,6.904689244,27.62285069,22.36324341,86.95534298,27.05337524,27.80532837,39.10734802,-32.20265878,,
01-10-2018,West Bengal,Jhargram,2018,10,4.025085449,25.7679487,22.36324341,86.95534298,24.9781189,26.15585327,42.39947002,-38.37438457,,
01-11-2018,West Bengal,Jhargram,2018,11,0.085111031,23.2713841,22.36324341,86.95534298,22.47213745,23.65768433,33.22052836,-33.13541733,,
01-12-2018,West Bengal,Jhargram,2018,12,1.426048415,18.23621913,22.36324341,86.95534298,17.47171021,18.74319458,28.70338648,-27.27733807,,
01-01-2019,West Bengal,Jhargram,2019,1,0.133089917,18.11530849,22.36324341,86.95534298,17.40744019,18.66329956,29.84319519,-29.71010528,,
01-02-2019,West Bengal,Jhargram,2019,2,2.927981785,22.08770752,22.36324341,86.95534298,21.05499268,22.69366455,39.64787655,-36.71989477,,
01-03-2019,West Bengal,Jhargram,2019,3,1.21874782,25.2857884,22.36324341,86.95534298,24.55783081,25.59884644,43.48156613,-42.26281831,,
01-04-2019,West Bengal,Jhargram,2019,4,2.062796865,29.41625541,22.36324341,86.95534298,28.85745239,29.68362427,45.66041215,-43.59761529,,
01-05-2019,West Bengal,Jhargram,2019,5,4.797398703,31.13297381,22.36324341,86.95534298,30.64071655,31.3789978,48.4077981,-43.6103994,,
01-06-2019,West Bengal,Jhargram,2019,6,6.237133571,30.655256,22.36324341,86.95534298,30.10852051,30.82336426,46.15763999,-39.92050642,,
01-07-2019,West Bengal,Jhargram,2019,7,7.356437683,28.79108974,22.36324341,86.95534298,28.15255737,29.0295105,50.37778644,-43.02134876,,
01-08-2019,West Bengal,Jhargram,2019,8,12.42863682,27.78681292,22.36324341,86.95534298,27.15100098,28.09240723,49.33198348,-36.90334666,,
01-09-2019,West Bengal,Jhargram,2019,9,9.148903983,27.10102626,22.36324341,86.95534298,26.47860718,27.35360718,41.7012322,-32.55232822,,
01-10-2019,West Bengal,Jhargram,2019,10,6.609919412,25.75415475,22.36324341,86.95534298,25.08688354,26.06344604,38.59661806,-31.98669865,,
01-11-2019,West Bengal,Jhargram,2019,11,1.319675854,23.23915754,22.36324341,86.95534298,22.75582886,23.42965698,25.02538878,-23.70571292,,
01-12-2019,West Bengal,Jhargram,2019,12,0.471554654,19.33867972,22.36324341,86.95534298,18.76278687,19.59481812,23.92955851,-23.45800386,,
01-01-2020,West Bengal,Jhargram,2020,1,0.62774522,18.37564523,22.36324341,86.95534298,17.92712402,18.55407715,21.2387541,-20.61100888,,
01-02-2020,West Bengal,Jhargram,2020,2,0.471219676,20.84620449,22.36324341,86.95534298,20.07730103,21.17886353,32.62017166,-32.14895198,,
01-03-2020,West Bengal,Jhargram,2020,3,1.122342655,26.35979353,22.36324341,86.95534298,25.24707031,26.70996094,52.82937493,-51.70703228,,
01-04-2020,West Bengal,Jhargram,2020,4,4.119200843,29.4823434,22.36324341,86.95534298,28.96881104,29.75787354,44.68561879,-40.56641795,,
01-05-2020,West Bengal,Jhargram,2020,5,4.474493844,29.21660069,22.36324341,86.95534298,29.05728149,29.33267212,28.40721154,-23.93271769,,
01-06-2020,West Bengal,Jhargram,2020,6,6.930885315,28.7303554,22.36324341,86.95534298,28.0960083,29.0022583,49.90654678,-42.97566146,,
01-07-2020,West Bengal,Jhargram,2020,7,7.781478882,28.37286813,22.36324341,86.95534298,27.79885864,28.66604614,49.64681341,-41.86533453,,
01-08-2020,West Bengal,Jhargram,2020,8,12.3654698,27.90228707,22.36324341,86.95534298,27.33657837,28.19009399,47.09171193,-34.72624213,,
01-09-2020,West Bengal,Jhargram,2020,9,4.798671177,28.20350429,22.36324341,86.95534298,27.69338989,28.38479614,37.97923035,-33.18055918,,
01-10-2020,West Bengal,Jhargram,2020,10,3.291970662,26.62455967,22.36324341,86.95534298,26.03359985,26.8812561,36.67774754,-33.38577688,,
01-11-2020,West Bengal,Jhargram,2020,11,0.042855965,23.33199201,22.36324341,86.95534298,22.53567505,23.69192505,32.85590593,-32.81304996,,
01-12-2020,West Bengal,Jhargram,2020,12,0.000826918,19.74446324,22.36324341,86.95534298,18.8336792,20.17352295,30.69809203,-30.69726511,,
01-01-2021,West Bengal,Jhargram,2021,1,0.02037823,19.93234689,22.36324341,86.95534298,19.10345459,20.48626709,32.89960472,-32.87922649,,
01-02-2021,West Bengal,Jhargram,2021,2,0.047812824,22.3500497,22.36324341,86.95534298,21.44393921,22.86972046,37.22608746,-37.17827463,,
01-03-2021,West Bengal,Jhargram,2021,3,0.280170866,28.54846627,22.36324341,86.95534298,27.56674194,28.90853882,53.10327002,-52.82309916,,
01-04-2021,West Bengal,Jhargram,2021,4,0.752827644,30.65556553,22.36324341,86.95534298,30.17886353,31.22573853,52.74777711,-51.99494946,,
01-05-2021,West Bengal,Jhargram,2021,5,5.178639003,29.65105765,22.36324341,86.95534298,28.72116089,29.96334839,60.88948116,-55.71084216,,
01-06-2021,West Bengal,Jhargram,2021,6,9.389009748,28.70203945,22.36324341,86.95534298,28.0708313,29.01809692,50.99235022,-41.60334047,,
01-07-2021,West Bengal,Jhargram,2021,7,7.319533757,28.09392439,22.36324341,86.95534298,27.53149414,28.38891602,49.06824195,-41.74870819,,
01-08-2021,West Bengal,Jhargram,2021,8,8.187867846,27.82987322,22.36324341,86.95534298,27.28439331,28.07540894,45.26292364,-37.0750558,,
01-09-2021,West Bengal,Jhargram,2021,9,12.71184867,26.67246355,22.36324341,86.95534298,26.18069458,26.91116333,37.73814966,-25.02630099,,
01-10-2021,West Bengal,Jhargram,2021,10,5.464861734,26.48817226,22.36324341,86.95534298,25.84719849,26.74758911,37.68537831,-32.22051658,,
01-11-2021,West Bengal,Jhargram,2021,11,1.763814517,22.26644026,22.36324341,86.95534298,21.58682251,22.63955688,30.53852034,-28.77470582,,
01-12-2021,West Bengal,Jhargram,2021,12,4.044837134,18.5748073,22.36324341,86.95534298,18.06008911,18.81985474,22.39643683,-18.35159969,,
01-01-2022,West Bengal,Jhargram,2022,1,1.174460956,17.34922137,22.36324341,86.95534298,16.72952271,17.78421021,26.76534351,-25.59088256,,
01-02-2022,West Bengal,Jhargram,2022,2,0.84567724,20.06137085,22.36324341,86.95534298,19.28256226,20.52279663,32.74033149,-31.89465425,,
01-03-2022,West Bengal,Jhargram,2022,3,0.042532316,27.24267578,22.36324341,86.95534298,26.61181641,27.43798828,40.49504565,-40.45251333,,
01-04-2022,West Bengal,Jhargram,2022,4,0.319746767,31.54803467,22.36324341,86.95534298,30.84539795,31.9430542,55.00676695,-54.68702019,,
01-05-2022,West Bengal,Jhargram,2022,5,2.230260032,30.55233329,22.36324341,86.95534298,30.22155762,30.80358887,42.47108803,-40.240828,,
01-06-2022,West Bengal,Jhargram,2022,6,3.775857925,30.46666173,22.36324341,86.95534298,30.01144409,30.61495972,42.24629864,-38.47044071,,
01-07-2022,West Bengal,Jhargram,2022,7,6.664340428,27.80775234,22.36324341,86.95534298,27.353302,28.025177,43.16491915,-36.50057872,,
01-08-2022,West Bengal,Jhargram,2022,8,11.6352975,27.56452724,22.36324341,86.95534298,27.01535034,27.81808472,45.33181724,-33.69651974,,
01-09-2022,West Bengal,Jhargram,2022,9,3.714633397,27.58647374,22.36324341,86.95534298,27.09463501,27.82315063,38.46223082,-34.74759742,,
01-10-2022,West Bengal,Jhargram,2022,10,1.873673575,25.76770455,22.36324341,86.95534298,25.06381226,26.06576538,39.1073169,-37.23364333,,
01-11-2022,West Bengal,Jhargram,2022,11,0.004341351,22.03313773,22.36324341,86.95534298,21.18087769,22.52267456,34.27644211,-34.27210076,,
01-12-2022,West Bengal,Jhargram,2022,12,0.002586896,19.86080497,22.36324341,86.95534298,19.01245117,20.49682617,32.41155151,-32.40896461,,
01-01-2023,West Bengal,Jhargram,2023,1,0.024146472,19.86152431,22.36324341,86.95534298,19.04574585,20.40512085,32.55837689,-32.53423042,,
01-02-2023,West Bengal,Jhargram,2023,2,0.02263516,23.11595372,22.36324341,86.95534298,22.24276733,23.65487671,37.75388983,-37.73125467,,
01-03-2023,West Bengal,Jhargram,2023,3,0.948495729,26.60960606,22.36324341,86.95534298,26.01278687,26.85653687,40.34840046,-39.39990473,,
01-04-2023,West Bengal,Jhargram,2023,4,0.624254499,30.3054548,22.36324341,86.95534298,29.79052734,30.68896484,48.51224151,-47.88798701,,
01-05-2023,West Bengal,Jhargram,2023,5,0.714342117,31.30427769,22.36324341,86.95534298,31.06878662,31.58636475,40.6733632,-39.95902108,,
01-06-2023,West Bengal,Jhargram,2023,6,2.274720056,32.06530326,22.36324341,86.95534298,31.7940979,32.3878479,43.29097996,-41.0162599,,
01-07-2023,West Bengal,Jhargram,2023,7,4.00972993,28.57797241,22.36324341,86.95534298,28.02572632,28.79721069,47.03523791,-43.02550798,,
01-08-2023,West Bengal,Jhargram,2023,8,4.924348559,28.25011771,22.36324341,86.95534298,27.66934204,28.50332642,46.90406803,-41.97971947,,
01-09-2023,West Bengal,Jhargram,2023,9,6.477406093,27.65789359,22.36324341,86.95534298,27.06295776,27.93014526,42.02951768,-35.55211159,,
01-10-2023,West Bengal,Jhargram,2023,10,1.646143505,26.52390398,22.36324341,86.95534298,25.86660767,26.78067017,38.00104961,-36.3549061,,
01-11-2023,West Bengal,Jhargram,2023,11,0.138311122,24.01524135,22.36324341,86.95534298,23.2434082,24.37231445,33.00436469,-32.86605357,,
01-12-2023,West Bengal,Jhargram,2023,12,0.730196408,19.42897688,22.36324341,86.95534298,18.60824585,19.97738647,30.77113641,-30.04094,,
01-01-2024,West Bengal,Jhargram,2024,1,0.384718895,18.4599871,22.36324341,86.95534298,17.71417236,18.99542236,30.43265185,-30.04793296,,
01-02-2024,West Bengal,Jhargram,2024,2,0.139081563,22.77768816,22.36324341,86.95534298,21.57302856,23.29959106,42.87985177,-42.74077021,,
01-03-2024,West Bengal,Jhargram,2024,3,1.014202527,26.77794974,22.36324341,86.95534298,26.10391235,27.06680298,43.26643172,-42.25222919,,
01-04-2024,West Bengal,Jhargram,2024,4,0.103207401,32.63868059,22.36324341,86.95534298,31.93060303,33.07904053,57.50829361,-57.40508621,,
01-05-2024,West Bengal,Jhargram,2024,5,7.271093641,31.25908552,22.36324341,86.95534298,31.01501465,31.55212402,41.3955457,-34.12445206,,
01-06-2024,West Bengal,Jhargram,2024,6,2.954589299,32.01486206,22.36324341,86.95534298,31.47238159,32.63449097,60.50337154,-57.54878224,,
01-07-2024,West Bengal,Jhargram,2024,7,11.4995248,28.29947335,22.36324341,86.95534298,27.83630371,28.55700684,45.18790316,-33.68837836,,
01-08-2024,West Bengal,Jhargram,2024,8,13.88163866,27.60774013,22.36324341,86.95534298,26.97506714,27.88327026,48.2638754,-34.38223674,,
01-09-2024,West Bengal,Jhargram,2024,9,15.648383,27.8873509,22.36324341,86.95534298,27.34884644,28.11642456,39.74164725,-24.09326425,,
01-10-2024,West Bengal,Jhargram,2024,10,6.376965114,27.07982962,22.36324341,86.95534298,26.46975708,27.36233521,38.02278826,-31.64582314,,
01-11-2024,West Bengal,Jhargram,2024,11,0.17509314,22.85501099,22.36324341,86.95534298,22.21340942,23.13919067,29.05869482,-28.88360168,,
01-12-2024,West Bengal,Jhargram,2024,12,0.327684607,19.3426906,22.36324341,86.95534298,18.77182007,19.73275757,25.71931148,-25.39162688,,
01-01-2025,West Bengal,Jhargram,2025,1,0.010555969,18.96871948,22.36324341,86.95534298,18.25289917,19.36032104,28.68998139,-28.67942542,,
01-02-2025,West Bengal,Jhargram,2025,2,0.88185433,23.36174229,22.36324341,86.95534298,22.58377075,23.94119263,37.23797263,-36.3561183,,
01-03-2025,West Bengal,Jhargram,2025,3,1.083168098,27.18107823,22.36324341,86.95534298,26.33718872,27.5852356,49.70359707,-48.62042898,,
01-04-2025,West Bengal,Jhargram,2025,4,1.543399402,29.86763218,22.36324341,86.95534298,29.19219971,30.05743408,47.17409119,-45.63069179,,
01-05-2025,West Bengal,Jhargram,2025,5,4.13539941,30.2020656,22.36324341,86.95534298,29.8465271,30.46176147,43.34939293,-39.21399352,,
01-06-2025,West Bengal,Jhargram,2025,6,18.82421875,28.56036813,22.36324341,86.95534298,28.18118286,28.78665161,40.64338613,-21.81916738,,
01-07-2025,West Bengal,Jhargram,2025,7,18.04119001,27.42292568,22.36324341,86.95534298,26.85372925,27.68380737,47.5736157,-29.53242569,,
01-08-2025,West Bengal,Jhargram,2025,8,12.74065835,27.44316319,22.36324341,86.95534298,26.87466431,27.73794556,46.88456851,-34.14391016,,
01-09-2025,West Bengal,Jhargram,2025,9,8.381940569,27.46785627,22.36324341,86.95534298,26.98696899,27.69400024,37.79182171,-29.40988114,,
01-10-2025,West Bengal,Jhargram,2025,10,2.643487113,26.43179321,22.36324341,86.95534298,25.83169556,26.64224243,35.71027987,-33.06679275,,
01-01-2013,West Bengal,Kalimpong,2013,1,0.616191483,10.8881897,27.03454436,88.63088827,7.99697876,14.32510376,47.92934243,-47.31315094,-6.360938869,Severe Drought
01-02-2013,West Bengal,Kalimpong,2013,2,0.951593018,14.52825317,27.03454436,88.63088827,11.36282349,18.31594849,61.22095674,-60.26936373,-6.360938869,Severe Drought
01-03-2013,West Bengal,Kalimpong,2013,3,0.750268936,17.58328857,27.03454436,88.63088827,13.99188232,22.10125732,95.27358421,-94.52331527,,
01-04-2013,West Bengal,Kalimpong,2013,4,1.934323502,19.72576904,27.03454436,88.63088827,16.20623779,24.05975342,110.4115549,-108.4772314,-6.360938869,Severe Drought
01-05-2013,West Bengal,Kalimpong,2013,5,9.536112976,21.05708618,27.03454436,88.63088827,18.17642212,24.46157837,113.1477894,-103.6116764,,
01-06-2013,West Bengal,Kalimpong,2013,6,16.80243378,22.51340332,27.03454436,88.63088827,19.82629395,25.6895752,112.10419,-95.30175617,-3.424600794,Severe Drought
01-07-2013,West Bengal,Kalimpong,2013,7,32.97427979,22.00050659,27.03454436,88.63088827,19.41964722,25.07199097,110.8920977,-77.91781789,,
01-08-2013,West Bengal,Kalimpong,2013,8,22.20963135,21.93762817,27.03454436,88.63088827,19.27883911,25.11087036,106.6854869,-84.47585554,,
01-09-2013,West Bengal,Kalimpong,2013,9,8.881691742,21.7531311,27.03454436,88.63088827,18.88320923,25.2015686,95.61505212,-86.73336038,,
01-10-2013,West Bengal,Kalimpong,2013,10,5.908953857,19.05661011,27.03454436,88.63088827,16.11520386,22.58004761,78.65675447,-72.74780061,,
01-11-2013,West Bengal,Kalimpong,2013,11,1.250139523,15.18509521,27.03454436,88.63088827,12.59954834,18.20111084,52.40706759,-51.15692807,-6.096908951,Severe Drought
01-12-2013,West Bengal,Kalimpong,2013,12,2.125394058,12.19038696,27.03454436,88.63088827,9.315582275,15.59292603,47.0689842,-44.94359015,,
01-01-2014,West Bengal,Kalimpong,2014,1,1.186129379,12.165448,27.03454436,88.63088827,9.354705811,15.43283081,49.06438852,-47.87825915,,
01-02-2014,West Bengal,Kalimpong,2014,2,3.042921448,12.81744995,27.03454436,88.63088827,9.869598389,16.23092651,55.45883861,-52.41591716,,
01-03-2014,West Bengal,Kalimpong,2014,3,0.992996502,16.29284058,27.03454436,88.63088827,12.92428589,20.40280151,88.15592519,-87.16292869,,
01-04-2014,West Bengal,Kalimpong,2014,4,0.567758083,20.31245728,27.03454436,88.63088827,16.71011353,24.82339478,113.9772265,-113.4094684,-6.360938869,Severe Drought
01-05-2014,West Bengal,Kalimpong,2014,5,10.60114441,21.38168335,27.03454436,88.63088827,18.55355835,24.67660522,112.6120037,-102.0108592,,
01-06-2014,West Bengal,Kalimpong,2014,6,14.97086182,22.43428955,27.03454436,88.63088827,19.85772705,25.50421143,109.796228,-94.8253662,-3.424600794,Severe Drought
01-07-2014,West Bengal,Kalimpong,2014,7,17.04622192,22.60934448,27.03454436,88.63088827,19.90328979,25.85446167,115.5262745,-98.48005253,,
01-08-2014,West Bengal,Kalimpong,2014,8,20.4311676,21.98685303,27.03454436,88.63088827,19.39251709,25.11322021,105.7932053,-85.3620377,,
01-09-2014,West Bengal,Kalimpong,2014,9,19.34840088,21.18890991,27.03454436,88.63088827,18.42562866,24.45687866,92.08480946,-72.73640858,,
01-10-2014,West Bengal,Kalimpong,2014,10,1.260109711,19.07642212,27.03454436,88.63088827,16.02993774,22.78970337,80.47411601,-79.2140063,,
01-11-2014,West Bengal,Kalimpong,2014,11,1.097975731,16.06433716,27.03454436,88.63088827,13.08425903,19.60574341,58.05415836,-56.95618263,-6.096908951,Severe Drought
01-12-2014,West Bengal,Kalimpong,2014,12,1.562015057,13.22623901,27.03454436,88.63088827,10.47506714,16.51608276,47.769304,-46.20728895,-6.360938869,Severe Drought
01-01-2015,West Bengal,Kalimpong,2015,1,1.459662247,11.83135376,27.03454436,88.63088827,8.845611572,15.50186157,50.77233162,-49.31266937,-6.360938869,Severe Drought
01-02-2015,West Bengal,Kalimpong,2015,2,1.814670944,13.56559448,27.03454436,88.63088827,10.37301636,17.43942261,59.87984664,-58.06517569,-6.360938869,Severe Drought
01-03-2015,West Bengal,Kalimpong,2015,3,2.208754349,17.1298645,27.03454436,88.63088827,13.65213013,21.44900513,92.22269391,-90.01393956,,
01-04-2015,West Bengal,Kalimpong,2015,4,4.549720764,18.20922852,27.03454436,88.63088827,15.12133789,21.86547852,98.18157489,-93.63185413,,
01-05-2015,West Bengal,Kalimpong,2015,5,4.378763199,21.13578491,27.03454436,88.63088827,18.29769897,24.44418335,112.1192357,-107.7404725,,
01-06-2015,West Bengal,Kalimpong,2015,6,13.32111816,22.19962769,27.03454436,88.63088827,19.62033081,25.27267456,109.2124751,-95.89135697,,
01-07-2015,West Bengal,Kalimpong,2015,7,18.24790344,22.63215942,27.03454436,88.63088827,19.87454224,25.98001099,117.0803897,-98.83248628,,
01-08-2015,West Bengal,Kalimpong,2015,8,29.35556641,21.98071899,27.03454436,88.63088827,19.42251587,25.03384399,104.7608326,-75.40526615,,
01-09-2015,West Bengal,Kalimpong,2015,9,16.62793121,21.76936646,27.03454436,88.63088827,19.05374146,24.99514771,92.75705613,-76.12912492,,
01-10-2015,West Bengal,Kalimpong,2015,10,1.730703735,19.39933472,27.03454436,88.63088827,16.34347534,23.02902222,80.73191606,-79.00121232,,
01-11-2015,West Bengal,Kalimpong,2015,11,1.173172665,16.33894043,27.03454436,88.63088827,13.48132324,19.75866699,57.41898593,-56.24581326,-6.096908951,Severe Drought
01-12-2015,West Bengal,Kalimpong,2015,12,1.637684631,11.90150757,27.03454436,88.63088827,9.014984131,15.39193726,46.98399121,-45.34630658,-6.360938869,Severe Drought
01-01-2016,West Bengal,Kalimpong,2016,1,2.242708015,10.73100586,27.03454436,88.63088827,7.612060547,14.46166992,49.59190455,-47.34919653,-6.360938869,Severe Drought
01-02-2016,West Bengal,Kalimpong,2016,2,2.427360916,13.91072388,27.03454436,88.63088827,10.95974731,17.40115356,59.86380577,-57.43644485,-6.360938869,Severe Drought
01-03-2016,West Bengal,Kalimpong,2016,3,2.673313141,16.97977905,27.03454436,88.63088827,13.71298218,20.98251343,88.66671937,-85.99340623,,
01-04-2016,West Bengal,Kalimpong,2016,4,1.435959244,19.9836731,27.03454436,88.63088827,17.00125122,23.6008606,101.9098492,-100.47389,-6.360938869,Severe Drought
01-05-2016,West Bengal,Kalimpong,2016,5,6.852887726,20.73757324,27.03454436,88.63088827,17.89050293,24.0994873,111.5353282,-104.6824405,,
01-06-2016,West Bengal,Kalimpong,2016,6,24.17616882,22.13765869,27.03454436,88.63088827,19.48492432,25.29351807,110.5401681,-86.36399927,,
01-07-2016,West Bengal,Kalimpong,2016,7,44.92562256,21.92145996,27.03454436,88.63088827,19.41540527,24.91149902,109.1314649,-64.20584229,,
01-08-2016,West Bengal,Kalimpong,2016,8,13.4060257,22.97405396,27.03454436,88.63088827,20.12503052,26.42190552,113.7469892,-100.3409635,,
01-09-2016,West Bengal,Kalimpong,2016,9,19.39780579,21.50529175,27.03454436,88.63088827,18.82931519,24.68478394,91.46924482,-72.07143903,,
01-10-2016,West Bengal,Kalimpong,2016,10,10.18165588,19.6807251,27.03454436,88.63088827,16.78131104,23.16802979,79.50391183,-69.32225595,,
01-11-2016,West Bengal,Kalimpong,2016,11,0.397794104,16.85788574,27.03454436,88.63088827,14.00378418,20.2088623,57.95530784,-57.55751374,2.220482618,Severely Wet
01-12-2016,West Bengal,Kalimpong,2016,12,0.553671455,14.28851929,27.03454436,88.63088827,11.66879272,17.52230835,48.63208271,-48.07841126,-6.360938869,Severe Drought
01-01-2017,West Bengal,Kalimpong,2017,1,0.908483124,12.43552856,27.03454436,88.63088827,9.301544189,16.23513794,52.87587451,-51.96739139,-6.360938869,Severe Drought
01-02-2017,West Bengal,Kalimpong,2017,2,1.19804306,14.57515259,27.03454436,88.63088827,11.59194946,18.16421509,59.60699572,-58.40895266,-6.360938869,Severe Drought
01-03-2017,West Bengal,Kalimpong,2017,3,3.572729492,15.40066528,27.03454436,88.63088827,12.1867981,19.24539185,83.40392659,-79.83119709,,
01-04-2017,West Bengal,Kalimpong,2017,4,4.01645546,18.8953064,27.03454436,88.63088827,15.93807983,22.38339233,97.81047685,-93.79402139,,
01-05-2017,West Bengal,Kalimpong,2017,5,4.205171967,20.98258667,27.03454436,88.63088827,18.06832886,24.36911011,113.0711414,-108.8659694,,
01-06-2017,West Bengal,Kalimpong,2017,6,15.61494751,22.47102051,27.03454436,88.63088827,19.78039551,25.67102051,112.2471547,-96.63220723,,
01-07-2017,West Bengal,Kalimpong,2017,7,29.15047607,22.29348755,27.03454436,88.63088827,19.68215942,25.4302063,112.6501312,-83.49965516,,
01-08-2017,West Bengal,Kalimpong,2017,8,27.08862305,22.35861206,27.03454436,88.63088827,19.70333862,25.55685425,108.0141286,-80.92550556,,
01-09-2017,West Bengal,Kalimpong,2017,9,14.26366272,22.08855591,27.03454436,88.63088827,19.38308716,25.34011841,93.62815997,-79.36449725,,
01-10-2017,West Bengal,Kalimpong,2017,10,3.801403809,19.709552,27.03454436,88.63088827,16.85037231,23.16873169,79.1381069,-75.33670309,,
01-11-2017,West Bengal,Kalimpong,2017,11,0.614969873,15.9288269,27.03454436,88.63088827,13.07687378,19.38937378,56.88784165,-56.27287178,-6.096908951,Severe Drought
01-12-2017,West Bengal,Kalimpong,2017,12,0.625924683,14.50847778,27.03454436,88.63088827,12.01199341,17.42800903,47.10003733,-46.47411265,-6.360938869,Severe Drought
01-01-2018,West Bengal,Kalimpong,2018,1,1.319225979,11.3460022,27.03454436,88.63088827,8.638580322,14.70303345,47.66895345,-46.34972747,-6.360938869,Severe Drought
01-02-2018,West Bengal,Kalimpong,2018,2,2.440184402,13.85216064,27.03454436,88.63088827,10.91290283,17.33868408,57.62277709,-55.18259269,-6.360938869,Severe Drought
01-03-2018,West Bengal,Kalimpong,2018,3,2.137535477,16.45040894,27.03454436,88.63088827,13.10177612,20.537323,88.30856686,-86.17103138,,
01-04-2018,West Bengal,Kalimpong,2018,4,3.941270447,18.8022522,27.03454436,88.63088827,15.45205688,22.82901001,104.3756492,-100.4343787,,
01-05-2018,West Bengal,Kalimpong,2018,5,8.626806641,20.22617188,27.03454436,88.63088827,17.2890625,23.71484375,111.960126,-103.3333194,,
01-06-2018,West Bengal,Kalimpong,2018,6,22.81715088,22.41837769,27.03454436,88.63088827,19.68869019,25.69259644,113.1731795,-90.35602864,,
01-07-2018,West Bengal,Kalimpong,2018,7,27.59674072,22.45360718,27.03454436,88.63088827,19.85360718,25.5586853,112.6764921,-85.07975142,,
01-08-2018,West Bengal,Kalimpong,2018,8,19.70394592,22.59804077,27.03454436,88.63088827,19.95565796,25.82675171,108.8211451,-89.11719915,,
01-09-2018,West Bengal,Kalimpong,2018,9,11.40670624,21.80025024,27.03454436,88.63088827,19.03970337,25.12954712,93.98190433,-82.57519809,,
01-10-2018,West Bengal,Kalimpong,2018,10,2.092726517,18.35956421,27.03454436,88.63088827,15.40194702,21.84921265,77.06418456,-74.97145805,,
01-11-2018,West Bengal,Kalimpong,2018,11,1.112066746,15.92994995,27.03454436,88.63088827,12.9369812,19.42721558,57.68506838,-56.57300163,-6.096908951,Severe Drought
01-12-2018,West Bengal,Kalimpong,2018,12,0.787910843,12.49514771,27.03454436,88.63088827,9.54006958,16.11428833,48.6586382,-47.87072736,-6.360938869,Severe Drought
01-01-2019,West Bengal,Kalimpong,2019,1,0.158494282,11.75021362,27.03454436,88.63088827,8.553924561,15.70040894,52.46475525,-52.30626097,-6.360938869,Severe Drought
01-02-2019,West Bengal,Kalimpong,2019,2,3.332219696,13.46925049,27.03454436,88.63088827,10.2835083,17.34014893,59.65465348,-56.32243378,-6.360938869,Severe Drought
01-03-2019,West Bengal,Kalimpong,2019,3,1.411519909,16.24337769,27.03454436,88.63088827,12.62619019,20.64376831,91.14542212,-89.73390221,,
01-04-2019,West Bengal,Kalimpong,2019,4,4.904240417,19.03421021,27.03454436,88.63088827,15.72268677,23.06448364,104.7865189,-99.88227846,-6.360938869,Severe Drought
01-05-2019,West Bengal,Kalimpong,2019,5,5.268028259,21.02098999,27.03454436,88.63088827,18.24813843,24.23641968,110.3406415,-105.0726132,,
01-06-2019,West Bengal,Kalimpong,2019,6,12.80541687,22.57746582,27.03454436,88.63088827,19.86047363,25.79016113,112.9163885,-100.1109716,-3.424600794,Severe Drought
01-07-2019,West Bengal,Kalimpong,2019,7,46.59612427,22.312323,27.03454436,88.63088827,19.72677612,25.3888855,111.8573837,-65.26125944,,
01-08-2019,West Bengal,Kalimpong,2019,8,16.73225098,23.10529785,27.03454436,88.63088827,20.2857666,26.49279785,113.2961119,-96.5638609,,
01-09-2019,West Bengal,Kalimpong,2019,9,18.13829803,21.45204468,27.03454436,88.63088827,18.78720093,24.62313843,91.19285996,-73.05456193,,
01-10-2019,West Bengal,Kalimpong,2019,10,2.761404419,19.27926636,27.03454436,88.63088827,16.45797729,22.62789917,77.30588977,-74.54448535,,
01-11-2019,West Bengal,Kalimpong,2019,11,1.493820381,17.38356323,27.03454436,88.63088827,14.53121948,20.69528198,58.6395815,-57.14576112,1.744176957,Severely Wet
01-12-2019,West Bengal,Kalimpong,2019,12,1.350069618,11.75790405,27.03454436,88.63088827,8.872161865,15.35653687,47.1490012,-45.79893158,-6.360938869,Severe Drought
01-01-2020,West Bengal,Kalimpong,2020,1,2.223880196,10.42087402,27.03454436,88.63088827,7.575561523,14.14196777,48.02807012,-45.80418993,-6.360938869,Severe Drought
01-02-2020,West Bengal,Kalimpong,2020,2,1.715488052,11.91187134,27.03454436,88.63088827,8.8487854,15.93081665,58.81346235,-57.0979743,-6.360938869,Severe Drought
01-03-2020,West Bengal,Kalimpong,2020,3,2.349518394,15.50820313,27.03454436,88.63088827,12.20410156,19.81738281,86.8995963,-84.55007791,,
01-04-2020,West Bengal,Kalimpong,2020,4,4.807472992,17.81021729,27.03454436,88.63088827,14.41802979,22.27349854,104.788481,-99.98100796,,
01-05-2020,West Bengal,Kalimpong,2020,5,5.389225769,19.72017212,27.03454436,88.63088827,16.89517212,23.36001587,110.8055826,-105.4163569,,
01-06-2020,West Bengal,Kalimpong,2020,6,22.13578186,21.42843018,27.03454436,88.63088827,18.93389893,24.6116333,107.347141,-85.21135914,,
01-07-2020,West Bengal,Kalimpong,2020,7,40.12953796,21.65354614,27.03454436,88.63088827,19.30471802,24.65628052,106.9606568,-66.83111889,,
01-08-2020,West Bengal,Kalimpong,2020,8,21.22257233,22.29888306,27.03454436,88.63088827,19.79556274,25.53775024,106.822919,-85.60034664,,
01-09-2020,West Bengal,Kalimpong,2020,9,30.33707886,21.39690552,27.03454436,88.63088827,18.88284302,24.63088989,90.37642707,-60.03934821,,
01-10-2020,West Bengal,Kalimpong,2020,10,2.32435894,19.97754517,27.03454436,88.63088827,17.31484985,23.46524048,78.63695736,-76.31259842,,
01-11-2020,West Bengal,Kalimpong,2020,11,0.643849897,15.66399536,27.03454436,88.63088827,12.95169067,19.18606567,56.09081842,-55.44696853,2.437249619,Severely Wet
01-12-2020,West Bengal,Kalimpong,2020,12,1.078542995,12.31395264,27.03454436,88.63088827,9.724304199,15.67352295,46.01109115,-44.93254816,-6.360938869,Severe Drought
01-01-2021,West Bengal,Kalimpong,2021,1,2.761032867,11.51790771,27.03454436,88.63088827,9.011657715,14.72650146,46.5474566,-43.78642373,,
01-02-2021,West Bengal,Kalimpong,2021,2,0.959496689,12.96268921,27.03454436,88.63088827,10.01620483,16.78378296,57.47365178,-56.51415509,,
01-03-2021,West Bengal,Kalimpong,2021,3,2.006774902,16.37045288,27.03454436,88.63088827,13.07064819,20.68978882,89.18346609,-87.17669118,,
01-04-2021,West Bengal,Kalimpong,2021,4,1.242605305,19.11890259,27.03454436,88.63088827,15.77651978,23.46206665,107.4580708,-106.2154655,-6.360938869,Severe Drought
01-05-2021,West Bengal,Kalimpong,2021,5,8.630206299,20.04088745,27.03454436,88.63088827,17.29342651,23.54733276,109.9144522,-101.2842459,,
01-06-2021,West Bengal,Kalimpong,2021,6,18.25624542,21.5395813,27.03454436,88.63088827,19.04544067,24.7817688,108.2053525,-89.94910708,,
01-07-2021,West Bengal,Kalimpong,2021,7,29.22801514,21.95317383,27.03454436,88.63088827,19.44750977,25.17797852,111.5230397,-82.29502454,,
01-08-2021,West Bengal,Kalimpong,2021,8,30.01391296,21.62697144,27.03454436,88.63088827,19.18869019,24.76095581,103.4672256,-73.45331267,,
01-09-2021,West Bengal,Kalimpong,2021,9,10.10898895,21.63987427,27.03454436,88.63088827,18.86428833,25.32327271,96.39641317,-86.28742422,,
01-10-2021,West Bengal,Kalimpong,2021,10,13.09902039,19.65598755,27.03454436,88.63088827,16.95852661,23.13626099,78.14073383,-65.04171344,,
01-11-2021,West Bengal,Kalimpong,2021,11,0.518690252,14.6522522,27.03454436,88.63088827,12.10049438,17.88369751,52.3897819,-51.87109165,1.946505451,Severely Wet
01-12-2021,West Bengal,Kalimpong,2021,12,0.765380669,12.30090942,27.03454436,88.63088827,9.548370361,15.86282349,47.3818801,-46.61649943,,
01-01-2022,West Bengal,Kalimpong,2022,1,1.283692741,10.35881958,27.03454436,88.63088827,7.377960205,14.30569458,49.22331529,-47.93962255,-6.360938869,Severe Drought
01-02-2022,West Bengal,Kalimpong,2022,2,3.337546539,10.14974976,27.03454436,88.63088827,7.059906006,14.18490601,53.57944537,-50.24189883,,
01-03-2022,West Bengal,Kalimpong,2022,3,0.92743721,17.91455078,27.03454436,88.63088827,14.73095703,22.08056641,91.54991348,-90.62247627,,
01-04-2022,West Bengal,Kalimpong,2022,4,5.398991776,18.96199951,27.03454436,88.63088827,16.19696045,22.44891357,96.50722984,-91.10823806,,
01-05-2022,West Bengal,Kalimpong,2022,5,6.840327454,20.3557373,27.03454436,88.63088827,17.54577637,23.99694824,112.563337,-105.7230096,,
01-06-2022,West Bengal,Kalimpong,2022,6,24.39378357,21.17433472,27.03454436,88.63088827,18.80831909,24.21456909,104.0707755,-79.67699197,,
01-07-2022,West Bengal,Kalimpong,2022,7,15.36469116,22.35916138,27.03454436,88.63088827,19.697052,25.85525513,116.7909944,-101.4263033,,
01-08-2022,West Bengal,Kalimpong,2022,8,20.66038666,22.30636597,27.03454436,88.63088827,19.67355347,25.74777222,109.8884398,-89.22805309,,
01-09-2022,West Bengal,Kalimpong,2022,9,6.784866333,21.36026001,27.03454436,88.63088827,18.84854126,24.75479126,91.52604901,-84.74118267,,
01-10-2022,West Bengal,Kalimpong,2022,10,2.991866112,19.03842163,27.03454436,88.63088827,16.48764038,22.49545288,75.78806468,-72.79619857,,
01-11-2022,West Bengal,Kalimpong,2022,11,0.078160876,15.47677612,27.03454436,88.63088827,12.94650269,18.83712769,54.21749619,-54.13933532,-6.096908951,Severe Drought
01-12-2022,West Bengal,Kalimpong,2022,12,0.149481988,13.02924805,27.03454436,88.63088827,10.41870117,16.56713867,47.88617122,-47.73668923,-6.360938869,Severe Drought
01-01-2023,West Bengal,Kalimpong,2023,1,0.715315628,11.63226929,27.03454436,88.63088827,9.145355225,14.96176147,47.14242475,-46.42710912,-6.360938869,Severe Drought
01-02-2023,West Bengal,Kalimpong,2023,2,0.735645247,13.72792358,27.03454436,88.63088827,10.89901733,17.58847046,58.56235489,-57.82670964,-6.360938869,Severe Drought
01-03-2023,West Bengal,Kalimpong,2023,3,1.84778347,15.80653687,27.03454436,88.63088827,12.68075562,20.04013062,86.20348925,-84.35570578,,
01-04-2023,West Bengal,Kalimpong,2023,4,1.184920979,19.07900391,27.03454436,88.63088827,15.94091797,23.32763672,105.234425,-104.0495041,-6.360938869,Severe Drought
01-05-2023,West Bengal,Kalimpong,2023,5,2.092554283,20.49007568,27.03454436,88.63088827,17.46917725,24.54534912,118.3050312,-116.2124769,,
01-06-2023,West Bengal,Kalimpong,2023,6,9.256088257,22.40425415,27.03454436,88.63088827,19.76675415,25.9581604,114.8864152,-105.6303269,-3.424600794,Severe Drought
01-07-2023,West Bengal,Kalimpong,2023,7,11.47995148,22.50189819,27.03454436,88.63088827,20.02767944,25.84213257,113.8879183,-102.4079668,,
01-08-2023,West Bengal,Kalimpong,2023,8,13.5029129,22.4328186,27.03454436,88.63088827,20.02481079,25.70059204,106.5581727,-93.05525975,,
01-09-2023,West Bengal,Kalimpong,2023,9,7.903015137,22.31647339,27.03454436,88.63088827,19.60006714,25.99459839,97.55967392,-89.65665879,,
01-10-2023,West Bengal,Kalimpong,2023,10,3.157920074,19.1437561,27.03454436,88.63088827,16.48770142,22.74942017,77.59423302,-74.43631294,,
01-11-2023,West Bengal,Kalimpong,2023,11,0.184983027,16.57192383,27.03454436,88.63088827,13.81176758,20.40356445,59.24112173,-59.0561387,-6.096908951,Severe Drought
01-12-2023,West Bengal,Kalimpong,2023,12,0.222001886,13.57953491,27.03454436,88.63088827,10.93637085,17.26254272,49.44037958,-49.21837769,-6.360938869,Severe Drought
01-01-2024,West Bengal,Kalimpong,2024,1,0.167900658,10.94991455,27.03454436,88.63088827,8.179016113,14.82940674,49.24032809,-49.07242743,-6.360938869,Severe Drought
01-02-2024,West Bengal,Kalimpong,2024,2,0.788346291,12.30369263,27.03454436,88.63088827,9.465606689,16.21170044,58.15857797,-57.37023168,-6.360938869,Severe Drought
01-03-2024,West Bengal,Kalimpong,2024,3,2.467078018,16.26445923,27.03454436,88.63088827,13.23867798,20.38711548,86.11675936,-83.64968134,,
01-04-2024,West Bengal,Kalimpong,2024,4,0.5250247,20.60032959,27.03454436,88.63088827,17.3270874,25.07904053,112.2518195,-111.7267948,-6.360938869,Severe Drought
01-05-2024,West Bengal,Kalimpong,2024,5,4.663012695,22.13435059,27.03454436,88.63088827,18.92907715,26.5579834,128.1136984,-123.4506857,,
01-06-2024,West Bengal,Kalimpong,2024,6,27.41941528,22.32785034,27.03454436,88.63088827,19.95480347,25.53878784,108.8980267,-81.47861138,-3.424600794,Severe Drought
01-07-2024,West Bengal,Kalimpong,2024,7,39.23668213,22.92653809,27.03454436,88.63088827,20.58435059,26.07849121,111.8729516,-72.63626947,,
01-08-2024,West Bengal,Kalimpong,2024,8,21.33709717,22.53522339,27.03454436,88.63088827,20.07858276,25.86569214,107.8720154,-86.53491818,,
01-09-2024,West Bengal,Kalimpong,2024,9,18.30437927,22.71779175,27.03454436,88.63088827,20.09689331,26.27267456,96.83557948,-78.53120021,,
01-10-2024,West Bengal,Kalimpong,2024,10,3.150306702,19.70647583,27.03454436,88.63088827,17.12991333,23.12014771,77.04949285,-73.89918615,,
01-11-2024,West Bengal,Kalimpong,2024,11,0.888951492,15.85227661,27.03454436,88.63088827,13.15481567,19.5083313,56.9428272,-56.05387571,-6.096908951,Severe Drought
01-12-2024,West Bengal,Kalimpong,2024,12,0.862354374,12.91576538,27.03454436,88.63088827,10.37728882,16.25424194,46.64469476,-45.78234038,-6.360938869,Severe Drought
01-01-2025,West Bengal,Kalimpong,2025,1,1.341565514,12.53336792,27.03454436,88.63088827,10.10055542,15.72946167,47.79620802,-46.45464251,-6.360938869,Severe Drought
01-02-2025,West Bengal,Kalimpong,2025,2,2.505461693,12.900177,27.03454436,88.63088827,10.11697388,16.63650513,56.29591994,-53.79045825,-6.360938869,Severe Drought
01-03-2025,West Bengal,Kalimpong,2025,3,1.592876625,16.41941528,27.03454436,88.63088827,13.47781372,20.42703247,85.2945325,-83.70165587,,
01-04-2025,West Bengal,Kalimpong,2025,4,2.912415695,19.49649658,27.03454436,88.63088827,16.48321533,23.59063721,104.3943404,-101.4819247,,
01-05-2025,West Bengal,Kalimpong,2025,5,13.48584747,20.7215271,27.03454436,88.63088827,18.03207397,24.41488647,113.0387489,-99.55290144,,
01-06-2025,West Bengal,Kalimpong,2025,6,11.00753937,22.55149536,27.03454436,88.63088827,20.00149536,25.98587036,113.3629272,-102.3553878,-3.424600794,Severe Drought
01-07-2025,West Bengal,Kalimpong,2025,7,19.20857544,22.78966675,27.03454436,88.63088827,20.30099487,26.15646362,115.1049593,-95.89638383,,
01-08-2025,West Bengal,Kalimpong,2025,8,33.90295105,21.97837524,27.03454436,88.63088827,19.59146118,25.20083618,104.736428,-70.83347692,,
01-09-2025,West Bengal,Kalimpong,2025,9,21.29423676,22.06821899,27.03454436,88.63088827,19.49673462,25.56900024,94.48121096,-73.1869742,,
01-10-2025,West Bengal,Kalimpong,2025,10,10.00810699,19.72720337,27.03454436,88.63088827,17.09146118,23.30435181,78.51175272,-68.50364573,,
01-01-2013,West Bengal,Kolkata,2013,1,0.099861771,18.47354126,22.52674311,88.35600519,18.47354126,18.47354126,0,0.099861771,,
01-02-2013,West Bengal,Kolkata,2013,2,0.227442816,21.98782349,22.52674311,88.35600519,21.98782349,21.98782349,0,0.227442816,,
01-03-2013,West Bengal,Kolkata,2013,3,0.325383216,27.4899292,22.52674311,88.35600519,27.4899292,27.4899292,0,0.325383216,,
01-04-2013,West Bengal,Kolkata,2013,4,1.434797764,29.92303467,22.52674311,88.35600519,29.92303467,29.92303467,0,1.434797764,,
01-05-2013,West Bengal,Kolkata,2013,5,2.334753275,30.07290649,22.52674311,88.35600519,30.07290649,30.07290649,0,2.334753275,,
01-06-2013,West Bengal,Kolkata,2013,6,7.456852436,28.6505127,22.52674311,88.35600519,28.6505127,28.6505127,0,7.456852436,,
01-07-2013,West Bengal,Kolkata,2013,7,7.127512455,28.05831909,22.52674311,88.35600519,28.05831909,28.05831909,0,7.127512455,,
01-08-2013,West Bengal,Kolkata,2013,8,11.44886971,27.65383911,22.52674311,88.35600519,27.65383911,27.65383911,0,11.44886971,-0.528074395,Normal
01-09-2013,West Bengal,Kolkata,2013,9,10.25218201,27.47109985,22.52674311,88.35600519,27.47109985,27.47109985,0,10.25218201,-0.209367149,Normal
01-10-2013,West Bengal,Kolkata,2013,10,12.18135166,25.68161011,22.52674311,88.35600519,25.68161011,25.68161011,0,12.18135166,,
01-11-2013,West Bengal,Kolkata,2013,11,0.002813339,22.59564209,22.52674311,88.35600519,22.59564209,22.59564209,0,0.002813339,,
01-12-2013,West Bengal,Kolkata,2013,12,0.011366173,20.23355103,22.52674311,88.35600519,20.23355103,20.23355103,0,0.011366173,,
01-01-2014,West Bengal,Kolkata,2014,1,0.005286787,18.59884644,22.52674311,88.35600519,18.59884644,18.59884644,0,0.005286787,,
01-02-2014,West Bengal,Kolkata,2014,2,1.403661609,21.31295776,22.52674311,88.35600519,21.31295776,21.31295776,0,1.403661609,,
01-03-2014,West Bengal,Kolkata,2014,3,0.67168051,26.72897339,22.52674311,88.35600519,26.72897339,26.72897339,0,0.67168051,,
01-04-2014,West Bengal,Kolkata,2014,4,0.514996052,31.45230103,22.52674311,88.35600519,31.45230103,31.45230103,0,0.514996052,,
01-05-2014,West Bengal,Kolkata,2014,5,3.091423273,31.2840271,22.52674311,88.35600519,31.2840271,31.2840271,0,3.091423273,,
01-06-2014,West Bengal,Kolkata,2014,6,12.01635551,29.62335205,22.52674311,88.35600519,29.62335205,29.62335205,0,12.01635551,,
01-07-2014,West Bengal,Kolkata,2014,7,9.365569115,28.12008667,22.52674311,88.35600519,28.12008667,28.12008667,0,9.365569115,,
01-08-2014,West Bengal,Kolkata,2014,8,11.73922062,28.06829834,22.52674311,88.35600519,28.06829834,28.06829834,0,11.73922062,0.349115072,Normal
01-09-2014,West Bengal,Kolkata,2014,9,5.828424931,27.74984741,22.52674311,88.35600519,27.74984741,27.74984741,0,5.828424931,-0.474309133,Normal
01-10-2014,West Bengal,Kolkata,2014,10,1.931277394,26.33657837,22.52674311,88.35600519,26.33657837,26.33657837,0,1.931277394,,
01-11-2014,West Bengal,Kolkata,2014,11,0.002078115,23.81472778,22.52674311,88.35600519,23.81472778,23.81472778,0,0.002078115,,
01-12-2014,West Bengal,Kolkata,2014,12,0.163842067,19.81881714,22.52674311,88.35600519,19.81881714,19.81881714,0,0.163842067,,
01-01-2015,West Bengal,Kolkata,2015,1,1.026626229,19.04092407,22.52674311,88.35600519,19.04092407,19.04092407,0,1.026626229,,
01-02-2015,West Bengal,Kolkata,2015,2,0.691245496,22.91989136,22.52674311,88.35600519,22.91989136,22.91989136,0,0.691245496,,
01-03-2015,West Bengal,Kolkata,2015,3,1.59239614,26.54666138,22.52674311,88.35600519,26.54666138,26.54666138,0,1.59239614,,
01-04-2015,West Bengal,Kolkata,2015,4,5.866230965,28.03735352,22.52674311,88.35600519,28.03735352,28.03735352,0,5.866230965,,
01-05-2015,West Bengal,Kolkata,2015,5,0.657910585,30.89730835,22.52674311,88.35600519,30.89730835,30.89730835,0,0.657910585,,
01-06-2015,West Bengal,Kolkata,2015,6,8.573372841,29.40158081,22.52674311,88.35600519,29.40158081,29.40158081,0,8.573372841,,
01-07-2015,West Bengal,Kolkata,2015,7,26.00312233,27.53665161,22.52674311,88.35600519,27.53665161,27.53665161,0,26.00312233,,
01-08-2015,West Bengal,Kolkata,2015,8,8.968505859,28.19985962,22.52674311,88.35600519,28.19985962,28.19985962,0,8.968505859,1.453634775,Moderately Wet
01-09-2015,West Bengal,Kolkata,2015,9,6.02143383,28.38186646,22.52674311,88.35600519,28.38186646,28.38186646,0,6.02143383,1.276124456,Moderately Wet
01-10-2015,West Bengal,Kolkata,2015,10,1.495038152,26.97042847,22.52674311,88.35600519,26.97042847,26.97042847,0,1.495038152,,
01-11-2015,West Bengal,Kolkata,2015,11,0.063163534,24.68054199,22.52674311,88.35600519,24.68054199,24.68054199,0,0.063163534,,
01-12-2015,West Bengal,Kolkata,2015,12,0.760423422,21.10287476,22.52674311,88.35600519,21.10287476,21.10287476,0,0.760423422,,
01-01-2016,West Bengal,Kolkata,2016,1,0.664634049,19.86401367,22.52674311,88.35600519,19.86401367,19.86401367,0,0.664634049,,
01-02-2016,West Bengal,Kolkata,2016,2,3.205080032,24.53396606,22.52674311,88.35600519,24.53396606,24.53396606,0,3.205080032,,
01-03-2016,West Bengal,Kolkata,2016,3,0.939837217,27.6680603,22.52674311,88.35600519,27.6680603,27.6680603,0,0.939837217,,
01-04-2016,West Bengal,Kolkata,2016,4,0.668579936,31.6086731,22.52674311,88.35600519,31.6086731,31.6086731,0,0.668579936,,
01-05-2016,West Bengal,Kolkata,2016,5,6.957331181,30.18151855,22.52674311,88.35600519,30.18151855,30.18151855,0,6.957331181,,
01-06-2016,West Bengal,Kolkata,2016,6,5.472656727,29.30718994,22.52674311,88.35600519,29.30718994,29.30718994,0,5.472656727,,
01-07-2016,West Bengal,Kolkata,2016,7,10.5045681,27.96813965,22.52674311,88.35600519,27.96813965,27.96813965,0,10.5045681,,
01-08-2016,West Bengal,Kolkata,2016,8,14.85474205,27.79690552,22.52674311,88.35600519,27.79690552,27.79690552,0,14.85474205,0.068943764,Normal
01-09-2016,West Bengal,Kolkata,2016,9,8.21889782,27.64181519,22.52674311,88.35600519,27.64181519,27.64181519,0,8.21889782,0.431671658,Normal
01-10-2016,West Bengal,Kolkata,2016,10,3.630178928,26.64459229,22.52674311,88.35600519,26.64459229,26.64459229,0,3.630178928,,
01-11-2016,West Bengal,Kolkata,2016,11,1.204244971,23.09362793,22.52674311,88.35600519,23.09362793,23.09362793,0,1.204244971,,
01-12-2016,West Bengal,Kolkata,2016,12,0.005716277,20.97543335,22.52674311,88.35600519,20.97543335,20.97543335,0,0.005716277,,
01-01-2017,West Bengal,Kolkata,2017,1,0.014879146,19.72927856,22.52674311,88.35600519,19.72927856,19.72927856,0,0.014879146,,
01-02-2017,West Bengal,Kolkata,2017,2,0.031778004,23.53726196,22.52674311,88.35600519,23.53726196,23.53726196,0,0.031778004,,
01-03-2017,West Bengal,Kolkata,2017,3,3.026482105,25.63406372,22.52674311,88.35600519,25.63406372,25.63406372,0,3.026482105,,
01-04-2017,West Bengal,Kolkata,2017,4,1.422775269,29.54940796,22.52674311,88.35600519,29.54940796,29.54940796,0,1.422775269,,
01-05-2017,West Bengal,Kolkata,2017,5,1.602805495,31.10739136,22.52674311,88.35600519,31.10739136,31.10739136,0,1.602805495,,
01-06-2017,West Bengal,Kolkata,2017,6,8.881410599,29.61437988,22.52674311,88.35600519,29.61437988,29.61437988,0,8.881410599,,
01-07-2017,West Bengal,Kolkata,2017,7,17.68688774,27.87161255,22.52674311,88.35600519,27.87161255,27.87161255,0,17.68688774,,
01-08-2017,West Bengal,Kolkata,2017,8,10.88844395,28.12521362,22.52674311,88.35600519,28.12521362,28.12521362,0,10.88844395,0.84833773,Normal
01-09-2017,West Bengal,Kolkata,2017,9,8.029415131,28.29519653,22.52674311,88.35600519,28.29519653,28.29519653,0,8.029415131,0.8035367,Normal
01-10-2017,West Bengal,Kolkata,2017,10,7.389400005,26.69412231,22.52674311,88.35600519,26.69412231,26.69412231,0,7.389400005,,
01-11-2017,West Bengal,Kolkata,2017,11,1.895323038,22.61984253,22.52674311,88.35600519,22.61984253,22.61984253,0,1.895323038,,
01-12-2017,West Bengal,Kolkata,2017,12,2.145009279,20.12332153,22.52674311,88.35600519,20.12332153,20.12332153,0,2.145009279,,
01-01-2018,West Bengal,Kolkata,2018,1,0.000817353,17.91201782,22.52674311,88.35600519,17.91201782,17.91201782,0,0.000817353,,
01-02-2018,West Bengal,Kolkata,2018,2,0.182774022,23.87969971,22.52674311,88.35600519,23.87969971,23.87969971,0,0.182774022,,
01-03-2018,West Bengal,Kolkata,2018,3,0.45751515,27.77365112,22.52674311,88.35600519,27.77365112,27.77365112,0,0.45751515,,
01-04-2018,West Bengal,Kolkata,2018,4,3.113652468,28.80166626,22.52674311,88.35600519,28.80166626,28.80166626,0,3.113652468,,
01-05-2018,West Bengal,Kolkata,2018,5,6.448155403,29.00195313,22.52674311,88.35600519,29.00195313,29.00195313,0,6.448155403,,
01-06-2018,West Bengal,Kolkata,2018,6,10.30508804,29.50509644,22.52674311,88.35600519,29.50509644,29.50509644,0,10.30508804,,
01-07-2018,West Bengal,Kolkata,2018,7,12.77570534,28.25985718,22.52674311,88.35600519,28.25985718,28.25985718,0,12.77570534,,
01-08-2018,West Bengal,Kolkata,2018,8,8.769148827,28.13925171,22.52674311,88.35600519,28.13925171,28.13925171,0,8.769148827,0.194457828,Normal
01-09-2018,West Bengal,Kolkata,2018,9,7.502689362,28.18618774,22.52674311,88.35600519,28.18618774,28.18618774,0,7.502689362,-0.178872926,Normal
01-10-2018,West Bengal,Kolkata,2018,10,3.842692137,26.42538452,22.52674311,88.35600519,26.42538452,26.42538452,0,3.842692137,,
01-11-2018,West Bengal,Kolkata,2018,11,0.302995563,24.06002808,22.52674311,88.35600519,24.06002808,24.06002808,0,0.302995563,,
01-12-2018,West Bengal,Kolkata,2018,12,0.616802275,19.34866333,22.52674311,88.35600519,19.34866333,19.34866333,0,0.616802275,,
01-01-2019,West Bengal,Kolkata,2019,1,0.058771975,19.29415894,22.52674311,88.35600519,19.29415894,19.29415894,0,0.058771975,,
01-02-2019,West Bengal,Kolkata,2019,2,3.199693918,22.7835083,22.52674311,88.35600519,22.7835083,22.7835083,0,3.199693918,,
01-03-2019,West Bengal,Kolkata,2019,3,2.399108648,25.38400269,22.52674311,88.35600519,25.38400269,25.38400269,0,2.399108648,,
01-04-2019,West Bengal,Kolkata,2019,4,1.831378579,29.05276489,22.52674311,88.35600519,29.05276489,29.05276489,0,1.831378579,,
01-05-2019,West Bengal,Kolkata,2019,5,2.328884363,30.84579468,22.52674311,88.35600519,30.84579468,30.84579468,0,2.328884363,,
01-06-2019,West Bengal,Kolkata,2019,6,6.717616081,30.10461426,22.52674311,88.35600519,30.10461426,30.10461426,0,6.717616081,,
01-07-2019,West Bengal,Kolkata,2019,7,6.90295887,29.10372925,22.52674311,88.35600519,29.10372925,29.10372925,0,6.90295887,,
01-08-2019,West Bengal,Kolkata,2019,8,16.01625633,28.30529785,22.52674311,88.35600519,28.30529785,28.30529785,0,16.01625633,-0.079560695,Normal
01-09-2019,West Bengal,Kolkata,2019,9,8.85569191,27.65634155,22.52674311,88.35600519,27.65634155,27.65634155,0,8.85569191,0.194539533,Normal
01-10-2019,West Bengal,Kolkata,2019,10,5.45663166,26.43453979,22.52674311,88.35600519,26.43453979,26.43453979,0,5.45663166,,
01-11-2019,West Bengal,Kolkata,2019,11,4.807775497,23.84567261,22.52674311,88.35600519,23.84567261,23.84567261,0,4.807775497,,
01-12-2019,West Bengal,Kolkata,2019,12,0.452400595,19.87606812,22.52674311,88.35600519,19.87606812,19.87606812,0,0.452400595,,
01-01-2020,West Bengal,Kolkata,2020,1,1.037018418,18.52282715,22.52674311,88.35600519,18.52282715,18.52282715,0,1.037018418,,
01-02-2020,West Bengal,Kolkata,2020,2,0.291950434,21.09487915,22.52674311,88.35600519,21.09487915,21.09487915,0,0.291950434,,
01-03-2020,West Bengal,Kolkata,2020,3,1.00077796,26.28808594,22.52674311,88.35600519,26.28808594,26.28808594,0,1.00077796,,
01-04-2020,West Bengal,Kolkata,2020,4,9.301472664,28.53717041,22.52674311,88.35600519,28.53717041,28.53717041,0,9.301472664,,
01-05-2020,West Bengal,Kolkata,2020,5,4.948451996,28.76821899,22.52674311,88.35600519,28.76821899,28.76821899,0,4.948451996,,
01-06-2020,West Bengal,Kolkata,2020,6,8.169887543,28.84210205,22.52674311,88.35600519,28.84210205,28.84210205,0,8.169887543,,
01-07-2020,West Bengal,Kolkata,2020,7,8.284557343,28.76565552,22.52674311,88.35600519,28.76565552,28.76565552,0,8.284557343,,
01-08-2020,West Bengal,Kolkata,2020,8,12.87140656,28.30728149,22.52674311,88.35600519,28.30728149,28.30728149,0,12.87140656,-0.118356423,Normal
01-09-2020,West Bengal,Kolkata,2020,9,7.006877899,28.46096802,22.52674311,88.35600519,28.46096802,28.46096802,0,7.006877899,-0.302310349,Normal
01-10-2020,West Bengal,Kolkata,2020,10,5.57109499,27.33047485,22.52674311,88.35600519,27.33047485,27.33047485,0,5.57109499,,
01-11-2020,West Bengal,Kolkata,2020,11,0.254162937,23.4380188,22.52674311,88.35600519,23.4380188,23.4380188,0,0.254162937,,
01-12-2020,West Bengal,Kolkata,2020,12,0.000879072,20.00164795,22.52674311,88.35600519,20.00164795,20.00164795,0,0.000879072,,
01-01-2021,West Bengal,Kolkata,2021,1,0.018339964,20.07220459,22.52674311,88.35600519,20.07220459,20.07220459,0,0.018339964,,
01-02-2021,West Bengal,Kolkata,2021,2,0.109468505,22.33847046,22.52674311,88.35600519,22.33847046,22.33847046,0,0.109468505,,
01-03-2021,West Bengal,Kolkata,2021,3,0.289667964,28.16635132,22.52674311,88.35600519,28.16635132,28.16635132,0,0.289667964,,
01-04-2021,West Bengal,Kolkata,2021,4,0.429786444,29.9425354,22.52674311,88.35600519,29.9425354,29.9425354,0,0.429786444,,
01-05-2021,West Bengal,Kolkata,2021,5,5.172929764,29.74069214,22.52674311,88.35600519,29.74069214,29.74069214,0,5.172929764,,
01-06-2021,West Bengal,Kolkata,2021,6,12.8173542,28.76419067,22.52674311,88.35600519,28.76419067,28.76419067,0,12.8173542,,
01-07-2021,West Bengal,Kolkata,2021,7,10.8149004,28.39282227,22.52674311,88.35600519,28.39282227,28.39282227,0,10.8149004,,
01-08-2021,West Bengal,Kolkata,2021,8,8.956171989,28.06564331,22.52674311,88.35600519,28.06564331,28.06564331,0,8.956171989,0.284641525,Normal
01-09-2021,West Bengal,Kolkata,2021,9,13.65205002,27.24514771,22.52674311,88.35600519,27.24514771,27.24514771,0,13.65205002,0.411685078,Normal
01-10-2021,West Bengal,Kolkata,2021,10,6.184967518,27.09524536,22.52674311,88.35600519,27.09524536,27.09524536,0,6.184967518,,
01-11-2021,West Bengal,Kolkata,2021,11,1.567405701,22.83096313,22.52674311,88.35600519,22.83096313,22.83096313,0,1.567405701,,
01-12-2021,West Bengal,Kolkata,2021,12,4.405591965,19.24563599,22.52674311,88.35600519,19.24563599,19.24563599,0,4.405591965,,
01-01-2022,West Bengal,Kolkata,2022,1,0.899861932,18.21585083,22.52674311,88.35600519,18.21585083,18.21585083,0,0.899861932,,
01-02-2022,West Bengal,Kolkata,2022,2,1.547681689,20.46615601,22.52674311,88.35600519,20.46615601,20.46615601,0,1.547681689,,
01-03-2022,West Bengal,Kolkata,2022,3,0.108048469,27.12744141,22.52674311,88.35600519,27.12744141,27.12744141,0,0.108048469,,
01-04-2022,West Bengal,Kolkata,2022,4,0.119107164,30.20477295,22.52674311,88.35600519,30.20477295,30.20477295,0,0.119107164,,
01-05-2022,West Bengal,Kolkata,2022,5,3.222225666,29.75476074,22.52674311,88.35600519,29.75476074,29.75476074,0,3.222225666,,
01-06-2022,West Bengal,Kolkata,2022,6,4.559267998,29.85128784,22.52674311,88.35600519,29.85128784,29.85128784,0,4.559267998,,
01-07-2022,West Bengal,Kolkata,2022,7,5.718966484,28.47634888,22.52674311,88.35600519,28.47634888,28.47634888,0,5.718966484,,
01-08-2022,West Bengal,Kolkata,2022,8,9.103826523,28.14230347,22.52674311,88.35600519,28.14230347,28.14230347,0,9.103826523,-1.302323686,Moderate Drought
01-09-2022,West Bengal,Kolkata,2022,9,5.131093502,28.02627563,22.52674311,88.35600519,28.02627563,28.02627563,0,5.131093502,-1.410316451,Moderate Drought
01-10-2022,West Bengal,Kolkata,2022,10,4.193801403,26.25912476,22.52674311,88.35600519,26.25912476,26.25912476,0,4.193801403,,
01-11-2022,West Bengal,Kolkata,2022,11,0.000963178,22.77072144,22.52674311,88.35600519,22.77072144,22.77072144,0,0.000963178,,
01-12-2022,West Bengal,Kolkata,2022,12,0.001304465,20.4831543,22.52674311,88.35600519,20.4831543,20.4831543,0,0.001304465,,
01-01-2023,West Bengal,Kolkata,2023,1,0.008464864,19.99887085,22.52674311,88.35600519,19.99887085,19.99887085,0,0.008464864,,
01-02-2023,West Bengal,Kolkata,2023,2,0.044479463,23.27011108,22.52674311,88.35600519,23.27011108,23.27011108,0,0.044479463,,
01-03-2023,West Bengal,Kolkata,2023,3,1.869376302,26.38973999,22.52674311,88.35600519,26.38973999,26.38973999,0,1.869376302,,
01-04-2023,West Bengal,Kolkata,2023,4,0.848553002,29.82763672,22.52674311,88.35600519,29.82763672,29.82763672,0,0.848553002,,
01-05-2023,West Bengal,Kolkata,2023,5,1.127600431,30.6605835,22.52674311,88.35600519,30.6605835,30.6605835,0,1.127600431,,
01-06-2023,West Bengal,Kolkata,2023,6,2.361321449,31.2394104,22.52674311,88.35600519,31.2394104,31.2394104,0,2.361321449,,
01-07-2023,West Bengal,Kolkata,2023,7,3.093419313,29.01205444,22.52674311,88.35600519,29.01205444,29.01205444,0,3.093419313,,
01-08-2023,West Bengal,Kolkata,2023,8,6.626976967,28.63418579,22.52674311,88.35600519,28.63418579,28.63418579,0,6.626976967,-2.026420557,Severe Drought
01-09-2023,West Bengal,Kolkata,2023,9,5.774197578,28.19577026,22.52674311,88.35600519,28.19577026,28.19577026,0,5.774197578,-1.945528179,Severe Drought
01-10-2023,West Bengal,Kolkata,2023,10,2.411149025,27.03067017,22.52674311,88.35600519,27.03067017,27.03067017,0,2.411149025,,
01-11-2023,West Bengal,Kolkata,2023,11,0.413091868,24.66723633,22.52674311,88.35600519,24.66723633,24.66723633,0,0.413091868,,
01-12-2023,West Bengal,Kolkata,2023,12,0.824513912,20.54574585,22.52674311,88.35600519,20.54574585,20.54574585,0,0.824513912,,
01-01-2024,West Bengal,Kolkata,2024,1,0.447564512,18.62432861,22.52674311,88.35600519,18.62432861,18.62432861,0,0.447564512,,
01-02-2024,West Bengal,Kolkata,2024,2,0.273764521,22.67654419,22.52674311,88.35600519,22.67654419,22.67654419,0,0.273764521,,
01-03-2024,West Bengal,Kolkata,2024,3,1.671049118,26.53945923,22.52674311,88.35600519,26.53945923,26.53945923,0,1.671049118,,
01-04-2024,West Bengal,Kolkata,2024,4,0.275061429,31.8661499,22.52674311,88.35600519,31.8661499,31.8661499,0,0.275061429,,
01-05-2024,West Bengal,Kolkata,2024,5,11.15617752,30.25720215,22.52674311,88.35600519,30.25720215,30.25720215,0,11.15617752,,
01-06-2024,West Bengal,Kolkata,2024,6,3.613785505,30.91378784,22.52674311,88.35600519,30.91378784,30.91378784,0,3.613785505,,
01-07-2024,West Bengal,Kolkata,2024,7,9.281599045,28.76208496,22.52674311,88.35600519,28.76208496,28.76208496,0,9.281599045,,
01-08-2024,West Bengal,Kolkata,2024,8,16.35201645,27.84616089,22.52674311,88.35600519,27.84616089,27.84616089,0,16.35201645,-0.128149792,Normal
01-09-2024,West Bengal,Kolkata,2024,9,14.05815983,28.33712769,22.52674311,88.35600519,28.33712769,28.33712769,0,14.05815983,1.144198411,Moderately Wet
01-10-2024,West Bengal,Kolkata,2024,10,5.626930714,27.53225708,22.52674311,88.35600519,27.53225708,27.53225708,0,5.626930714,,
01-11-2024,West Bengal,Kolkata,2024,11,0.487117082,23.8286438,22.52674311,88.35600519,23.8286438,23.8286438,0,0.487117082,,
01-12-2024,West Bengal,Kolkata,2024,12,0.172875389,19.98471069,22.52674311,88.35600519,19.98471069,19.98471069,0,0.172875389,,
01-01-2025,West Bengal,Kolkata,2025,1,0.035197169,19.54782104,22.52674311,88.35600519,19.54782104,19.54782104,0,0.035197169,,
01-02-2025,West Bengal,Kolkata,2025,2,0.579747379,23.556427,22.52674311,88.35600519,23.556427,23.556427,0,0.579747379,,
01-03-2025,West Bengal,Kolkata,2025,3,0.298062593,27.52664185,22.52674311,88.35600519,27.52664185,27.52664185,0,0.298062593,,
01-04-2025,West Bengal,Kolkata,2025,4,3.974796772,29.10430908,22.52674311,88.35600519,29.10430908,29.10430908,0,3.974796772,,
01-05-2025,West Bengal,Kolkata,2025,5,4.616223335,29.54574585,22.52674311,88.35600519,29.54574585,29.54574585,0,4.616223335,,
01-06-2025,West Bengal,Kolkata,2025,6,15.07758904,28.76516724,22.52674311,88.35600519,28.76516724,28.76516724,0,15.07758904,,
01-07-2025,West Bengal,Kolkata,2025,7,17.3298912,27.912323,22.52674311,88.35600519,27.912323,27.912323,0,17.3298912,,
01-08-2025,West Bengal,Kolkata,2025,8,9.241555214,27.92935181,22.52674311,88.35600519,27.92935181,27.92935181,0,9.241555214,1.277482613,Moderately Wet
01-09-2025,West Bengal,Kolkata,2025,9,9.295327187,28.08267212,22.52674311,88.35600519,28.08267212,28.08267212,0,9.295327187,0.716221334,Normal
01-10-2025,West Bengal,Kolkata,2025,10,4.184941292,26.98208618,22.52674311,88.35600519,26.98208618,26.98208618,0,4.184941292,,
01-01-2013,West Bengal,Maldah,2013,1,0.027175257,16.41506496,25.13748554,88.08888332,16.19229126,16.62197876,15.60855166,-15.5813764,,
01-02-2013,West Bengal,Maldah,2013,2,0.486867962,20.43994141,25.13748554,88.08888332,20.22805786,20.61868286,17.7431815,-17.25631353,,
01-03-2013,West Bengal,Maldah,2013,3,0.020295017,25.98833119,25.13748554,88.08888332,25.70281982,26.18914795,29.43760881,-29.41731379,,
01-04-2013,West Bengal,Maldah,2013,4,2.351722948,28.25713741,25.13748554,88.08888332,27.92108154,28.74725342,44.22513523,-41.87341229,,
01-05-2013,West Bengal,Maldah,2013,5,6.157068426,27.35557787,25.13748554,88.08888332,26.93032837,28.12368774,57.13069869,-50.97363027,,
01-06-2013,West Bengal,Maldah,2013,6,8.564517859,28.672293,25.13748554,88.08888332,28.53527832,28.85949707,30.17424857,-21.60973071,,
01-07-2013,West Bengal,Maldah,2013,7,4.964150169,28.43817139,25.13748554,88.08888332,28.27511597,28.51730347,26.52481715,-21.56066698,,
01-08-2013,West Bengal,Maldah,2013,8,9.085832076,27.59927091,25.13748554,88.08888332,27.49172974,27.71047974,23.65433865,-14.56850657,1.030478017,Moderately Wet
01-09-2013,West Bengal,Maldah,2013,9,6.787009037,28.01667369,25.13748554,88.08888332,27.91055298,28.15859985,22.25143204,-15.464423,0.036611087,Normal
01-10-2013,West Bengal,Maldah,2013,10,5.466051044,25.42841501,25.13748554,88.08888332,25.20700073,25.61520386,23.84396073,-18.37790969,,
01-11-2013,West Bengal,Maldah,2013,11,0.051699985,20.97579124,25.13748554,88.08888332,20.75775146,21.25775146,19.21478126,-19.16308128,1.072782051,Moderately Wet
01-12-2013,West Bengal,Maldah,2013,12,0.024246646,18.36973618,25.13748554,88.08888332,18.07730103,18.76870728,19.82612127,-19.80187463,0.696697971,Normal
01-01-2014,West Bengal,Maldah,2014,1,0.177416209,17.02616744,25.13748554,88.08888332,16.79025269,17.27267456,16.83402838,-16.65661217,,
01-02-2014,West Bengal,Maldah,2014,2,1.281689153,18.73080907,25.13748554,88.08888332,18.45162964,18.96139526,19.36327536,-18.0815862,,
01-03-2014,West Bengal,Maldah,2014,3,0.299809832,24.63617128,25.13748554,88.08888332,24.41256714,24.82858276,26.38581132,-26.08600148,,
01-04-2014,West Bengal,Maldah,2014,4,0.096953233,30.19401597,25.13748554,88.08888332,29.77261353,30.4581604,41.98002484,-41.8830716,,
01-05-2014,West Bengal,Maldah,2014,5,3.40768502,30.9874471,25.13748554,88.08888332,30.61801147,31.39926147,49.9431138,-46.53542878,,
01-06-2014,West Bengal,Maldah,2014,6,8.14288515,29.13252582,25.13748554,88.08888332,28.6038208,29.76397705,57.64418035,-49.5012952,,
01-07-2014,West Bengal,Maldah,2014,7,8.826308742,28.26739872,25.13748554,88.08888332,28.09860229,28.39352417,29.16238726,-20.33607852,,
01-08-2014,West Bengal,Maldah,2014,8,14.39494555,27.96164588,25.13748554,88.08888332,27.84173584,28.07611084,24.68000137,-10.28505582,-0.434200028,Normal
01-09-2014,West Bengal,Maldah,2014,9,8.076781302,27.50345681,25.13748554,88.08888332,27.29672241,27.67758179,27.26347461,-19.18669331,0.483991989,Normal
01-10-2014,West Bengal,Maldah,2014,10,1.84548326,25.79047186,25.13748554,88.08888332,25.65884399,25.93228149,19.67847902,-17.83299576,,
01-11-2014,West Bengal,Maldah,2014,11,0.009823331,22.14072118,25.13748554,88.08888332,21.73269653,22.37136841,22.36889722,-22.35907389,-0.042470633,Normal
01-12-2014,West Bengal,Maldah,2014,12,0.086734208,18.41315992,25.13748554,88.08888332,18.05709839,18.62350464,17.96619908,-17.87946487,0.517776126,Normal
01-01-2015,West Bengal,Maldah,2015,1,0.820478671,17.41059644,25.13748554,88.08888332,17.1991272,17.69522095,17.25933812,-16.43885945,,
01-02-2015,West Bengal,Maldah,2015,2,0.937137951,20.44989938,25.13748554,88.08888332,20.21481323,20.68356323,19.44174295,-18.504605,,
01-03-2015,West Bengal,Maldah,2015,3,2.356503573,24.31488962,25.13748554,88.08888332,24.05056763,24.48806763,26.85370018,-24.4971966,,
01-04-2015,West Bengal,Maldah,2015,4,3.610777884,25.96692264,25.13748554,88.08888332,25.63891602,26.56079102,44.39346598,-40.7826881,,
01-05-2015,West Bengal,Maldah,2015,5,4.018262459,28.2942061,25.13748554,88.08888332,27.6043396,29.48129272,73.13841752,-69.12015506,,
01-06-2015,West Bengal,Maldah,2015,6,8.138004187,28.87050744,25.13748554,88.08888332,28.36251831,29.52658081,57.41878135,-49.28077716,,
01-07-2015,West Bengal,Maldah,2015,7,13.91781524,27.81304932,25.13748554,88.08888332,27.70852661,27.91751099,24.30647084,-10.3886556,,
01-08-2015,West Bengal,Maldah,2015,8,15.1944728,27.83249549,25.13748554,88.08888332,27.72329712,27.94985962,24.1966997,-9.002226901,0.374548828,Normal
01-09-2015,West Bengal,Maldah,2015,9,4.856602987,28.27456388,25.13748554,88.08888332,28.02639771,28.49319458,30.69677389,-25.8401709,1.39357491,Moderately Wet
01-10-2015,West Bengal,Maldah,2015,10,0.871984944,26.74818744,25.13748554,88.08888332,26.52316284,26.99777222,26.49531684,-25.6233319,,
01-11-2015,West Bengal,Maldah,2015,11,0.092945084,23.54435591,25.13748554,88.08888332,23.16101074,23.85046387,24.05793674,-23.96499165,-2.650374285,Severe Drought
01-12-2015,West Bengal,Maldah,2015,12,0.078687155,19.01178903,25.13748554,88.08888332,18.70443726,19.33334351,19.24445633,-19.16576918,-2.167392479,Severe Drought
01-01-2016,West Bengal,Maldah,2016,1,0.836253657,17.53014767,25.13748554,88.08888332,17.3190918,17.67260742,14.61903258,-13.78277892,,
01-02-2016,West Bengal,Maldah,2016,2,0.313133182,21.51253995,25.13748554,88.08888332,21.17849731,22.14920044,29.78163558,-29.4685024,,
01-03-2016,West Bengal,Maldah,2016,3,1.256500938,26.2479618,25.13748554,88.08888332,25.87509155,26.7774353,40.3358548,-39.07935386,,
01-04-2016,West Bengal,Maldah,2016,4,0.723057256,29.90128766,25.13748554,88.08888332,29.50906372,30.38015747,47.0326636,-46.30960634,,
01-05-2016,West Bengal,Maldah,2016,5,5.786108768,28.11274488,25.13748554,88.08888332,27.68347168,28.69714355,53.53705312,-47.75094435,,
01-06-2016,West Bengal,Maldah,2016,6,8.884027654,28.93799013,25.13748554,88.08888332,28.71539307,29.26617432,39.55331652,-30.66928887,,
01-07-2016,West Bengal,Maldah,2016,7,12.47261556,27.71032715,25.13748554,88.08888332,27.6126709,27.8392334,25.25107419,-12.77845863,,
01-08-2016,West Bengal,Maldah,2016,8,6.331452341,28.6946929,25.13748554,88.08888332,28.46878052,28.85745239,32.29109999,-25.95964764,0.325586178,Normal
01-09-2016,West Bengal,Maldah,2016,9,12.52654937,27.62145441,25.13748554,88.08888332,27.37814331,27.81759644,29.3619471,-16.83539773,-1.060137952,Moderate Drought
01-10-2016,West Bengal,Maldah,2016,10,2.683424054,26.47200706,25.13748554,88.08888332,26.29693604,26.63677979,22.28126147,-19.59783742,,
01-11-2016,West Bengal,Maldah,2016,11,0.02304753,23.056341,25.13748554,88.08888332,22.80651855,23.36315918,21.36174346,-21.33869593,0.259922834,Normal
01-12-2016,West Bengal,Maldah,2016,12,0.066187447,19.78521174,25.13748554,88.08888332,19.53988647,20.08285522,18.25703237,-18.19084492,0.246034858,Normal
01-01-2017,West Bengal,Maldah,2017,1,0.065218651,18.01703806,25.13748554,88.08888332,17.78982544,18.23513794,16.63378136,-16.56856271,,
01-02-2017,West Bengal,Maldah,2017,2,0.004100789,21.22671416,25.13748554,88.08888332,20.88296509,21.56655884,23.9549511,-23.95085031,,
01-03-2017,West Bengal,Maldah,2017,3,1.321786823,23.38246478,25.13748554,88.08888332,23.01296997,23.98562622,39.15357901,-37.83179218,,
01-04-2017,West Bengal,Maldah,2017,4,4.105924664,26.84527773,25.13748554,88.08888332,26.33456421,27.75253296,56.16242895,-52.05650428,,
01-05-2017,West Bengal,Maldah,2017,5,5.984949285,28.09401449,25.13748554,88.08888332,27.57809448,28.87887573,60.62205996,-54.63711067,,
01-06-2017,West Bengal,Maldah,2017,6,6.81747714,28.85857969,25.13748554,88.08888332,28.60266113,29.19055176,40.79463786,-33.97716072,,
01-07-2017,West Bengal,Maldah,2017,7,12.43491063,27.66671291,25.13748554,88.08888332,27.52200317,27.78567505,27.21456215,-14.77965152,,
01-08-2017,West Bengal,Maldah,2017,8,11.01289691,28.39403372,25.13748554,88.08888332,28.29318237,28.50021362,23.41486942,-12.40197251,0.840290973,Normal
01-09-2017,West Bengal,Maldah,2017,9,8.595473781,28.1913859,25.13748554,88.08888332,28.01394653,28.36160278,26.44350701,-17.84803322,1.426245494,Moderately Wet
01-10-2017,West Bengal,Maldah,2017,10,5.626484264,26.21779563,25.13748554,88.08888332,26.02615356,26.38943481,22.904494,-17.27800973,,
01-11-2017,West Bengal,Maldah,2017,11,0.015483137,22.15760387,25.13748554,88.08888332,21.96749878,22.31515503,16.51065231,-16.49516917,1.277698684,Moderately Wet
01-12-2017,West Bengal,Maldah,2017,12,0.166653373,19.88385565,25.13748554,88.08888332,19.65066528,20.03347778,15.37001012,-15.20335675,2.210725423,Severely Wet
01-01-2018,West Bengal,Maldah,2018,1,0.013547459,16.62526264,25.13748554,88.08888332,16.3397522,16.78115845,15.91715255,-15.90360509,,
01-02-2018,West Bengal,Maldah,2018,2,0.079256101,21.07655103,25.13748554,88.08888332,20.76641846,21.51055908,24.89714189,-24.81788579,,
01-03-2018,West Bengal,Maldah,2018,3,1.543071978,25.73825906,25.13748554,88.08888332,25.37911987,26.1388855,36.58392694,-35.04085496,,
01-04-2018,West Bengal,Maldah,2018,4,5.388420799,26.62422689,25.13748554,88.08888332,26.33877563,26.96768188,37.21772797,-31.82930717,,
01-05-2018,West Bengal,Maldah,2018,5,7.093725031,26.67258523,25.13748554,88.08888332,26.37304688,27.20898438,47.09250444,-39.9987794,,
01-06-2018,West Bengal,Maldah,2018,6,7.107613766,29.26290801,25.13748554,88.08888332,28.99337769,29.54025269,39.68680089,-32.57918713,,
01-07-2018,West Bengal,Maldah,2018,7,9.931014552,28.53696326,25.13748554,88.08888332,28.41220093,28.6446228,26.04005818,-16.10904363,,
01-08-2018,West Bengal,Maldah,2018,8,7.098744248,28.62131755,25.13748554,88.08888332,28.49081421,28.71151733,24.29459144,-17.19584719,0.55487104,Normal
01-09-2018,West Bengal,Maldah,2018,9,4.821515632,28.43423554,25.13748554,88.08888332,28.32290649,28.56118774,22.00777567,-17.18626004,0.31835998,Normal
01-10-2018,West Bengal,Maldah,2018,10,1.311707699,25.83950713,25.13748554,88.08888332,25.4468689,26.16366577,31.89692429,-30.58521659,,
01-11-2018,West Bengal,Maldah,2018,11,0.032243703,23.09092389,25.13748554,88.08888332,22.7026062,23.55026245,26.38314604,-26.35090234,-2.481177728,Severe Drought
01-12-2018,West Bengal,Maldah,2018,12,0.422669497,18.40980114,25.13748554,88.08888332,18.10842896,18.70999146,18.51366002,-18.09099053,-3.359656907,Severe Drought
01-01-2019,West Bengal,Maldah,2019,1,0.013210098,18.08180191,25.13748554,88.08888332,17.77267456,18.43673706,20.34921215,-20.33600206,,
01-02-2019,West Bengal,Maldah,2019,2,2.741793083,20.11234353,25.13748554,88.08888332,19.81085205,20.37530518,21.14602947,-18.40423639,,
01-03-2019,West Bengal,Maldah,2019,3,0.40404129,24.26717122,25.13748554,88.08888332,23.97384644,24.80978394,37.07743254,-36.67339125,,
01-04-2019,West Bengal,Maldah,2019,4,2.372940063,26.91279186,25.13748554,88.08888332,26.41604614,27.67190552,52.9345613,-50.56162124,,
01-05-2019,West Bengal,Maldah,2019,5,4.167670048,29.11496989,25.13748554,88.08888332,28.4805603,30.03915405,67.8344666,-63.66679655,,
01-06-2019,West Bengal,Maldah,2019,6,6.283693718,29.71777714,25.13748554,88.08888332,29.33508301,30.03234863,45.24582807,-38.96213435,,
01-07-2019,West Bengal,Maldah,2019,7,11.33808575,28.86503277,25.13748554,88.08888332,28.740448,28.990448,27.19803108,-15.85994533,,
01-08-2019,West Bengal,Maldah,2019,8,6.238954486,28.96829501,25.13748554,88.08888332,28.8092041,29.08068848,27.14637612,-20.90742163,-0.114334488,Normal
01-09-2019,West Bengal,Maldah,2019,9,14.30566961,27.56720711,25.13748554,88.08888332,27.38095093,27.73446655,26.30352071,-11.9978511,0.721726373,Normal
01-10-2019,West Bengal,Maldah,2019,10,5.497601133,25.58262311,25.13748554,88.08888332,25.40719604,25.74899292,21.89630205,-16.39870092,,
01-11-2019,West Bengal,Maldah,2019,11,0.317945509,23.40639796,25.13748554,88.08888332,23.23629761,23.66012573,18.79963037,-18.48168486,1.880710528,Severely Wet
01-12-2019,West Bengal,Maldah,2019,12,0.129297141,17.9465591,25.13748554,88.08888332,17.71395874,18.24911499,17.23853327,-17.10923613,1.765381918,Severely Wet
01-01-2020,West Bengal,Maldah,2020,1,0.828619292,16.97281531,25.13748554,88.08888332,16.7376709,17.18103027,16.11338103,-15.28476174,,
01-02-2020,West Bengal,Maldah,2020,2,1.688912132,19.10902359,25.13748554,88.08888332,18.88589478,19.3175354,18.64523821,-16.95632607,,
01-03-2020,West Bengal,Maldah,2020,3,0.83936541,23.66456558,25.13748554,88.08888332,23.42285156,23.90332031,27.70697629,-26.86761088,,
01-04-2020,West Bengal,Maldah,2020,4,3.324954409,26.41737874,25.13748554,88.08888332,26.19537354,26.67193604,32.24704692,-28.92209251,,
01-05-2020,West Bengal,Maldah,2020,5,7.373987371,27.18494577,25.13748554,88.08888332,26.85220337,27.60610962,45.23747753,-37.86349015,,
01-06-2020,West Bengal,Maldah,2020,6,14.24870994,28.16247374,25.13748554,88.08888332,27.99639893,28.3303833,30.28933683,-16.04062689,,
01-07-2020,West Bengal,Maldah,2020,7,15.13044877,28.17581269,25.13748554,88.08888332,28.02737427,28.31643677,28.81384252,-13.68339375,,
01-08-2020,West Bengal,Maldah,2020,8,9.175380822,28.70163611,25.13748554,88.08888332,28.56509399,28.82681274,26.50168899,-17.32630816,1.542843268,Severely Wet
01-09-2020,West Bengal,Maldah,2020,9,11.02978608,28.07140928,25.13748554,88.08888332,27.87893677,28.24807739,27.17725167,-16.14746559,1.051994089,Moderately Wet
01-10-2020,West Bengal,Maldah,2020,10,2.320397348,27.46121678,25.13748554,88.08888332,27.19766235,27.68008423,27.14005004,-24.81965269,,
01-11-2020,West Bengal,Maldah,2020,11,0.025940599,22.27981475,25.13748554,88.08888332,21.90481567,22.71731567,25.31786994,-25.29192934,-1.312426987,Moderate Drought
01-12-2020,West Bengal,Maldah,2020,12,0.035139777,18.47436338,25.13748554,88.08888332,18.22039795,18.76922607,17.71510552,-17.67996574,-1.962652151,Severe Drought
01-01-2021,West Bengal,Maldah,2021,1,0.004840641,17.38239635,25.13748554,88.08888332,17.04486084,17.70501709,19.89379617,-19.88895553,,
01-02-2021,West Bengal,Maldah,2021,2,0.033033114,20.56994629,25.13748554,88.08888332,20.31698608,20.86581421,21.10297246,-21.06993935,,
01-03-2021,West Bengal,Maldah,2021,3,0.17447567,25.92055442,25.13748554,88.08888332,25.60189819,26.30892944,35.43924047,-35.2647648,,
01-04-2021,West Bengal,Maldah,2021,4,0.941378044,28.88944684,25.13748554,88.08888332,28.5909729,29.20230103,38.56496504,-37.62358699,,
01-05-2021,West Bengal,Maldah,2021,5,8.365916859,27.59900087,25.13748554,88.08888332,27.28561401,27.94381714,42.65783145,-34.29191459,,
01-06-2021,West Bengal,Maldah,2021,6,8.054798473,28.50673421,25.13748554,88.08888332,28.36575317,28.6255188,26.91276357,-18.85796509,,
01-07-2021,West Bengal,Maldah,2021,7,8.701710094,28.57108931,25.13748554,88.08888332,28.47094727,28.67602539,24.4783899,-15.77667981,,
01-08-2021,West Bengal,Maldah,2021,8,10.8489084,28.07102828,25.13748554,88.08888332,27.97775269,28.18283081,23.14120877,-12.29230037,1.548108093,Severely Wet
01-09-2021,West Bengal,Maldah,2021,9,5.38649218,28.01527174,25.13748554,88.08888332,27.81155396,28.12796021,25.13045363,-19.74396145,0.922563514,Normal
01-10-2021,West Bengal,Maldah,2021,10,4.350802335,26.55399207,25.13748554,88.08888332,26.38235474,26.80422974,24.87113072,-20.52032838,,
01-11-2021,West Bengal,Maldah,2021,11,0.010486505,21.59818522,25.13748554,88.08888332,21.41104126,21.87002563,18.70531129,-18.69482478,0.037203664,Normal
01-12-2021,West Bengal,Maldah,2021,12,0.233868194,18.95242957,25.13748554,88.08888332,18.63040161,19.33547974,20.34372342,-20.10985522,0.193808204,Normal
01-01-2022,West Bengal,Maldah,2022,1,0.780157725,16.82327178,25.13748554,88.08888332,16.53421021,17.13381958,18.65826202,-17.87810429,,
01-02-2022,West Bengal,Maldah,2022,2,2.984434648,17.91259396,25.13748554,88.08888332,17.66928101,18.19857788,19.28880481,-16.30437016,,
01-03-2022,West Bengal,Maldah,2022,3,0.139286041,25.79842862,25.13748554,88.08888332,25.50048828,26.03759766,30.80219354,-30.6629075,,
01-04-2022,West Bengal,Maldah,2022,4,1.946219242,28.22246945,25.13748554,88.08888332,27.5680542,29.22039795,62.49670813,-60.55048889,,
01-05-2022,West Bengal,Maldah,2022,5,5.69512662,28.12372381,25.13748554,88.08888332,27.70593262,28.66687012,52.13833696,-46.44321034,,
01-06-2022,West Bengal,Maldah,2022,6,5.966992003,28.94663493,25.13748554,88.08888332,28.20285034,29.81417847,67.66524311,-61.69825111,,
01-07-2022,West Bengal,Maldah,2022,7,4.592714252,29.38396107,25.13748554,88.08888332,29.24783325,29.52322388,28.86322553,-24.27051128,,
01-08-2022,West Bengal,Maldah,2022,8,6.276506366,28.80044648,25.13748554,88.08888332,28.63253784,28.96261597,29.82540528,-23.54889891,-2.438384628,Severe Drought
01-09-2022,West Bengal,Maldah,2022,9,6.588614262,27.79361794,25.13748554,88.08888332,27.66299438,27.93252563,23.08214436,-16.4935301,-3.327070762,Severe Drought
01-10-2022,West Bengal,Maldah,2022,10,1.897573991,25.87063136,25.13748554,88.08888332,25.67318726,26.06576538,23.62236831,-21.72479432,,
01-11-2022,West Bengal,Maldah,2022,11,0.026088906,22.09665749,25.13748554,88.08888332,21.83126831,22.30587769,19.26169249,-19.23560358,0.318640809,Normal
01-12-2022,West Bengal,Maldah,2022,12,0.016289613,19.0995132,25.13748554,88.08888332,18.72143555,19.32885742,18.95796057,-18.94167096,0.039471695,Normal
01-01-2023,West Bengal,Maldah,2023,1,0.006603348,17.09605454,25.13748554,88.08888332,16.73519897,17.46176147,20.70054091,-20.69393756,,
01-02-2023,West Bengal,Maldah,2023,2,0.010141546,21.12327252,25.13748554,88.08888332,20.89706421,21.35018921,19.45147854,-19.44133699,,
01-03-2023,West Bengal,Maldah,2023,3,1.261921969,24.65631288,25.13748554,88.08888332,24.34091187,25.04403687,34.31926556,-33.05734359,,
01-04-2023,West Bengal,Maldah,2023,4,0.596397631,28.93866892,25.13748554,88.08888332,28.60302734,29.29248047,40.99828942,-40.40189179,,
01-05-2023,West Bengal,Maldah,2023,5,1.098991394,29.37945187,25.13748554,88.08888332,28.85980225,29.72894287,50.9413467,-49.84235531,,
01-06-2023,West Bengal,Maldah,2023,6,3.628979076,31.22331469,25.13748554,88.08888332,30.65737915,31.7315979,57.93917878,-54.31019971,,
01-07-2023,West Bengal,Maldah,2023,7,5.111580589,29.33059045,25.13748554,88.08888332,29.22494507,29.44564819,25.80970277,-20.69812218,,
01-08-2023,West Bengal,Maldah,2023,8,7.489752105,28.79801247,25.13748554,88.08888332,28.68887329,28.91348267,24.60193341,-17.11218131,-1.302627895,Moderate Drought
01-09-2023,West Bengal,Maldah,2023,9,5.032509544,28.65416186,25.13748554,88.08888332,28.47116089,28.77194214,24.84377247,-19.81126293,-1.615217497,Severe Drought
01-10-2023,West Bengal,Maldah,2023,10,2.288439202,26.39495665,25.13748554,88.08888332,26.25723267,26.57754517,21.59387466,-19.30543546,,
01-11-2023,West Bengal,Maldah,2023,11,0.080410697,23.85023822,25.13748554,88.08888332,23.61450195,24.0480957,19.21979586,-19.13938516,0.169682994,Normal
01-12-2023,West Bengal,Maldah,2023,12,0.382988467,19.84942812,25.13748554,88.08888332,19.50082397,20.11019897,19.37431994,-18.99133147,0.674227083,Normal
01-01-2024,West Bengal,Maldah,2024,1,0.022163581,16.91481157,25.13748554,88.08888332,16.62432861,17.14190674,17.38087548,-17.3587119,,
01-02-2024,West Bengal,Maldah,2024,2,0.512863159,19.91618578,25.13748554,88.08888332,19.50857544,20.25857544,25.1149677,-24.60210454,,
01-03-2024,West Bengal,Maldah,2024,3,1.958327322,24.21802128,25.13748554,88.08888332,24.00234985,24.44961548,27.08930107,-25.13097375,,
01-04-2024,West Bengal,Maldah,2024,4,0.089355931,30.81406657,25.13748554,88.08888332,30.46575928,31.4442749,50.80223932,-50.71288339,,
01-05-2024,West Bengal,Maldah,2024,5,4.399320198,30.12989391,25.13748554,88.08888332,29.9017334,30.4251709,40.16163561,-35.76231541,,
01-06-2024,West Bengal,Maldah,2024,6,5.823793816,30.27292517,25.13748554,88.08888332,29.31613159,31.50558472,81.11322593,-75.28943212,,
01-07-2024,West Bengal,Maldah,2024,7,11.50418738,29.3055272,25.13748554,88.08888332,29.15466309,29.42614746,28.61015236,-17.10596498,,
01-08-2024,West Bengal,Maldah,2024,8,13.20500784,28.2086718,25.13748554,88.08888332,28.09030151,28.39889526,28.4722088,-15.26720096,-2.323578579,Severe Drought
01-09-2024,West Bengal,Maldah,2024,9,13.55315237,28.72366795,25.13748554,88.08888332,28.55587769,28.81369019,23.03527848,-9.482126113,1.87864301,Severely Wet
01-10-2024,West Bengal,Maldah,2024,10,2.729790659,26.72099905,25.13748554,88.08888332,26.51663208,26.90335083,23.90195566,-21.172165,,
01-11-2024,West Bengal,Maldah,2024,11,0.090309533,23.19665897,25.13748554,88.08888332,23.02200317,23.39505005,17.54768967,-17.45738014,1.73718306,Severely Wet
01-12-2024,West Bengal,Maldah,2024,12,0.011716396,18.43469978,25.13748554,88.08888332,18.20150757,18.64486694,15.90480613,-15.89308974,1.311842185,Moderately Wet
01-01-2025,West Bengal,Maldah,2025,1,0.004406627,17.94566761,25.13748554,88.08888332,17.63961792,18.21188354,18.81876494,-18.81435832,,
01-02-2025,West Bengal,Maldah,2025,2,0.121473876,20.84193744,25.13748554,88.08888332,20.45877075,21.16775513,24.15524719,-24.03377331,,
01-03-2025,West Bengal,Maldah,2025,3,0.471419508,25.61565607,25.13748554,88.08888332,25.33132935,25.9055481,31.71498375,-31.24356424,,
01-04-2025,West Bengal,Maldah,2025,4,3.37356683,27.92006429,25.13748554,88.08888332,27.41485596,28.62774658,53.19302326,-49.81945643,,
01-05-2025,West Bengal,Maldah,2025,5,9.799264619,28.40873025,25.13748554,88.08888332,27.84457397,29.0652771,59.12914119,-49.32987657,,
01-06-2025,West Bengal,Maldah,2025,6,7.526208126,28.91265869,25.13748554,88.08888332,28.80227661,29.02102661,24.91333774,-17.38712961,,
01-07-2025,West Bengal,Maldah,2025,7,8.753075802,28.25133722,25.13748554,88.08888332,28.00411987,28.51193237,38.25338094,-29.50030514,,
01-08-2025,West Bengal,Maldah,2025,8,8.870059851,28.06524288,25.13748554,88.08888332,27.92153931,28.21060181,27.47055766,-18.60049781,0.579798037,Normal
01-09-2025,West Bengal,Maldah,2025,9,8.812852339,28.53053052,25.13748554,88.08888332,28.40298462,28.65493774,22.67747402,-13.86462168,-2.726277214,Severe Drought
01-10-2025,West Bengal,Maldah,2025,10,5.174434777,26.48303223,25.13748554,88.08888332,26.19497681,26.77114868,29.01912393,-23.84468915,,
01-01-2013,West Bengal,Medinipur East,2013,1,0.087419748,19.2911303,22.03155861,87.77288815,18.43057251,20.01260376,34.84195316,-34.75453342,,
01-02-2013,West Bengal,Medinipur East,2013,2,0.179571036,22.41484671,22.03155861,87.77288815,21.67532349,22.83938599,33.86277479,-33.68320375,,
01-03-2013,West Bengal,Medinipur East,2013,3,0.200353883,27.51271566,22.03155861,87.77288815,27.03875732,27.79852295,39.17877324,-38.97841936,,
01-04-2013,West Bengal,Medinipur East,2013,4,1.226956801,30.02678704,22.03155861,87.77288815,29.36639404,30.47967529,53.72636857,-52.49941177,,
01-05-2013,West Bengal,Medinipur East,2013,5,3.623700229,30.36575595,22.03155861,87.77288815,29.73110962,30.89126587,59.68042788,-56.05672765,,
01-06-2013,West Bengal,Medinipur East,2013,6,8.985518022,28.65495162,22.03155861,87.77288815,28.5333252,28.76184082,24.98063115,-15.99511313,,
01-07-2013,West Bengal,Medinipur East,2013,7,10.51138398,28.08382901,22.03155861,87.77288815,28.00363159,28.18917847,22.7919599,-12.28057592,,
01-08-2013,West Bengal,Medinipur East,2013,8,9.479285963,27.72835286,22.03155861,87.77288815,27.60110474,27.89797974,27.66735143,-18.18806547,1.400456651,Moderately Wet
01-09-2013,West Bengal,Medinipur East,2013,9,10.09830359,27.52773955,22.03155861,87.77288815,27.37930298,27.70352173,25.67615006,-15.57784647,,
01-10-2013,West Bengal,Medinipur East,2013,10,14.03354344,25.67119437,22.03155861,87.77288815,25.35348511,26.00778198,31.66838232,-17.63483888,,
01-11-2013,West Bengal,Medinipur East,2013,11,0.001728489,22.74259995,22.03155861,87.77288815,22.11126709,23.41400146,34.603979,-34.60225051,1.817681325,Severely Wet
01-12-2013,West Bengal,Medinipur East,2013,12,0.008750568,20.55285645,22.03155861,87.77288815,19.79214478,21.23745728,32.82677436,-32.81802379,,
01-01-2014,West Bengal,Medinipur East,2014,1,0.002930597,19.32623846,22.03155861,87.77288815,18.43478394,19.98361206,34.50702018,-34.50408959,,
01-02-2014,West Bengal,Medinipur East,2014,2,1.240190217,21.84338009,22.03155861,87.77288815,21.09225464,22.31881714,34.26600651,-33.02581629,,
01-03-2014,West Bengal,Medinipur East,2014,3,1.107030233,26.9617513,22.03155861,87.77288815,26.34616089,27.13717651,39.49030796,-38.38327773,,
01-04-2014,West Bengal,Medinipur East,2014,4,0.336169041,31.26207756,22.03155861,87.77288815,30.4503479,31.8097229,60.90169885,-60.56552981,,
01-05-2014,West Bengal,Medinipur East,2014,5,2.941337817,30.95128655,22.03155861,87.77288815,30.2762146,31.89535522,71.36145078,-68.42011296,,
01-06-2014,West Bengal,Medinipur East,2014,6,10.28893026,30.08766313,22.03155861,87.77288815,29.76397705,30.32843018,40.47166172,-30.18273146,,
01-07-2014,West Bengal,Medinipur East,2014,7,9.334669633,28.2014678,22.03155861,87.77288815,28.09274292,28.39743042,29.28155926,-19.94688962,,
01-08-2014,West Bengal,Medinipur East,2014,8,13.26201468,28.09428082,22.03155861,87.77288815,28.04486084,28.18743896,19.32786329,-6.065848611,0.649260439,Normal
01-09-2014,West Bengal,Medinipur East,2014,9,6.082513058,27.83187959,22.03155861,87.77288815,27.64633179,28.04281616,28.58434029,-22.50182724,,
01-10-2014,West Bengal,Medinipur East,2014,10,2.204856641,26.29017593,22.03155861,87.77288815,25.93032837,26.63540649,33.34243676,-31.13758012,,
01-11-2014,West Bengal,Medinipur East,2014,11,0.006252923,23.83573775,22.03155861,87.77288815,23.18191528,24.38894653,34.20676701,-34.20051408,-2.520223095,Severe Drought
01-12-2014,West Bengal,Medinipur East,2014,12,0.16943316,20.15398615,22.03155861,87.77288815,19.40084839,20.79342651,31.88722998,-31.71779682,,
01-01-2015,West Bengal,Medinipur East,2015,1,1.543638634,19.25446481,22.03155861,87.77288815,18.78115845,19.70303345,26.57060599,-25.02696736,,
01-02-2015,West Bengal,Medinipur East,2015,2,0.618081064,23.14278527,22.03155861,87.77288815,23.00387573,23.30856323,17.63813562,-17.02005456,,
01-03-2015,West Bengal,Medinipur East,2015,3,0.81159794,27.00570401,22.03155861,87.77288815,26.68728638,27.17752075,31.11903381,-30.30743587,,
01-04-2015,West Bengal,Medinipur East,2015,4,4.188674002,28.5460538,22.03155861,87.77288815,28.26586914,28.85180664,37.77045719,-33.58178318,,
01-05-2015,West Bengal,Medinipur East,2015,5,0.702658798,30.89571126,22.03155861,87.77288815,30.2918396,31.41488647,59.36424651,-58.66158771,,
01-06-2015,West Bengal,Medinipur East,2015,6,7.326148293,29.66057795,22.03155861,87.77288815,29.38986206,29.90158081,38.19109732,-30.86494902,,
01-07-2015,West Bengal,Medinipur East,2015,7,23.31381873,27.98367957,22.03155861,87.77288815,27.81790161,28.27297974,35.61630545,-12.30248672,,
01-08-2015,West Bengal,Medinipur East,2015,8,9.261258212,28.28188994,22.03155861,87.77288815,28.22525024,28.36782837,19.40687346,-10.14561524,0.904100747,Normal
01-09-2015,West Bengal,Medinipur East,2015,9,6.154457323,28.51000237,22.03155861,87.77288815,28.35452271,28.66897583,25.83446886,-19.68001154,,
01-10-2015,West Bengal,Medinipur East,2015,10,1.691456997,27.0896292,22.03155861,87.77288815,26.70675659,27.37081909,32.94483839,-31.25338139,,
01-11-2015,West Bengal,Medinipur East,2015,11,0.050299998,24.93024606,22.03155861,87.77288815,24.55163574,25.23913574,26.49465404,-26.44435404,-0.20144141,Normal
01-12-2015,West Bengal,Medinipur East,2015,12,0.724078323,21.66590835,22.03155861,87.77288815,20.84310913,22.22982788,33.08764919,-32.36357087,,
01-01-2016,West Bengal,Medinipur East,2016,1,0.560503179,20.45882901,22.03155861,87.77288815,19.70581055,20.9675293,32.09503455,-31.53453137,,
01-02-2016,West Bengal,Medinipur East,2016,2,4.117504235,24.85836145,22.03155861,87.77288815,24.56521606,25.00271606,22.80768153,-18.6901773,,
01-03-2016,West Bengal,Medinipur East,2016,3,0.660408829,27.87899873,22.03155861,87.77288815,27.3555603,28.36141968,45.44395611,-44.78354728,,
01-04-2016,West Bengal,Medinipur East,2016,4,0.251326648,31.83020389,22.03155861,87.77288815,30.89578247,32.6789856,70.560281,-70.30895435,,
01-05-2016,West Bengal,Medinipur East,2016,5,4.600308505,30.65985662,22.03155861,87.77288815,30.23620605,31.0526123,50.36984223,-45.76953373,,
01-06-2016,West Bengal,Medinipur East,2016,6,5.611998587,29.52434193,22.03155861,87.77288815,29.26031494,29.71148682,35.75765621,-30.14565762,,
01-07-2016,West Bengal,Medinipur East,2016,7,8.776614102,28.16333378,22.03155861,87.77288815,28.05603027,28.2923584,25.76703348,-16.99041938,,
01-08-2016,West Bengal,Medinipur East,2016,8,15.37103087,27.96724077,22.03155861,87.77288815,27.87112427,28.16409302,27.6289394,-12.25790853,0.329366104,Normal
01-09-2016,West Bengal,Medinipur East,2016,9,8.940854159,27.59529622,22.03155861,87.77288815,27.43673706,27.79415894,26.9990325,-18.05817834,,
01-10-2016,West Bengal,Medinipur East,2016,10,2.998650753,26.6116259,22.03155861,87.77288815,26.26763916,26.98834229,33.95562764,-30.95697688,,
01-11-2016,West Bengal,Medinipur East,2016,11,1.472167275,22.91648541,22.03155861,87.77288815,22.33190918,23.40222168,31.50011143,-30.02794415,-0.629524837,Normal
01-12-2016,West Bengal,Medinipur East,2016,12,0.004239257,21.04278749,22.03155861,87.77288815,20.5652771,21.50668335,26.83172184,-26.82748259,,
01-01-2017,West Bengal,Medinipur East,2017,1,0.01486447,20.31237423,22.03155861,87.77288815,19.62380981,20.75076294,30.21647695,-30.20161248,,
01-02-2017,West Bengal,Medinipur East,2017,2,0.009439355,23.87917628,22.03155861,87.77288815,23.47671509,23.98257446,23.13566579,-23.12622643,,
01-03-2017,West Bengal,Medinipur East,2017,3,2.543570316,26.1693966,22.03155861,87.77288815,25.8430481,26.5383606,36.36900714,-33.82543682,,
01-04-2017,West Bengal,Medinipur East,2017,4,0.846476179,29.6813336,22.03155861,87.77288815,28.96542358,30.61972046,65.0194763,-64.17300012,,
01-05-2017,West Bengal,Medinipur East,2017,5,0.953964002,31.24772135,22.03155861,87.77288815,30.60543823,31.78317261,61.23191156,-60.27794756,,
01-06-2017,West Bengal,Medinipur East,2017,6,6.981464733,29.82987467,22.03155861,87.77288815,29.60852051,30.07336426,36.52972358,-29.54825885,,
01-07-2017,West Bengal,Medinipur East,2017,7,18.7026996,27.96654534,22.03155861,87.77288815,27.84036255,28.13919067,28.85054715,-10.14784755,,
01-08-2017,West Bengal,Medinipur East,2017,8,9.854464444,28.2351814,22.03155861,87.77288815,28.17404175,28.3732605,22.91679072,-13.06232627,0.949712005,Normal
01-09-2017,West Bengal,Medinipur East,2017,9,8.349862763,28.46138879,22.03155861,87.77288815,28.28543091,28.66824341,28.474657,-20.12479424,,
01-10-2017,West Bengal,Medinipur East,2017,10,7.330071652,26.78011808,22.03155861,87.77288815,26.47732544,27.08474731,31.2912788,-23.96120715,,
01-11-2017,West Bengal,Medinipur East,2017,11,2.946996053,22.67837802,22.03155861,87.77288815,22.13546753,23.3444519,33.28280749,-30.33581144,0.537737242,Normal
01-12-2017,West Bengal,Medinipur East,2017,12,2.512017684,19.96198065,22.03155861,87.77288815,19.43191528,20.52371216,28.0915243,-25.57950662,,
01-01-2018,West Bengal,Medinipur East,2018,1,0.0017121,18.21605336,22.03155861,87.77288815,17.58584595,18.80654907,29.71844244,-29.71673034,,
01-02-2018,West Bengal,Medinipur East,2018,2,0.037972891,24.03665993,22.03155861,87.77288815,23.79376221,24.18243408,20.35619184,-20.31821895,,
01-03-2018,West Bengal,Medinipur East,2018,3,0.413251703,27.61586322,22.03155861,87.77288815,27.18771362,27.86935425,37.19428621,-36.78103451,,
01-04-2018,West Bengal,Medinipur East,2018,4,2.614315149,28.76798873,22.03155861,87.77288815,28.48135376,28.95205688,34.01534288,-31.40102773,,
01-05-2018,West Bengal,Medinipur East,2018,5,3.833171266,29.63677794,22.03155861,87.77288815,29.24609375,30.08398438,49.9509963,-46.11782503,,
01-06-2018,West Bengal,Medinipur East,2018,6,6.457538952,29.91543117,22.03155861,87.77288815,29.63204956,30.18087769,39.76403828,-33.30649932,,
01-07-2018,West Bengal,Medinipur East,2018,7,10.95885121,28.40249541,22.03155861,87.77288815,28.33602905,28.5196228,22.82914099,-11.87028978,,
01-08-2018,West Bengal,Medinipur East,2018,8,8.665401574,28.14493445,22.03155861,87.77288815,28.06112671,28.28182983,24.07358154,-15.40817996,0.200095769,Normal
01-09-2018,West Bengal,Medinipur East,2018,9,8.017296993,28.12191125,22.03155861,87.77288815,27.94985962,28.27407837,26.01272192,-17.99542493,,
01-10-2018,West Bengal,Medinipur East,2018,10,5.541017937,26.5937685,22.03155861,87.77288815,26.06796265,27.03475952,39.31212466,-33.77110672,,
01-11-2018,West Bengal,Medinipur East,2018,11,0.346525712,24.0995058,22.03155861,87.77288815,23.69869995,24.40768433,26.38236607,-26.03584036,-0.311041707,Normal
01-12-2018,West Bengal,Medinipur East,2018,12,0.675022703,19.5698982,22.03155861,87.77288815,18.89163208,20.13967896,29.72261253,-29.04758982,,
01-01-2019,West Bengal,Medinipur East,2019,1,0.054980083,19.45650598,22.03155861,87.77288815,18.67111206,19.82736206,29.9194008,-29.86442072,,
01-02-2019,West Bengal,Medinipur East,2019,2,3.217194528,22.9150779,22.03155861,87.77288815,22.6506958,23.04718018,20.00858085,-16.79138632,,
01-03-2019,West Bengal,Medinipur East,2019,3,1.878823829,25.65974935,22.03155861,87.77288815,25.37423706,25.81954956,28.76806035,-26.88923652,,
01-04-2019,West Bengal,Medinipur East,2019,4,1.327957847,29.19179096,22.03155861,87.77288815,28.75198364,29.48831177,42.9310516,-41.60309376,,
01-05-2019,West Bengal,Medinipur East,2019,5,2.775218386,30.75837846,22.03155861,87.77288815,30.15634155,31.27548218,59.09378564,-56.31856725,,
01-06-2019,West Bengal,Medinipur East,2019,6,4.891218706,30.5917118,22.03155861,87.77288815,30.16711426,30.94445801,47.99444674,-43.10322804,,
01-07-2019,West Bengal,Medinipur East,2019,7,6.476902817,29.21973396,22.03155861,87.77288815,29.0763855,29.365448,29.15219338,-22.67529056,,
01-08-2019,West Bengal,Medinipur East,2019,8,16.3895874,28.35377086,22.03155861,87.77288815,28.30334473,28.43029785,18.34119859,-1.951611194,-0.67562834,Normal
01-09-2019,West Bengal,Medinipur East,2019,9,11.8075543,27.68344949,22.03155861,87.77288815,27.53915405,27.85360718,25.37336899,-13.56581469,,
01-10-2019,West Bengal,Medinipur East,2019,10,5.501692338,26.50106534,22.03155861,87.77288815,26.10641479,26.86422729,34.73217158,-29.23047925,,
01-11-2019,West Bengal,Medinipur East,2019,11,5.715146151,23.93989702,22.03155861,87.77288815,23.50973511,24.36129761,28.8035585,-23.08841235,2.09766052,Severely Wet
01-12-2019,West Bengal,Medinipur East,2019,12,0.326053851,20.18685266,22.03155861,87.77288815,19.50106812,20.82138062,31.07572685,-30.749673,,
01-01-2020,West Bengal,Medinipur East,2020,1,1.152368488,18.90990101,22.03155861,87.77288815,18.42126465,19.33337402,26.18373323,-25.03136475,,
01-02-2020,West Bengal,Medinipur East,2020,2,0.412200321,21.35245398,22.03155861,87.77288815,20.94644165,21.54605103,24.50649146,-24.09429114,,
01-03-2020,West Bengal,Medinipur East,2020,3,0.9715145,26.63532789,22.03155861,87.77288815,26.43261719,26.77441406,25.76934327,-24.79782877,,
01-04-2020,West Bengal,Medinipur East,2020,4,6.707318855,28.9619455,22.03155861,87.77288815,28.57818604,29.28912354,41.97803605,-35.27071719,,
01-05-2020,West Bengal,Medinipur East,2020,5,7.594745983,28.94388095,22.03155861,87.77288815,28.80532837,29.08462524,28.41797363,-20.82322764,,
01-06-2020,West Bengal,Medinipur East,2020,6,6.656049324,29.10103908,22.03155861,87.77288815,28.98077393,29.2210083,25.85910469,-19.20305536,,
01-07-2020,West Bengal,Medinipur East,2020,7,7.055734808,28.89136482,22.03155861,87.77288815,28.82424927,28.98440552,21.54783821,-14.4921034,,
01-08-2020,West Bengal,Medinipur East,2020,8,13.43084347,28.39079146,22.03155861,87.77288815,28.31704712,28.55142212,24.94077134,-11.50992787,1.477812138,Moderately Wet
01-09-2020,West Bengal,Medinipur East,2020,9,6.560747551,28.56560724,22.03155861,87.77288815,28.49612427,28.66604614,19.01373214,-12.45298459,,
01-10-2020,West Bengal,Medinipur East,2020,10,4.174006607,27.2191458,22.03155861,87.77288815,26.9125061,27.5062561,31.24179275,-27.06778614,,
01-11-2020,West Bengal,Medinipur East,2020,11,0.08756548,24.08325935,22.03155861,87.77288815,23.66848755,24.6645813,31.2591444,-31.17157892,1.329361739,Moderately Wet
01-12-2020,West Bengal,Medinipur East,2020,12,0.000801406,20.66955751,22.03155861,87.77288815,19.99578857,21.23602295,30.50132386,-30.50052246,,
01-01-2021,West Bengal,Medinipur East,2021,1,0.038302779,20.81551662,22.03155861,87.77288815,20.02337646,21.21282959,31.45287955,-31.41457677,,
01-02-2021,West Bengal,Medinipur East,2021,2,0.023160642,22.90712669,22.03155861,87.77288815,22.25839233,23.08651733,28.9112169,-28.88805626,,
01-03-2021,West Bengal,Medinipur East,2021,3,0.205825676,28.27537213,22.03155861,87.77288815,27.62924194,28.61361694,45.34611239,-45.14028672,,
01-04-2021,West Bengal,Medinipur East,2021,4,0.402667017,29.85884603,22.03155861,87.77288815,29.04214478,30.43276978,59.83597502,-59.43330801,,
01-05-2021,West Bengal,Medinipur East,2021,5,4.515190356,29.81094638,22.03155861,87.77288815,29.55905151,30.06100464,38.80375044,-34.28856009,,
01-06-2021,West Bengal,Medinipur East,2021,6,8.912800182,29.09207801,22.03155861,87.77288815,28.92044067,29.22903442,29.30262255,-20.38982237,,
01-07-2021,West Bengal,Medinipur East,2021,7,9.016590465,28.55534594,22.03155861,87.77288815,28.45727539,28.72290039,27.55050042,-18.53390995,,
01-08-2021,West Bengal,Medinipur East,2021,8,8.161872633,28.23000266,22.03155861,87.77288815,28.13204956,28.43283081,28.15562773,-19.9937551,0.379556389,Normal
01-09-2021,West Bengal,Medinipur East,2021,9,16.83383826,27.26544744,22.03155861,87.77288815,27.06546021,27.52444458,30.37312067,-13.53928241,,
01-10-2021,West Bengal,Medinipur East,2021,10,6.619210908,27.11128374,22.03155861,87.77288815,26.83547974,27.38235474,29.91137583,-23.29216492,,
01-11-2021,West Bengal,Medinipur East,2021,11,1.175425212,23.11375104,22.03155861,87.77288815,22.54580688,23.82315063,34.57878266,-33.40335744,1.413559227,Moderately Wet
01-12-2021,West Bengal,Medinipur East,2021,12,3.392698808,19.38631925,22.03155861,87.77288815,18.93313599,20.07376099,28.27510668,-24.88240787,,
01-01-2022,West Bengal,Medinipur East,2022,1,1.042800325,18.45667614,22.03155861,87.77288815,17.78421021,19.08303833,30.85948857,-29.81668824,,
01-02-2022,West Bengal,Medinipur East,2022,2,1.19002348,20.99243534,22.03155861,87.77288815,20.05795288,21.60482788,37.65499814,-36.46497466,,
01-03-2022,West Bengal,Medinipur East,2022,3,0.066313931,27.10915305,22.03155861,87.77288815,26.81494141,27.29541016,30.87865382,-30.81233989,,
01-04-2022,West Bengal,Medinipur East,2022,4,0.079981905,30.02644672,22.03155861,87.77288815,29.16375732,30.86297607,66.37531502,-66.29533311,,
01-05-2022,West Bengal,Medinipur East,2022,5,2.233302723,30.14727968,22.03155861,87.77288815,29.87390137,30.41882324,40.71612103,-38.48281831,,
01-06-2022,West Bengal,Medinipur East,2022,6,3.541662968,30.07808801,22.03155861,87.77288815,29.73605347,30.40988159,44.21043757,-40.6687746,,
01-07-2022,West Bengal,Medinipur East,2022,7,7.682430383,28.33637399,22.03155861,87.77288815,28.23416138,28.44314575,24.32179107,-16.63936069,,
01-08-2022,West Bengal,Medinipur East,2022,8,13.1024022,28.09412731,22.03155861,87.77288815,27.98214722,28.24191284,26.08836045,-12.98595825,-1.018444852,Moderate Drought
01-09-2022,West Bengal,Medinipur East,2022,9,4.705913197,28.12197783,22.03155861,87.77288815,27.98135376,28.31533813,26.40161149,-21.69569829,,
01-10-2022,West Bengal,Medinipur East,2022,10,2.254098141,26.3955485,22.03155861,87.77288815,26.08334351,26.86459351,35.18118218,-32.92708404,,
01-11-2022,West Bengal,Medinipur East,2022,11,0.001326563,23.25349935,22.03155861,87.77288815,22.52462769,23.96603394,36.85784083,-36.85651427,-3.140363182,Severe Drought
01-12-2022,West Bengal,Medinipur East,2022,12,0.002322147,21.16307854,22.03155861,87.77288815,20.41088867,21.71362305,31.6614512,-31.65912906,,
01-01-2023,West Bengal,Medinipur East,2023,1,0.050828981,20.67258153,22.03155861,87.77288815,19.96176147,21.06918335,30.23658744,-30.18575846,,
01-02-2023,West Bengal,Medinipur East,2023,2,0.055235733,23.76241788,22.03155861,87.77288815,23.24276733,23.94003296,27.08618928,-27.03095354,,
01-03-2023,West Bengal,Medinipur East,2023,3,1.250746987,26.85316421,22.03155861,87.77288815,26.40731812,27.07528687,36.20105545,-34.95030846,,
01-04-2023,West Bengal,Medinipur East,2023,4,0.757334565,30.18973426,22.03155861,87.77288815,29.84912109,30.48583984,40.76955752,-40.01222296,,
01-05-2023,West Bengal,Medinipur East,2023,5,0.731947928,31.00362327,22.03155861,87.77288815,30.66448975,31.29144287,44.45339201,-43.72144408,,
01-06-2023,West Bengal,Medinipur East,2023,6,2.455934467,31.54161118,22.03155861,87.77288815,31.11050415,31.97183228,51.51231778,-49.05638332,,
01-07-2023,West Bengal,Medinipur East,2023,7,5.035367099,28.95772298,22.03155861,87.77288815,28.87533569,29.06674194,23.5899273,-18.5545602,,
01-08-2023,West Bengal,Medinipur East,2023,8,6.48448736,28.73042066,22.03155861,87.77288815,28.62246704,28.93301392,28.9200739,-22.43558654,-4.169410531,Severe Drought
01-09-2023,West Bengal,Medinipur East,2023,9,6.449869792,28.24010121,22.03155861,87.77288815,28.10592651,28.41452026,25.44348594,-18.99361615,,
01-10-2023,West Bengal,Medinipur East,2023,10,2.222425287,27.19538278,22.03155861,87.77288815,26.77676392,27.64981079,37.8637493,-35.64132402,,
01-11-2023,West Bengal,Medinipur East,2023,11,0.308493412,24.78614021,22.03155861,87.77288815,24.31762695,25.20043945,29.92189018,-29.61339677,-1.832779595,Severe Drought
01-12-2023,West Bengal,Medinipur East,2023,12,0.768490705,20.66944469,22.03155861,87.77288815,20.2605896,21.15512085,25.90378886,-25.13529815,,
01-01-2024,West Bengal,Medinipur East,2024,1,0.365791003,19.31046734,22.03155861,87.77288815,18.56573486,19.85870361,31.51485646,-31.14906546,,
01-02-2024,West Bengal,Medinipur East,2024,2,0.183339524,23.37801107,22.03155861,87.77288815,22.75076294,23.50662231,28.9383529,-28.75501337,,
01-03-2024,West Bengal,Medinipur East,2024,3,1.71492513,26.88717374,22.03155861,87.77288815,26.4203186,27.09024048,36.28155484,-34.56662971,,
01-04-2024,West Bengal,Medinipur East,2024,4,0.20286011,32.08744673,22.03155861,87.77288815,31.25091553,32.51263428,59.66043134,-59.45757123,,
01-05-2024,West Bengal,Medinipur East,2024,5,6.829926462,30.77951512,22.03155861,87.77288815,30.4251709,31.1282959,46.86026615,-40.03033969,,
01-06-2024,West Bengal,Medinipur East,2024,6,2.911470587,31.11229729,22.03155861,87.77288815,30.63058472,31.75167847,58.25758478,-55.3461142,,
01-07-2024,West Bengal,Medinipur East,2024,7,10.4322778,28.80375163,22.03155861,87.77288815,28.73083496,28.91247559,22.90459254,-12.47231474,,
01-08-2024,West Bengal,Medinipur East,2024,8,14.75077496,28.05704013,22.03155861,87.77288815,27.94381714,28.24850464,28.23138422,-13.48060926,-2.560875044,Severe Drought
01-09-2024,West Bengal,Medinipur East,2024,9,15.45579205,28.36607037,22.03155861,87.77288815,28.26095581,28.55587769,24.94153545,-9.485743397,,
01-10-2024,West Bengal,Medinipur East,2024,10,7.964523778,27.64897017,22.03155861,87.77288815,27.32913208,28.03616333,34.4175726,-26.45304882,,
01-11-2024,West Bengal,Medinipur East,2024,11,0.401024732,23.85823568,22.03155861,87.77288815,23.27786255,24.51223755,34.61074434,-34.20971961,1.429141786,Moderately Wet
01-12-2024,West Bengal,Medinipur East,2024,12,0.315151215,20.49282005,22.03155861,87.77288815,19.75033569,21.24447632,33.32442805,-33.00927684,,
01-01-2025,West Bengal,Medinipur East,2025,1,0.055671363,19.93282434,22.03155861,87.77288815,19.30758667,20.34664917,28.72533122,-28.66965986,,
01-02-2025,West Bengal,Medinipur East,2025,2,1.180149656,24.10643791,22.03155861,87.77288815,23.2986145,24.46853638,35.375872,-34.19572234,,
01-03-2025,West Bengal,Medinipur East,2025,3,0.375997717,27.29836204,22.03155861,87.77288815,27.13601685,27.41726685,23.72454844,-23.34855073,,
01-04-2025,West Bengal,Medinipur East,2025,4,2.30380434,29.45794308,22.03155861,87.77288815,29.12969971,29.79180908,40.94053515,-38.63673081,,
01-05-2025,West Bengal,Medinipur East,2025,5,4.34696868,29.7755053,22.03155861,87.77288815,29.55160522,30.0184021,37.39234372,-33.04537504,,
01-06-2025,West Bengal,Medinipur East,2025,6,13.86200321,28.97261186,22.03155861,87.77288815,28.82962036,29.17337036,30.84795828,-16.98595507,,
01-07-2025,West Bengal,Medinipur East,2025,7,20.15598551,28.01181493,22.03155861,87.77288815,27.85958862,28.22872925,32.09730829,-11.94132278,,
01-08-2025,West Bengal,Medinipur East,2025,8,9.832242099,28.03156442,22.03155861,87.77288815,27.90396118,28.25552368,30.30852408,-20.47628198,1.204244031,Moderately Wet
01-09-2025,West Bengal,Medinipur East,2025,9,9.681604559,28.05947044,22.03155861,87.77288815,27.86587524,28.27017212,29.00854928,-19.32694472,,
01-10-2025,West Bengal,Medinipur East,2025,10,4.009294452,26.99001613,22.03155861,87.77288815,26.68716431,27.31216431,31.89026388,-27.88096943,,
01-01-2013,West Bengal,Medinipur West,2013,1,0.075710297,18.35110813,22.43919141,87.41730415,17.75479126,19.20010376,32.17187734,-32.09616705,,
01-02-2013,West Bengal,Medinipur West,2013,2,0.393512231,21.65372947,22.43919141,87.41730415,21.12649536,22.41555786,34.74159007,-34.34807784,,
01-03-2013,West Bengal,Medinipur West,2013,3,0.150935314,27.38981346,22.43919141,87.41730415,26.78875732,28.06219482,50.40614311,-50.2552078,,
01-04-2013,West Bengal,Medinipur West,2013,4,1.36244569,30.45732286,22.43919141,87.41730415,30.14764404,30.64373779,36.1565773,-34.79413161,,
01-05-2013,West Bengal,Medinipur West,2013,5,4.57480141,30.71490479,22.43919141,87.41730415,30.30728149,31.01040649,46.84643817,-42.27163676,,
01-06-2013,West Bengal,Medinipur West,2013,6,8.127260561,28.56660066,22.43919141,87.41730415,28.29504395,28.7520752,35.32889915,-27.20163859,,
01-07-2013,West Bengal,Medinipur West,2013,7,7.601880109,27.97748255,22.43919141,87.41730415,27.61886597,28.18331909,39.72268998,-32.12080987,-0.184088819,Normal
01-08-2013,West Bengal,Medinipur West,2013,8,8.792528506,27.48091408,22.43919141,87.41730415,27.16360474,27.75540161,38.85088111,-30.05835261,,
01-09-2013,West Bengal,Medinipur West,2013,9,8.801765724,27.3633875,22.43919141,87.41730415,27.19766235,27.47109985,23.43717976,-14.63541403,,
01-10-2013,West Bengal,Medinipur West,2013,10,12.71778135,25.256047,22.43919141,87.41730415,24.96871948,25.47067261,27.3278038,-14.61002245,,
01-11-2013,West Bengal,Medinipur West,2013,11,0.005815371,21.8849216,22.43919141,87.41730415,21.50189209,22.38470459,27.65694038,-27.65112501,,
01-12-2013,West Bengal,Medinipur West,2013,12,0.01265954,19.4763161,22.43919141,87.41730415,19.04214478,20.1847229,28.09494171,-28.08228217,,
01-01-2014,West Bengal,Medinipur West,2014,1,0.007981828,18.42397054,22.43919141,87.41730415,17.86056519,19.21994019,31.26364438,-31.25566255,,
01-02-2014,West Bengal,Medinipur West,2014,2,1.367313244,21.16003644,22.43919141,87.41730415,20.53170776,21.89498901,35.28066213,-33.91334889,,
01-03-2014,West Bengal,Medinipur West,2014,3,0.943894634,26.41434055,22.43919141,87.41730415,25.44381714,27.05123901,55.40923965,-54.46534501,,
01-04-2014,West Bengal,Medinipur West,2014,4,0.397009744,31.76465522,22.43919141,87.41730415,31.28042603,31.9815979,44.14957638,-43.75256664,,
01-05-2014,West Bengal,Medinipur West,2014,5,2.789061935,31.85481093,22.43919141,87.41730415,30.9949646,32.2137146,63.12534574,-60.3362838,,
01-06-2014,West Bengal,Medinipur West,2014,6,9.430318197,30.39194291,22.43919141,87.41730415,30.14874268,30.6116333,36.95434642,-27.52402822,,
01-07-2014,West Bengal,Medinipur West,2014,7,9.785200331,27.91934995,22.43919141,87.41730415,27.49118042,28.30563354,47.65471742,-37.86951708,-2.484619174,Severe Drought
01-08-2014,West Bengal,Medinipur West,2014,8,11.57778026,27.94091119,22.43919141,87.41730415,27.64642334,28.11126709,34.78224945,-23.20446919,,
01-09-2014,West Bengal,Medinipur West,2014,9,5.045525445,27.55956353,22.43919141,87.41730415,27.32211304,27.79476929,30.94791348,-25.90238804,,
01-10-2014,West Bengal,Medinipur West,2014,10,2.120291533,25.90511746,22.43919141,87.41730415,25.68814087,26.13345337,26.12785324,-24.00756171,,
01-11-2014,West Bengal,Medinipur West,2014,11,0.008222222,22.98023591,22.43919141,87.41730415,22.73074341,23.62136841,28.54575569,-28.53753347,,
01-12-2014,West Bengal,Medinipur West,2014,12,0.064150678,19.1870185,22.43919141,87.41730415,18.68600464,19.82077026,27.78143068,-27.71728,,
01-01-2015,West Bengal,Medinipur West,2015,1,1.570838363,18.5799131,22.43919141,87.41730415,18.28311157,19.14639282,25.02140671,-23.45056835,,
01-02-2015,West Bengal,Medinipur West,2015,2,0.563916312,22.96416332,22.43919141,87.41730415,22.62106323,23.21871948,24.44155921,-23.8776429,,
01-03-2015,West Bengal,Medinipur West,2015,3,0.940523077,27.07592095,22.43919141,87.41730415,26.650177,27.44900513,39.645523,-38.70499992,,
01-04-2015,West Bengal,Medinipur West,2015,4,3.907733493,28.82254593,22.43919141,87.41730415,28.44360352,29.29711914,45.81882326,-41.91108977,,
01-05-2015,West Bengal,Medinipur West,2015,5,1.878215366,31.43398483,22.43919141,87.41730415,31.10824585,31.7996521,47.14295061,-45.26473524,,
01-06-2015,West Bengal,Medinipur West,2015,6,7.647783633,29.80833831,22.43919141,87.41730415,29.66525269,29.94064331,28.15849863,-20.51071499,,
01-07-2015,West Bengal,Medinipur West,2015,7,23.35945638,27.80350523,22.43919141,87.41730415,27.54641724,28.20657349,42.79513502,-19.43567864,1.541741958,Severely Wet
01-08-2015,West Bengal,Medinipur West,2015,8,8.825362594,28.17164668,22.43919141,87.41730415,27.90689087,28.34243774,33.83816972,-25.01280712,,
01-09-2015,West Bengal,Medinipur West,2015,9,4.921556261,28.31885896,22.43919141,87.41730415,28.13772583,28.47756958,26.68136242,-21.75980616,,
01-10-2015,West Bengal,Medinipur West,2015,10,1.271550779,26.76361536,22.43919141,87.41730415,26.69308472,26.93917847,19.8047654,-18.53321463,,
01-11-2015,West Bengal,Medinipur West,2015,11,0.028184992,24.52461751,22.43919141,87.41730415,24.34460449,24.79772949,21.13228329,-21.1040983,,
01-12-2015,West Bengal,Medinipur West,2015,12,0.665048529,20.7265738,22.43919141,87.41730415,20.21224976,21.61264038,32.14675816,-31.48170963,,
01-01-2016,West Bengal,Medinipur West,2016,1,0.356069777,19.58026801,22.43919141,87.41730415,18.9753418,20.4284668,33.35552717,-32.99945739,,
01-02-2016,West Bengal,Medinipur West,2016,2,3.256997568,24.49291314,22.43919141,87.41730415,23.92263794,25.00271606,35.30691671,-32.04991915,,
01-03-2016,West Bengal,Medinipur West,2016,3,0.71997805,27.73414216,22.43919141,87.41730415,27.27938843,28.43954468,48.4785368,-47.75855875,,
01-04-2016,West Bengal,Medinipur West,2016,4,0.470129861,33.06465431,22.43919141,87.41730415,32.32351685,34.05984497,71.29748421,-70.82735435,,
01-05-2016,West Bengal,Medinipur West,2016,5,4.042666965,30.82369882,22.43919141,87.41730415,30.49401855,31.11120605,43.9887556,-39.94608863,,
01-06-2016,West Bengal,Medinipur West,2016,6,5.801089251,29.64385082,22.43919141,87.41730415,29.51812744,29.76031494,26.31526171,-20.51417246,,
01-07-2016,West Bengal,Medinipur West,2016,7,7.619669596,27.99345794,22.43919141,87.41730415,27.66149902,28.22595215,39.73655273,-32.11688313,0.840555151,Normal
01-08-2016,West Bengal,Medinipur West,2016,8,12.06655206,27.7669203,22.43919141,87.41730415,27.49026489,28.01760864,36.90591136,-24.8393593,,
01-09-2016,West Bengal,Medinipur West,2016,9,8.124321832,27.38129114,22.43919141,87.41730415,27.14376831,27.57150269,29.32483125,-21.20050942,,
01-10-2016,West Bengal,Medinipur West,2016,10,2.604549267,26.21374738,22.43919141,87.41730415,25.93365479,26.39263916,26.7132229,-24.10867363,,
01-11-2016,West Bengal,Medinipur West,2016,11,0.863601402,22.51022226,22.43919141,87.41730415,22.21472168,22.8026123,22.92491997,-22.06131856,,
01-12-2016,West Bengal,Medinipur West,2016,12,0.003711381,20.35014513,22.43919141,87.41730415,20.00863647,20.81723022,24.18875871,-24.18504733,,
01-01-2017,West Bengal,Medinipur West,2017,1,0.043803127,19.57161684,22.43919141,87.41730415,19.09646606,20.18045044,28.80230933,-28.7585062,,
01-02-2017,West Bengal,Medinipur West,2017,2,0.008085707,23.50257478,22.43919141,87.41730415,22.94937134,23.99429321,32.74490069,-32.73681498,,
01-03-2017,West Bengal,Medinipur West,2017,3,1.259743726,26.81696913,22.43919141,87.41730415,26.25906372,27.35476685,46.16370087,-44.90395715,,
01-04-2017,West Bengal,Medinipur West,2017,4,1.559537676,30.60033502,22.43919141,87.41730415,29.74276733,30.91073608,55.64244284,-54.08290517,,
01-05-2017,West Bengal,Medinipur West,2017,5,2.456923873,31.58757189,22.43919141,87.41730415,31.08200073,31.90231323,51.51010823,-49.05318436,,
01-06-2017,West Bengal,Medinipur West,2017,6,6.415195606,30.09502948,22.43919141,87.41730415,29.96398926,30.23742676,28.22743279,-21.81223719,,
01-07-2017,West Bengal,Medinipur West,2017,7,19.29906548,27.706283,22.43919141,87.41730415,27.3989563,27.99856567,40.69849736,-21.39943188,0.87325347,Normal
01-08-2017,West Bengal,Medinipur West,2017,8,8.585630064,28.0462217,22.43919141,87.41730415,27.7482605,28.27755737,37.20082477,-28.61519471,,
01-09-2017,West Bengal,Medinipur West,2017,9,8.350923891,28.20918556,22.43919141,87.41730415,27.99441528,28.44558716,30.66940582,-22.31848193,,
01-10-2017,West Bengal,Medinipur West,2017,10,6.691079599,26.38469555,22.43919141,87.41730415,26.07498169,26.67654419,30.70090925,-24.00982965,,
01-11-2017,West Bengal,Medinipur West,2017,11,1.546660247,22.02269378,22.43919141,87.41730415,21.7272644,22.34640503,23.24179448,-21.69513424,,
01-12-2017,West Bengal,Medinipur West,2017,12,1.784155386,19.36793122,22.43919141,87.41730415,19.01980591,19.74636841,22.33865784,-20.55450245,,
01-01-2018,West Bengal,Medinipur West,2018,1,0.000817904,17.39964803,22.43919141,87.41730415,16.89834595,17.98428345,27.15280164,-27.15198373,,
01-02-2018,West Bengal,Medinipur West,2018,2,0.04839287,23.90313721,22.43919141,87.41730415,23.34063721,24.31915283,31.99464165,-31.94624878,,
01-03-2018,West Bengal,Medinipur West,2018,3,0.626884672,28.0207949,22.43919141,87.41730415,27.50997925,28.39279175,42.5550356,-41.92815093,,
01-04-2018,West Bengal,Medinipur West,2018,4,3.961133604,28.7115682,22.43919141,87.41730415,28.47549438,28.95010376,34.08563195,-30.12449835,,
01-05-2018,West Bengal,Medinipur West,2018,5,4.315819634,29.69401042,22.43919141,87.41730415,29.19921875,30.17382813,53.99322387,-49.67740424,,
01-06-2018,West Bengal,Medinipur West,2018,6,6.464977688,29.96943495,22.43919141,87.41730415,29.78244019,30.28048706,37.99593285,-31.53095516,,
01-07-2018,West Bengal,Medinipur West,2018,7,12.55043086,28.20524315,22.43919141,87.41730415,27.8477478,28.45516968,41.41191866,-28.8614878,-1.134795918,Moderate Drought
01-08-2018,West Bengal,Medinipur West,2018,8,8.041281241,27.95048692,22.43919141,87.41730415,27.64901733,28.15292358,36.22179336,-28.18051212,,
01-09-2018,West Bengal,Medinipur West,2018,9,7.058841281,27.90399622,22.43919141,87.41730415,27.65884399,28.06900024,29.04816125,-21.98931997,,
01-10-2018,West Bengal,Medinipur West,2018,10,3.938028124,26.00003843,22.43919141,87.41730415,25.59921265,26.4234314,35.6233477,-31.68531957,,
01-11-2018,West Bengal,Medinipur West,2018,11,0.124741925,23.60777226,22.43919141,87.41730415,23.21627808,24.05026245,28.04821267,-27.92347075,,
01-12-2018,West Bengal,Medinipur West,2018,12,1.261825279,18.60672788,22.43919141,87.41730415,18.09671021,19.24905396,27.55655169,-26.29472641,,
01-01-2019,West Bengal,Medinipur West,2019,1,0.075746192,18.41981111,22.43919141,87.41730415,17.90158081,19.23165894,30.92136577,-30.84561958,,
01-02-2019,West Bengal,Medinipur West,2019,2,3.383592394,22.42080575,22.43919141,87.41730415,21.80499268,22.9710083,33.68430513,-30.30071274,,
01-03-2019,West Bengal,Medinipur West,2019,3,1.677215011,25.3895015,22.43919141,87.41730415,25.04025269,25.78829956,36.92297605,-35.24576104,,
01-04-2019,West Bengal,Medinipur West,2019,4,2.030079312,29.33564137,22.43919141,87.41730415,29.06643677,29.49417114,32.7928154,-30.76273609,,
01-05-2019,West Bengal,Medinipur West,2019,5,4.60232883,31.13261583,22.43919141,87.41730415,30.8868103,31.31259155,36.76857697,-32.16624814,,
01-06-2019,West Bengal,Medinipur West,2019,6,5.255369963,30.80180754,22.43919141,87.41730415,30.55578613,30.95617676,34.66141386,-29.4060439,,
01-07-2019,West Bengal,Medinipur West,2019,7,6.975563332,29.14181632,22.43919141,87.41730415,28.79708862,29.35958862,40.66248904,-33.68692571,0.549723594,Normal
01-08-2019,West Bengal,Medinipur West,2019,8,12.45540025,28.15071162,22.43919141,87.41730415,27.80334473,28.36584473,38.43729886,-25.98189861,,
01-09-2019,West Bengal,Medinipur West,2019,9,9.707465278,27.43929263,22.43919141,87.41730415,27.13485718,27.62509155,31.43456742,-21.72710214,,
01-10-2019,West Bengal,Medinipur West,2019,10,6.475163213,25.99081986,22.43919141,87.41730415,25.63180542,26.36032104,33.48432152,-27.0091583,,
01-11-2019,West Bengal,Medinipur West,2019,11,2.55877516,23.42032652,22.43919141,87.41730415,23.12301636,23.67184448,22.65030086,-20.0915257,,
01-12-2019,West Bengal,Medinipur West,2019,12,0.47170088,19.408766,22.43919141,87.41730415,19.15731812,19.98153687,23.81873596,-23.34703508,,
01-01-2020,West Bengal,Medinipur West,2020,1,0.787566291,18.35189254,22.43919141,87.41730415,18.0423584,18.84509277,23.97678104,-23.18921475,,
01-02-2020,West Bengal,Medinipur West,2020,2,0.33919126,20.89193387,22.43919141,87.41730415,20.4737854,21.2706604,27.74470723,-27.40551597,,
01-03-2020,West Bengal,Medinipur West,2020,3,0.799948728,26.59082031,22.43919141,87.41730415,26.35839844,26.74707031,27.35513281,-26.55518408,,
01-04-2020,West Bengal,Medinipur West,2020,4,5.524952076,29.22278962,22.43919141,87.41730415,28.86138916,29.55474854,41.65141852,-36.12646644,,
01-05-2020,West Bengal,Medinipur West,2020,5,6.911723949,29.04501908,22.43919141,87.41730415,28.85610962,29.22525024,32.77513292,-25.86340897,,
01-06-2020,West Bengal,Medinipur West,2020,6,6.786497893,28.94952393,22.43919141,87.41730415,28.65655518,29.2444458,40.39962723,-33.61312934,,
01-07-2020,West Bengal,Medinipur West,2020,7,8.196645666,28.678885,22.43919141,87.41730415,28.34963989,28.95120239,41.63598898,-33.43934331,0.804800076,Normal
01-08-2020,West Bengal,Medinipur West,2020,8,12.9865587,28.2026435,22.43919141,87.41730415,27.91079712,28.45767212,37.94252068,-24.95596198,,
01-09-2020,West Bengal,Medinipur West,2020,9,5.376325819,28.42306179,22.43919141,87.41730415,28.22659302,28.55081177,26.11966351,-20.74333769,,
01-10-2020,West Bengal,Medinipur West,2020,10,3.413319906,26.94910798,22.43919141,87.41730415,26.71133423,27.15859985,26.81057536,-23.39725545,,
01-11-2020,West Bengal,Medinipur West,2020,11,0.075153086,23.61307554,22.43919141,87.41730415,23.3052063,23.93606567,24.39765768,-24.32250459,,
01-12-2020,West Bengal,Medinipur West,2020,12,0.000868586,19.88688377,22.43919141,87.41730415,19.38641357,20.40985107,26.8827126,-26.88184402,,
01-01-2021,West Bengal,Medinipur West,2021,1,0.022433093,19.98152895,22.43919141,87.41730415,19.30853271,20.87103271,34.95935834,-34.93692525,,
01-02-2021,West Bengal,Medinipur West,2021,2,0.136118324,22.31847014,22.43919141,87.41730415,21.60409546,23.05331421,37.45725759,-37.32113927,,
01-03-2021,West Bengal,Medinipur West,2021,3,0.422444096,28.3557694,22.43919141,87.41730415,27.83822632,28.85971069,46.11008894,-45.68764485,,
01-04-2021,West Bengal,Medinipur West,2021,4,0.755395042,30.58315927,22.43919141,87.41730415,29.92105103,30.9659729,52.61121622,-51.85582118,,
01-05-2021,West Bengal,Medinipur West,2021,5,4.488423948,29.81129512,22.43919141,87.41730415,29.40280151,30.16256714,47.78976993,-43.30134598,,
01-06-2021,West Bengal,Medinipur West,2021,6,9.854354293,28.96966553,22.43919141,87.41730415,28.62942505,29.27590942,42.38334005,-32.52898575,,
01-07-2021,West Bengal,Medinipur West,2021,7,8.216906512,28.39477539,22.43919141,87.41730415,28.08813477,28.66625977,40.56734084,-32.35043433,-0.934933812,Normal
01-08-2021,West Bengal,Medinipur West,2021,8,8.21697885,28.04604085,22.43919141,87.41730415,27.79806519,28.31564331,36.78655739,-28.56957854,,
01-09-2021,West Bengal,Medinipur West,2021,9,14.33724637,26.97850884,22.43919141,87.41730415,26.69827271,27.17678833,30.7402568,-16.40301043,,
01-10-2021,West Bengal,Medinipur West,2021,10,5.157205652,26.77485939,22.43919141,87.41730415,26.47805786,26.98391724,28.40167012,-23.24446446,,
01-11-2021,West Bengal,Medinipur West,2021,11,1.64058431,22.42525454,22.43919141,87.41730415,22.02236938,22.85830688,27.27910233,-25.63851802,,
01-12-2021,West Bengal,Medinipur West,2021,12,4.5479239,18.80950928,22.43919141,87.41730415,18.58352661,19.21243286,20.47100012,-15.92307622,,
01-01-2022,West Bengal,Medinipur West,2022,1,1.063605838,17.6007973,22.43919141,87.41730415,17.17678833,18.30569458,27.84299137,-26.77938553,,
01-02-2022,West Bengal,Medinipur West,2022,2,1.443777438,20.08551478,22.43919141,87.41730415,19.55599976,21.07943726,36.26687668,-34.82309924,,
01-03-2022,West Bengal,Medinipur West,2022,3,0.051090987,27.05532046,22.43919141,87.41730415,26.71337891,27.43994141,37.7924072,-37.74131622,,
01-04-2022,West Bengal,Medinipur West,2022,4,0.249886089,31.08885136,22.43919141,87.41730415,30.17352295,31.79071045,66.13513291,-65.88524682,,
01-05-2022,West Bengal,Medinipur West,2022,5,2.606629831,30.29045953,22.43919141,87.41730415,30.01452637,30.51062012,39.00550703,-36.3988772,,
01-06-2022,West Bengal,Medinipur West,2022,6,4.206971628,30.43266918,22.43919141,87.41730415,30.25167847,30.54464722,29.42414453,-25.2171729,,
01-07-2022,West Bengal,Medinipur West,2022,7,6.340157968,28.22551586,22.43919141,87.41730415,27.96072388,28.478302,38.24365796,-31.90349999,0.740353262,Normal
01-08-2022,West Bengal,Medinipur West,2022,8,11.47420813,27.93234366,22.43919141,87.41730415,27.64816284,28.15206909,36.20742889,-24.73322076,,
01-09-2022,West Bengal,Medinipur West,2022,9,4.344210024,27.87024152,22.43919141,87.41730415,27.62979126,28.07705688,30.31139131,-25.96718129,,
01-10-2022,West Bengal,Medinipur West,2022,10,2.040062657,26.02684869,22.43919141,87.41730415,25.76303101,26.24740601,27.32562459,-25.28556194,,
01-11-2022,West Bengal,Medinipur West,2022,11,0.001683263,22.41004548,22.43919141,87.41730415,22.02267456,22.95822144,28.84773445,-28.84605119,,
01-12-2022,West Bengal,Medinipur West,2022,12,0.001062253,20.25536205,22.43919141,87.41730415,19.76049805,20.98901367,29.74119382,-29.74013157,,
01-01-2023,West Bengal,Medinipur West,2023,1,0.02370558,19.93347846,22.43919141,87.41730415,19.27426147,20.81723022,34.69599275,-34.67228717,,
01-02-2023,West Bengal,Medinipur West,2023,2,0.037268268,23.24135787,22.43919141,87.41730415,22.75448608,23.86776733,33.5852674,-33.54799914,,
01-03-2023,West Bengal,Medinipur West,2023,3,1.307534112,26.55792688,22.43919141,87.41730415,26.15927124,27.10263062,42.58571359,-41.27817948,,
01-04-2023,West Bengal,Medinipur West,2023,4,0.901643965,30.36565032,22.43919141,87.41730415,30.12841797,30.69873047,38.69332781,-37.79168384,,
01-05-2023,West Bengal,Medinipur West,2023,5,0.808031859,31.19494403,22.43919141,87.41730415,30.98675537,31.33831787,33.45319952,-32.64516767,,
01-06-2023,West Bengal,Medinipur West,2023,6,2.033631219,32.03935863,22.43919141,87.41730415,31.8019104,32.31167603,40.10602498,-38.07239376,,
01-07-2023,West Bengal,Medinipur West,2023,7,4.003219604,28.90948034,22.43919141,87.41730415,28.65463257,29.07846069,35.12147329,-31.11825369,-0.212523376,Normal
01-08-2023,West Bengal,Medinipur West,2023,8,5.482241595,28.51399514,22.43919141,87.41730415,28.24356079,28.76895142,37.44145892,-31.95921733,,
01-09-2023,West Bengal,Medinipur West,2023,9,6.757015652,27.9828446,22.43919141,87.41730415,27.67428589,28.19186401,32.68741162,-25.93039597,,
01-10-2023,West Bengal,Medinipur West,2023,10,1.951450772,26.67794913,22.43919141,87.41730415,26.36856079,26.96817017,30.85446043,-28.90300966,,
01-11-2023,West Bengal,Medinipur West,2023,11,0.145518956,24.27968569,22.43919141,87.41730415,23.95825195,24.7199707,27.24044389,-27.09492493,,
01-12-2023,West Bengal,Medinipur West,2023,12,0.741052557,19.93767406,22.43919141,87.41730415,19.45004272,20.46566772,26.81600132,-26.07494876,,
01-01-2024,West Bengal,Medinipur West,2024,1,0.382552959,18.48272705,22.43919141,87.41730415,17.89971924,19.38800049,32.76546514,-32.38291218,,
01-02-2024,West Bengal,Medinipur West,2024,2,0.17301065,22.75105116,22.43919141,87.41730415,21.84060669,23.43630981,41.1474354,-40.97442475,,
01-03-2024,West Bengal,Medinipur West,2024,3,1.689890826,26.5723357,22.43919141,87.41730415,26.09805298,27.11953735,44.32842031,-42.63852949,,
01-04-2024,West Bengal,Medinipur West,2024,4,0.183275523,32.47469302,22.43919141,87.41730415,32.06341553,32.97943115,51.18504344,-51.00176792,,
01-05-2024,West Bengal,Medinipur West,2024,5,6.014950222,31.12746401,22.43919141,87.41730415,30.79626465,31.41149902,44.1934721,-38.17852188,,
01-06-2024,West Bengal,Medinipur West,2024,6,3.452583596,31.86966281,22.43919141,87.41730415,31.35714722,32.57589722,61.80170062,-58.34911702,,
01-07-2024,West Bengal,Medinipur West,2024,7,10.62509494,28.63419144,22.43919141,87.41730415,28.34216309,28.85778809,38.5103687,-27.88527376,-2.388393799,Severe Drought
01-08-2024,West Bengal,Medinipur West,2024,8,13.46226897,27.8516597,22.43919141,87.41730415,27.57662964,28.11373901,37.31533039,-23.85306142,,
01-09-2024,West Bengal,Medinipur West,2024,9,16.87374313,28.16510914,22.43919141,87.41730415,27.93869019,28.33517456,28.72308848,-11.84934535,,
01-10-2024,West Bengal,Medinipur West,2024,10,8.133374249,27.27039252,22.43919141,87.41730415,27.02835083,27.58889771,30.22987166,-22.09649741,,
01-11-2024,West Bengal,Medinipur West,2024,11,0.205252365,23.23655644,22.43919141,87.41730415,22.93215942,23.59622192,24.80388779,-24.59863543,,
01-12-2024,West Bengal,Medinipur West,2024,12,0.239846159,19.5880466,22.43919141,87.41730415,19.19760132,20.37924194,28.6567991,-28.41695294,,
01-01-2025,West Bengal,Medinipur West,2025,1,0.019960454,19.18262397,22.43919141,87.41730415,18.81149292,19.76461792,26.72677533,-26.70681488,,
01-02-2025,West Bengal,Medinipur West,2025,2,0.954122755,23.33666314,22.43919141,87.41730415,22.62088013,24.34744263,41.92227614,-40.96815339,,
01-03-2025,West Bengal,Medinipur West,2025,3,0.62625998,27.27580883,22.43919141,87.41730415,26.98757935,27.55984497,33.70516506,-33.07890508,,
01-04-2025,West Bengal,Medinipur West,2025,4,2.103894552,29.78500931,22.43919141,87.41730415,29.52227783,29.96759033,33.77884617,-31.67495162,,
01-05-2025,West Bengal,Medinipur West,2025,5,4.442146019,30.06632713,22.43919141,87.41730415,29.85629272,30.23519897,33.92978533,-29.48763931,,
01-06-2025,West Bengal,Medinipur West,2025,6,16.00783963,28.77420835,22.43919141,87.41730415,28.56204224,29.11477661,39.02614167,-23.01830204,,
01-07-2025,West Bengal,Medinipur West,2025,7,17.04981373,27.71777118,22.43919141,87.41730415,27.43185425,27.99630737,39.49732953,-22.4475158,2.306333864,Severely Wet
01-08-2025,West Bengal,Medinipur West,2025,8,11.49326466,27.76369674,22.43919141,87.41730415,27.45083618,28.04653931,39.22231734,-27.72905268,,
01-09-2025,West Bengal,Medinipur West,2025,9,9.007909139,27.79129367,22.43919141,87.41730415,27.54751587,27.99673462,30.32498941,-21.31708027,,
01-10-2025,West Bengal,Medinipur West,2025,10,3.15727799,26.66050664,22.43919141,87.41730415,26.41958618,26.84536743,25.99002318,-22.83274519,,
01-01-2013,West Bengal,Murshidabad,2013,1,0.050093288,16.90160116,24.16277914,88.23065187,16.49111938,17.31533813,22.43330533,-22.38321204,-6.360938869,Severe Drought
01-02-2013,West Bengal,Murshidabad,2013,2,0.521742423,20.71772257,24.16277914,88.23065187,20.26321411,21.12063599,26.91220797,-26.39046555,,
01-03-2013,West Bengal,Murshidabad,2013,3,0.092349211,26.3332723,24.16277914,88.23065187,25.99383545,26.8258667,39.17293949,-39.08059028,,
01-04-2013,West Bengal,Murshidabad,2013,4,2.065347354,29.26153564,24.16277914,88.23065187,28.65936279,30.11053467,60.05618228,-57.99083492,1.310404419,Moderately Wet
01-05-2013,West Bengal,Murshidabad,2013,5,5.122399012,28.61538696,24.16277914,88.23065187,27.80142212,29.53579712,70.66513358,-65.54273457,,
01-06-2013,West Bengal,Murshidabad,2013,6,5.050616582,28.76184082,24.16277914,88.23065187,28.59777832,28.99621582,33.38079142,-28.33017484,,
01-07-2013,West Bengal,Murshidabad,2013,7,4.006752014,28.35035197,24.16277914,88.23065187,28.18136597,28.50363159,30.44442558,-26.43767357,,
01-08-2013,West Bengal,Murshidabad,2013,8,9.340557098,27.56749471,24.16277914,88.23065187,27.49954224,27.65579224,19.99081947,-10.65026237,,
01-09-2013,West Bengal,Murshidabad,2013,9,6.213309606,27.90957642,24.16277914,88.23065187,27.8031311,28.02774048,21.2651592,-15.05184959,,
01-10-2013,West Bengal,Murshidabad,2013,10,5.929337819,25.67172241,24.16277914,88.23065187,25.49020386,25.76559448,19.96786715,-14.03852933,,
01-11-2013,West Bengal,Murshidabad,2013,11,0.024500584,21.43019613,24.16277914,88.23065187,21.02337646,21.88079834,25.9993238,-25.97482321,,
01-12-2013,West Bengal,Murshidabad,2013,12,0.05688038,18.86506144,24.16277914,88.23065187,18.4034729,19.24331665,22.71081724,-22.65393686,,
01-01-2014,West Bengal,Murshidabad,2014,1,0.168492675,17.26754761,24.16277914,88.23065187,16.95626831,17.56954956,19.55499671,-19.38650403,0.468343572,Normal
01-02-2014,West Bengal,Murshidabad,2014,2,2.213289579,19.48434448,24.16277914,88.23065187,18.87936401,19.93405151,28.89214993,-26.67886035,,
01-03-2014,West Bengal,Murshidabad,2014,3,0.31642286,24.67241414,24.16277914,88.23065187,24.45553589,25.05905151,32.10712489,-31.79070203,,
01-04-2014,West Bengal,Murshidabad,2014,4,0.271675766,30.48607127,24.16277914,88.23065187,29.97964478,31.39956665,60.95176621,-60.68009045,1.864062748,Severely Wet
01-05-2014,West Bengal,Murshidabad,2014,5,3.737605413,31.19878387,24.16277914,88.23065187,30.58676147,31.78598022,62.03063295,-58.29302754,,
01-06-2014,West Bengal,Murshidabad,2014,6,12.96431096,29.8439738,24.16277914,88.23065187,29.34405518,30.41241455,55.93105907,-42.96674811,,
01-07-2014,West Bengal,Murshidabad,2014,7,7.980556488,28.28760783,24.16277914,88.23065187,28.20016479,28.38961792,23.31099641,-15.33043993,,
01-08-2014,West Bengal,Murshidabad,2014,8,9.310407003,28.09535726,24.16277914,88.23065187,27.95306396,28.32025146,31.00191249,-21.69150548,,
01-09-2014,West Bengal,Murshidabad,2014,9,4.888453166,27.78508504,24.16277914,88.23065187,27.58187866,27.96273804,27.61547988,-22.72702671,,
01-10-2014,West Bengal,Murshidabad,2014,10,1.952953974,26.0313619,24.16277914,88.23065187,25.79556274,26.26235962,26.21194187,-24.25898789,,
01-11-2014,West Bengal,Murshidabad,2014,11,0.002568301,22.40619914,24.16277914,88.23065187,21.88699341,22.76785278,27.00788658,-27.00531828,,
01-12-2014,West Bengal,Murshidabad,2014,12,0.054879496,18.68787638,24.16277914,88.23065187,18.20162964,19.00436401,22.0960994,-22.04121991,,
01-01-2015,West Bengal,Murshidabad,2015,1,0.394963741,18.09740194,24.16277914,88.23065187,17.52529907,18.3866272,23.72301272,-23.32804898,-1.398483952,Moderate Drought
01-02-2015,West Bengal,Murshidabad,2015,2,0.79019467,21.31580607,24.16277914,88.23065187,20.59371948,21.77340698,32.05732069,-31.26712602,,
01-03-2015,West Bengal,Murshidabad,2015,3,2.279785315,25.25324504,24.16277914,88.23065187,24.384552,25.83572388,50.46793453,-48.18814922,,
01-04-2015,West Bengal,Murshidabad,2015,4,3.993961016,27.06217448,24.16277914,88.23065187,26.42407227,27.67407227,53.13339008,-49.13942906,0.272305424,Normal
01-05-2015,West Bengal,Murshidabad,2015,5,2.811839422,30.02938843,24.16277914,88.23065187,29.2996521,30.80160522,67.76332737,-64.95148794,,
01-06-2015,West Bengal,Murshidabad,2015,6,12.69010417,29.35206095,24.16277914,88.23065187,28.98556519,29.61251831,42.40378247,-29.7136783,,
01-07-2015,West Bengal,Murshidabad,2015,7,19.54668172,27.65424601,24.16277914,88.23065187,27.46829224,27.84524536,32.42977292,-12.8830912,,
01-08-2015,West Bengal,Murshidabad,2015,8,8.721131643,28.0523173,24.16277914,88.23065187,27.90103149,28.26821899,30.97283937,-22.25170773,,
01-09-2015,West Bengal,Murshidabad,2015,9,6.531478882,28.50283813,24.16277914,88.23065187,28.34085083,28.87600708,33.25028789,-26.718809,,
01-10-2015,West Bengal,Murshidabad,2015,10,1.42091163,26.64527384,24.16277914,88.23065187,26.43136597,26.96261597,28.35471698,-26.93380535,,
01-11-2015,West Bengal,Murshidabad,2015,11,0.039728358,23.91536458,24.16277914,88.23065187,23.72155762,24.19421387,20.52641185,-20.48668349,,
01-12-2015,West Bengal,Murshidabad,2015,12,0.179334621,19.72799683,24.16277914,88.23065187,19.27474976,20.09115601,22.91868216,-22.73934754,,
01-01-2016,West Bengal,Murshidabad,2016,1,0.467252811,18.07324219,24.16277914,88.23065187,17.60424805,18.3737793,22.40816369,-21.94091088,1.416316459,Moderately Wet
01-02-2016,West Bengal,Murshidabad,2016,2,0.946519534,22.62494914,24.16277914,88.23065187,21.96755981,22.95779419,31.43763719,-30.49111765,,
01-03-2016,West Bengal,Murshidabad,2016,3,1.65488402,27.00330607,24.16277914,88.23065187,26.75204468,27.25009155,30.76772481,-29.11284079,,
01-04-2016,West Bengal,Murshidabad,2016,4,1.397625764,31.00202433,24.16277914,88.23065187,30.02859497,32.1399231,75.11867236,-73.7210466,-1.157309612,Moderate Drought
01-05-2016,West Bengal,Murshidabad,2016,5,7.312624613,28.92964681,24.16277914,88.23065187,28.32019043,29.7166748,63.83843689,-56.52581228,,
01-06-2016,West Bengal,Murshidabad,2016,6,5.178338369,29.30950928,24.16277914,88.23065187,28.93414307,29.88726807,52.23599781,-47.05765944,,
01-07-2016,West Bengal,Murshidabad,2016,7,11.15128708,27.93204753,24.16277914,88.23065187,27.7689209,28.13806152,32.28808912,-21.13680204,,
01-08-2016,West Bengal,Murshidabad,2016,8,7.900002797,28.27993774,24.16277914,88.23065187,28.16213989,28.46682739,28.35404272,-20.45403992,,
01-09-2016,West Bengal,Murshidabad,2016,9,8.647488912,27.84290568,24.16277914,88.23065187,27.72189331,27.92501831,20.19307557,-11.54558666,,
01-10-2016,West Bengal,Murshidabad,2016,10,2.619309107,26.6601766,24.16277914,88.23065187,26.52349854,26.90826416,24.13901652,-21.51970742,,
01-11-2016,West Bengal,Murshidabad,2016,11,0.085641801,23.15474447,24.16277914,88.23065187,22.9119873,23.4588623,21.67666911,-21.59102731,,
01-12-2016,West Bengal,Murshidabad,2016,12,0.029099767,20.15634155,24.16277914,88.23065187,19.78207397,20.4168396,20.43958839,-20.41048862,,
01-01-2017,West Bengal,Murshidabad,2017,1,0.187526484,18.45083618,24.16277914,88.23065187,18.03396606,18.75076294,21.85438503,-21.66685855,1.794780526,Severely Wet
01-02-2017,West Bengal,Murshidabad,2017,2,0.006976494,22.06940715,24.16277914,88.23065187,21.40835571,22.46499634,30.9239441,-30.9169676,,
01-03-2017,West Bengal,Murshidabad,2017,3,1.054580132,24.73497518,24.16277914,88.23065187,23.89968872,25.34109497,49.69235705,-48.63777692,,
01-04-2017,West Bengal,Murshidabad,2017,4,3.087122599,28.69695028,24.16277914,88.23065187,27.59042358,30.05136108,77.26929685,-74.18217425,-6.360938869,Severe Drought
01-05-2017,West Bengal,Murshidabad,2017,5,5.941681544,29.28467814,24.16277914,88.23065187,28.74020386,30.17575073,65.21687738,-59.27519584,,
01-06-2017,West Bengal,Murshidabad,2017,6,8.218910217,29.13163249,24.16277914,88.23065187,28.76477051,29.73156738,52.41066415,-44.19175393,,
01-07-2017,West Bengal,Murshidabad,2017,7,12.91342163,27.76964315,24.16277914,88.23065187,27.65090942,27.89505005,26.16504202,-13.25162039,,
01-08-2017,West Bengal,Murshidabad,2017,8,10.36981837,28.26006063,24.16277914,88.23065187,28.16036987,28.42208862,26.26743771,-15.89761934,,
01-09-2017,West Bengal,Murshidabad,2017,9,9.271511714,28.2513326,24.16277914,88.23065187,28.16629028,28.37527466,20.66553308,-11.39402136,,
01-10-2017,West Bengal,Murshidabad,2017,10,6.964119593,26.4515686,24.16277914,88.23065187,26.35037231,26.62771606,20.39802503,-13.43390544,,
01-11-2017,West Bengal,Murshidabad,2017,11,0.364252528,22.2737325,24.16277914,88.23065187,21.98898315,22.64328003,23.20018842,-22.83593589,,
01-12-2017,West Bengal,Murshidabad,2017,12,1.052138249,19.94473267,24.16277914,88.23065187,19.65847778,20.23269653,19.33197107,-18.27983282,,
01-01-2018,West Bengal,Murshidabad,2018,1,0.002810538,16.6806132,24.16277914,88.23065187,16.37490845,16.9725647,18.98118062,-18.97837008,2.481498513,Severely Wet
01-02-2018,West Bengal,Murshidabad,2018,2,0.121371925,22.06451416,24.16277914,88.23065187,21.40704346,22.53985596,32.01525317,-31.89388124,,
01-03-2018,West Bengal,Murshidabad,2018,3,1.442732811,26.67078654,24.16277914,88.23065187,26.08029175,27.33615112,48.49483977,-47.05210696,,
01-04-2018,West Bengal,Murshidabad,2018,4,4.225999832,27.36782837,24.16277914,88.23065187,26.82315063,27.91494751,49.99566329,-45.76966346,1.103963492,Moderately Wet
01-05-2018,West Bengal,Murshidabad,2018,5,7.9873511,27.57478841,24.16277914,88.23065187,27.06445313,28.31835938,58.73795914,-50.75060804,,
01-06-2018,West Bengal,Murshidabad,2018,6,6.893494924,29.51974487,24.16277914,88.23065187,29.27462769,30.02267456,46.48289661,-39.58940169,,
01-07-2018,West Bengal,Murshidabad,2018,7,10.33703613,28.36353556,24.16277914,88.23065187,28.2305603,28.54696655,30.17500622,-19.83797009,,
01-08-2018,West Bengal,Murshidabad,2018,8,5.925359726,28.48951213,24.16277914,88.23065187,28.38534546,28.60604858,24.24167513,-18.31631541,,
01-09-2018,West Bengal,Murshidabad,2018,9,4.64803791,28.43399048,24.16277914,88.23065187,28.37759399,28.60220337,21.50912883,-16.86109092,,
01-10-2018,West Bengal,Murshidabad,2018,10,1.412843386,25.9978536,24.16277914,88.23065187,25.88632202,26.34921265,26.08208352,-24.66924013,,
01-11-2018,West Bengal,Murshidabad,2018,11,0.025698746,23.52942912,24.16277914,88.23065187,22.99752808,23.82369995,26.88678664,-26.86108789,,
01-12-2018,West Bengal,Murshidabad,2018,12,0.856590112,18.65774536,24.16277914,88.23065187,18.13381958,19.07522583,23.90889165,-23.05230154,,
01-01-2019,West Bengal,Murshidabad,2019,1,0.00670639,18.4538269,24.16277914,88.23065187,18.02267456,18.80978394,22.903081,-22.89637461,-1.576430576,Severe Drought
01-02-2019,West Bengal,Murshidabad,2019,2,1.851146698,21.05466715,24.16277914,88.23065187,20.33624268,21.38116455,29.96929668,-28.11814998,,
01-03-2019,West Bengal,Murshidabad,2019,3,0.722109477,25.24585978,24.16277914,88.23065187,24.67697144,25.55001831,39.13815775,-38.41604827,,
01-04-2019,West Bengal,Murshidabad,2019,4,2.454671383,27.95828247,24.16277914,88.23065187,27.37503052,28.74221802,56.67818755,-54.22351617,1.681015317,Severely Wet
01-05-2019,West Bengal,Murshidabad,2019,5,7.553149541,30.39344533,24.16277914,88.23065187,29.92782593,31.23251343,63.63747393,-56.08432439,,
01-06-2019,West Bengal,Murshidabad,2019,6,7.437880198,29.68200684,24.16277914,88.23065187,29.23352051,30.27062988,54.91964602,-47.48176582,,
01-07-2019,West Bengal,Murshidabad,2019,7,7.520531336,28.95264689,24.16277914,88.23065187,28.75216675,29.28146362,39.52588882,-32.00535749,,
01-08-2019,West Bengal,Murshidabad,2019,8,7.052265167,28.7047526,24.16277914,88.23065187,28.60021973,28.83459473,25.09740204,-18.04513688,,
01-09-2019,West Bengal,Murshidabad,2019,9,8.255066554,27.7679952,24.16277914,88.23065187,27.62704468,27.84579468,20.92095232,-12.66588577,,
01-10-2019,West Bengal,Murshidabad,2019,10,6.438046773,25.88632202,24.16277914,88.23065187,25.63571167,26.04196167,24.37207066,-17.93402388,,
01-11-2019,West Bengal,Murshidabad,2019,11,0.314804673,23.53207397,24.16277914,88.23065187,23.25582886,23.90621948,23.85715351,-23.54234884,,
01-12-2019,West Bengal,Murshidabad,2019,12,0.299160461,18.85242716,24.16277914,88.23065187,18.17489624,19.16317749,24.62771478,-24.32855432,,
01-01-2020,West Bengal,Murshidabad,2020,1,0.891167959,17.56856283,24.16277914,88.23065187,17.0032959,17.8079834,22.59194119,-21.70077323,-0.180685593,Normal
01-02-2020,West Bengal,Murshidabad,2020,2,0.985724688,19.59561157,24.16277914,88.23065187,19.00308228,19.89761353,27.64074941,-26.65502473,,
01-03-2020,West Bengal,Murshidabad,2020,3,1.312103828,24.3815918,24.16277914,88.23065187,23.58300781,25.00097656,48.87722123,-47.5651174,,
01-04-2020,West Bengal,Murshidabad,2020,4,5.483484268,27.46380615,24.16277914,88.23065187,26.54693604,28.10552979,59.86179494,-54.37831067,0.271340034,Normal
01-05-2020,West Bengal,Murshidabad,2020,5,6.739706675,27.99425252,24.16277914,88.23065187,27.48501587,28.53970337,54.36815314,-47.62844646,,
01-06-2020,West Bengal,Murshidabad,2020,6,11.30380376,28.54156494,24.16277914,88.23065187,28.2131958,28.78936768,39.95150178,-28.64769802,,
01-07-2020,West Bengal,Murshidabad,2020,7,11.99661382,28.46784465,24.16277914,88.23065187,28.24221802,28.63674927,33.77114235,-21.77452853,,
01-08-2020,West Bengal,Murshidabad,2020,8,8.944393794,28.56017049,24.16277914,88.23065187,28.50259399,28.64126587,19.24487139,-10.3004776,,
01-09-2020,West Bengal,Murshidabad,2020,9,9.399421692,28.39830526,24.16277914,88.23065187,28.15042114,28.52932739,27.91511528,-18.51569359,,
01-10-2020,West Bengal,Murshidabad,2020,10,1.878058116,27.6752828,24.16277914,88.23065187,27.49258423,27.83633423,23.33710718,-21.45904906,,
01-11-2020,West Bengal,Murshidabad,2020,11,0.06451416,23.00942993,24.16277914,88.23065187,22.33059692,23.3598938,29.63296778,-29.56845362,,
01-12-2020,West Bengal,Murshidabad,2020,12,0.039504903,18.97271729,24.16277914,88.23065187,18.44891357,19.22235107,21.85845357,-21.81894867,,
01-01-2021,West Bengal,Murshidabad,2021,1,0.006542436,18.17787679,24.16277914,88.23065187,17.37103271,18.51947021,27.45438509,-27.44784266,-3.793778862,Severe Drought
01-02-2021,West Bengal,Murshidabad,2021,2,0.049820478,21.24203491,24.16277914,88.23065187,20.66854858,21.72518921,30.28220862,-30.23238815,,
01-03-2021,West Bengal,Murshidabad,2021,3,0.16840589,27.05099487,24.16277914,88.23065187,26.18588257,27.72689819,54.17835495,-54.00994906,,
01-04-2021,West Bengal,Murshidabad,2021,4,1.331415176,29.76976522,24.16277914,88.23065187,29.11636353,30.58901978,61.15245545,-59.82104028,-6.360938869,Severe Drought
01-05-2021,West Bengal,Murshidabad,2021,5,8.411684672,28.40056356,24.16277914,88.23065187,27.83444214,28.82272339,53.09568859,-44.68400392,,
01-06-2021,West Bengal,Murshidabad,2021,6,9.694972992,28.52057902,24.16277914,88.23065187,28.24661255,28.86184692,41.26488682,-31.56991383,,
01-07-2021,West Bengal,Murshidabad,2021,7,9.46020635,28.52722168,24.16277914,88.23065187,28.38891602,28.70727539,30.37531934,-20.91511299,,
01-08-2021,West Bengal,Murshidabad,2021,8,10.93625132,28.15963745,24.16277914,88.23065187,28.04220581,28.30001831,26.0138341,-15.07758278,,
01-09-2021,West Bengal,Murshidabad,2021,9,5.996894201,27.74498494,24.16277914,88.23065187,27.53811646,27.95217896,28.76875116,-22.77185696,,
01-10-2021,West Bengal,Murshidabad,2021,10,3.190961838,26.91051229,24.16277914,88.23065187,26.57571411,27.10891724,28.57631667,-25.38535483,,
01-11-2021,West Bengal,Murshidabad,2021,11,0.303556681,21.9745992,24.16277914,88.23065187,21.52627563,22.33682251,25.62944335,-25.32588667,,
01-12-2021,West Bengal,Murshidabad,2021,12,0.638749282,19.30003866,24.16277914,88.23065187,18.94485474,19.59133911,20.16204014,-19.52329085,,
01-01-2022,West Bengal,Murshidabad,2022,1,1.024706999,17.34060669,24.16277914,88.23065187,16.83694458,17.63577271,22.36446113,-21.33975413,1.114300151,Moderately Wet
01-02-2022,West Bengal,Murshidabad,2022,2,2.500684579,18.66069539,24.16277914,88.23065187,18.00521851,18.95639038,26.83155824,-24.33087366,,
01-03-2022,West Bengal,Murshidabad,2022,3,0.092020253,26.48905436,24.16277914,88.23065187,25.85986328,26.75439453,40.76095765,-40.6689374,,
01-04-2022,West Bengal,Murshidabad,2022,4,1.637949308,29.96836344,24.16277914,88.23065187,29.09344482,30.7477417,65.08475694,-63.44680764,0.310186094,Normal
01-05-2022,West Bengal,Murshidabad,2022,5,5.121147156,28.90409342,24.16277914,88.23065187,28.56335449,29.36608887,48.37406508,-43.25291792,,
01-06-2022,West Bengal,Murshidabad,2022,6,4.873456319,29.85051473,24.16277914,88.23065187,29.36691284,30.29074097,52.01751146,-47.14405514,,
01-07-2022,West Bengal,Murshidabad,2022,7,3.494314194,29.32408651,24.16277914,88.23065187,29.01541138,29.56619263,40.64043022,-37.14611602,,
01-08-2022,West Bengal,Murshidabad,2022,8,5.443376541,28.70683797,24.16277914,88.23065187,28.57589722,28.77706909,23.25285193,-17.80947538,,
01-09-2022,West Bengal,Murshidabad,2022,9,4.99432532,28.05394491,24.16277914,88.23065187,27.79971313,28.15518188,26.83644072,-21.8421154,,
01-10-2022,West Bengal,Murshidabad,2022,10,2.087646166,26.15333049,24.16277914,88.23065187,25.89584351,26.39193726,27.09716933,-25.00952316,,
01-11-2022,West Bengal,Murshidabad,2022,11,0.006719294,22.24561564,24.16277914,88.23065187,21.84494019,22.67892456,26.17448967,-26.16777038,,
01-12-2022,West Bengal,Murshidabad,2022,12,0.013770373,19.42838542,24.16277914,88.23065187,18.78979492,19.7565918,24.74132303,-24.72755266,,
01-01-2023,West Bengal,Murshidabad,2023,1,0.006121035,18.14657593,24.16277914,88.23065187,17.2996521,18.60629272,29.25890805,-29.25278702,-4.289689103,Severe Drought
01-02-2023,West Bengal,Murshidabad,2023,2,0.004341557,21.75192261,24.16277914,88.23065187,21.15487671,22.25448608,31.29523837,-31.29089681,,
01-03-2023,West Bengal,Murshidabad,2023,3,1.56664149,25.3757019,24.16277914,88.23065187,24.99911499,25.95028687,40.97501495,-39.40837346,,
01-04-2023,West Bengal,Murshidabad,2023,4,0.798134963,29.34940592,24.16277914,88.23065187,28.82568359,30.06005859,55.49220516,-54.69407019,0.981149178,Normal
01-05-2023,West Bengal,Murshidabad,2023,5,1.692895253,29.77545166,24.16277914,88.23065187,29.36956787,30.40667725,56.01017215,-54.3172769,,
01-06-2023,West Bengal,Murshidabad,2023,6,2.973957062,31.52065786,24.16277914,88.23065187,30.96011353,31.9815979,56.61494735,-53.64099028,,
01-07-2023,West Bengal,Murshidabad,2023,7,3.184146245,29.32573446,24.16277914,88.23065187,29.18197632,29.49057007,30.42127929,-27.23713304,,
01-08-2023,West Bengal,Murshidabad,2023,8,6.239212036,28.78290812,24.16277914,88.23065187,28.68106079,28.89785767,24.17847462,-17.93926259,,
01-09-2023,West Bengal,Murshidabad,2023,9,4.628481547,28.459198,24.16277914,88.23065187,28.34616089,28.57662964,21.79975533,-17.17127378,,
01-10-2023,West Bengal,Murshidabad,2023,10,1.648770968,26.62877401,24.16277914,88.23065187,26.33926392,26.78652954,26.0074245,-24.35865353,,
01-11-2023,West Bengal,Murshidabad,2023,11,0.06268323,24.22513835,24.16277914,88.23065187,23.84887695,24.41918945,22.71485086,-22.65216763,,
01-12-2023,West Bengal,Murshidabad,2023,12,1.009187937,20.00757853,24.16277914,88.23065187,19.60824585,20.38168335,22.47359621,-21.46440827,,
01-01-2024,West Bengal,Murshidabad,2024,1,0.079406818,17.34031169,24.16277914,88.23065187,16.87432861,17.58526611,21.09812344,-21.01871662,1.425053921,Moderately Wet
01-02-2024,West Bengal,Murshidabad,2024,2,0.179460963,20.95954386,24.16277914,88.23065187,20.19412231,21.33279419,32.32282943,-32.14336847,,
01-03-2024,West Bengal,Murshidabad,2024,3,2.005575975,25.07595825,24.16277914,88.23065187,24.42227173,25.4984436,43.28175578,-41.27617981,,
01-04-2024,West Bengal,Murshidabad,2024,4,0.063467115,31.68670654,24.16277914,88.23065187,31.35443115,32.61029053,58.74775267,-58.68428555,-0.757168891,Normal
01-05-2024,West Bengal,Murshidabad,2024,5,6.745771408,30.31111654,24.16277914,88.23065187,29.89196777,30.85681152,54.63181591,-47.8860445,,
01-06-2024,West Bengal,Murshidabad,2024,6,5.285972595,31.52426147,24.16277914,88.23065187,30.89230347,32.25558472,65.40933085,-60.12335825,,
01-07-2024,West Bengal,Murshidabad,2024,7,7.147909164,29.081014,24.16277914,88.23065187,28.94958496,29.22692871,28.69009371,-21.54218454,,
01-08-2024,West Bengal,Murshidabad,2024,8,12.00660451,28.07361857,24.16277914,88.23065187,27.96139526,28.20358276,25.16602642,-13.15942191,,
01-09-2024,West Bengal,Murshidabad,2024,9,15.10981115,28.6643575,24.16277914,88.23065187,28.57540894,28.76681519,19.95471322,-4.844902066,,
01-10-2024,West Bengal,Murshidabad,2024,10,4.318324407,27.09902954,24.16277914,88.23065187,26.81936646,27.29983521,27.24079551,-22.9224711,,
01-11-2024,West Bengal,Murshidabad,2024,11,0.15262109,23.39635213,24.16277914,88.23065187,23.1020813,23.70169067,22.83164797,-22.67902688,,
01-12-2024,West Bengal,Murshidabad,2024,12,0.07794491,18.82341512,24.16277914,88.23065187,18.39682007,19.11947632,21.04291104,-20.96496613,,
01-01-2025,West Bengal,Murshidabad,2025,1,0.013853271,18.44015503,24.16277914,88.23065187,17.96969604,18.68649292,21.84794573,-21.83409246,1.328521763,Moderately Wet
01-02-2025,West Bengal,Murshidabad,2025,2,0.446248055,21.76939901,24.16277914,88.23065187,21.09744263,22.20681763,31.44778706,-31.001539,,
01-03-2025,West Bengal,Murshidabad,2025,3,0.373484532,26.35749308,24.16277914,88.23065187,25.94070435,26.7492981,38.63846035,-38.26497582,,
01-04-2025,West Bengal,Murshidabad,2025,4,3.917868932,29.02577718,24.16277914,88.23065187,28.49493408,29.45977783,48.72430889,-44.80643995,2.320084944,Severely Wet
01-05-2025,West Bengal,Murshidabad,2025,5,6.554150899,29.37350464,24.16277914,88.23065187,28.94223022,29.7371521,48.62191662,-42.06776572,,
01-06-2025,West Bengal,Murshidabad,2025,6,7.01025327,28.98021444,24.16277914,88.23065187,28.80422974,29.23587036,34.90677657,-27.8965233,,
01-07-2025,West Bengal,Murshidabad,2025,7,12.14862696,27.9801534,24.16277914,88.23065187,27.92404175,28.05880737,19.5295654,-7.38093844,,
01-08-2025,West Bengal,Murshidabad,2025,8,8.664243698,27.93663534,24.16277914,88.23065187,27.89028931,27.99380493,16.40374249,-7.739498791,,
01-09-2025,West Bengal,Murshidabad,2025,9,8.607897441,28.46088664,24.16277914,88.23065187,28.36392212,28.56314087,20.2687308,-11.66083336,,
01-10-2025,West Bengal,Murshidabad,2025,10,2.934676488,26.97069295,24.16277914,88.23065187,26.55630493,27.12466431,29.54306779,-26.60839131,,
01-01-2013,West Bengal,Nadia,2013,1,0.109933023,17.2166118,23.47981972,88.51669478,16.81533813,17.66885376,23.39869667,-23.28876364,,
01-02-2013,West Bengal,Nadia,2013,2,0.513149969,20.90774635,23.47981972,88.51669478,20.54837036,21.27297974,25.13922119,-24.62607122,,
01-03-2013,West Bengal,Nadia,2013,3,0.076422522,26.54039543,23.47981972,88.51669478,26.26531982,26.74969482,30.22012814,-30.14370562,,
01-04-2013,West Bengal,Nadia,2013,4,1.984627385,29.44048678,23.47981972,88.51669478,29.00506592,29.65350342,40.36863745,-38.38401007,1.119806757,Moderately Wet
01-05-2013,West Bengal,Nadia,2013,5,4.93765751,29.10106831,23.47981972,88.51669478,28.18618774,29.54556274,63.12440496,-58.18674745,-0.835555613,Normal
01-06-2013,West Bengal,Nadia,2013,6,5.947734217,28.53162409,23.47981972,88.51669478,28.4317627,28.69152832,26.7407745,-20.79304028,,
01-07-2013,West Bengal,Nadia,2013,7,5.665504702,28.19428278,23.47981972,88.51669478,28.06027222,28.38253784,30.27096223,-24.60545753,,
01-08-2013,West Bengal,Nadia,2013,8,10.89507269,27.47301655,23.47981972,88.51669478,27.41555786,27.54055786,17.84853056,-6.953457874,0.432159214,Normal
01-09-2013,West Bengal,Nadia,2013,9,6.73067056,27.62804191,23.47981972,88.51669478,27.43399048,27.8500061,28.89073552,-22.16006496,,
01-10-2013,West Bengal,Nadia,2013,10,7.824675037,25.56278549,23.47981972,88.51669478,25.45700073,25.70895386,19.23082353,-11.40614849,,
01-11-2013,West Bengal,Nadia,2013,11,0.016946129,21.69493644,23.47981972,88.51669478,21.48431396,22.04486084,21.47021757,-21.45327144,,
01-12-2013,West Bengal,Nadia,2013,12,0.048670753,19.24501874,23.47981972,88.51669478,19.01480103,19.61245728,19.68970003,-19.64102927,,
01-01-2014,West Bengal,Nadia,2014,1,0.079875992,17.56268114,23.47981972,88.51669478,17.32345581,17.93869019,20.06214153,-19.98226554,,
01-02-2014,West Bengal,Nadia,2014,2,2.115251849,20.03239982,23.47981972,88.51669478,19.47702026,20.51412964,29.3953157,-27.28006385,,
01-03-2014,West Bengal,Nadia,2014,3,0.449294859,24.92611399,23.47981972,88.51669478,24.48678589,25.48483276,41.7998519,-41.35055704,,
01-04-2014,West Bengal,Nadia,2014,4,0.513750599,30.55424057,23.47981972,88.51669478,30.14761353,30.96401978,46.36426644,-45.85051584,-2.193389778,Severe Drought
01-05-2014,West Bengal,Nadia,2014,5,3.576889038,31.39901044,23.47981972,88.51669478,30.80355835,31.66293335,52.64930568,-49.07241664,-2.576087884,Severe Drought
01-06-2014,West Bengal,Nadia,2014,6,11.21693273,29.58693572,23.47981972,88.51669478,29.39483643,29.8772583,37.27157468,-26.05464195,,
01-07-2014,West Bengal,Nadia,2014,7,6.859792402,28.23059673,23.47981972,88.51669478,28.17282104,28.30368042,19.30476064,-12.44496824,,
01-08-2014,West Bengal,Nadia,2014,8,9.596929735,28.00434925,23.47981972,88.51669478,27.93157959,28.11322021,21.76813556,-12.17120583,0.527442061,Normal
01-09-2014,West Bengal,Nadia,2014,9,4.984533987,27.71853539,23.47981972,88.51669478,27.65219116,27.84750366,19.83503912,-14.85050513,,
01-10-2014,West Bengal,Nadia,2014,10,1.717755472,26.15298363,23.47981972,88.51669478,26.07095337,26.23501587,15.72946152,-14.01170605,,
01-11-2014,West Bengal,Nadia,2014,11,0.001263838,22.89568895,23.47981972,88.51669478,22.64480591,23.29519653,23.83003039,-23.82876655,,
01-12-2014,West Bengal,Nadia,2014,12,0.1559942,18.96404045,23.47981972,88.51669478,18.77194214,19.33444214,18.95693176,-18.80093756,,
01-01-2015,West Bengal,Nadia,2015,1,0.354519506,18.48264633,23.47981972,88.51669478,18.20498657,18.79873657,20.22146301,-19.86694351,,
01-02-2015,West Bengal,Nadia,2015,2,0.77712016,21.88668725,23.47981972,88.51669478,21.38082886,22.37301636,30.16085726,-29.3837371,,
01-03-2015,West Bengal,Nadia,2015,3,2.015218673,25.54023398,23.47981972,88.51669478,25.27908325,25.85916138,32.32513724,-30.30991856,,
01-04-2015,West Bengal,Nadia,2015,4,6.693800403,27.31116904,23.47981972,88.51669478,26.97094727,27.59399414,37.78679929,-31.09299888,1.316070445,Moderately Wet
01-05-2015,West Bengal,Nadia,2015,5,2.69418015,30.24307546,23.47981972,88.51669478,29.74301147,30.67074585,53.41799082,-50.72381067,0.704670281,Normal
01-06-2015,West Bengal,Nadia,2015,6,13.20218092,29.28250417,23.47981972,88.51669478,29.05197144,29.44845581,33.57207704,-20.36989612,,
01-07-2015,West Bengal,Nadia,2015,7,22.53339804,27.39054428,23.47981972,88.51669478,27.29251099,27.55618286,26.90263743,-4.369239395,,
01-08-2015,West Bengal,Nadia,2015,8,7.918919717,28.08323817,23.47981972,88.51669478,28.00845337,28.14712524,19.05268883,-11.13376911,1.248416054,Moderately Wet
01-09-2015,West Bengal,Nadia,2015,9,5.41409351,28.36485438,23.47981972,88.51669478,28.27249146,28.50881958,22.12834491,-16.7142514,,
01-10-2015,West Bengal,Nadia,2015,10,1.52101529,26.49531604,23.47981972,88.51669478,26.35519409,26.66183472,21.67172521,-20.15070992,,
01-11-2015,West Bengal,Nadia,2015,11,0.075619698,23.99190792,23.47981972,88.51669478,23.77819824,24.20593262,19.84578738,-19.77016768,,
01-12-2015,West Bengal,Nadia,2015,12,0.217794018,20.21350885,23.47981972,88.51669478,19.84896851,20.51107788,21.26602765,-21.04823364,,
01-01-2016,West Bengal,Nadia,2016,1,0.195475794,18.62976468,23.47981972,88.51669478,18.2175293,19.1550293,25.51254658,-25.31707079,,
01-02-2016,West Bengal,Nadia,2016,2,1.896790043,23.26960213,23.47981972,88.51669478,22.71951294,24.03396606,37.20788377,-35.31109372,,
01-03-2016,West Bengal,Nadia,2016,3,1.356301585,27.13895342,23.47981972,88.51669478,26.92196655,27.43954468,31.66042878,-30.30412719,,
01-04-2016,West Bengal,Nadia,2016,4,0.774440273,31.86075124,23.47981972,88.51669478,30.8039856,32.25515747,63.48459836,-62.71015808,-6.360938869,Severe Drought
01-05-2016,West Bengal,Nadia,2016,5,7.661916425,29.38155636,23.47981972,88.51669478,28.69714355,29.73815918,55.57069272,-47.90877629,-5.172773383,Severe Drought
01-06-2016,West Bengal,Nadia,2016,6,4.289933235,29.2284349,23.47981972,88.51669478,29.00836182,29.40289307,33.45082642,-29.16089319,,
01-07-2016,West Bengal,Nadia,2016,7,10.22411912,27.90475759,23.47981972,88.51669478,27.82165527,27.98571777,21.46255689,-11.23843777,,
01-08-2016,West Bengal,Nadia,2016,8,10.0708756,27.99939949,23.47981972,88.51669478,27.80862427,28.22073364,32.78491457,-22.71403897,-0.232859741,Normal
01-09-2016,West Bengal,Nadia,2016,9,7.555472589,27.76089379,23.47981972,88.51669478,27.64962769,27.87814331,21.47484031,-13.91936772,,
01-10-2016,West Bengal,Nadia,2016,10,2.862341358,26.60502575,23.47981972,88.51669478,26.46685791,26.70123291,18.99365741,-16.13131605,,
01-11-2016,West Bengal,Nadia,2016,11,0.503302513,23.05929073,23.47981972,88.51669478,22.91003418,23.19128418,15.73352902,-15.2302265,,
01-12-2016,West Bengal,Nadia,2016,12,0.009547078,20.36164708,23.47981972,88.51669478,20.23910522,20.56137085,14.89421621,-14.88466913,,
01-01-2017,West Bengal,Nadia,2017,1,0.045446957,18.81074376,23.47981972,88.51669478,18.49685669,19.12576294,20.9997108,-20.95426384,,
01-02-2017,West Bengal,Nadia,2017,2,0.020826972,22.52025186,23.47981972,88.51669478,22.10562134,22.92788696,27.89531431,-27.87448734,,
01-03-2017,West Bengal,Nadia,2017,3,1.640694157,25.28470538,23.47981972,88.51669478,24.72781372,25.56765747,38.66591167,-37.02521752,,
01-04-2017,West Bengal,Nadia,2017,4,2.804946407,29.39322195,23.47981972,88.51669478,28.34237671,29.80722046,60.61372093,-57.80877452,-5.613529396,Severe Drought
01-05-2017,West Bengal,Nadia,2017,5,4.996918709,30.00463277,23.47981972,88.51669478,29.14645386,30.75778198,70.04980041,-65.05288171,-6.360938869,Severe Drought
01-06-2017,West Bengal,Nadia,2017,6,12.57879934,29.16724027,23.47981972,88.51669478,28.83508301,29.37414551,39.04992685,-26.47112751,,
01-07-2017,West Bengal,Nadia,2017,7,13.58092573,27.76198455,23.47981972,88.51669478,27.71536255,27.81692505,16.83389875,-3.252973023,,
01-08-2017,West Bengal,Nadia,2017,8,10.27661723,28.08804223,23.47981972,88.51669478,28.0295105,28.193573,20.72584377,-10.44922654,1.060114131,Moderately Wet
01-09-2017,West Bengal,Nadia,2017,9,10.70234336,28.1850015,23.47981972,88.51669478,28.12722778,28.27175903,17.2376019,-6.535258537,,
01-10-2017,West Bengal,Nadia,2017,10,7.458573372,26.50397516,23.47981972,88.51669478,26.44412231,26.56716919,13.73089447,-6.2723211,,
01-11-2017,West Bengal,Nadia,2017,11,1.00756073,22.28655021,23.47981972,88.51669478,22.19796753,22.3913269,12.79883236,-11.79127163,,
01-12-2017,West Bengal,Nadia,2017,12,2.240345124,19.83255891,23.47981972,88.51669478,19.73074341,19.93777466,11.77240652,-9.532061393,,
01-01-2018,West Bengal,Nadia,2018,1,0.001568419,16.81738675,23.47981972,88.51669478,16.6210022,17.20303345,19.10201748,-19.10044907,,
01-02-2018,West Bengal,Nadia,2018,2,0.130773052,22.54905455,23.47981972,88.51669478,22.04766846,23.08282471,31.32119145,-31.19041839,,
01-03-2018,West Bengal,Nadia,2018,3,1.070763373,26.84598074,23.47981972,88.51669478,26.57833862,27.05490112,30.18201148,-29.11124811,,
01-04-2018,West Bengal,Nadia,2018,4,4.546351279,27.69827566,23.47981972,88.51669478,27.35049438,28.12783813,42.56936372,-38.02301244,0.587182756,Normal
01-05-2018,West Bengal,Nadia,2018,5,8.535136561,27.93617692,23.47981972,88.51669478,27.38671875,28.43945313,54.17066725,-45.63553069,0.656845636,Normal
01-06-2018,West Bengal,Nadia,2018,6,7.701952534,29.37858532,23.47981972,88.51669478,29.28244019,29.53634644,26.92075475,-19.21880222,,
01-07-2018,West Bengal,Nadia,2018,7,10.59765625,28.2369877,23.47981972,88.51669478,28.18954468,28.33602905,20.4276275,-9.829971251,,
01-08-2018,West Bengal,Nadia,2018,8,6.432651643,28.26267759,23.47981972,88.51669478,28.13925171,28.43807983,28.07811439,-21.64546275,0.526133202,Normal
01-09-2018,West Bengal,Nadia,2018,9,4.857175765,28.29083646,23.47981972,88.51669478,28.13345337,28.42642212,24.59829474,-19.74111897,,
01-10-2018,West Bengal,Nadia,2018,10,2.559112057,25.98208913,23.47981972,88.51669478,25.87069702,26.04452515,16.12788215,-13.56877009,,
01-11-2018,West Bengal,Nadia,2018,11,0.054933025,23.59203314,23.47981972,88.51669478,23.34713745,23.7572937,19.24777274,-19.19283972,,
01-12-2018,West Bengal,Nadia,2018,12,1.397795277,18.73916331,23.47981972,88.51669478,18.50686646,18.89358521,15.62211251,-14.22431723,,
01-01-2019,West Bengal,Nadia,2019,1,0.008977586,18.43541299,23.47981972,88.51669478,18.23165894,18.65548706,17.06239163,-17.05341404,,
01-02-2019,West Bengal,Nadia,2019,2,1.850146509,21.66650981,23.47981972,88.51669478,21.21514893,22.14483643,29.03348536,-27.18333885,,
01-03-2019,West Bengal,Nadia,2019,3,1.221610531,25.2406695,23.47981972,88.51669478,25.11642456,25.39376831,22.19699016,-20.97537963,,
01-04-2019,West Bengal,Nadia,2019,4,2.577507757,28.34661471,23.47981972,88.51669478,27.61721802,28.97268677,57.01383668,-54.43632892,0.011690553,Normal
01-05-2019,West Bengal,Nadia,2019,5,8.154973184,30.53581582,23.47981972,88.51669478,30.18563843,30.82821655,44.72773876,-36.57276557,0.715053417,Normal
01-06-2019,West Bengal,Nadia,2019,6,10.81696344,29.58672111,23.47981972,88.51669478,29.29211426,29.90539551,42.02349069,-31.20652725,,
01-07-2019,West Bengal,Nadia,2019,7,6.504182877,28.94193588,23.47981972,88.51669478,28.7795105,29.0763855,29.52629101,-23.02210813,,
01-08-2019,West Bengal,Nadia,2019,8,8.283923734,28.48895461,23.47981972,88.51669478,28.34240723,28.63928223,28.12368432,-19.83976058,-0.962087153,Normal
01-09-2019,West Bengal,Nadia,2019,9,6.89834201,27.71865353,23.47981972,88.51669478,27.6133728,27.81454468,20.13041862,-13.23207661,,
01-10-2019,West Bengal,Nadia,2019,10,6.800335792,26.06741628,23.47981972,88.51669478,25.99118042,26.14352417,15.12778029,-8.327444493,,
01-11-2019,West Bengal,Nadia,2019,11,1.487910486,23.49417213,23.47981972,88.51669478,23.41207886,23.58590698,12.50080086,-11.01289037,,
01-12-2019,West Bengal,Nadia,2019,12,0.298820342,19.1975137,23.47981972,88.51669478,18.99130249,19.37802124,15.81807763,-15.51925728,,
01-01-2020,West Bengal,Nadia,2020,1,0.72676634,17.86197785,23.47981972,88.51669478,17.6282959,18.0736084,17.21272679,-16.48596045,,
01-02-2020,West Bengal,Nadia,2020,2,0.396621243,20.09664425,23.47981972,88.51669478,19.73550415,20.57144165,27.37975656,-26.98313531,,
01-03-2020,West Bengal,Nadia,2020,3,0.909376821,25.28833795,23.47981972,88.51669478,24.73144531,25.71582031,41.86450011,-40.95512329,,
01-04-2020,West Bengal,Nadia,2020,4,7.042606477,27.94997283,23.47981972,88.51669478,27.50592041,28.15435791,39.09494149,-32.05233501,0.37852725,Normal
01-05-2020,West Bengal,Nadia,2020,5,7.335831181,28.32403958,23.47981972,88.51669478,27.88735962,28.54751587,43.2609078,-35.92507662,0.921959665,Normal
01-06-2020,West Bengal,Nadia,2020,6,9.222565682,28.65044378,23.47981972,88.51669478,28.5022583,28.72686768,24.92926268,-15.706697,,
01-07-2020,West Bengal,Nadia,2020,7,10.92145464,28.53997409,23.47981972,88.51669478,28.42581177,28.64456177,25.1272641,-14.20580946,,
01-08-2020,West Bengal,Nadia,2020,8,10.04203944,28.41073313,23.47981972,88.51669478,28.29946899,28.55728149,26.16392358,-16.12188414,0.775976971,Normal
01-09-2020,West Bengal,Nadia,2020,9,7.515628446,28.42902399,23.47981972,88.51669478,28.35159302,28.52151489,18.78966884,-11.2740404,,
01-10-2020,West Bengal,Nadia,2020,10,3.525014816,27.4403529,23.47981972,88.51669478,27.2406311,27.6625061,25.96203377,-22.43701896,,
01-11-2020,West Bengal,Nadia,2020,11,0.120887933,22.88427734,23.47981972,88.51669478,22.7348938,23.06692505,17.02178665,-16.90089871,,
01-12-2020,West Bengal,Nadia,2020,12,0.015640115,19.27067517,23.47981972,88.51669478,19.10906982,19.51727295,16.28366688,-16.26802677,,
01-01-2021,West Bengal,Nadia,2021,1,0.009319715,18.75031699,23.47981972,88.51669478,18.34759521,19.32025146,26.07249815,-26.06317844,,
01-02-2021,West Bengal,Nadia,2021,2,0.046265352,21.52861564,23.47981972,88.51669478,21.25839233,21.78768921,21.83032913,-21.78406378,,
01-03-2021,West Bengal,Nadia,2021,3,0.304258377,27.32398839,23.47981972,88.51669478,27.01986694,27.57260132,32.85274008,-32.54848171,,
01-04-2021,West Bengal,Nadia,2021,4,1.090459147,29.70696234,23.47981972,88.51669478,29.44448853,29.8565979,32.36377492,-31.27331577,1.670505885,Severely Wet
01-05-2021,West Bengal,Nadia,2021,5,8.102827503,28.75260089,23.47981972,88.51669478,28.36373901,29.14498901,47.49893672,-39.39610922,1.241515873,Moderately Wet
01-06-2021,West Bengal,Nadia,2021,6,12.3270244,28.42724412,23.47981972,88.51669478,28.21536255,28.55130005,30.34120803,-18.01418363,,
01-07-2021,West Bengal,Nadia,2021,7,10.32114435,28.34386813,23.47981972,88.51669478,28.28149414,28.47875977,23.7604738,-13.43932945,,
01-08-2021,West Bengal,Nadia,2021,8,10.123039,28.07156667,23.47981972,88.51669478,27.98751831,28.21798706,24.55599998,-14.43296098,0.783557184,Normal
01-09-2021,West Bengal,Nadia,2021,9,7.020964592,27.50321124,23.47981972,88.51669478,27.25491333,27.79592896,32.85592174,-25.83495715,,
01-10-2021,West Bengal,Nadia,2021,10,3.857776273,26.94371968,23.47981972,88.51669478,26.87454224,27.04055786,16.10747228,-12.24969601,,
01-11-2021,West Bengal,Nadia,2021,11,0.739600212,22.09816422,23.47981972,88.51669478,21.96963501,22.28799438,16.34559704,-15.60599682,,
01-12-2021,West Bengal,Nadia,2021,12,3.286337576,19.0444651,23.47981972,88.51669478,18.94290161,19.27688599,14.63925184,-11.35291426,,
01-01-2022,West Bengal,Nadia,2022,1,1.109939575,17.57043851,23.47981972,88.51669478,17.43069458,17.76467896,14.78479573,-13.67485616,,
01-02-2022,West Bengal,Nadia,2022,2,1.897117123,19.08201944,23.47981972,88.51669478,18.77865601,19.62240601,25.84779748,-23.95068035,,
01-03-2022,West Bengal,Nadia,2022,3,0.058075978,26.62006993,23.47981972,88.51669478,26.46533203,26.84619141,26.84524956,-26.78717359,,
01-04-2022,West Bengal,Nadia,2022,4,1.61882019,30.2508289,23.47981972,88.51669478,29.82000732,30.4274292,39.74127217,-38.12245198,1.458561034,Moderately Wet
01-05-2022,West Bengal,Nadia,2022,5,4.784169351,29.11130056,23.47981972,88.51669478,28.71765137,29.38366699,44.1941315,-39.40996215,1.185734704,Moderately Wet
01-06-2022,West Bengal,Nadia,2022,6,4.03583502,29.77933822,23.47981972,88.51669478,29.46847534,30.00753784,39.55884286,-35.52300784,,
01-07-2022,West Bengal,Nadia,2022,7,3.99184147,28.85525414,23.47981972,88.51669478,28.61306763,29.14822388,39.56910684,-35.57726537,,
01-08-2022,West Bengal,Nadia,2022,8,6.005462154,28.44176262,23.47981972,88.51669478,28.21847534,28.67550659,34.85903467,-28.85357252,-2.589860361,Severe Drought
01-09-2022,West Bengal,Nadia,2022,9,4.552159955,28.05765066,23.47981972,88.51669478,27.97158813,28.16299438,19.78197374,-15.22981378,,
01-10-2022,West Bengal,Nadia,2022,10,3.179470678,26.11988683,23.47981972,88.51669478,26.01693726,26.22006226,17.48894987,-14.3094792,,
01-11-2022,West Bengal,Nadia,2022,11,0.000662511,22.27292559,23.47981972,88.51669478,22.19845581,22.34298706,11.06167732,-11.06101481,,
01-12-2022,West Bengal,Nadia,2022,12,0.001706917,19.67292244,23.47981972,88.51669478,19.5456543,19.89331055,15.19064215,-15.18893523,,
01-01-2023,West Bengal,Nadia,2023,1,0.010337123,18.75649335,23.47981972,88.51669478,18.2449646,19.23129272,26.25953575,-26.24919863,,
01-02-2023,West Bengal,Nadia,2023,2,0.009659296,22.21895083,23.47981972,88.51669478,21.83261108,22.64315796,27.4888597,-27.47920041,,
01-03-2023,West Bengal,Nadia,2023,3,1.827799151,25.51114974,23.47981972,88.51669478,25.26473999,25.75497437,29.69665098,-27.86885183,,
01-04-2023,West Bengal,Nadia,2023,4,0.710838441,29.42617503,23.47981972,88.51669478,29.05224609,29.60693359,37.3252416,-36.61440316,1.221745111,Moderately Wet
01-05-2023,West Bengal,Nadia,2023,5,1.882497111,30.06790456,23.47981972,88.51669478,29.61175537,30.27581787,45.02915708,-43.14665997,1.001869414,Moderately Wet
01-06-2023,West Bengal,Nadia,2023,6,2.782731825,31.16399359,23.47981972,88.51669478,30.80776978,31.50308228,46.23517148,-43.45243965,,
01-07-2023,West Bengal,Nadia,2023,7,3.115536105,29.17372377,23.47981972,88.51669478,29.04135132,29.33432007,29.47684689,-26.36131079,,
01-08-2023,West Bengal,Nadia,2023,8,7.779562673,28.58069438,23.47981972,88.51669478,28.45254517,28.79043579,30.06307099,-22.28350831,-2.113288284,Severe Drought
01-09-2023,West Bengal,Nadia,2023,9,4.5466599,28.31522689,23.47981972,88.51669478,28.17233276,28.47311401,24.93730355,-20.39064365,,
01-10-2023,West Bengal,Nadia,2023,10,2.07595333,26.63494085,23.47981972,88.51669478,26.56582642,26.75527954,17.08820002,-15.01224669,,
01-11-2023,West Bengal,Nadia,2023,11,0.126770027,24.29444147,23.47981972,88.51669478,24.19848633,24.38793945,13.30346247,-13.17669244,,
01-12-2023,West Bengal,Nadia,2023,12,1.074377737,20.12116069,23.47981972,88.51669478,19.9480896,20.32894897,16.08968317,-15.01530543,,
01-01-2024,West Bengal,Nadia,2024,1,0.164702631,17.73540472,23.47981972,88.51669478,17.41925049,18.08331299,20.94486429,-20.78016166,,
01-02-2024,West Bengal,Nadia,2024,2,0.159771227,21.55601846,23.47981972,88.51669478,21.11990356,21.98904419,28.99333044,-28.83355921,,
01-03-2024,West Bengal,Nadia,2024,3,2.080415787,25.4950404,23.47981972,88.51669478,25.18984985,25.93008423,36.47780143,-34.39738565,,
01-04-2024,West Bengal,Nadia,2024,4,0.209786877,31.52888932,23.47981972,88.51669478,31.30755615,31.85443115,38.71159254,-38.50180566,0.138647247,Normal
01-05-2024,West Bengal,Nadia,2024,5,9.268371582,30.23326062,23.47981972,88.51669478,30.06384277,30.49157715,36.26386346,-26.99549188,1.395880427,Moderately Wet
01-06-2024,West Bengal,Nadia,2024,6,4.597584878,31.31525052,23.47981972,88.51669478,31.03097534,31.70285034,45.58964665,-40.99206177,,
01-07-2024,West Bengal,Nadia,2024,7,7.380666917,28.87240502,23.47981972,88.51669478,28.77966309,29.03356934,27.26542447,-19.88475756,,
01-08-2024,West Bengal,Nadia,2024,8,13.92911259,27.88056207,23.47981972,88.51669478,27.79147339,28.03756714,25.26909914,-11.33998655,-0.83858562,Normal
01-09-2024,West Bengal,Nadia,2024,9,13.64596853,28.54964127,23.47981972,88.51669478,28.35275269,28.72384644,27.83991848,-14.19394995,,
01-10-2024,West Bengal,Nadia,2024,10,5.197092364,27.20778533,23.47981972,88.51669478,27.07522583,27.26663208,17.39748746,-12.2003951,,
01-11-2024,West Bengal,Nadia,2024,11,0.124679735,23.53951928,23.47981972,88.51669478,23.47122192,23.59622192,10.61229918,-10.48761944,,
01-12-2024,West Bengal,Nadia,2024,12,0.060059178,19.19949045,23.47981972,88.51669478,18.99642944,19.49252319,17.91682984,-17.85677066,,
01-01-2025,West Bengal,Nadia,2025,1,0.018227148,18.81892641,23.47981972,88.51669478,18.61227417,19.10836792,18.65517348,-18.63694633,,
01-02-2025,West Bengal,Nadia,2025,2,0.381428257,22.38562405,23.47981972,88.51669478,21.8611145,22.91189575,31.42887467,-31.04744642,,
01-03-2025,West Bengal,Nadia,2025,3,0.326495694,26.86182231,23.47981972,88.51669478,26.49343872,27.25515747,38.17153653,-37.84504084,,
01-04-2025,West Bengal,Nadia,2025,4,3.468050557,29.15042803,23.47981972,88.51669478,28.96954346,29.38360596,32.06034353,-28.59229297,0.684993373,Normal
01-05-2025,West Bengal,Nadia,2025,5,4.941836942,29.57277556,23.47981972,88.51669478,29.29574585,29.74105835,36.49271677,-31.55087983,1.476158454,Moderately Wet
01-06-2025,West Bengal,Nadia,2025,6,8.616726783,28.86893389,23.47981972,88.51669478,28.79055786,29.01712036,25.15518501,-16.53845823,,
01-07-2025,West Bengal,Nadia,2025,7,15.62499606,27.89613195,23.47981972,88.51669478,27.84786987,27.97091675,18.58361202,-2.95861596,,
01-08-2025,West Bengal,Nadia,2025,8,10.50372511,27.86426766,23.47981972,88.51669478,27.81607056,27.95474243,18.96176288,-8.458037766,1.555822047,Severely Wet
01-09-2025,West Bengal,Nadia,2025,9,8.426787346,28.30545339,23.47981972,88.51669478,28.10806274,28.47329712,27.47374639,-19.04695904,,
01-10-2025,West Bengal,Nadia,2025,10,3.408033063,26.95045717,23.47981972,88.51669478,26.78286743,27.12661743,23.18140002,-19.77336696,,
01-01-2013,West Bengal,Paschim Bardhaman,2013,1,0.052743368,17.13980103,23.63644923,87.19915586,16.72940063,17.52627563,22.4793363,-22.42659294,,
01-02-2013,West Bengal,Paschim Bardhaman,2013,2,0.513348579,20.83511353,23.63644923,87.19915586,20.50930786,21.09329224,22.46938363,-21.95603505,,
01-03-2013,West Bengal,Paschim Bardhaman,2013,3,0.17047213,26.24468994,23.63644923,87.19915586,25.8961792,26.59539795,36.01479597,-35.84432384,,
01-04-2013,West Bengal,Paschim Bardhaman,2013,4,0.983295321,30.14154053,23.63644923,87.19915586,29.84490967,30.35272217,36.24011995,-35.25682463,,
01-05-2013,West Bengal,Paschim Bardhaman,2013,5,4.312065125,30.49490356,23.63644923,87.19915586,30.23892212,30.72720337,38.96994533,-34.6578802,,
01-06-2013,West Bengal,Paschim Bardhaman,2013,6,5.656301498,28.42907715,23.63644923,87.19915586,28.16418457,28.6036377,34.72766063,-29.07135913,,
01-07-2013,West Bengal,Paschim Bardhaman,2013,7,6.372128487,28.00314331,23.63644923,87.19915586,27.71456909,28.22238159,37.86158591,-31.48945742,,
01-08-2013,West Bengal,Paschim Bardhaman,2013,8,9.649736404,27.16165161,23.63644923,87.19915586,26.94485474,27.32571411,30.93907604,-21.28933963,,
01-09-2013,West Bengal,Paschim Bardhaman,2013,9,7.296723843,27.37026978,23.63644923,87.19915586,27.16445923,27.55117798,27.66897775,-20.37225391,,
01-10-2013,West Bengal,Paschim Bardhaman,2013,10,7.151711941,25.02218628,23.63644923,87.19915586,24.74606323,25.24996948,26.80029357,-19.64858163,,
01-11-2013,West Bengal,Paschim Bardhaman,2013,11,0.007575657,20.78741455,23.63644923,87.19915586,20.44525146,21.23431396,24.80677968,-24.79920403,,
01-12-2013,West Bengal,Paschim Bardhaman,2013,12,0.01388121,18.30984497,23.63644923,87.19915586,17.92886353,18.79995728,23.08120406,-23.06732285,,
01-01-2014,West Bengal,Paschim Bardhaman,2014,1,0.187271416,17.01083374,23.63644923,87.19915586,16.61447144,17.42892456,22.6420334,-22.45476199,,
01-02-2014,West Bengal,Paschim Bardhaman,2014,2,1.692109942,19.57382202,23.63644923,87.19915586,19.14889526,20.03952026,26.84252121,-25.15041126,,
01-03-2014,West Bengal,Paschim Bardhaman,2014,3,0.337447464,24.59896851,23.63644923,87.19915586,24.14889526,25.00827026,38.43505597,-38.09760851,,
01-04-2014,West Bengal,Paschim Bardhaman,2014,4,0.182647526,30.78579712,23.63644923,87.19915586,30.37026978,31.1847229,46.51235462,-46.3297071,,
01-05-2014,West Bengal,Paschim Bardhaman,2014,5,3.641393185,31.59628296,23.63644923,87.19915586,31.3074646,31.82699585,41.11436406,-37.47297087,,
01-06-2014,West Bengal,Paschim Bardhaman,2014,6,9.637229919,30.25897217,23.63644923,87.19915586,30.16827393,30.3616333,23.94755136,-14.31032145,,
01-07-2014,West Bengal,Paschim Bardhaman,2014,7,9.522634506,27.7741394,23.63644923,87.19915586,27.51852417,27.99703979,36.56944426,-27.04680976,,
01-08-2014,West Bengal,Paschim Bardhaman,2014,8,8.573225021,27.84356689,23.63644923,87.19915586,27.62493896,28.01361084,31.7288183,-23.15559327,,
01-09-2014,West Bengal,Paschim Bardhaman,2014,9,4.961485863,27.32321167,23.63644923,87.19915586,27.05062866,27.54086304,31.12036634,-26.15888048,,
01-10-2014,West Bengal,Paschim Bardhaman,2014,10,1.952366233,25.46975708,23.63644923,87.19915586,25.09048462,25.78384399,31.76577781,-29.81341158,,
01-11-2014,West Bengal,Paschim Bardhaman,2014,11,0.001097432,21.72634888,23.63644923,87.19915586,21.21707153,22.26004028,29.21402216,-29.21292473,,
01-12-2014,West Bengal,Paschim Bardhaman,2014,12,0.017633269,17.90304565,23.63644923,87.19915586,17.38327026,18.40866089,24.75998204,-24.74234877,,
01-01-2015,West Bengal,Paschim Bardhaman,2015,1,0.62487191,17.82803345,23.63644923,87.19915586,17.44717407,18.2147522,22.49681845,-21.87194654,,
01-02-2015,West Bengal,Paschim Bardhaman,2015,2,0.683547616,21.66732788,23.63644923,87.19915586,21.28707886,22.04684448,26.18097966,-25.49743205,,
01-03-2015,West Bengal,Paschim Bardhaman,2015,3,1.544729233,25.70266724,23.63644923,87.19915586,25.21072388,26.06814575,39.39073029,-37.84600106,,
01-04-2015,West Bengal,Paschim Bardhaman,2015,4,3.356160164,28.22912598,23.63644923,87.19915586,28.04321289,28.43383789,30.51677905,-27.16061889,,
01-05-2015,West Bengal,Paschim Bardhaman,2015,5,2.149642467,31.22921753,23.63644923,87.19915586,30.90316772,31.5730896,46.3404784,-44.19083593,,
01-06-2015,West Bengal,Paschim Bardhaman,2015,6,8.350921631,29.75485229,23.63644923,87.19915586,29.56564331,29.90939331,31.59513492,-23.24421329,,
01-07-2015,West Bengal,Paschim Bardhaman,2015,7,21.17038727,27.45730591,23.63644923,87.19915586,27.25149536,27.56790161,29.52997294,-8.359585674,,
01-08-2015,West Bengal,Paschim Bardhaman,2015,8,8.361554146,27.82046509,23.63644923,87.19915586,27.57290649,27.98501587,32.65492718,-24.29337304,,
01-09-2015,West Bengal,Paschim Bardhaman,2015,9,5.611413479,28.14859009,23.63644923,87.19915586,27.92678833,28.35256958,29.533048,-23.92163452,,
01-10-2015,West Bengal,Paschim Bardhaman,2015,10,0.976210952,26.4147644,23.63644923,87.19915586,26.10714722,26.64620972,28.62086256,-27.64465161,,
01-11-2015,West Bengal,Paschim Bardhaman,2015,11,0.034733985,23.74377441,23.63644923,87.19915586,23.30358887,24.12780762,27.29582361,-27.26108963,,
01-12-2015,West Bengal,Paschim Bardhaman,2015,12,0.250810683,19.63607788,23.63644923,87.19915586,19.19857788,20.09701538,24.30158865,-24.05077797,,
01-01-2016,West Bengal,Paschim Bardhaman,2016,1,0.446065664,18.09082031,23.63644923,87.19915586,17.69799805,18.4987793,23.14772363,-22.70165797,,
01-02-2016,West Bengal,Paschim Bardhaman,2016,2,2.070422649,22.75112915,23.63644923,87.19915586,22.30740356,23.25466919,31.10907938,-29.03865673,,
01-03-2016,West Bengal,Paschim Bardhaman,2016,3,0.468325347,27.01852417,23.63644923,87.19915586,26.69735718,27.25985718,32.86999847,-32.40167312,,
01-04-2016,West Bengal,Paschim Bardhaman,2016,4,0.118606478,32.91690063,23.63644923,87.19915586,32.68875122,33.20632935,38.70495899,-38.58635251,,
01-05-2016,West Bengal,Paschim Bardhaman,2016,5,3.839781284,30.33459473,23.63644923,87.19915586,30.13659668,30.5213623,34.4785441,-30.63876282,,
01-06-2016,West Bengal,Paschim Bardhaman,2016,6,4.431330681,29.87591553,23.63644923,87.19915586,29.66070557,30.05328369,33.85057974,-29.41924906,,
01-07-2016,West Bengal,Paschim Bardhaman,2016,7,9.128229141,27.78125,23.63644923,87.19915586,27.60290527,27.8939209,28.52306641,-19.39483727,,
01-08-2016,West Bengal,Paschim Bardhaman,2016,8,9.932642937,27.71450806,23.63644923,87.19915586,27.47854614,27.92190552,33.79174078,-23.85909784,,
01-09-2016,West Bengal,Paschim Bardhaman,2016,9,9.304141998,27.30697632,23.63644923,87.19915586,27.07345581,27.50900269,29.32270184,-20.01855984,,
01-10-2016,West Bengal,Paschim Bardhaman,2016,10,2.38126421,25.96990967,23.63644923,87.19915586,25.69146729,26.29498291,29.97890391,-27.5976397,,
01-11-2016,West Bengal,Paschim Bardhaman,2016,11,0.053574506,22.46118164,23.63644923,87.19915586,22.17175293,22.8104248,23.28597452,-23.23240001,,
01-12-2016,West Bengal,Paschim Bardhaman,2016,12,0.004861789,19.50924683,23.63644923,87.19915586,19.0496521,19.9949646,24.84303036,-24.83816857,,
01-01-2017,West Bengal,Paschim Bardhaman,2017,1,0.216078356,18.40371704,23.63644923,87.19915586,18.00076294,18.82693481,23.71681249,-23.50073413,,
01-02-2017,West Bengal,Paschim Bardhaman,2017,2,0.015812805,22.03164673,23.63644923,87.19915586,21.60562134,22.50601196,28.76418633,-28.74837353,,
01-03-2017,West Bengal,Paschim Bardhaman,2017,3,0.842160046,25.5843811,23.63644923,87.19915586,25.2180481,26.0305481,38.24071116,-37.39855111,,
01-04-2017,West Bengal,Paschim Bardhaman,2017,4,1.641511202,30.21102905,23.63644923,87.19915586,29.92245483,30.37362671,34.20881056,-32.56729936,,
01-05-2017,West Bengal,Paschim Bardhaman,2017,5,4.229361057,30.62081909,23.63644923,87.19915586,30.45895386,30.76950073,31.15940668,-26.93004562,,
01-06-2017,West Bengal,Paschim Bardhaman,2017,6,7.011744022,29.87121582,23.63644923,87.19915586,29.74523926,30.02844238,28.74810809,-21.73636407,,
01-07-2017,West Bengal,Paschim Bardhaman,2017,7,13.58152771,27.4359436,23.63644923,87.19915586,27.1723938,27.62356567,35.24572803,-21.66420032,,
01-08-2017,West Bengal,Paschim Bardhaman,2017,8,8.381209373,27.88265991,23.63644923,87.19915586,27.59786987,28.10177612,36.15838436,-27.77717499,,
01-09-2017,West Bengal,Paschim Bardhaman,2017,9,8.619891167,28.01113892,23.63644923,87.19915586,27.84597778,28.11746216,23.5118243,-14.89193314,,
01-10-2017,West Bengal,Paschim Bardhaman,2017,10,6.282406807,25.93911743,23.63644923,87.19915586,25.66287231,26.17459106,27.58554211,-21.3031353,,
01-11-2017,West Bengal,Paschim Bardhaman,2017,11,0.377614677,21.5632019,23.63644923,87.19915586,21.2428894,21.9538269,24.02011796,-23.64250328,,
01-12-2017,West Bengal,Paschim Bardhaman,2017,12,1.015202045,19.21817017,23.63644923,87.19915586,18.92996216,19.52566528,19.56727158,-18.55206954,,
01-01-2018,West Bengal,Paschim Bardhaman,2018,1,0.000817353,16.25686646,23.63644923,87.19915586,15.90420532,16.5897522,20.32315933,-20.32234197,,
01-02-2018,West Bengal,Paschim Bardhaman,2018,2,0.061003596,22.20916748,23.63644923,87.19915586,21.68634033,22.73516846,31.18315324,-31.12214964,,
01-03-2018,West Bengal,Paschim Bardhaman,2018,3,0.468362302,26.80148315,23.63644923,87.19915586,26.30880737,27.17404175,40.56925696,-40.10089466,,
01-04-2018,West Bengal,Paschim Bardhaman,2018,4,2.973710537,28.16116333,23.63644923,87.19915586,27.95791626,28.30947876,28.9080124,-25.93430186,,
01-05-2018,West Bengal,Paschim Bardhaman,2018,5,4.879303932,28.73156738,23.63644923,87.19915586,28.62109375,28.8515625,25.7956915,-20.91638756,,
01-06-2018,West Bengal,Paschim Bardhaman,2018,6,5.854332447,29.94638062,23.63644923,87.19915586,29.81759644,30.08126831,27.78282346,-21.92849101,,
01-07-2018,West Bengal,Paschim Bardhaman,2018,7,9.603307724,28.07980347,23.63644923,87.19915586,27.8868103,28.22665405,31.02508766,-21.42177994,,
01-08-2018,West Bengal,Paschim Bardhaman,2018,8,7.278887749,27.90512085,23.63644923,87.19915586,27.67050171,28.13339233,34.67263223,-27.39374449,,
01-09-2018,West Bengal,Paschim Bardhaman,2018,9,5.214519978,27.78274536,23.63644923,87.19915586,27.53970337,28.02407837,31.2488582,-26.03433823,,
01-10-2018,West Bengal,Paschim Bardhaman,2018,10,1.722583652,25.38095093,23.63644923,87.19915586,25.12069702,25.69100952,28.75043962,-27.02785596,,
01-11-2018,West Bengal,Paschim Bardhaman,2018,11,0.039261289,22.9135437,23.63644923,87.19915586,22.64401245,23.23776245,22.70438398,-22.66512269,,
01-12-2018,West Bengal,Paschim Bardhaman,2018,12,1.483116269,17.72671509,23.63644923,87.19915586,17.53225708,18.02444458,17.06949729,-15.58638102,,
01-01-2019,West Bengal,Paschim Bardhaman,2019,1,0.029205278,17.55099487,23.63644923,87.19915586,17.35079956,17.83908081,17.8034685,-17.77426322,,
01-02-2019,West Bengal,Paschim Bardhaman,2019,2,1.953317881,21.08953857,23.63644923,87.19915586,20.8460083,21.38897705,21.80863875,-19.85532087,,
01-03-2019,West Bengal,Paschim Bardhaman,2019,3,0.656082928,25.80062866,23.63644923,87.19915586,25.42306519,26.10861206,35.30142172,-34.64533879,,
01-04-2019,West Bengal,Paschim Bardhaman,2019,4,2.061269045,29.41970825,23.63644923,87.19915586,29.06448364,29.67190552,39.03862051,-36.97735147,,
01-05-2019,West Bengal,Paschim Bardhaman,2019,5,4.274501801,31.34884644,23.63644923,87.19915586,30.97860718,31.57626343,43.87655602,-39.60205421,,
01-06-2019,West Bengal,Paschim Bardhaman,2019,6,5.215929985,30.78955078,23.63644923,87.19915586,30.27453613,31.29211426,55.54318631,-50.32725633,,
01-07-2019,West Bengal,Paschim Bardhaman,2019,7,7.612888336,28.87887573,23.63644923,87.19915586,28.66036987,28.99630737,31.38350571,-23.77061738,,
01-08-2019,West Bengal,Paschim Bardhaman,2019,8,8.158723831,28.06201172,23.63644923,87.19915586,27.8170166,28.2857666,35.0111602,-26.85243637,,
01-09-2019,West Bengal,Paschim Bardhaman,2019,9,8.781799316,27.22824097,23.63644923,87.19915586,26.9727478,27.43173218,30.04877347,-21.26697415,,
01-10-2019,West Bengal,Paschim Bardhaman,2019,10,6.302377701,25.37167358,23.63644923,87.19915586,25.05563354,25.66110229,29.61696782,-23.31459012,,
01-11-2019,West Bengal,Paschim Bardhaman,2019,11,0.126382738,22.87338257,23.63644923,87.19915586,22.51364136,23.26754761,25.5586535,-25.43227076,,
01-12-2019,West Bengal,Paschim Bardhaman,2019,12,0.513813853,18.49215698,23.63644923,87.19915586,17.99520874,19.04013062,25.40709902,-24.89328517,,
01-01-2020,West Bengal,Paschim Bardhaman,2020,1,1.146146536,17.33166504,23.63644923,87.19915586,16.9407959,17.71228027,22.23976815,-21.09362161,,
01-02-2020,West Bengal,Paschim Bardhaman,2020,2,0.57795769,19.40286255,23.63644923,87.19915586,18.9737854,19.93276978,28.71642961,-28.13847192,,
01-03-2020,West Bengal,Paschim Bardhaman,2020,3,1.093174934,24.83312988,23.63644923,87.19915586,24.01660156,25.68652344,53.87362063,-52.78044569,,
01-04-2020,West Bengal,Paschim Bardhaman,2020,4,3.67346406,28.48712158,23.63644923,87.19915586,28.00006104,28.81646729,44.36487707,-40.69141301,,
01-05-2020,West Bengal,Paschim Bardhaman,2020,5,6.049049854,28.68643188,23.63644923,87.19915586,28.45376587,28.81314087,32.18056118,-26.13151132,,
01-06-2020,West Bengal,Paschim Bardhaman,2020,6,9.082660675,28.48101807,23.63644923,87.19915586,28.20733643,28.69561768,36.64729731,-27.56463664,,
01-07-2020,West Bengal,Paschim Bardhaman,2020,7,9.591835022,28.31192017,23.63644923,87.19915586,28.08596802,28.47854614,33.51413984,-23.92230482,,
01-08-2020,West Bengal,Paschim Bardhaman,2020,8,10.66733742,28.03640747,23.63644923,87.19915586,27.80728149,28.24673462,33.88048463,-23.21314721,,
01-09-2020,West Bengal,Paschim Bardhaman,2020,9,7.239637375,28.11001587,23.63644923,87.19915586,27.89651489,28.28323364,28.12210806,-20.88247068,,
01-10-2020,West Bengal,Paschim Bardhaman,2020,10,2.271904945,26.89041138,23.63644923,87.19915586,26.57852173,27.19961548,31.05194257,-28.78003763,,
01-11-2020,West Bengal,Paschim Bardhaman,2020,11,0.093758464,22.64016724,23.63644923,87.19915586,22.16653442,23.0161438,26.97687248,-26.88311401,,
01-12-2020,West Bengal,Paschim Bardhaman,2020,12,0.098742448,18.56048584,23.63644923,87.19915586,18.1774292,19.01141357,22.74097188,-22.64222943,,
01-01-2021,West Bengal,Paschim Bardhaman,2021,1,0.000898621,18.12945557,23.63644923,87.19915586,17.67767334,18.63079834,25.28095777,-25.28005915,,
01-02-2021,West Bengal,Paschim Bardhaman,2021,2,0.133850753,21.08309937,23.63644923,87.19915586,20.76815796,21.41854858,23.86472096,-23.73087021,,
01-03-2021,West Bengal,Paschim Bardhaman,2021,3,0.603813291,26.89486694,23.63644923,87.19915586,26.48666382,27.30697632,39.58477515,-38.98096185,,
01-04-2021,West Bengal,Paschim Bardhaman,2021,4,0.663164258,30.587677,23.63644923,87.19915586,30.40933228,30.71792603,28.51374646,-27.8505822,,
01-05-2021,West Bengal,Paschim Bardhaman,2021,5,7.281358242,28.70724487,23.63644923,87.19915586,28.33444214,29.02194214,44.52976806,-37.24840982,,
01-06-2021,West Bengal,Paschim Bardhaman,2021,6,9.124623299,28.68252563,23.63644923,87.19915586,28.4692688,28.7817688,29.44548772,-20.32086442,,
01-07-2021,West Bengal,Paschim Bardhaman,2021,7,9.860801697,28.22241211,23.63644923,87.19915586,28.03344727,28.39477539,32.09017477,-22.22937308,,
01-08-2021,West Bengal,Paschim Bardhaman,2021,8,8.923932076,27.87374878,23.63644923,87.19915586,27.68673706,28.04220581,30.36338132,-21.43944924,,
01-09-2021,West Bengal,Paschim Bardhaman,2021,9,12.34732151,26.93862915,23.63644923,87.19915586,26.73342896,27.14553833,28.28992084,-15.94259933,,
01-10-2021,West Bengal,Paschim Bardhaman,2021,10,3.30324173,26.39663696,23.63644923,87.19915586,26.02297974,26.70071411,32.07855683,-28.7753151,,
01-11-2021,West Bengal,Paschim Bardhaman,2021,11,1.065136433,21.60232544,23.63644923,87.19915586,21.29776001,21.90713501,22.26041092,-21.19527449,,
01-12-2021,West Bengal,Paschim Bardhaman,2021,12,1.510852098,18.63943481,23.63644923,87.19915586,18.55422974,18.82766724,13.04971592,-11.53886382,,
01-01-2022,West Bengal,Paschim Bardhaman,2022,1,1.432598948,16.74783325,23.63644923,87.19915586,16.38577271,17.09475708,20.96559062,-19.53299167,,
01-02-2022,West Bengal,Paschim Bardhaman,2022,2,2.513863564,18.5821228,23.63644923,87.19915586,18.28256226,18.92318726,22.16145792,-19.64759436,,
01-03-2022,West Bengal,Paschim Bardhaman,2022,3,0.017043345,26.39404297,23.63644923,87.19915586,26.19580078,26.51416016,24.38391455,-24.3668712,,
01-04-2022,West Bengal,Paschim Bardhaman,2022,4,0.680058599,31.47003174,23.63644923,87.19915586,31.22235107,31.79071045,39.40218498,-38.72212638,,
01-05-2022,West Bengal,Paschim Bardhaman,2022,5,3.015600681,29.84020996,23.63644923,87.19915586,29.66882324,30.04968262,33.95075717,-30.93515649,,
01-06-2022,West Bengal,Paschim Bardhaman,2022,6,4.259726524,30.47799683,23.63644923,87.19915586,30.28488159,30.63058472,32.16658245,-27.90685593,,
01-07-2022,West Bengal,Paschim Bardhaman,2022,7,4.239377975,28.63735962,23.63644923,87.19915586,28.46658325,28.79275513,30.76398574,-26.52460776,,
01-08-2022,West Bengal,Paschim Bardhaman,2022,8,8.241786003,27.98300171,23.63644923,87.19915586,27.73995972,28.21456909,35.16860798,-26.92682197,,
01-09-2022,West Bengal,Paschim Bardhaman,2022,9,4.394616604,27.69412231,23.63644923,87.19915586,27.46768188,27.87393188,28.56240632,-24.16778971,,
01-10-2022,West Bengal,Paschim Bardhaman,2022,10,1.755858898,25.68563843,23.63644923,87.19915586,25.44467163,25.93881226,26.95050921,-25.19465031,,
01-11-2022,West Bengal,Paschim Bardhaman,2022,11,0.014336505,21.84640503,23.63644923,87.19915586,21.49728394,22.19845581,24.02619859,-24.01186208,,
01-12-2022,West Bengal,Paschim Bardhaman,2022,12,0.003635798,19.10375977,23.63644923,87.19915586,18.7722168,19.4362793,20.59564894,-20.59201314,,
01-01-2023,West Bengal,Paschim Bardhaman,2023,1,0.00779012,18.46066284,23.63644923,87.19915586,18.07894897,18.82894897,22.63259367,-22.62480355,,
01-02-2023,West Bengal,Paschim Bardhaman,2023,2,0.003536429,21.94467163,23.63644923,87.19915586,21.56893921,22.30722046,25.98951551,-25.98597908,,
01-03-2023,West Bengal,Paschim Bardhaman,2023,3,1.647999048,25.61141968,23.63644923,87.19915586,25.52645874,25.68270874,16.7801126,-15.13211355,,
01-04-2023,West Bengal,Paschim Bardhaman,2023,4,0.507215142,29.73742676,23.63644923,87.19915586,29.58154297,29.82568359,24.91619026,-24.40897512,,
01-05-2023,West Bengal,Paschim Bardhaman,2023,5,0.868613601,31.08599854,23.63644923,87.19915586,30.87542725,31.22113037,33.19170864,-32.32309504,,
01-06-2023,West Bengal,Paschim Bardhaman,2023,6,2.321033955,32.58865356,23.63644923,87.19915586,32.32339478,32.7394104,36.82914156,-34.50810761,,
01-07-2023,West Bengal,Paschim Bardhaman,2023,7,3.097991228,28.99728394,23.63644923,87.19915586,28.77963257,29.18197632,34.43270186,-31.33471064,,
01-08-2023,West Bengal,Paschim Bardhaman,2023,8,5.498764992,28.3598938,23.63644923,87.19915586,28.10684204,28.57754517,35.31190159,-29.81313659,,
01-09-2023,West Bengal,Paschim Bardhaman,2023,9,5.553070068,27.80258179,23.63644923,87.19915586,27.56686401,28.01412964,30.04104315,-24.48797309,,
01-10-2023,West Bengal,Paschim Bardhaman,2023,10,1.781504154,25.99832153,23.63644923,87.19915586,25.64395142,26.38418579,33.22293013,-31.44142598,,
01-11-2023,West Bengal,Paschim Bardhaman,2023,11,0.041086949,23.65844727,23.63644923,87.19915586,23.2512207,24.02661133,26.42057795,-26.379491,,
01-12-2023,West Bengal,Paschim Bardhaman,2023,12,1.040428758,18.9916687,23.63644923,87.19915586,18.75082397,19.37191772,19.8576775,-18.81724874,,
01-01-2024,West Bengal,Paschim Bardhaman,2024,1,0.280271053,17.14447021,23.63644923,87.19915586,16.82550049,17.48370361,20.43272947,-20.15245842,,
01-02-2024,West Bengal,Paschim Bardhaman,2024,2,0.286161363,20.89627075,23.63644923,87.19915586,20.56716919,21.24880981,25.18228658,-24.89612522,,
01-03-2024,West Bengal,Paschim Bardhaman,2024,3,0.843607724,25.45010376,23.63644923,87.19915586,25.2250061,25.59609985,25.76379546,-24.92018774,,
01-04-2024,West Bengal,Paschim Bardhaman,2024,4,0.051767528,32.48699951,23.63644923,87.19915586,32.26849365,32.65130615,33.00461918,-32.95285165,,
01-05-2024,West Bengal,Paschim Bardhaman,2024,5,4.189061642,30.97106934,23.63644923,87.19915586,30.73571777,31.17907715,37.50020985,-33.3111482,,
01-06-2024,West Bengal,Paschim Bardhaman,2024,6,2.989302158,33.04135132,23.63644923,87.19915586,32.47042847,33.40792847,55.78362687,-52.79432471,,
01-07-2024,West Bengal,Paschim Bardhaman,2024,7,6.811859131,28.79943848,23.63644923,87.19915586,28.65075684,28.93200684,28.66677078,-21.85491164,,
01-08-2024,West Bengal,Paschim Bardhaman,2024,8,13.26879406,27.71566772,23.63644923,87.19915586,27.50631714,27.89108276,31.48051361,-18.21171955,,
01-09-2024,West Bengal,Paschim Bardhaman,2024,9,17.38092613,28.06637573,23.63644923,87.19915586,27.84884644,28.28244019,29.74943666,-12.36851053,,
01-10-2024,West Bengal,Paschim Bardhaman,2024,10,4.718379021,26.87356567,23.63644923,87.19915586,26.59280396,27.09085083,27.79595293,-23.0775739,,
01-11-2024,West Bengal,Paschim Bardhaman,2024,11,0.055601329,22.83303833,23.63644923,87.19915586,22.43215942,23.22317505,26.15416366,-26.09856234,,
01-12-2024,West Bengal,Paschim Bardhaman,2024,12,0.143576443,18.47872925,23.63644923,87.19915586,18.12924194,18.83041382,20.80485531,-20.66127886,,
01-01-2025,West Bengal,Paschim Bardhaman,2025,1,0.009294292,18.2116394,23.63644923,87.19915586,17.76461792,18.58297729,23.47917747,-23.46988318,,
01-02-2025,West Bengal,Paschim Bardhaman,2025,2,0.648932099,21.89505005,23.63644923,87.19915586,21.6111145,22.17947388,22.77488647,-22.12595437,,
01-03-2025,West Bengal,Paschim Bardhaman,2025,3,0.574467897,26.59194946,23.63644923,87.19915586,26.35281372,26.70632935,25.81008271,-25.23561482,,
01-04-2025,West Bengal,Paschim Bardhaman,2025,4,1.721982121,29.8895874,23.63644923,87.19915586,29.65899658,29.99298096,29.235639,-27.51365688,,
01-05-2025,West Bengal,Paschim Bardhaman,2025,5,3.891595602,30.10092163,23.63644923,87.19915586,29.9715271,30.19613647,26.21508522,-22.32348962,,
01-06-2025,West Bengal,Paschim Bardhaman,2025,6,9.459032059,29.03860474,23.63644923,87.19915586,28.89602661,29.12844849,25.58859722,-16.12956516,,
01-07-2025,West Bengal,Paschim Bardhaman,2025,7,16.74059296,27.47055054,23.63644923,87.19915586,27.26779175,27.65060425,32.49081878,-15.75022582,,
01-08-2025,West Bengal,Paschim Bardhaman,2025,8,9.95737648,27.55130005,23.63644923,87.19915586,27.37075806,27.71060181,29.47895921,-19.52158273,,
01-09-2025,West Bengal,Paschim Bardhaman,2025,9,9.046587944,27.83901978,23.63644923,87.19915586,27.64907837,28.02993774,27.74351257,-18.69692462,,
01-10-2025,West Bengal,Paschim Bardhaman,2025,10,2.799465418,26.37588501,23.63644923,87.19915586,26.04067993,26.70669556,31.78508022,-28.9856148,,
01-01-2013,West Bengal,Purba Bardhaman,2013,1,0.081658576,17.5587314,23.35616554,87.96371245,17.25869751,17.97549438,21.71300152,-21.63134294,,
01-02-2013,West Bengal,Purba Bardhaman,2013,2,0.550622981,21.11049701,23.35616554,87.96371245,20.91946411,21.45266724,21.7207307,-21.17010772,,
01-03-2013,West Bengal,Purba Bardhaman,2013,3,0.071076804,26.75937604,23.35616554,87.96371245,26.4977417,27.14227295,35.0717535,-35.00067669,,
01-04-2013,West Bengal,Purba Bardhaman,2013,4,1.370623974,30.05692632,23.35616554,87.96371245,29.65740967,30.36053467,42.59792725,-41.22730328,1.6770936,Severely Wet
01-05-2013,West Bengal,Purba Bardhaman,2013,5,4.187901598,29.89592077,23.35616554,87.96371245,29.31900024,30.32681274,55.25820012,-51.07029853,,
01-06-2013,West Bengal,Purba Bardhaman,2013,6,6.105370055,28.59245917,23.35616554,87.96371245,28.43371582,28.79699707,31.64732133,-25.54195128,-0.375128763,Normal
01-07-2013,West Bengal,Purba Bardhaman,2013,7,5.990725903,28.25795275,23.35616554,87.96371245,28.06222534,28.40988159,31.47069899,-25.47997309,-0.654610341,Normal
01-08-2013,West Bengal,Purba Bardhaman,2013,8,12.31930997,27.41917387,23.35616554,87.96371245,27.30227661,27.56790161,25.98860358,-13.66929361,,
01-09-2013,West Bengal,Purba Bardhaman,2013,9,7.173907341,27.55778601,23.35616554,87.96371245,27.37539673,27.91836548,32.98081527,-25.80690793,,
01-10-2013,West Bengal,Purba Bardhaman,2013,10,9.609434087,25.41781292,23.35616554,87.96371245,25.25778198,25.70504761,25.57955938,-15.9701253,,
01-11-2013,West Bengal,Purba Bardhaman,2013,11,0.008673459,21.66711815,23.35616554,87.96371245,21.22650146,22.18743896,28.16359456,-28.1549211,,
01-12-2013,West Bengal,Purba Bardhaman,2013,12,0.033223165,19.16577408,23.35616554,87.96371245,18.7628479,19.61245728,23.49718162,-23.46395846,,
01-01-2014,West Bengal,Purba Bardhaman,2014,1,0.083773577,17.63753428,23.35616554,87.96371245,17.35665894,18.02658081,21.03781888,-20.9540453,,
01-02-2014,West Bengal,Purba Bardhaman,2014,2,1.885598041,20.20291722,23.35616554,87.96371245,19.94772339,20.53170776,22.20132301,-20.31572497,,
01-03-2014,West Bengal,Purba Bardhaman,2014,3,0.530468231,25.0340758,23.35616554,87.96371245,24.72116089,25.34225464,33.09515124,-32.56468301,,
01-04-2014,West Bengal,Purba Bardhaman,2014,4,0.36861233,30.99053306,23.35616554,87.96371245,30.5987854,31.3644104,45.31802887,-44.94941654,1.546804519,Severely Wet
01-05-2014,West Bengal,Purba Bardhaman,2014,5,4.335855362,31.64211322,23.35616554,87.96371245,31.52230835,31.78988647,29.51535092,-25.17949556,,
01-06-2014,West Bengal,Purba Bardhaman,2014,6,10.07064105,29.93377556,23.35616554,87.96371245,29.63311768,30.2444458,42.24069393,-32.17005288,0.710030027,Normal
01-07-2014,West Bengal,Purba Bardhaman,2014,7,9.24905915,28.14485331,23.35616554,87.96371245,27.92086792,28.34469604,34.66238899,-25.41332984,0.443426259,Normal
01-08-2014,West Bengal,Purba Bardhaman,2014,8,8.9471481,28.03355635,23.35616554,87.96371245,27.89251709,28.24017334,30.13591793,-21.18876983,,
01-09-2014,West Bengal,Purba Bardhaman,2014,9,5.659640698,27.64321445,23.35616554,87.96371245,27.49008179,27.91781616,29.32771586,-23.66807516,,
01-10-2014,West Bengal,Purba Bardhaman,2014,10,1.706456935,26.07993008,23.35616554,87.96371245,25.85220337,26.39517212,28.61546815,-26.90901122,,
01-11-2014,West Bengal,Purba Bardhaman,2014,11,0.001138232,22.81364798,23.35616554,87.96371245,22.24636841,23.35769653,31.16723309,-31.16609486,,
01-12-2014,West Bengal,Purba Bardhaman,2014,12,0.117864223,18.87516622,23.35616554,87.96371245,18.38717651,19.25045776,23.49928046,-23.38141624,,
01-01-2015,West Bengal,Purba Bardhaman,2015,1,0.708246272,18.4342093,23.35616554,87.96371245,18.17764282,18.66397095,18.3277276,-17.61948133,,
01-02-2015,West Bengal,Purba Bardhaman,2015,2,0.711599391,22.13756026,23.35616554,87.96371245,21.82028198,22.56051636,26.26802765,-25.55642826,,
01-03-2015,West Bengal,Purba Bardhaman,2015,3,1.756801199,25.86664208,23.35616554,87.96371245,25.525177,26.24002075,36.19526398,-34.43846278,,
01-04-2015,West Bengal,Purba Bardhaman,2015,4,5.266622016,27.76312645,23.35616554,87.96371245,27.40063477,28.26391602,44.93834424,-39.67172222,0.894430002,Normal
01-05-2015,West Bengal,Purba Bardhaman,2015,5,2.330076177,30.75248556,23.35616554,87.96371245,30.41293335,31.02426147,43.81010374,-41.48002757,,
01-06-2015,West Bengal,Purba Bardhaman,2015,6,11.40108279,29.49175636,23.35616554,87.96371245,29.31564331,29.63204956,30.10759332,-18.70651053,0.865186263,Normal
01-07-2015,West Bengal,Purba Bardhaman,2015,7,25.19160364,27.50220246,23.35616554,87.96371245,27.38626099,27.69680786,29.25564203,-4.06403839,1.341957444,Moderately Wet
01-08-2015,West Bengal,Purba Bardhaman,2015,8,8.39214049,28.08691147,23.35616554,87.96371245,27.99868774,28.20376587,23.1725778,-14.78043731,,
01-09-2015,West Bengal,Purba Bardhaman,2015,9,5.379370507,28.36254363,23.35616554,87.96371245,28.22756958,28.76272583,33.3236185,-27.94424799,,
01-10-2015,West Bengal,Purba Bardhaman,2015,10,1.184333477,26.66507542,23.35616554,87.96371245,26.52706909,26.98800659,26.7169923,-25.53265883,,
01-11-2015,West Bengal,Purba Bardhaman,2015,11,0.039463081,24.26032923,23.35616554,87.96371245,24.05358887,24.65515137,23.74751346,-23.70805038,,
01-12-2015,West Bengal,Purba Bardhaman,2015,12,0.26941685,20.338288,23.35616554,87.96371245,20.07553101,20.57748413,18.63369972,-18.36428287,,
01-01-2016,West Bengal,Purba Bardhaman,2016,1,0.271734339,18.75850337,23.35616554,87.96371245,18.41870117,19.14526367,22.6021647,-22.33043036,,
01-02-2016,West Bengal,Purba Bardhaman,2016,2,2.381752501,23.48912795,23.35616554,87.96371245,22.99880981,23.98513794,32.46741369,-30.08566118,,
01-03-2016,West Bengal,Purba Bardhaman,2016,3,0.892894826,27.20039011,23.35616554,87.96371245,26.9649353,27.40438843,29.24616659,-28.35327176,,
01-04-2016,West Bengal,Purba Bardhaman,2016,4,0.417306697,32.69623192,23.35616554,87.96371245,32.03250122,33.2414856,58.93817887,-58.52087217,-6.360938869,Severe Drought
01-05-2016,West Bengal,Purba Bardhaman,2016,5,6.38113728,29.83157673,23.35616554,87.96371245,29.3416748,30.28112793,53.27925509,-46.89811781,,
01-06-2016,West Bengal,Purba Bardhaman,2016,6,4.664568313,29.4862554,23.35616554,87.96371245,29.30914307,29.71734619,34.19331084,-29.52874253,-1.511710524,Severe Drought
01-07-2016,West Bengal,Purba Bardhaman,2016,7,9.848552298,27.98077263,23.35616554,87.96371245,27.8704834,28.07165527,23.79542593,-13.94687363,0.017329764,Normal
01-08-2016,West Bengal,Purba Bardhaman,2016,8,11.86541099,27.94006607,23.35616554,87.96371245,27.76565552,28.27346802,36.34748184,-24.48207085,,
01-09-2016,West Bengal,Purba Bardhaman,2016,9,7.786992499,27.62427797,23.35616554,87.96371245,27.46017456,27.83517456,27.44895331,-19.66196081,,
01-10-2016,West Bengal,Purba Bardhaman,2016,10,2.535701833,26.484936,23.35616554,87.96371245,26.21295166,26.93365479,33.27221675,-30.73651492,,
01-11-2016,West Bengal,Purba Bardhaman,2016,11,0.315893214,23.0376522,23.35616554,87.96371245,22.6307373,23.62683105,29.66989235,-29.35399914,,
01-12-2016,West Bengal,Purba Bardhaman,2016,12,0.004012948,20.30085657,23.35616554,87.96371245,19.9480896,20.6355896,21.78599553,-21.78198259,,
01-01-2017,West Bengal,Purba Bardhaman,2017,1,0.053153728,18.99756379,23.35616554,87.96371245,18.71560669,19.38552856,21.84521293,-21.79205921,,
01-02-2017,West Bengal,Purba Bardhaman,2017,2,0.02631752,22.68096275,23.35616554,87.96371245,22.44155884,23.03140259,23.76734288,-23.74102536,,
01-03-2017,West Bengal,Purba Bardhaman,2017,3,1.025426824,25.83785426,23.35616554,87.96371245,25.36843872,26.30007935,41.29371799,-40.26829116,,
01-04-2017,West Bengal,Purba Bardhaman,2017,4,2.175277061,30.10463504,23.35616554,87.96371245,29.77987671,30.36386108,38.86024581,-36.68496874,0.451311115,Normal
01-05-2017,West Bengal,Purba Bardhaman,2017,5,5.61453312,30.38639669,23.35616554,87.96371245,29.94137573,30.92770386,55.22818724,-49.61365412,,
01-06-2017,West Bengal,Purba Bardhaman,2017,6,9.771783058,29.55021765,23.35616554,87.96371245,29.30578613,29.79211426,37.37272333,-27.60094027,-0.09198413,Normal
01-07-2017,West Bengal,Purba Bardhaman,2017,7,15.30280969,27.74158494,23.35616554,87.96371245,27.5864563,27.85403442,27.29984482,-11.99703513,0.083590406,Normal
01-08-2017,West Bengal,Purba Bardhaman,2017,8,9.794698512,28.09662255,23.35616554,87.96371245,27.96505737,28.3107605,30.09249733,-20.29779882,,
01-09-2017,West Bengal,Purba Bardhaman,2017,9,10.54992286,28.17738634,23.35616554,87.96371245,28.12332153,28.30496216,19.33627887,-8.786356014,,
01-10-2017,West Bengal,Purba Bardhaman,2017,10,7.974009412,26.39084836,23.35616554,87.96371245,26.21951294,26.64724731,25.57802011,-17.6040107,,
01-11-2017,West Bengal,Purba Bardhaman,2017,11,0.892424401,22.19310485,23.35616554,87.96371245,21.84640503,22.83468628,28.94213045,-28.04970605,,
01-12-2017,West Bengal,Purba Bardhaman,2017,12,1.9645962,19.71125436,23.35616554,87.96371245,19.42019653,20.25027466,23.56825305,-21.60365685,,
01-01-2018,West Bengal,Purba Bardhaman,2018,1,0.000838912,16.77529972,23.35616554,87.96371245,16.5194397,17.19326782,20.58570081,-20.5848619,,
01-02-2018,West Bengal,Purba Bardhaman,2018,2,0.047517609,22.8413034,23.35616554,87.96371245,22.52032471,23.32891846,27.93792362,-27.89040601,,
01-03-2018,West Bengal,Purba Bardhaman,2018,3,0.77006823,27.08698159,23.35616554,87.96371245,26.83810425,27.48654175,35.43650266,-34.66643443,,
01-04-2018,West Bengal,Purba Bardhaman,2018,4,3.888848487,28.02735674,23.35616554,87.96371245,27.66104126,28.29385376,38.69810768,-34.80925919,1.686444978,Severely Wet
01-05-2018,West Bengal,Purba Bardhaman,2018,5,6.474449645,28.45798703,23.35616554,87.96371245,28.02734375,28.81054688,47.24431588,-40.76986623,,
01-06-2018,West Bengal,Purba Bardhaman,2018,6,7.667312947,29.6518295,23.35616554,87.96371245,29.44845581,29.93869019,37.60303635,-29.93572341,0.49686489,Normal
01-07-2018,West Bengal,Purba Bardhaman,2018,7,10.22607422,28.25557628,23.35616554,87.96371245,28.09579468,28.4414978,31.38055418,-21.15447996,-0.067798144,Normal
01-08-2018,West Bengal,Purba Bardhaman,2018,8,7.12052885,28.18284315,23.35616554,87.96371245,27.96737671,28.49667358,37.30536817,-30.18483932,,
01-09-2018,West Bengal,Purba Bardhaman,2018,9,4.970650856,28.14313653,23.35616554,87.96371245,27.95376587,28.51626587,34.0019658,-29.03131495,,
01-10-2018,West Bengal,Purba Bardhaman,2018,10,2.788557986,25.91998161,23.35616554,87.96371245,25.65194702,26.35702515,32.48973011,-29.70117212,,
01-11-2018,West Bengal,Purba Bardhaman,2018,11,0.047925553,23.49798454,23.35616554,87.96371245,23.24752808,23.91940308,24.64212721,-24.59420165,,
01-12-2018,West Bengal,Purba Bardhaman,2018,12,1.57803994,18.46701504,23.35616554,87.96371245,18.00491333,18.96780396,24.54181128,-22.96377134,,
01-01-2019,West Bengal,Purba Bardhaman,2019,1,0.023183726,18.19891228,23.35616554,87.96371245,17.83712769,18.71603394,24.47855586,-24.45537214,,
01-02-2019,West Bengal,Purba Bardhaman,2019,2,2.190832097,21.7195954,23.35616554,87.96371245,21.34796143,22.15655518,27.16683141,-24.97599932,,
01-03-2019,West Bengal,Purba Bardhaman,2019,3,1.303406249,25.19392557,23.35616554,87.96371245,24.94454956,25.53829956,32.47919834,-31.17579209,,
01-04-2019,West Bengal,Purba Bardhaman,2019,4,2.233256888,28.78310962,23.35616554,87.96371245,28.34768677,29.00393677,40.05811694,-37.82486005,2.495468623,Severely Wet
01-05-2019,West Bengal,Purba Bardhaman,2019,5,7.624955847,30.81508425,23.35616554,87.96371245,30.60165405,31.0899353,39.20411856,-31.57916271,,
01-06-2019,West Bengal,Purba Bardhaman,2019,6,8.220700528,30.02283234,23.35616554,87.96371245,29.70812988,30.27258301,40.66467518,-32.44397465,0.739148028,Normal
01-07-2019,West Bengal,Purba Bardhaman,2019,7,6.184054111,29.07310194,23.35616554,87.96371245,28.93185425,29.19943237,28.09802099,-21.91396687,0.268339965,Normal
01-08-2019,West Bengal,Purba Bardhaman,2019,8,9.059391103,28.37232744,23.35616554,87.96371245,28.13342285,28.71350098,39.21487726,-30.15548616,,
01-09-2019,West Bengal,Purba Bardhaman,2019,9,7.696578006,27.60078073,23.35616554,87.96371245,27.43759155,27.81063843,27.36321665,-19.66663865,,
01-10-2019,West Bengal,Purba Bardhaman,2019,10,6.939464163,25.95357173,23.35616554,87.96371245,25.71383667,26.14157104,25.32492087,-18.3854567,,
01-11-2019,West Bengal,Purba Bardhaman,2019,11,1.009252183,23.47952335,23.35616554,87.96371245,23.26754761,24.07223511,26.9558728,-25.94662062,,
01-12-2019,West Bengal,Purba Bardhaman,2019,12,0.416133394,19.2615811,23.35616554,87.96371245,18.99716187,19.51669312,18.42197126,-18.00583786,,
01-01-2020,West Bengal,Purba Bardhaman,2020,1,0.744165461,17.908881,23.35616554,87.96371245,17.68884277,18.10681152,16.74454245,-16.00037699,,
01-02-2020,West Bengal,Purba Bardhaman,2020,2,0.379598415,20.19906032,23.35616554,87.96371245,19.8487854,20.64956665,26.9234729,-26.54387448,,
01-03-2020,West Bengal,Purba Bardhaman,2020,3,0.775440297,25.6844872,23.35616554,87.96371245,25.00488281,26.26269531,47.81219652,-47.03675622,,
01-04-2020,West Bengal,Purba Bardhaman,2020,4,6.445022908,28.48801114,23.35616554,87.96371245,28.12115479,28.82037354,41.08681242,-34.64178951,-2.940868179,Severe Drought
01-05-2020,West Bengal,Purba Bardhaman,2020,5,7.291986344,28.60710761,23.35616554,87.96371245,28.38150024,28.77407837,33.55623132,-26.26424498,,
01-06-2020,West Bengal,Purba Bardhaman,2020,6,8.286439936,28.75059737,23.35616554,87.96371245,28.66046143,28.8460083,22.69447527,-14.40803533,2.101974015,Severely Wet
01-07-2020,West Bengal,Purba Bardhaman,2020,7,9.797367177,28.58397399,23.35616554,87.96371245,28.48049927,28.69534302,24.91472254,-15.11735537,1.67832389,Severely Wet
01-08-2020,West Bengal,Purba Bardhaman,2020,8,10.94036086,28.3275614,23.35616554,87.96371245,28.16665649,28.55728149,32.14891793,-21.20855707,,
01-09-2020,West Bengal,Purba Bardhaman,2020,9,6.720377171,28.39447931,23.35616554,87.96371245,28.30276489,28.53323364,21.88357245,-15.16319528,,
01-10-2020,West Bengal,Purba Bardhaman,2020,10,3.023282964,27.27882158,23.35616554,87.96371245,27.01797485,27.7171936,33.36004274,-30.33675978,,
01-11-2020,West Bengal,Purba Bardhaman,2020,11,0.096429561,23.18494432,23.35616554,87.96371245,22.92044067,23.64700317,25.43114627,-25.33471671,,
01-12-2020,West Bengal,Purba Bardhaman,2020,12,0.009258122,19.33966324,23.35616554,87.96371245,18.92547607,19.81414795,24.14432121,-24.13506308,,
01-01-2021,West Bengal,Purba Bardhaman,2021,1,0.004511687,18.90656297,23.35616554,87.96371245,18.54486084,19.40228271,24.65279345,-24.64828176,,
01-02-2021,West Bengal,Purba Bardhaman,2021,2,0.16589254,21.66734281,23.35616554,87.96371245,21.44198608,22.02206421,22.97959879,-22.81370625,,
01-03-2021,West Bengal,Purba Bardhaman,2021,3,0.329117978,27.56699063,23.35616554,87.96371245,27.34799194,27.91439819,33.4734426,-33.14432462,,
01-04-2021,West Bengal,Purba Bardhaman,2021,4,1.104506635,30.06865806,23.35616554,87.96371245,29.65151978,30.63394165,50.36486328,-49.26035664,-1.73239294,Severe Drought
01-05-2021,West Bengal,Purba Bardhaman,2021,5,7.069263864,29.00980718,23.35616554,87.96371245,28.68991089,29.34811401,43.82707105,-36.75780718,,
01-06-2021,West Bengal,Purba Bardhaman,2021,6,9.904964366,28.68689744,23.35616554,87.96371245,28.53762817,28.82278442,28.09571445,-18.19075009,0.584553916,Normal
01-07-2021,West Bengal,Purba Bardhaman,2021,7,9.321721503,28.40142433,23.35616554,87.96371245,28.28735352,28.60571289,30.20931804,-20.88759653,0.806213267,Normal
01-08-2021,West Bengal,Purba Bardhaman,2021,8,9.03819697,28.09061773,23.35616554,87.96371245,27.95431519,28.28048706,29.22624379,-20.18804682,,
01-09-2021,West Bengal,Purba Bardhaman,2021,9,10.07340062,27.27988905,23.35616554,87.96371245,27.07327271,27.56936646,31.33190767,-21.25850705,,
01-10-2021,West Bengal,Purba Bardhaman,2021,10,4.55167535,26.85056516,23.35616554,87.96371245,26.67532349,27.12454224,26.48520927,-21.93353392,,
01-11-2021,West Bengal,Purba Bardhaman,2021,11,1.101003282,22.16178991,23.35616554,87.96371245,21.92276001,22.56143188,23.24817807,-22.14717478,,
01-12-2021,West Bengal,Purba Bardhaman,2021,12,3.508779323,18.92923039,23.35616554,87.96371245,18.65188599,19.44680786,22.58293428,-19.07415496,,
01-01-2022,West Bengal,Purba Bardhaman,2022,1,1.143880804,17.4045566,23.35616554,87.96371245,17.08108521,17.62210083,18.78144135,-17.63756054,,
01-02-2022,West Bengal,Purba Bardhaman,2022,2,1.90052698,19.18241201,23.35616554,87.96371245,18.82943726,19.59701538,24.76953387,-22.86900689,,
01-03-2022,West Bengal,Purba Bardhaman,2022,3,0.048736298,26.67905377,23.35616554,87.96371245,26.40869141,27.07080078,35.48271119,-35.4339749,,
01-04-2022,West Bengal,Purba Bardhaman,2022,4,0.792591988,30.80537837,23.35616554,87.96371245,30.4196167,31.2164917,46.05818554,-45.26559356,-0.965813241,Normal
01-05-2022,West Bengal,Purba Bardhaman,2022,5,3.717775385,29.56273115,23.35616554,87.96371245,29.17858887,29.82507324,43.94822911,-40.23045372,,
01-06-2022,West Bengal,Purba Bardhaman,2022,6,4.324676189,30.15543447,23.35616554,87.96371245,29.94503784,30.34542847,34.34376103,-30.01908484,-0.20813295,Normal
01-07-2022,West Bengal,Purba Bardhaman,2022,7,4.127245315,28.75415039,23.35616554,87.96371245,28.44900513,29.05447388,41.97889574,-37.85165042,-0.986466375,Normal
01-08-2022,West Bengal,Purba Bardhaman,2022,8,7.13401697,28.28579517,23.35616554,87.96371245,28.05636597,28.62081909,38.61062852,-31.47661155,,
01-09-2022,West Bengal,Purba Bardhaman,2022,9,4.207045535,27.96252961,23.35616554,87.96371245,27.81533813,28.11807251,24.84637393,-20.63932839,,
01-10-2022,West Bengal,Purba Bardhaman,2022,10,2.356614782,26.03987544,23.35616554,87.96371245,25.84506226,26.40756226,29.09900144,-26.74238666,,
01-11-2022,West Bengal,Purba Bardhaman,2022,11,0.003074387,22.29486474,23.35616554,87.96371245,22.04611206,22.86837769,26.46670754,-26.46363315,,
01-12-2022,West Bengal,Purba Bardhaman,2022,12,0.001249854,19.71898375,23.35616554,87.96371245,19.4128418,20.15893555,22.34879372,-22.34754387,,
01-01-2023,West Bengal,Purba Bardhaman,2023,1,0.006989411,18.97256535,23.35616554,87.96371245,18.66098022,19.3543396,22.20896213,-22.20197272,,
01-02-2023,West Bengal,Purba Bardhaman,2023,2,0.009661158,22.459522,23.35616554,87.96371245,22.11190796,22.87362671,26.86131348,-26.85165232,,
01-03-2023,West Bengal,Purba Bardhaman,2023,3,1.983295035,25.74728588,23.35616554,87.96371245,25.49325562,26.02841187,31.23185524,-29.24856021,,
01-04-2023,West Bengal,Purba Bardhaman,2023,4,0.717606727,29.70022648,23.35616554,87.96371245,29.25732422,29.99951172,43.4390075,-42.72140077,1.215835301,Moderately Wet
01-05-2023,West Bengal,Purba Bardhaman,2023,5,1.397522135,30.48160115,23.35616554,87.96371245,30.01605225,30.9574585,54.0624633,-52.66494117,,
01-06-2023,West Bengal,Purba Bardhaman,2023,6,2.37082591,31.67346191,23.35616554,87.96371245,31.17495728,32.31167603,59.69897628,-57.32815037,-2.453808621,Severe Drought
01-07-2023,West Bengal,Purba Bardhaman,2023,7,3.246523593,29.12737128,23.35616554,87.96371245,28.88705444,29.37728882,38.07630949,-34.82978589,-2.639037561,Severe Drought
01-08-2023,West Bengal,Purba Bardhaman,2023,8,7.053926508,28.60788159,23.35616554,87.96371245,28.48965454,28.84512329,30.85448522,-23.80055871,,
01-09-2023,West Bengal,Purba Bardhaman,2023,9,5.125603209,28.15629156,23.35616554,87.96371245,27.99655151,28.35983276,27.33308107,-22.20747786,,
01-10-2023,West Bengal,Purba Bardhaman,2023,10,2.055959499,26.61382407,23.35616554,87.96371245,26.45254517,26.90176392,26.34478244,-24.28882294,,
01-11-2023,West Bengal,Purba Bardhaman,2023,11,0.091856125,24.32236432,23.35616554,87.96371245,23.97583008,24.6965332,26.03131084,-25.93945471,,
01-12-2023,West Bengal,Purba Bardhaman,2023,12,0.957374086,19.91463649,23.35616554,87.96371245,19.32504272,20.3152771,25.88124989,-24.9238758,,
01-01-2024,West Bengal,Purba Bardhaman,2024,1,0.355272983,17.77600747,23.35616554,87.96371245,17.44268799,18.03448486,19.85037324,-19.49510026,,
01-02-2024,West Bengal,Purba Bardhaman,2024,2,0.203445678,21.58753221,23.35616554,87.96371245,21.24880981,21.84255981,24.03044743,-23.82700175,,
01-03-2024,West Bengal,Purba Bardhaman,2024,3,1.681618224,25.7065144,23.35616554,87.96371245,25.44961548,25.97891235,31.03132666,-29.34970844,,
01-04-2024,West Bengal,Purba Bardhaman,2024,4,0.141966789,31.96181017,23.35616554,87.96371245,31.54779053,32.64544678,55.34224124,-55.20027445,-2.999180399,Severe Drought
01-05-2024,West Bengal,Purba Bardhaman,2024,5,8.454162598,30.49365494,23.35616554,87.96371245,30.2298584,30.8157959,42.66201351,-34.20785092,,
01-06-2024,West Bengal,Purba Bardhaman,2024,6,4.542528842,31.68639358,23.35616554,87.96371245,31.26144409,32.38058472,59.25107131,-54.70854247,-2.024561642,Severe Drought
01-07-2024,West Bengal,Purba Bardhaman,2024,7,7.260641544,28.86023988,23.35616554,87.96371245,28.65661621,29.12145996,36.86610059,-29.60545905,-1.519751758,Severe Drought
01-08-2024,West Bengal,Purba Bardhaman,2024,8,13.79835932,27.88763298,23.35616554,87.96371245,27.76022339,28.10397339,29.87073155,-16.07237223,,
01-09-2024,West Bengal,Purba Bardhaman,2024,9,15.13415268,28.38774206,23.35616554,87.96371245,28.19845581,28.64376831,30.41454309,-15.28039041,,
01-10-2024,West Bengal,Purba Bardhaman,2024,10,5.843346778,27.211031,23.35616554,87.96371245,27.11233521,27.37210083,20.3028641,-14.45951732,,
01-11-2024,West Bengal,Purba Bardhaman,2024,11,0.101944883,23.51502244,23.35616554,87.96371245,23.20755005,23.92630005,25.4977594,-25.39581452,,
01-12-2024,West Bengal,Purba Bardhaman,2024,12,0.087808792,19.19697733,23.35616554,87.96371245,18.80111694,19.68197632,23.94560723,-23.85779844,,
01-01-2025,West Bengal,Purba Bardhaman,2025,1,0.013342553,18.83576089,23.35616554,87.96371245,18.56930542,19.17282104,20.64308548,-20.62974292,,
01-02-2025,West Bengal,Purba Bardhaman,2025,2,0.771537375,22.43899082,23.35616554,87.96371245,22.15603638,22.7517395,23.74232937,-22.970792,,
01-03-2025,West Bengal,Purba Bardhaman,2025,3,0.395030975,26.85651284,23.35616554,87.96371245,26.62625122,27.06375122,28.95811077,-28.5630798,,
01-04-2025,West Bengal,Purba Bardhaman,2025,4,2.656555176,29.46759163,23.35616554,87.96371245,29.15899658,29.87579346,42.4804319,-39.82387673,2.95412096,Severely Wet
01-05-2025,West Bengal,Purba Bardhaman,2025,5,4.343539624,29.84993403,23.35616554,87.96371245,29.6590271,30.03598022,33.76226717,-29.41872754,,
01-06-2025,West Bengal,Purba Bardhaman,2025,6,10.07011641,28.95212766,23.35616554,87.96371245,28.77102661,29.11477661,31.02350086,-20.95338445,1.418603268,Moderately Wet
01-07-2025,West Bengal,Purba Bardhaman,2025,7,18.7359749,27.80273957,23.35616554,87.96371245,27.64474487,27.943573,28.88872739,-10.15275249,1.495368074,Moderately Wet
01-08-2025,West Bengal,Purba Bardhaman,2025,8,8.877735544,27.82006057,23.35616554,87.96371245,27.68716431,27.95669556,26.41108649,-17.53335094,,
01-09-2025,West Bengal,Purba Bardhaman,2025,9,9.314162234,28.11288387,23.35616554,87.96371245,27.89126587,28.38540649,31.84798589,-22.53382365,,
01-10-2025,West Bengal,Purba Bardhaman,2025,10,3.175358224,26.83701535,23.35616554,87.96371245,26.62271118,27.23013306,30.78845349,-27.61309526,,
01-01-2013,West Bengal,Purulia,2013,1,0.085786934,17.13214224,23.27670724,86.42154599,16.39541626,18.07510376,32.89589643,-32.81010949,,
01-02-2013,West Bengal,Purulia,2013,2,0.564358605,20.71814869,23.27670724,86.42154599,19.99758911,21.49954224,36.13310187,-35.56874327,,
01-03-2013,West Bengal,Purulia,2013,3,0.172137154,26.35212538,23.27670724,86.42154599,25.49969482,27.35125732,58.94283647,-58.77069931,,
01-04-2013,West Bengal,Purulia,2013,4,1.63917047,29.87218108,23.27670724,86.42154599,29.03436279,30.34686279,57.98633643,-56.34716596,,
01-05-2013,West Bengal,Purulia,2013,5,6.237222177,30.69494177,23.27670724,86.42154599,30.07681274,31.43814087,65.28687463,-59.04965245,,
01-06-2013,West Bengal,Purulia,2013,6,6.763036657,27.78643573,23.27670724,86.42154599,27.12316895,28.18762207,53.21246917,-46.44943251,,
01-07-2013,West Bengal,Purulia,2013,7,7.036391647,27.14620859,23.27670724,86.42154599,26.43722534,27.63644409,57.02257917,-49.98618753,,
01-08-2013,West Bengal,Purulia,2013,8,9.104685465,26.61850315,23.27670724,86.42154599,25.93313599,26.97805786,50.63398805,-41.52930258,,
01-09-2013,West Bengal,Purulia,2013,9,7.419261791,26.68504051,23.27670724,86.42154599,25.89102173,27.12539673,48.79535239,-41.3760906,,
01-10-2013,West Bengal,Purulia,2013,10,8.832807753,24.26374873,23.27670724,86.42154599,23.42770386,24.86325073,44.65082314,-35.81801538,,
01-11-2013,West Bengal,Purulia,2013,11,0.012772282,20.23771385,23.27670724,86.42154599,19.32611084,21.22650146,38.23452992,-38.22175764,,
01-12-2013,West Bengal,Purulia,2013,12,0.008038522,17.78447695,23.27670724,86.42154599,16.8722229,18.8565979,34.63586019,-34.62782167,,
01-01-2014,West Bengal,Purulia,2014,1,0.144624931,17.01330679,23.27670724,86.42154599,16.29220581,18.03829956,33.42576202,-33.28113709,,
01-02-2014,West Bengal,Purulia,2014,2,1.539621706,19.73085305,23.27670724,86.42154599,18.97897339,20.73092651,38.02430862,-36.48468691,,
01-03-2014,West Bengal,Purulia,2014,3,0.405093758,24.66535102,23.27670724,86.42154599,23.53366089,26.03561401,65.89986593,-65.49477217,,
01-04-2014,West Bengal,Purulia,2014,4,0.062383493,31.06221969,23.27670724,86.42154599,30.0362854,32.19839478,76.28216585,-76.21978236,,
01-05-2014,West Bengal,Purulia,2014,5,2.68484384,31.71034975,23.27670724,86.42154599,31.0105896,32.06137085,58.55988011,-55.87503627,,
01-06-2014,West Bengal,Purulia,2014,6,7.936384978,30.50327103,23.27670724,86.42154599,29.91436768,31.03741455,57.91485683,-49.97847185,,
01-07-2014,West Bengal,Purulia,2014,7,13.85651087,26.96665672,23.27670724,86.42154599,26.23336792,27.43453979,56.84101531,-42.98450444,,
01-08-2014,West Bengal,Purulia,2014,8,10.31067347,27.2004598,23.27670724,86.42154599,26.49017334,27.61517334,53.22669722,-42.91602375,,
01-09-2014,West Bengal,Purulia,2014,9,4.824190493,26.65200919,23.27670724,86.42154599,25.81430054,27.21273804,51.89838408,-47.07419359,,
01-10-2014,West Bengal,Purulia,2014,10,1.951247321,24.80200195,23.27670724,86.42154599,23.88345337,25.49478149,47.9109528,-45.95970548,,
01-11-2014,West Bengal,Purulia,2014,11,0.001471306,21.19352666,23.27670724,86.42154599,20.12918091,22.44558716,43.27327738,-43.27180607,,
01-12-2014,West Bengal,Purulia,2014,12,0.013834006,17.1806878,23.27670724,86.42154599,16.28952026,18.23092651,33.67751777,-33.66368377,,
01-01-2015,West Bengal,Purulia,2015,1,0.882896423,17.40355428,23.27670724,86.42154599,16.62295532,18.22061157,32.33184183,-31.44894541,,
01-02-2015,West Bengal,Purulia,2015,2,0.329950827,21.817315,23.27670724,86.42154599,20.90426636,22.87887573,42.6125266,-42.28257578,,
01-03-2015,West Bengal,Purulia,2015,3,1.246874633,25.78888618,23.27670724,86.42154599,24.75564575,26.86502075,62.11019571,-60.86332108,,
01-04-2015,West Bengal,Purulia,2015,4,3.170025861,27.95506908,23.27670724,86.42154599,27.00805664,28.68774414,62.95996144,-59.78993558,,
01-05-2015,West Bengal,Purulia,2015,5,2.050905016,31.44067383,23.27670724,86.42154599,30.72738647,31.97543335,63.47277182,-61.4218668,,
01-06-2015,West Bengal,Purulia,2015,6,7.318148578,29.56220613,23.27670724,86.42154599,28.88986206,29.94650269,55.08204825,-47.76389967,,
01-07-2015,West Bengal,Purulia,2015,7,17.08096879,27.02692329,23.27670724,86.42154599,26.34915161,27.41360474,53.58050375,-36.49953496,,
01-08-2015,West Bengal,Purulia,2015,8,8.808139377,27.29531069,23.27670724,86.42154599,26.56509399,27.67642212,53.01378874,-44.20564936,,
01-09-2015,West Bengal,Purulia,2015,9,4.106898272,27.51833315,23.27670724,86.42154599,26.68460083,28.07717896,52.79886936,-48.69197109,,
01-10-2015,West Bengal,Purulia,2015,10,0.928280583,25.99545627,23.27670724,86.42154599,25.09933472,26.68136597,48.80332266,-47.87504208,,
01-11-2015,West Bengal,Purulia,2015,11,0.047961041,23.3353814,23.27670724,86.42154599,22.19421387,24.38952637,44.44097848,-44.39301744,,
01-12-2015,West Bengal,Purulia,2015,12,0.439559901,19.21065719,23.27670724,86.42154599,18.29818726,20.00521851,33.41189058,-32.97233068,,
01-01-2016,West Bengal,Purulia,2016,1,0.433775054,18.07625326,23.27670724,86.42154599,17.21948242,19.05541992,35.32143083,-34.88765578,,
01-02-2016,West Bengal,Purulia,2016,2,1.846327888,23.02224844,23.27670724,86.42154599,22.31130981,23.90701294,40.88128954,-39.03496165,,
01-03-2016,West Bengal,Purulia,2016,3,0.31779706,27.04765263,23.27670724,86.42154599,26.25595093,27.9961853,58.04352993,-57.72573287,,
01-04-2016,West Bengal,Purulia,2016,4,0.158675158,33.51749222,23.27670724,86.42154599,32.84109497,34.22195435,64.02522969,-63.86655453,,
01-05-2016,West Bengal,Purulia,2016,5,2.261763961,31.05789298,23.27670724,86.42154599,30.59558105,31.8338623,62.73247318,-60.47070922,,
01-06-2016,West Bengal,Purulia,2016,6,4.506706803,29.77496338,23.27670724,86.42154599,29.24468994,30.39703369,57.78085881,-53.27415201,,
01-07-2016,West Bengal,Purulia,2016,7,9.237679941,27.16905834,23.27670724,86.42154599,26.42712402,27.60095215,56.44437113,-47.20669119,,
01-08-2016,West Bengal,Purulia,2016,8,11.68531065,26.94216128,23.27670724,86.42154599,26.20315552,27.38284302,54.19219647,-42.50688582,,
01-09-2016,West Bengal,Purulia,2016,9,10.13039596,26.6430438,23.27670724,86.42154599,25.95822144,27.02853394,45.39416203,-35.26376607,,
01-10-2016,West Bengal,Purulia,2016,10,2.042632633,25.14256682,23.27670724,86.42154599,24.15435791,25.78717041,48.61485168,-46.57221904,,
01-11-2016,West Bengal,Purulia,2016,11,0.077815144,21.57869014,23.27670724,86.42154599,20.47644043,22.4901123,40.745113,-40.66729786,,
01-12-2016,West Bengal,Purulia,2016,12,0.001767884,18.70080227,23.27670724,86.42154599,17.72543335,19.69613647,35.40515745,-35.40338957,,
01-01-2017,West Bengal,Purulia,2017,1,0.48069802,18.07584975,23.27670724,86.42154599,17.28396606,18.99295044,34.07795332,-33.5972553,,
01-02-2017,West Bengal,Purulia,2017,2,0.005863917,22.06268989,23.27670724,86.42154599,21.17984009,23.18765259,43.23543451,-43.22957059,,
01-03-2017,West Bengal,Purulia,2017,3,0.56115433,25.99141439,23.27670724,86.42154599,25.11062622,27.0852356,60.37258881,-59.81143448,,
01-04-2017,West Bengal,Purulia,2017,4,0.991631967,31.02788628,23.27670724,86.42154599,30.39706421,31.92440796,64.06890674,-63.07727477,,
01-05-2017,West Bengal,Purulia,2017,5,2.414852001,31.39279966,23.27670724,86.42154599,30.64645386,32.58786011,79.0874875,-76.6726355,,
01-06-2017,West Bengal,Purulia,2017,6,7.607876248,29.73019296,23.27670724,86.42154599,29.19641113,30.26867676,55.68462185,-48.0767456,,
01-07-2017,West Bengal,Purulia,2017,7,13.90362549,26.7953333,23.27670724,86.42154599,26.08450317,27.18411255,54.17678396,-40.27315847,,
01-08-2017,West Bengal,Purulia,2017,8,9.366639314,27.18290202,23.27670724,86.42154599,26.45724487,27.5920105,53.43635947,-44.06972015,,
01-09-2017,West Bengal,Purulia,2017,9,7.458256474,27.5858516,23.27670724,86.42154599,26.84207153,28.00613403,48.3447755,-40.88651902,,
01-10-2017,West Bengal,Purulia,2017,10,4.454600016,25.37077275,23.27670724,86.42154599,24.51834106,25.94607544,45.70106681,-41.24646679,,
01-11-2017,West Bengal,Purulia,2017,11,0.44936053,20.90394875,23.27670724,86.42154599,20.06124878,21.62960815,35.34255775,-34.89319722,,
01-12-2017,West Bengal,Purulia,2017,12,0.513182534,18.41542223,23.27670724,86.42154599,17.74246216,19.06668091,28.79565338,-28.28247085,,
01-01-2018,West Bengal,Purulia,2018,1,0.000817353,16.22223918,23.27670724,86.42154599,15.5116272,17.2928772,32.99343953,-32.99262218,,
01-02-2018,West Bengal,Purulia,2018,2,0.076701341,22.42248761,23.27670724,86.42154599,21.54962158,23.59063721,43.98491346,-43.90821212,,
01-03-2018,West Bengal,Purulia,2018,3,0.290969849,27.25954409,23.27670724,86.42154599,26.34786987,28.29708862,61.72019822,-61.42922837,,
01-04-2018,West Bengal,Purulia,2018,4,2.895792926,28.35024233,23.27670724,86.42154599,27.72354126,28.78018188,50.36729525,-47.47150233,,
01-05-2018,West Bengal,Purulia,2018,5,3.957741066,29.49193432,23.27670724,86.42154599,28.96875,30.21875,61.00846689,-57.05072583,,
01-06-2018,West Bengal,Purulia,2018,6,4.856106228,29.92031521,23.27670724,86.42154599,29.31954956,30.26095581,52.38492747,-47.52882124,,
01-07-2018,West Bengal,Purulia,2018,7,9.982177734,27.29844835,23.27670724,86.42154599,26.55673218,27.8164978,58.64230936,-48.66013162,,
01-08-2018,West Bengal,Purulia,2018,8,9.202564381,27.07483362,23.27670724,86.42154599,26.32675171,27.58456421,56.12380546,-46.92124108,,
01-09-2018,West Bengal,Purulia,2018,9,6.357811822,27.03952365,23.27670724,86.42154599,26.21939087,27.55532837,51.16759096,-44.80977914,,
01-10-2018,West Bengal,Purulia,2018,10,1.216666186,24.7848669,23.27670724,86.42154599,23.84921265,25.51327515,48.66905546,-47.45238928,,
01-11-2018,West Bengal,Purulia,2018,11,0.026401431,22.43488227,23.27670724,86.42154599,21.4682312,23.2807312,39.49677641,-39.47037498,,
01-12-2018,West Bengal,Purulia,2018,12,2.06281549,17.09226142,23.27670724,86.42154599,16.17678833,17.90921021,31.73287826,-29.67006277,,
01-01-2019,West Bengal,Purulia,2019,1,0.067912738,17.02922115,23.27670724,86.42154599,16.17892456,17.82736206,32.49243556,-32.42452282,,
01-02-2019,West Bengal,Purulia,2019,2,2.035074305,20.88279215,23.27670724,86.42154599,20.10186768,21.49639893,34.9658097,-32.9307354,,
01-03-2019,West Bengal,Purulia,2019,3,0.865168395,24.95482042,23.27670724,86.42154599,23.97775269,25.80001831,56.62407965,-55.75891126,,
01-04-2019,West Bengal,Purulia,2019,4,1.518669976,29.38146973,23.27670724,86.42154599,28.90042114,30.08010864,54.40839903,-52.88972905,,
01-05-2019,West Bengal,Purulia,2019,5,3.497724745,31.36319083,23.27670724,86.42154599,30.75595093,32.0586853,64.74645949,-61.24873474,,
01-06-2019,West Bengal,Purulia,2019,6,4.177328322,30.97773347,23.27670724,86.42154599,30.13000488,31.71008301,69.37059219,-65.19326387,,
01-07-2019,West Bengal,Purulia,2019,7,8.486452456,28.25487829,23.27670724,86.42154599,27.537323,28.631073,55.80065037,-47.31419791,,
01-08-2019,West Bengal,Purulia,2019,8,10.01754648,27.21719021,23.27670724,86.42154599,26.4576416,27.70959473,56.17055639,-46.15300991,,
01-09-2019,West Bengal,Purulia,2019,9,8.86958426,26.49925854,23.27670724,86.42154599,25.7774353,26.9180603,46.70988628,-37.84030202,,
01-10-2019,West Bengal,Purulia,2019,10,6.415093881,24.76034885,23.27670724,86.42154599,23.91500854,25.43649292,46.51057781,-40.09548392,,
01-11-2019,West Bengal,Purulia,2019,11,0.112450882,22.26302535,23.27670724,86.42154599,21.34762573,23.11911011,38.88054236,-38.76809148,,
01-12-2019,West Bengal,Purulia,2019,12,0.684329421,17.9664544,23.27670724,86.42154599,17.04989624,18.96005249,34.15575224,-33.47142282,,
01-01-2020,West Bengal,Purulia,2020,1,1.177054441,17.02691424,23.27670724,86.42154599,16.24157715,17.94274902,33.00588282,-31.82882838,,
01-02-2020,West Bengal,Purulia,2020,2,0.830493291,19.12920464,23.27670724,86.42154599,18.0831604,20.1690979,42.2836254,-41.4531321,,
01-03-2020,West Bengal,Purulia,2020,3,1.787295024,24.03309462,23.27670724,86.42154599,22.75292969,25.36230469,66.29770124,-64.51040621,,
01-04-2020,West Bengal,Purulia,2020,4,3.140133328,28.32814987,23.27670724,86.42154599,27.12115479,29.33209229,72.82244595,-69.68231262,,
01-05-2020,West Bengal,Purulia,2020,5,3.924506859,28.85151729,23.27670724,86.42154599,28.22915649,29.27798462,55.12720374,-51.20269688,,
01-06-2020,West Bengal,Purulia,2020,6,9.426364475,27.99086507,23.27670724,86.42154599,27.25616455,28.42218018,55.94297252,-46.51660804,,
01-07-2020,West Bengal,Purulia,2020,7,9.708597819,27.75972493,23.27670724,86.42154599,27.04299927,28.17385864,56.12934607,-46.42074826,,
01-08-2020,West Bengal,Purulia,2020,8,11.62297567,27.37868019,23.27670724,86.42154599,26.69790649,27.76235962,51.97962205,-40.35664638,,
01-09-2020,West Bengal,Purulia,2020,9,6.52118259,27.63993327,23.27670724,86.42154599,26.94729614,28.09573364,48.07643733,-41.55525474,,
01-10-2020,West Bengal,Purulia,2020,10,2.415353281,25.96068432,23.27670724,86.42154599,25.10391235,26.46914673,45.30024175,-42.88488847,,
01-11-2020,West Bengal,Purulia,2020,11,0.119001821,21.94601327,23.27670724,86.42154599,20.92825317,23.06106567,42.32430359,-42.20530177,,
01-12-2020,West Bengal,Purulia,2020,12,0.091686743,18.13572636,23.27670724,86.42154599,17.3258667,19.18133545,33.82258272,-33.73089597,,
01-01-2021,West Bengal,Purulia,2021,1,0.01155497,18.19698758,23.27670724,86.42154599,17.56243896,19.25189209,33.99707025,-33.98551528,,
01-02-2021,West Bengal,Purulia,2021,2,0.126667614,20.86552373,23.27670724,86.42154599,19.97518921,21.94393921,41.52702628,-41.40035867,,
01-03-2021,West Bengal,Purulia,2021,3,0.57536655,26.89750615,23.27670724,86.42154599,26.16635132,27.96908569,58.87885977,-58.30349322,,
01-04-2021,West Bengal,Purulia,2021,4,0.460500505,30.74950268,23.27670724,86.42154599,30.1456604,31.1378479,51.34434927,-50.88384876,,
01-05-2021,West Bengal,Purulia,2021,5,7.478826452,28.32652,23.27670724,86.42154599,27.70358276,28.92233276,58.75651548,-51.27768903,,
01-06-2021,West Bengal,Purulia,2021,6,8.067409374,28.09419759,23.27670724,86.42154599,27.3755188,28.47122192,54.35240115,-46.28499177,,
01-07-2021,West Bengal,Purulia,2021,7,9.758689598,27.58072012,23.27670724,86.42154599,26.88891602,27.96704102,54.58967772,-44.83098812,,
01-08-2021,West Bengal,Purulia,2021,8,7.63939582,27.31614855,23.27670724,86.42154599,26.64572144,27.67306519,50.99483789,-43.35544207,,
01-09-2021,West Bengal,Purulia,2021,9,13.28020562,26.19223362,23.27670724,86.42154599,25.50491333,26.61428833,45.74631436,-32.46610874,,
01-10-2021,West Bengal,Purulia,2021,10,4.087212739,25.59170193,23.27670724,86.42154599,24.65969849,26.25344849,48.53215659,-44.44494385,,
01-11-2021,West Bengal,Purulia,2021,11,1.419270127,21.0815068,23.27670724,86.42154599,20.21963501,21.87979126,36.52897435,-35.10970422,,
01-12-2021,West Bengal,Purulia,2021,12,2.018153155,17.9375486,23.27670724,86.42154599,17.20462036,18.44680786,27.52148439,-25.50333123,,
01-01-2022,West Bengal,Purulia,2022,1,1.42883103,16.14966159,23.27670724,86.42154599,15.41702271,16.82131958,29.23258183,-27.8037508,,
01-02-2022,West Bengal,Purulia,2022,2,1.333628337,18.54500439,23.27670724,86.42154599,17.76303101,19.36654663,35.2284044,-33.89477606,,
01-03-2022,West Bengal,Purulia,2022,3,0.016469098,26.3982024,23.27670724,86.42154599,25.35400391,27.42822266,62.45139057,-62.43492147,,
01-04-2022,West Bengal,Purulia,2022,4,0.368862364,32.02309616,23.27670724,86.42154599,31.24188232,32.54656982,60.42198045,-60.05311808,,
01-05-2022,West Bengal,Purulia,2022,5,2.225164625,30.12997776,23.27670724,86.42154599,29.72937012,30.51452637,49.00419968,-46.77903505,,
01-06-2022,West Bengal,Purulia,2022,6,3.323161372,30.29330783,23.27670724,86.42154599,29.69894409,30.79660034,57.00754392,-53.68438255,,
01-07-2022,West Bengal,Purulia,2022,7,4.588461417,27.61100713,23.27670724,86.42154599,26.868927,28.27713013,62.43072456,-57.84226314,,
01-08-2022,West Bengal,Purulia,2022,8,12.21309973,27.13434516,23.27670724,86.42154599,26.40597534,27.61691284,55.14112054,-42.92802081,,
01-09-2022,West Bengal,Purulia,2022,9,4.375656128,27.00345414,23.27670724,86.42154599,26.22354126,27.49111938,49.80119616,-45.42554004,,
01-10-2022,West Bengal,Purulia,2022,10,1.953671773,24.88802988,23.27670724,86.42154599,24.01107788,25.44271851,45.251807,-43.29813523,,
01-11-2022,West Bengal,Purulia,2022,11,0.00099029,20.8227313,23.27670724,86.42154599,19.67501831,21.85665894,41.59628051,-41.59529022,,
01-12-2022,West Bengal,Purulia,2022,12,0.00337076,18.54247143,23.27670724,86.42154599,17.71948242,19.56323242,34.09722161,-34.09385085,,
01-01-2023,West Bengal,Purulia,2023,1,0.017927584,18.31216657,23.27670724,86.42154599,17.61801147,19.24887085,33.5092003,-33.49127271,,
01-02-2023,West Bengal,Purulia,2023,2,0.001222429,21.8443287,23.27670724,86.42154599,21.04940796,22.90878296,41.37863996,-41.37741753,,
01-03-2023,West Bengal,Purulia,2023,3,0.77165752,25.61720558,23.27670724,86.42154599,24.87997437,26.37802124,52.1356506,-51.36399308,,
01-04-2023,West Bengal,Purulia,2023,4,0.589290619,29.73529731,23.27670724,86.42154599,29.13623047,30.25146484,53.29792239,-52.70863177,,
01-05-2023,West Bengal,Purulia,2023,5,0.689732446,31.31932916,23.27670724,86.42154599,30.965271,32.03167725,58.52774546,-57.83801301,,
01-06-2023,West Bengal,Purulia,2023,6,2.377334877,32.50445783,23.27670724,86.42154599,31.80581665,32.93667603,60.52367347,-58.1463386,,
01-07-2023,West Bengal,Purulia,2023,7,3.657173439,28.19904695,23.27670724,86.42154599,27.55502319,28.63705444,55.43363072,-51.77645728,,
01-08-2023,West Bengal,Purulia,2023,8,4.612060547,27.65972222,23.27670724,86.42154599,26.88027954,28.09902954,55.96550127,-51.35344073,,
01-09-2023,West Bengal,Purulia,2023,9,6.55078238,27.03286404,23.27670724,86.42154599,26.29342651,27.47506714,48.11495689,-41.56417451,,
01-10-2023,West Bengal,Purulia,2023,10,1.635888276,25.40418837,23.27670724,86.42154599,24.43106079,26.23770142,51.44871642,-49.81282814,,
01-11-2023,West Bengal,Purulia,2023,11,0.086744097,22.93148691,23.27670724,86.42154599,21.84301758,23.94067383,43.01474311,-42.92799901,,
01-12-2023,West Bengal,Purulia,2023,12,1.018719002,18.27484018,23.27670724,86.42154599,17.3621521,19.0730896,32.60430943,-31.58559043,,
01-01-2024,West Bengal,Purulia,2024,1,0.491491918,16.97241889,23.27670724,86.42154599,16.33917236,17.79034424,30.43663179,-29.94513988,,
01-02-2024,West Bengal,Purulia,2024,2,0.425679383,20.61560059,23.27670724,86.42154599,19.75271606,21.56521606,41.00135898,-40.5756796,,
01-03-2024,West Bengal,Purulia,2024,3,0.855091095,25.22699653,23.27670724,86.42154599,24.1625061,26.3968811,63.09999023,-62.24489914,,
01-04-2024,West Bengal,Purulia,2024,4,0.048193318,32.05636258,23.27670724,86.42154599,30.9130249,32.99700928,76.41503435,-76.36684103,,
01-05-2024,West Bengal,Purulia,2024,5,2.349269302,31.19256818,23.27670724,86.42154599,30.9095459,31.77868652,52.70153402,-50.35226472,,
01-06-2024,West Bengal,Purulia,2024,6,3.403598927,33.0625859,23.27670724,86.42154599,32.40597534,33.42941284,58.21616649,-54.81256756,,
01-07-2024,West Bengal,Purulia,2024,7,8.394960757,28.04789225,23.27670724,86.42154599,27.38513184,28.53552246,56.9700538,-48.57509304,,
01-08-2024,West Bengal,Purulia,2024,8,17.5510706,26.99897371,23.27670724,86.42154599,26.32077026,27.43795776,52.80407082,-35.25300022,,
01-09-2024,West Bengal,Purulia,2024,9,13.34260955,27.36891909,23.27670724,86.42154599,26.67892456,27.75509644,46.2616829,-32.91907335,,
01-10-2024,West Bengal,Purulia,2024,10,5.616712782,26.22456868,23.27670724,86.42154599,25.45022583,26.79006958,45.14763381,-39.53092103,,
01-11-2024,West Bengal,Purulia,2024,11,0.056891022,21.93603064,23.27670724,86.42154599,20.90872192,22.75637817,39.3835607,-39.32666968,,
01-12-2024,West Bengal,Purulia,2024,12,0.239254404,18.16150467,23.27670724,86.42154599,17.48471069,18.95932007,30.17379037,-29.93453596,,
01-01-2025,West Bengal,Purulia,2025,1,0.009925211,17.71116017,23.27670724,86.42154599,16.93063354,18.67086792,34.03854549,-34.02862028,,
01-02-2025,West Bengal,Purulia,2025,2,0.698124638,22.06062373,23.27670724,86.42154599,21.43533325,22.90213013,36.95223651,-36.25411187,,
01-03-2025,West Bengal,Purulia,2025,3,1.32732137,26.25881167,23.27670724,86.42154599,25.3430481,26.97000122,55.13539976,-53.80807839,,
01-04-2025,West Bengal,Purulia,2025,4,1.598970625,29.3384309,23.27670724,86.42154599,28.56719971,29.76055908,54.67285316,-53.07388254,,
01-05-2025,West Bengal,Purulia,2025,5,3.350633974,29.81845884,23.27670724,86.42154599,29.21762085,30.16293335,53.4208831,-50.07024913,,
01-06-2025,West Bengal,Purulia,2025,6,14.23824282,28.44966634,23.27670724,86.42154599,27.90383911,28.84133911,50.66508163,-36.42683881,,
01-07-2025,West Bengal,Purulia,2025,7,16.55298982,26.83575213,23.27670724,86.42154599,26.17208862,27.22677612,53.10670365,-36.55371383,,
01-08-2025,West Bengal,Purulia,2025,8,11.67515281,26.91452365,23.27670724,86.42154599,26.24380493,27.31411743,51.58699296,-39.91184015,,
01-09-2025,West Bengal,Purulia,2025,9,8.132315742,27.07402886,23.27670724,86.42154599,26.35806274,27.52993774,47.95971761,-39.82740187,,
01-10-2025,West Bengal,Purulia,2025,10,2.469247041,25.58665184,23.27670724,86.42154599,24.73403931,26.22036743,46.86259034,-44.3933433,,
